ISO-10303-21;
HEADER;
/*Generated by software containing ST-Developer
 * from STEP Tools, Inc. (www.steptools.com) 
 */
/*OPTION: using custom renumber hook */
/*description */
/*implementation_level */
FILE_DESCRIPTION(('STEP AP242 Edition 2','STEP AP242 Edition 2''CAx-IF Rec.Pracs.---Representation and Presentation of Product Manufa
cturing Information (PMI)---4.0---2014-10-13','STEP AP242 Edition 2''CAx-IF Rec.Pracs.---Representation and Presentation of Product Manufa
cturing Information (PMI)---4.0---2014-10-13''CAx-IF Rec.Pracs.---3D Tessellated Geometry---0.4---2014-09-14','STEP AP242 Edition 2''CAx-IF Rec.Pracs.---Representation and Presentation of Product Manufa
cturing Information (PMI)---4.0---2014-10-13''CAx-IF Rec.Pracs.---3D Tessellated Geometry---0.4---2014-09-14''2;1','STEP AP242 Edition 2''CAx-IF Rec.Pracs.---Representation and Presentation of Product Manufa
cturing Information (PMI)---4.0---2014-10-13''CAx-IF Rec.Pracs.---3D Tessellated Geometry---0.4---2014-09-14''2;1''CAx-IF Rec.Pracs.---User Defined Attributes---1.5---2016-08-15'),'2;1');
/*name */
/*time_stamp */
/*author */
/*organization */
/*preprocessor_version */
/*originating_system */
/*authorisation */
FILE_NAME('/vol/tmp/translate-15572105061529133063/Back - Back.step','2026-03-24T04:37:14',(''),(''),'ST-DEVELOPER v20','ONSHAPE BY PTC INC, 1.212','  ');
FILE_SCHEMA(('AP242_MANAGED_MODEL_BASED_3D_ENGINEERING_MIM_LF { 1 0 10303 442 3 1 4 }'));
ENDSEC;
DATA;
#10=SHAPE_REPRESENTATION_RELATIONSHIP('','',#227,#11);
#11=ADVANCED_BREP_SHAPE_REPRESENTATION('',(#225),#381);
#12=PLANE('',#232);
#13=PLANE('',#242);
#14=ORIENTED_EDGE('',*,*,#54,.F.);
#15=ORIENTED_EDGE('',*,*,#55,.T.);
#16=ORIENTED_EDGE('',*,*,#56,.T.);
#17=ORIENTED_EDGE('',*,*,#57,.T.);
#18=ORIENTED_EDGE('',*,*,#58,.T.);
#19=ORIENTED_EDGE('',*,*,#59,.T.);
#20=ORIENTED_EDGE('',*,*,#60,.T.);
#21=ORIENTED_EDGE('',*,*,#61,.T.);
#22=ORIENTED_EDGE('',*,*,#62,.T.);
#23=ORIENTED_EDGE('',*,*,#63,.T.);
#24=ORIENTED_EDGE('',*,*,#64,.T.);
#25=ORIENTED_EDGE('',*,*,#54,.T.);
#26=ORIENTED_EDGE('',*,*,#65,.F.);
#27=ORIENTED_EDGE('',*,*,#66,.F.);
#28=ORIENTED_EDGE('',*,*,#67,.F.);
#29=ORIENTED_EDGE('',*,*,#68,.F.);
#30=ORIENTED_EDGE('',*,*,#69,.T.);
#31=ORIENTED_EDGE('',*,*,#70,.T.);
#32=ORIENTED_EDGE('',*,*,#71,.T.);
#33=ORIENTED_EDGE('',*,*,#72,.T.);
#34=ORIENTED_EDGE('',*,*,#73,.T.);
#35=ORIENTED_EDGE('',*,*,#55,.F.);
#36=ORIENTED_EDGE('',*,*,#64,.F.);
#37=ORIENTED_EDGE('',*,*,#73,.F.);
#38=ORIENTED_EDGE('',*,*,#63,.F.);
#39=ORIENTED_EDGE('',*,*,#72,.F.);
#40=ORIENTED_EDGE('',*,*,#62,.F.);
#41=ORIENTED_EDGE('',*,*,#71,.F.);
#42=ORIENTED_EDGE('',*,*,#61,.F.);
#43=ORIENTED_EDGE('',*,*,#70,.F.);
#44=ORIENTED_EDGE('',*,*,#60,.F.);
#45=ORIENTED_EDGE('',*,*,#69,.F.);
#46=ORIENTED_EDGE('',*,*,#59,.F.);
#47=ORIENTED_EDGE('',*,*,#68,.T.);
#48=ORIENTED_EDGE('',*,*,#58,.F.);
#49=ORIENTED_EDGE('',*,*,#67,.T.);
#50=ORIENTED_EDGE('',*,*,#57,.F.);
#51=ORIENTED_EDGE('',*,*,#66,.T.);
#52=ORIENTED_EDGE('',*,*,#56,.F.);
#53=ORIENTED_EDGE('',*,*,#65,.T.);
#54=EDGE_CURVE('',#74,#74,#94,.T.);
#55=EDGE_CURVE('',#75,#75,#95,.T.);
#56=EDGE_CURVE('',#76,#76,#96,.T.);
#57=EDGE_CURVE('',#77,#77,#97,.T.);
#58=EDGE_CURVE('',#78,#78,#98,.T.);
#59=EDGE_CURVE('',#79,#79,#99,.T.);
#60=EDGE_CURVE('',#80,#80,#100,.F.);
#61=EDGE_CURVE('',#81,#81,#101,.F.);
#62=EDGE_CURVE('',#82,#82,#102,.F.);
#63=EDGE_CURVE('',#83,#83,#103,.F.);
#64=EDGE_CURVE('',#84,#84,#104,.F.);
#65=EDGE_CURVE('',#85,#85,#105,.F.);
#66=EDGE_CURVE('',#86,#86,#106,.F.);
#67=EDGE_CURVE('',#87,#87,#107,.F.);
#68=EDGE_CURVE('',#88,#88,#108,.F.);
#69=EDGE_CURVE('',#89,#89,#109,.T.);
#70=EDGE_CURVE('',#90,#90,#110,.T.);
#71=EDGE_CURVE('',#91,#91,#111,.T.);
#72=EDGE_CURVE('',#92,#92,#112,.T.);
#73=EDGE_CURVE('',#93,#93,#113,.T.);
#74=VERTEX_POINT('',#330);
#75=VERTEX_POINT('',#332);
#76=VERTEX_POINT('',#335);
#77=VERTEX_POINT('',#337);
#78=VERTEX_POINT('',#339);
#79=VERTEX_POINT('',#341);
#80=VERTEX_POINT('',#343);
#81=VERTEX_POINT('',#345);
#82=VERTEX_POINT('',#347);
#83=VERTEX_POINT('',#349);
#84=VERTEX_POINT('',#351);
#85=VERTEX_POINT('',#354);
#86=VERTEX_POINT('',#356);
#87=VERTEX_POINT('',#358);
#88=VERTEX_POINT('',#360);
#89=VERTEX_POINT('',#362);
#90=VERTEX_POINT('',#364);
#91=VERTEX_POINT('',#366);
#92=VERTEX_POINT('',#368);
#93=VERTEX_POINT('',#370);
#94=CIRCLE('',#230,0.075);
#95=CIRCLE('',#231,0.075);
#96=CIRCLE('',#233,0.0016);
#97=CIRCLE('',#234,0.0016);
#98=CIRCLE('',#235,0.0016);
#99=CIRCLE('',#236,0.0016);
#100=CIRCLE('',#237,0.0016);
#101=CIRCLE('',#238,0.0016);
#102=CIRCLE('',#239,0.0016);
#103=CIRCLE('',#240,0.0016);
#104=CIRCLE('',#241,0.0016);
#105=CIRCLE('',#243,0.0016);
#106=CIRCLE('',#244,0.0016);
#107=CIRCLE('',#245,0.0016);
#108=CIRCLE('',#246,0.0016);
#109=CIRCLE('',#247,0.0016);
#110=CIRCLE('',#248,0.0016);
#111=CIRCLE('',#249,0.0016);
#112=CIRCLE('',#250,0.0016);
#113=CIRCLE('',#251,0.0016);
#114=EDGE_LOOP('',(#14));
#115=EDGE_LOOP('',(#15));
#116=EDGE_LOOP('',(#16));
#117=EDGE_LOOP('',(#17));
#118=EDGE_LOOP('',(#18));
#119=EDGE_LOOP('',(#19));
#120=EDGE_LOOP('',(#20));
#121=EDGE_LOOP('',(#21));
#122=EDGE_LOOP('',(#22));
#123=EDGE_LOOP('',(#23));
#124=EDGE_LOOP('',(#24));
#125=EDGE_LOOP('',(#25));
#126=EDGE_LOOP('',(#26));
#127=EDGE_LOOP('',(#27));
#128=EDGE_LOOP('',(#28));
#129=EDGE_LOOP('',(#29));
#130=EDGE_LOOP('',(#30));
#131=EDGE_LOOP('',(#31));
#132=EDGE_LOOP('',(#32));
#133=EDGE_LOOP('',(#33));
#134=EDGE_LOOP('',(#34));
#135=EDGE_LOOP('',(#35));
#136=EDGE_LOOP('',(#36));
#137=EDGE_LOOP('',(#37));
#138=EDGE_LOOP('',(#38));
#139=EDGE_LOOP('',(#39));
#140=EDGE_LOOP('',(#40));
#141=EDGE_LOOP('',(#41));
#142=EDGE_LOOP('',(#42));
#143=EDGE_LOOP('',(#43));
#144=EDGE_LOOP('',(#44));
#145=EDGE_LOOP('',(#45));
#146=EDGE_LOOP('',(#46));
#147=EDGE_LOOP('',(#47));
#148=EDGE_LOOP('',(#48));
#149=EDGE_LOOP('',(#49));
#150=EDGE_LOOP('',(#50));
#151=EDGE_LOOP('',(#51));
#152=EDGE_LOOP('',(#52));
#153=EDGE_LOOP('',(#53));
#154=FACE_BOUND('',#114,.T.);
#155=FACE_BOUND('',#115,.T.);
#156=FACE_BOUND('',#116,.T.);
#157=FACE_BOUND('',#117,.T.);
#158=FACE_BOUND('',#118,.T.);
#159=FACE_BOUND('',#119,.T.);
#160=FACE_BOUND('',#120,.T.);
#161=FACE_BOUND('',#121,.T.);
#162=FACE_BOUND('',#122,.T.);
#163=FACE_BOUND('',#123,.T.);
#164=FACE_BOUND('',#124,.T.);
#165=FACE_BOUND('',#125,.T.);
#166=FACE_BOUND('',#126,.T.);
#167=FACE_BOUND('',#127,.T.);
#168=FACE_BOUND('',#128,.T.);
#169=FACE_BOUND('',#129,.T.);
#170=FACE_BOUND('',#130,.T.);
#171=FACE_BOUND('',#131,.T.);
#172=FACE_BOUND('',#132,.T.);
#173=FACE_BOUND('',#133,.T.);
#174=FACE_BOUND('',#134,.T.);
#175=FACE_BOUND('',#135,.T.);
#176=FACE_BOUND('',#136,.T.);
#177=FACE_BOUND('',#137,.T.);
#178=FACE_BOUND('',#138,.T.);
#179=FACE_BOUND('',#139,.T.);
#180=FACE_BOUND('',#140,.T.);
#181=FACE_BOUND('',#141,.T.);
#182=FACE_BOUND('',#142,.T.);
#183=FACE_BOUND('',#143,.T.);
#184=FACE_BOUND('',#144,.T.);
#185=FACE_BOUND('',#145,.T.);
#186=FACE_BOUND('',#146,.T.);
#187=FACE_BOUND('',#147,.T.);
#188=FACE_BOUND('',#148,.T.);
#189=FACE_BOUND('',#149,.T.);
#190=FACE_BOUND('',#150,.T.);
#191=FACE_BOUND('',#151,.T.);
#192=FACE_BOUND('',#152,.T.);
#193=FACE_BOUND('',#153,.T.);
#194=CYLINDRICAL_SURFACE('',#229,0.075);
#195=CYLINDRICAL_SURFACE('',#252,0.0016);
#196=CYLINDRICAL_SURFACE('',#253,0.0016);
#197=CYLINDRICAL_SURFACE('',#254,0.0016);
#198=CYLINDRICAL_SURFACE('',#255,0.0016);
#199=CYLINDRICAL_SURFACE('',#256,0.0016);
#200=CYLINDRICAL_SURFACE('',#257,0.0016);
#201=CYLINDRICAL_SURFACE('',#258,0.0016);
#202=CYLINDRICAL_SURFACE('',#259,0.0016);
#203=CYLINDRICAL_SURFACE('',#260,0.0016);
#204=ADVANCED_FACE('',(#154,#155),#194,.T.);
#205=ADVANCED_FACE('',(#156,#157,#158,#159,#160,#161,#162,#163,#164,#165),#12,.T.);
#206=ADVANCED_FACE('',(#166,#167,#168,#169,#170,#171,#172,#173,#174,#175),#13,.F.);
#207=ADVANCED_FACE('',(#176,#177),#195,.F.);
#208=ADVANCED_FACE('',(#178,#179),#196,.F.);
#209=ADVANCED_FACE('',(#180,#181),#197,.F.);
#210=ADVANCED_FACE('',(#182,#183),#198,.F.);
#211=ADVANCED_FACE('',(#184,#185),#199,.F.);
#212=ADVANCED_FACE('',(#186,#187),#200,.F.);
#213=ADVANCED_FACE('',(#188,#189),#201,.F.);
#214=ADVANCED_FACE('',(#190,#191),#202,.F.);
#215=ADVANCED_FACE('',(#192,#193),#203,.F.);
#216=CLOSED_SHELL('',(#204,#205,#206,#207,#208,#209,#210,#211,#212,#213,#214,#215));
#217=STYLED_ITEM('',(#218),#225);
#218=PRESENTATION_STYLE_ASSIGNMENT((#219));
#219=SURFACE_STYLE_USAGE(.BOTH.,#220);
#220=SURFACE_SIDE_STYLE('',(#221));
#221=SURFACE_STYLE_FILL_AREA(#222);
#222=FILL_AREA_STYLE('',(#223));
#223=FILL_AREA_STYLE_COLOUR('',#224);
#224=COLOUR_RGB('',0.701960784313725,0.682352941176471,0.623529411764706);
#225=MANIFOLD_SOLID_BREP('Back',#216);
#226=SHAPE_DEFINITION_REPRESENTATION(#386,#227);
#227=SHAPE_REPRESENTATION('Back',(#228),#381);
#228=AXIS2_PLACEMENT_3D('',#327,#261,#262);
#229=AXIS2_PLACEMENT_3D('',#328,#263,#264);
#230=AXIS2_PLACEMENT_3D('',#329,#265,#266);
#231=AXIS2_PLACEMENT_3D('',#331,#267,#268);
#232=AXIS2_PLACEMENT_3D('',#333,#269,#270);
#233=AXIS2_PLACEMENT_3D('',#334,#271,#272);
#234=AXIS2_PLACEMENT_3D('',#336,#273,#274);
#235=AXIS2_PLACEMENT_3D('',#338,#275,#276);
#236=AXIS2_PLACEMENT_3D('',#340,#277,#278);
#237=AXIS2_PLACEMENT_3D('',#342,#279,#280);
#238=AXIS2_PLACEMENT_3D('',#344,#281,#282);
#239=AXIS2_PLACEMENT_3D('',#346,#283,#284);
#240=AXIS2_PLACEMENT_3D('',#348,#285,#286);
#241=AXIS2_PLACEMENT_3D('',#350,#287,#288);
#242=AXIS2_PLACEMENT_3D('',#352,#289,#290);
#243=AXIS2_PLACEMENT_3D('',#353,#291,#292);
#244=AXIS2_PLACEMENT_3D('',#355,#293,#294);
#245=AXIS2_PLACEMENT_3D('',#357,#295,#296);
#246=AXIS2_PLACEMENT_3D('',#359,#297,#298);
#247=AXIS2_PLACEMENT_3D('',#361,#299,#300);
#248=AXIS2_PLACEMENT_3D('',#363,#301,#302);
#249=AXIS2_PLACEMENT_3D('',#365,#303,#304);
#250=AXIS2_PLACEMENT_3D('',#367,#305,#306);
#251=AXIS2_PLACEMENT_3D('',#369,#307,#308);
#252=AXIS2_PLACEMENT_3D('',#371,#309,#310);
#253=AXIS2_PLACEMENT_3D('',#372,#311,#312);
#254=AXIS2_PLACEMENT_3D('',#373,#313,#314);
#255=AXIS2_PLACEMENT_3D('',#374,#315,#316);
#256=AXIS2_PLACEMENT_3D('',#375,#317,#318);
#257=AXIS2_PLACEMENT_3D('',#376,#319,#320);
#258=AXIS2_PLACEMENT_3D('',#377,#321,#322);
#259=AXIS2_PLACEMENT_3D('',#378,#323,#324);
#260=AXIS2_PLACEMENT_3D('',#379,#325,#326);
#261=DIRECTION('',(0.,0.,1.));
#262=DIRECTION('',(1.,0.,0.));
#263=DIRECTION('',(0.,1.,0.));
#264=DIRECTION('',(0.,0.,1.));
#265=DIRECTION('',(0.,-1.,0.));
#266=DIRECTION('',(0.,0.,-1.));
#267=DIRECTION('',(0.,-1.,0.));
#268=DIRECTION('',(0.,0.,-1.));
#269=DIRECTION('',(0.,-1.,0.));
#270=DIRECTION('',(1.,0.,0.));
#271=DIRECTION('',(0.,1.,0.));
#272=DIRECTION('',(0.,0.,1.));
#273=DIRECTION('',(0.,1.,0.));
#274=DIRECTION('',(0.,0.,1.));
#275=DIRECTION('',(0.,1.,0.));
#276=DIRECTION('',(0.,0.,1.));
#277=DIRECTION('',(0.,1.,0.));
#278=DIRECTION('',(0.,0.,1.));
#279=DIRECTION('',(0.,-1.,0.));
#280=DIRECTION('',(0.,0.,-1.));
#281=DIRECTION('',(0.,-1.,0.));
#282=DIRECTION('',(0.,0.,-1.));
#283=DIRECTION('',(0.,-1.,0.));
#284=DIRECTION('',(0.,0.,-1.));
#285=DIRECTION('',(0.,-1.,0.));
#286=DIRECTION('',(0.,0.,-1.));
#287=DIRECTION('',(0.,-1.,0.));
#288=DIRECTION('',(0.,0.,-1.));
#289=DIRECTION('',(0.,-1.,0.));
#290=DIRECTION('',(1.,0.,0.));
#291=DIRECTION('',(0.,-1.,0.));
#292=DIRECTION('',(0.,0.,-1.));
#293=DIRECTION('',(0.,-1.,0.));
#294=DIRECTION('',(0.,0.,-1.));
#295=DIRECTION('',(0.,-1.,0.));
#296=DIRECTION('',(0.,0.,-1.));
#297=DIRECTION('',(0.,-1.,0.));
#298=DIRECTION('',(0.,0.,-1.));
#299=DIRECTION('',(0.,-1.,0.));
#300=DIRECTION('',(0.,0.,-1.));
#301=DIRECTION('',(0.,-1.,0.));
#302=DIRECTION('',(0.,0.,-1.));
#303=DIRECTION('',(0.,-1.,0.));
#304=DIRECTION('',(0.,0.,-1.));
#305=DIRECTION('',(0.,-1.,0.));
#306=DIRECTION('',(0.,0.,-1.));
#307=DIRECTION('',(0.,-1.,0.));
#308=DIRECTION('',(0.,0.,-1.));
#309=DIRECTION('',(0.,-1.,0.));
#310=DIRECTION('',(0.,0.,-1.));
#311=DIRECTION('',(0.,-1.,0.));
#312=DIRECTION('',(0.,0.,-1.));
#313=DIRECTION('',(0.,-1.,0.));
#314=DIRECTION('',(0.,0.,-1.));
#315=DIRECTION('',(0.,-1.,0.));
#316=DIRECTION('',(0.,0.,-1.));
#317=DIRECTION('',(0.,-1.,0.));
#318=DIRECTION('',(0.,0.,-1.));
#319=DIRECTION('',(0.,1.,0.));
#320=DIRECTION('',(0.,0.,1.));
#321=DIRECTION('',(0.,1.,0.));
#322=DIRECTION('',(0.,0.,1.));
#323=DIRECTION('',(0.,1.,0.));
#324=DIRECTION('',(0.,0.,1.));
#325=DIRECTION('',(0.,1.,0.));
#326=DIRECTION('',(0.,0.,1.));
#327=CARTESIAN_POINT('',(0.,0.,0.));
#328=CARTESIAN_POINT('',(0.,-0.003,4.59242549680257E-18));
#329=CARTESIAN_POINT('',(0.,-0.003,4.59242549680257E-18));
#330=CARTESIAN_POINT('',(0.,-0.003,-0.075));
#331=CARTESIAN_POINT('',(0.,0.,4.59242549680257E-18));
#332=CARTESIAN_POINT('',(0.,0.,-0.075));
#333=CARTESIAN_POINT('',(0.,-0.003,0.));
#334=CARTESIAN_POINT('',(-0.0113236527739598,-0.003,0.00735016243730656));
#335=CARTESIAN_POINT('',(-0.0113236527739598,-0.003,0.00895016243730656));
#336=CARTESIAN_POINT('',(-0.00735016243730656,-0.003,-0.0113236527739598));
#337=CARTESIAN_POINT('',(-0.00735016243730656,-0.003,-0.0097236527739598));
#338=CARTESIAN_POINT('',(0.0113236527739598,-0.003,-0.00735016243730656));
#339=CARTESIAN_POINT('',(0.0113236527739598,-0.003,-0.00575016243730656));
#340=CARTESIAN_POINT('',(0.00735016243730655,-0.003,0.0113236527739598));
#341=CARTESIAN_POINT('',(0.00735016243730655,-0.003,0.0129236527739598));
#342=CARTESIAN_POINT('',(0.0393816119035957,-0.003,-0.0542041386231215));
#343=CARTESIAN_POINT('',(0.0393816119035957,-0.003,-0.0558041386231215));
#344=CARTESIAN_POINT('',(0.0637207865917753,-0.003,0.0207041386231215));
#345=CARTESIAN_POINT('',(0.0637207865917753,-0.003,0.0191041386231215));
#346=CARTESIAN_POINT('',(0.,-0.003,0.067));
#347=CARTESIAN_POINT('',(0.,-0.003,0.0654));
#348=CARTESIAN_POINT('',(-0.0637207865917753,-0.003,0.0207041386231215));
#349=CARTESIAN_POINT('',(-0.0637207865917753,-0.003,0.0191041386231215));
#350=CARTESIAN_POINT('',(-0.0393816119035957,-0.003,-0.0542041386231215));
#351=CARTESIAN_POINT('',(-0.0393816119035957,-0.003,-0.0558041386231215));
#352=CARTESIAN_POINT('',(0.,0.,0.));
#353=CARTESIAN_POINT('',(-0.0113236527739598,0.,0.00735016243730656));
#354=CARTESIAN_POINT('',(-0.0113236527739598,0.,0.00575016243730656));
#355=CARTESIAN_POINT('',(-0.00735016243730656,0.,-0.0113236527739598));
#356=CARTESIAN_POINT('',(-0.00735016243730656,0.,-0.0129236527739598));
#357=CARTESIAN_POINT('',(0.0113236527739598,0.,-0.00735016243730656));
#358=CARTESIAN_POINT('',(0.0113236527739598,0.,-0.00895016243730656));
#359=CARTESIAN_POINT('',(0.00735016243730655,0.,0.0113236527739598));
#360=CARTESIAN_POINT('',(0.00735016243730655,0.,0.0097236527739598));
#361=CARTESIAN_POINT('',(0.0393816119035957,0.,-0.0542041386231215));
#362=CARTESIAN_POINT('',(0.0393816119035957,0.,-0.0558041386231215));
#363=CARTESIAN_POINT('',(0.0637207865917753,0.,0.0207041386231215));
#364=CARTESIAN_POINT('',(0.0637207865917753,0.,0.0191041386231215));
#365=CARTESIAN_POINT('',(0.,0.,0.067));
#366=CARTESIAN_POINT('',(0.,0.,0.0654));
#367=CARTESIAN_POINT('',(-0.0637207865917753,0.,0.0207041386231215));
#368=CARTESIAN_POINT('',(-0.0637207865917753,0.,0.0191041386231215));
#369=CARTESIAN_POINT('',(-0.0393816119035957,0.,-0.0542041386231215));
#370=CARTESIAN_POINT('',(-0.0393816119035957,0.,-0.0558041386231215));
#371=CARTESIAN_POINT('',(-0.0393816119035957,0.,-0.0542041386231215));
#372=CARTESIAN_POINT('',(-0.0637207865917753,0.,0.0207041386231215));
#373=CARTESIAN_POINT('',(0.,0.,0.067));
#374=CARTESIAN_POINT('',(0.0637207865917753,0.,0.0207041386231215));
#375=CARTESIAN_POINT('',(0.0393816119035957,0.,-0.0542041386231215));
#376=CARTESIAN_POINT('',(0.00735016243730655,-0.005,0.0113236527739598));
#377=CARTESIAN_POINT('',(0.0113236527739598,-0.005,-0.00735016243730656));
#378=CARTESIAN_POINT('',(-0.00735016243730656,-0.005,-0.0113236527739598));
#379=CARTESIAN_POINT('',(-0.0113236527739598,-0.005,0.00735016243730656));
#380=MECHANICAL_DESIGN_GEOMETRIC_PRESENTATION_REPRESENTATION('',(#217),#381);
#381=(
GEOMETRIC_REPRESENTATION_CONTEXT(3)
GLOBAL_UNCERTAINTY_ASSIGNED_CONTEXT((#382))
GLOBAL_UNIT_ASSIGNED_CONTEXT((#385,#384,#383))
REPRESENTATION_CONTEXT('Back','TOP_LEVEL_ASSEMBLY_PART')
);
#382=UNCERTAINTY_MEASURE_WITH_UNIT(LENGTH_MEASURE(1.E-08),#385,'DISTANCE_ACCURACY_VALUE','Maximum Tolerance applied to model');
#383=(
NAMED_UNIT(*)
SI_UNIT($,.STERADIAN.)
SOLID_ANGLE_UNIT()
);
#384=(
NAMED_UNIT(*)
PLANE_ANGLE_UNIT()
SI_UNIT($,.RADIAN.)
);
#385=(
LENGTH_UNIT()
NAMED_UNIT(*)
SI_UNIT($,.METRE.)
);
#386=PRODUCT_DEFINITION_SHAPE('','',#387);
#387=PRODUCT_DEFINITION('','',#389,#388);
#388=PRODUCT_DEFINITION_CONTEXT('',#395,'design');
#389=PRODUCT_DEFINITION_FORMATION_WITH_SPECIFIED_SOURCE('','',#391,.NOT_KNOWN.);
#390=PRODUCT_RELATED_PRODUCT_CATEGORY('','',(#391));
#391=PRODUCT('Back','Back','Back',(#393));
#392=PRODUCT_CATEGORY('','');
#393=PRODUCT_CONTEXT('',#395,'mechanical');
#394=APPLICATION_PROTOCOL_DEFINITION('international standard','ap242_managed_model_based_3d_engineering',2020,#395);
#395=APPLICATION_CONTEXT('managed model based 3d engineering');
#396=COMPOSITE_SHAPE_ASPECT('hole_callout.FUvrL0v7YxkYxs1_1.JHD.0',$,#386,$);
#397=SHAPE_ASPECT('hole_callout.FUvrL0v7YxkYxs1_1.JHD.0',$,#386,.T.);
#398=GEOMETRIC_ITEM_SPECIFIC_USAGE('','',#397,#11,#215);
#399=SHAPE_ASPECT_RELATIONSHIP('','',#396,#397);
#400=SHAPE_ASPECT('hole_callout.FUvrL0v7YxkYxs1_1.JHD.0',$,#386,.T.);
#401=GEOMETRIC_ITEM_SPECIFIC_USAGE('','',#400,#11,#214);
#402=SHAPE_ASPECT_RELATIONSHIP('','',#396,#400);
#403=SHAPE_ASPECT('hole_callout.FUvrL0v7YxkYxs1_1.JHD.0',$,#386,.T.);
#404=GEOMETRIC_ITEM_SPECIFIC_USAGE('','',#403,#11,#213);
#405=SHAPE_ASPECT_RELATIONSHIP('','',#396,#403);
#406=SHAPE_ASPECT('hole_callout.FUvrL0v7YxkYxs1_1.JHD.0',$,#386,.T.);
#407=GEOMETRIC_ITEM_SPECIFIC_USAGE('','',#406,#11,#207);
#408=SHAPE_ASPECT_RELATIONSHIP('','',#396,#406);
#409=SHAPE_ASPECT('hole_callout.FUvrL0v7YxkYxs1_1.JHD.0',$,#386,.T.);
#410=GEOMETRIC_ITEM_SPECIFIC_USAGE('','',#409,#11,#211);
#411=SHAPE_ASPECT_RELATIONSHIP('','',#396,#409);
#412=SHAPE_ASPECT('hole_callout.FUvrL0v7YxkYxs1_1.JHD.0',$,#386,.T.);
#413=GEOMETRIC_ITEM_SPECIFIC_USAGE('','',#412,#11,#212);
#414=SHAPE_ASPECT_RELATIONSHIP('','',#396,#412);
#415=SHAPE_ASPECT('hole_callout.FUvrL0v7YxkYxs1_1.JHD.0',$,#386,.T.);
#416=GEOMETRIC_ITEM_SPECIFIC_USAGE('','',#415,#11,#209);
#417=SHAPE_ASPECT_RELATIONSHIP('','',#396,#415);
#418=SHAPE_ASPECT('hole_callout.FUvrL0v7YxkYxs1_1.JHD.0',$,#386,.T.);
#419=GEOMETRIC_ITEM_SPECIFIC_USAGE('','',#418,#11,#208);
#420=SHAPE_ASPECT_RELATIONSHIP('','',#396,#418);
#421=SHAPE_ASPECT('hole_callout.FUvrL0v7YxkYxs1_1.JHD.0',$,#386,.T.);
#422=GEOMETRIC_ITEM_SPECIFIC_USAGE('','',#421,#11,#210);
#423=SHAPE_ASPECT_RELATIONSHIP('','',#396,#421);
#424=DIMENSIONAL_SIZE(#396,'diameter');
#425=(
LENGTH_UNIT()
NAMED_UNIT(*)
SI_UNIT(.MILLI.,.METRE.)
);
#427=PRECISION_QUALIFIER(3);
#426=(
LENGTH_MEASURE_WITH_UNIT()
MEASURE_REPRESENTATION_ITEM()
MEASURE_WITH_UNIT(POSITIVE_LENGTH_MEASURE(3.2),#425)
QUALIFIED_REPRESENTATION_ITEM((#427))
REPRESENTATION_ITEM('nominal value')
);
#428=COMPOUND_REPRESENTATION_ITEM('modifiers',SET_REPRESENTATION_ITEM((#429)));
#429=DESCRIPTIVE_REPRESENTATION_ITEM('dimensional note','diameter');
#430=SHAPE_DIMENSION_REPRESENTATION('',(#426,#428),#381);
#431=DIMENSIONAL_CHARACTERISTIC_REPRESENTATION(#424,#430);
#432=PRESENTATION_STYLE_ASSIGNMENT((NULL_STYLE(.NULL.)));
#433=CARTESIAN_POINT('',(-0.0113236527739598,-0.003,0.00735016243730656));
#434=DIRECTION('',(0.,-1.,0.));
#435=DIRECTION('',(1.,0.,0.));
#436=AXIS2_PLACEMENT_3D('',#433,#434,#435);
#437=PLANE('',#436);
#438=ANNOTATION_PLANE('',(#432),#437,(#465));
#439=CARTESIAN_POINT('',(0.,0.,0.));
#440=DIRECTION('',(0.,0.,1.));
#441=DIRECTION('',(1.,0.,0.));
#442=AXIS2_PLACEMENT_3D('',#439,#440,#441);
#443=CARTESIAN_POINT('',(0.,0.,0.));
#444=DIRECTION('',(0.,0.,1.));
#445=DIRECTION('',(1.,0.,0.));
#446=AXIS2_PLACEMENT_3D('',#443,#444,#445);
#447=SHAPE_REPRESENTATION('',(#446,#225),#381);
#448=REPRESENTATION_MAP(#442,#447);
#449=MAPPED_ITEM('',#448,#442);
#450=PRESENTATION_STYLE_ASSIGNMENT((NULL_STYLE(.NULL.)));
#451=STYLED_ITEM('',(#450),#449);
#452=DRAUGHTING_MODEL('',(#438,#442,#449,#451),#381);
#453=DRAUGHTING_PRE_DEFINED_CURVE_FONT('continuous');
#454=COLOUR_RGB('',0.,0.,0.);
#455=CURVE_STYLE('',#453,POSITIVE_LENGTH_MEASURE(0.02),#454);
#456=PRESENTATION_STYLE_ASSIGNMENT((#455));
#457=COORDINATES_LIST('coordinates',2085,((-0.0101923,-0.0030000,0.0084815),(-0.0087781,-0.0030000,0.0113100),(-0.0073639,-0.0030000,0.0098957),(0.0008237,-0.0030000,0.0159653),(0.0009208,-0.0030000,0.0159246),(0.0010188,-0.0030000,0.0158893),(0.0008237,-0.0030000,0.0159653),(0.0010188,-0.0030000,0.0158893),(0.0011178,-0.0030000,0.0158595),(0.0008237,-0.0030000,0.0159653),(0.0011178,-0.0030000,0.0158595),(0.0012177,-0.0030000,0.0158351),(0.0008237,-0.0030000,0.0159653),(0.0012177,-0.0030000,0.0158351),(0.0013186,-0.0030000,0.0158161),(0.0008237,-0.0030000,0.0159653),(0.0013186,-0.0030000,0.0158161),(0.0014204,-0.0030000,0.0158025),(0.0008237,-0.0030000,0.0159653),(0.0014204,-0.0030000,0.0158025),(0.0015233,-0.0030000,0.0157944),(0.0008237,-0.0030000,0.0159653),(0.0015233,-0.0030000,0.0157944),(0.0016270,-0.0030000,0.0157917),(0.0008237,-0.0030000,0.0159653),(0.0016270,-0.0030000,0.0157917),(0.0017628,-0.0030000,0.0157960),(0.0008237,-0.0030000,0.0159653),(0.0017628,-0.0030000,0.0157960),(0.0018960,-0.0030000,0.0158090),(0.0008237,-0.0030000,0.0159653),(0.0018960,-0.0030000,0.0158090),(0.0020267,-0.0030000,0.0158305),(0.0008237,-0.0030000,0.0159653),(0.0020267,-0.0030000,0.0158305),(0.0021549,-0.0030000,0.0158608),(0.0008237,-0.0030000,0.0159653),(0.0021549,-0.0030000,0.0158608),(0.0022805,-0.0030000,0.0158996),(0.0008237,-0.0030000,0.0159653),(0.0022805,-0.0030000,0.0158996),(0.0024035,-0.0030000,0.0159471),(0.0008237,-0.0030000,0.0159653),(0.0024035,-0.0030000,0.0159471),(0.0025240,-0.0030000,0.0160032),(0.0008237,-0.0030000,0.0159653),(0.0025240,-0.0030000,0.0160032),(0.0026420,-0.0030000,0.0160679),(0.0008237,-0.0030000,0.0159653),(0.0026420,-0.0030000,0.0160679),(0.0027555,-0.0030000,0.0161403),(0.0008237,-0.0030000,0.0159653),(0.0027555,-0.0030000,0.0161403),(0.0028629,-0.0030000,0.0162189),(0.0008237,-0.0030000,0.0159653),(0.0028629,-0.0030000,0.0162189),(0.0029640,-0.0030000,0.0163036),(0.0008237,-0.0030000,0.0159653),(0.0029640,-0.0030000,0.0163036),(0.0030589,-0.0030000,0.0163944),(0.0008237,-0.0030000,0.0159653),(0.0030589,-0.0030000,0.0163944),(0.0031476,-0.0030000,0.0164914),(0.0031476,-0.0030000,0.0164914),(0.0032301,-0.0030000,0.0165946),(0.0033064,-0.0030000,0.0167039),(0.0031476,-0.0030000,0.0164914),(0.0033064,-0.0030000,0.0167039),(0.0033764,-0.0030000,0.0168193),(0.0031476,-0.0030000,0.0164914),(0.0033764,-0.0030000,0.0168193),(0.0034394,-0.0030000,0.0169391),(0.0031476,-0.0030000,0.0164914),(0.0034394,-0.0030000,0.0169391),(0.0034941,-0.0030000,0.0170614),(0.0031476,-0.0030000,0.0164914),(0.0034941,-0.0030000,0.0170614),(0.0035403,-0.0030000,0.0171861),(0.0031476,-0.0030000,0.0164914),(0.0035403,-0.0030000,0.0171861),(0.0035781,-0.0030000,0.0173133),(0.0031476,-0.0030000,0.0164914),(0.0035781,-0.0030000,0.0173133),(0.0036075,-0.0030000,0.0174430),(0.0031476,-0.0030000,0.0164914),(0.0036075,-0.0030000,0.0174430),(0.0036285,-0.0030000,0.0175752),(0.0031476,-0.0030000,0.0164914),(0.0036285,-0.0030000,0.0175752),(0.0036411,-0.0030000,0.0177098),(0.0031476,-0.0030000,0.0164914),(0.0036411,-0.0030000,0.0177098),(0.0036453,-0.0030000,0.0178470),(0.0031476,-0.0030000,0.0164914),(0.0036453,-0.0030000,0.0178470),(0.0036411,-0.0030000,0.0179786),(0.0031476,-0.0030000,0.0164914),(0.0036411,-0.0030000,0.0179786),(0.0036285,-0.0030000,0.0181094),(0.0031476,-0.0030000,0.0164914),(0.0036285,-0.0030000,0.0181094),(0.0036075,-0.0030000,0.0182395),(0.0031476,-0.0030000,0.0164914),(0.0036075,-0.0030000,0.0182395),(0.0035781,-0.0030000,0.0183687),(0.0031476,-0.0030000,0.0164914),(0.0035781,-0.0030000,0.0183687),(0.0035403,-0.0030000,0.0184972),(0.0031476,-0.0030000,0.0164914),(0.0035403,-0.0030000,0.0184972),(0.0034941,-0.0030000,0.0186249),(0.0034941,-0.0030000,0.0186249),(0.0031023,-0.0030000,0.0184834),(0.0031388,-0.0030000,0.0183855),(0.0034941,-0.0030000,0.0186249),(0.0031388,-0.0030000,0.0183855),(0.0031687,-0.0030000,0.0182843),(0.0034941,-0.0030000,0.0186249),(0.0031687,-0.0030000,0.0182843),(0.0031920,-0.0030000,0.0181799),(0.0034941,-0.0030000,0.0186249),(0.0031920,-0.0030000,0.0181799),(0.0032086,-0.0030000,0.0180722),(0.0034941,-0.0030000,0.0186249),(0.0032086,-0.0030000,0.0180722),(0.0032186,-0.0030000,0.0179612),(0.0034941,-0.0030000,0.0186249),(0.0032186,-0.0030000,0.0179612),(0.0032219,-0.0030000,0.0178470),(0.0034941,-0.0030000,0.0186249),(0.0032219,-0.0030000,0.0178470),(0.0032186,-0.0030000,0.0177369),(0.0031476,-0.0030000,0.0164914),(0.0034941,-0.0030000,0.0186249),(0.0032186,-0.0030000,0.0177369),(0.0031476,-0.0030000,0.0164914),(0.0032186,-0.0030000,0.0177369),(0.0032085,-0.0030000,0.0176291),(0.0031476,-0.0030000,0.0164914),(0.0032085,-0.0030000,0.0176291),(0.0031917,-0.0030000,0.0175234),(0.0031476,-0.0030000,0.0164914),(0.0031917,-0.0030000,0.0175234),(0.0031682,-0.0030000,0.0174199),(0.0031476,-0.0030000,0.0164914),(0.0031682,-0.0030000,0.0174199),(0.0031380,-0.0030000,0.0173186),(0.0031476,-0.0030000,0.0164914),(0.0031380,-0.0030000,0.0173186),(0.0031011,-0.0030000,0.0172195),(0.0031476,-0.0030000,0.0164914),(0.0031011,-0.0030000,0.0172195),(0.0030574,-0.0030000,0.0171226),(0.0031476,-0.0030000,0.0164914),(0.0030574,-0.0030000,0.0171226),(0.0030071,-0.0030000,0.0170278),(0.0031476,-0.0030000,0.0164914),(0.0030071,-0.0030000,0.0170278),(0.0029512,-0.0030000,0.0169366),(0.0031476,-0.0030000,0.0164914),(0.0029512,-0.0030000,0.0169366),(0.0028906,-0.0030000,0.0168503),(0.0031476,-0.0030000,0.0164914),(0.0028906,-0.0030000,0.0168503),(0.0028252,-0.0030000,0.0167689),(0.0031476,-0.0030000,0.0164914),(0.0028252,-0.0030000,0.0167689),(0.0027549,-0.0030000,0.0166923),(0.0031476,-0.0030000,0.0164914),(0.0027549,-0.0030000,0.0166923),(0.0026799,-0.0030000,0.0166207),(0.0031476,-0.0030000,0.0164914),(0.0026799,-0.0030000,0.0166207),(0.0026001,-0.0030000,0.0165540),(0.0031476,-0.0030000,0.0164914),(0.0026001,-0.0030000,0.0165540),(0.0025155,-0.0030000,0.0164921),(0.0031476,-0.0030000,0.0164914),(0.0025155,-0.0030000,0.0164921),(0.0024261,-0.0030000,0.0164352),(0.0031476,-0.0030000,0.0164914),(0.0024261,-0.0030000,0.0164352),(0.0023335,-0.0030000,0.0163841),(0.0031476,-0.0030000,0.0164914),(0.0023335,-0.0030000,0.0163841),(0.0022388,-0.0030000,0.0163398),(0.0031476,-0.0030000,0.0164914),(0.0022388,-0.0030000,0.0163398),(0.0021420,-0.0030000,0.0163023),(0.0031476,-0.0030000,0.0164914),(0.0021420,-0.0030000,0.0163023),(0.0020432,-0.0030000,0.0162717),(0.0008237,-0.0030000,0.0159653),(0.0031476,-0.0030000,0.0164914),(0.0020432,-0.0030000,0.0162717),(0.0008237,-0.0030000,0.0159653),(0.0020432,-0.0030000,0.0162717),(0.0019423,-0.0030000,0.0162478),(0.0008237,-0.0030000,0.0159653),(0.0019423,-0.0030000,0.0162478),(0.0018393,-0.0030000,0.0162308),(0.0008237,-0.0030000,0.0159653),(0.0018393,-0.0030000,0.0162308),(0.0017342,-0.0030000,0.0162206),(0.0008237,-0.0030000,0.0159653),(0.0017342,-0.0030000,0.0162206),(0.0016270,-0.0030000,0.0162171),(0.0008237,-0.0030000,0.0159653),(0.0016270,-0.0030000,0.0162171),(0.0014734,-0.0030000,0.0162242),(0.0008237,-0.0030000,0.0159653),(0.0014734,-0.0030000,0.0162242),(0.0013238,-0.0030000,0.0162455),(0.0008237,-0.0030000,0.0159653),(0.0013238,-0.0030000,0.0162455),(0.0011782,-0.0030000,0.0162808),(0.0008237,-0.0030000,0.0159653),(0.0011782,-0.0030000,0.0162808),(0.0010365,-0.0030000,0.0163304),(0.0008237,-0.0030000,0.0159653),(0.0010365,-0.0030000,0.0163304),(0.0026335,-0.0030000,0.0191138),(0.0002628,-0.0030000,0.0149905),(0.0008237,-0.0030000,0.0159653),(0.0026335,-0.0030000,0.0191138),(0.0030591,-0.0030000,0.0185780),(0.0031023,-0.0030000,0.0184834),(0.0034941,-0.0030000,0.0186249),(0.0030092,-0.0030000,0.0186693),(0.0030591,-0.0030000,0.0185780),(0.0034941,-0.0030000,0.0186249),(0.0029413,-0.0030000,0.0187733),(0.0030092,-0.0030000,0.0186693),(0.0034941,-0.0030000,0.0186249),(0.0028560,-0.0030000,0.0188820),(0.0029413,-0.0030000,0.0187733),(0.0034941,-0.0030000,0.0186249),(0.0028069,-0.0030000,0.0189382),(0.0028560,-0.0030000,0.0188820),(0.0034941,-0.0030000,0.0186249),(0.0027534,-0.0030000,0.0189955),(0.0028069,-0.0030000,0.0189382),(0.0034941,-0.0030000,0.0186249),(0.0026956,-0.0030000,0.0190541),(0.0027534,-0.0030000,0.0189955),(0.0034941,-0.0030000,0.0186249),(0.0026335,-0.0030000,0.0191138),(0.0026956,-0.0030000,0.0190541),(0.0034941,-0.0030000,0.0186249),(0.0026335,-0.0030000,0.0191138),(0.0034941,-0.0030000,0.0186249),(0.0034394,-0.0030000,0.0187517),(0.0026335,-0.0030000,0.0191138),(0.0034394,-0.0030000,0.0187517),(0.0033764,-0.0030000,0.0188778),(0.0026335,-0.0030000,0.0191138),(0.0033764,-0.0030000,0.0188778),(0.0033263,-0.0030000,0.0189645),(0.0026335,-0.0030000,0.0191138),(0.0033263,-0.0030000,0.0189645),(0.0032715,-0.0030000,0.0190479),(0.0026335,-0.0030000,0.0191138),(0.0032715,-0.0030000,0.0190479),(0.0032121,-0.0030000,0.0191280),(0.0026335,-0.0030000,0.0191138),(0.0032121,-0.0030000,0.0191280),(0.0031481,-0.0030000,0.0192048),(0.0026335,-0.0030000,0.0191138),(0.0031481,-0.0030000,0.0192048),(0.0030795,-0.0030000,0.0192783),(0.0026335,-0.0030000,0.0191138),(0.0030795,-0.0030000,0.0192783),(0.0030064,-0.0030000,0.0193485),(0.0026335,-0.0030000,0.0191138),(0.0030064,-0.0030000,0.0193485),(0.0029286,-0.0030000,0.0194154),(0.0026335,-0.0030000,0.0191138),(0.0029286,-0.0030000,0.0194154),(0.0028462,-0.0030000,0.0194789),(0.0026335,-0.0030000,0.0191138),(0.0028462,-0.0030000,0.0194789),(0.0033881,-0.0030000,0.0204314),(0.0002628,-0.0030000,0.0149905),(0.0026335,-0.0030000,0.0191138),(0.0033881,-0.0030000,0.0204314),(0.0002628,-0.0030000,0.0149905),(0.0033881,-0.0030000,0.0204314),(0.0034167,-0.0030000,0.0205351),(0.0002628,-0.0030000,0.0149905),(0.0034167,-0.0030000,0.0205351),(0.0034093,-0.0030000,0.0205955),(0.0002628,-0.0030000,0.0149905),(0.0034093,-0.0030000,0.0205955),(0.0033706,-0.0030000,0.0206706),(0.0002628,-0.0030000,0.0149905),(0.0033706,-0.0030000,0.0206706),(0.0033055,-0.0030000,0.0207246),(0.0002628,-0.0030000,0.0149905),(0.0033055,-0.0030000,0.0207246),(0.0032029,-0.0030000,0.0207553),(0.0002628,-0.0030000,0.0149905),(0.0032029,-0.0030000,0.0207553),(0.0031426,-0.0030000,0.0207479),(0.0002628,-0.0030000,0.0149905),(0.0031426,-0.0030000,0.0207479),(0.0030669,-0.0030000,0.0207092),(0.0002628,-0.0030000,0.0149905),(0.0030669,-0.0030000,0.0207092),(0.0030113,-0.0030000,0.0206442),(0.0002628,-0.0030000,0.0149905),(0.0030113,-0.0030000,0.0206442),(0.0024758,-0.0030000,0.0197160),(0.0024758,-0.0030000,0.0197160),(0.0023752,-0.0030000,0.0197604),(0.0022713,-0.0030000,0.0197989),(0.0024758,-0.0030000,0.0197160),(0.0022713,-0.0030000,0.0197989),(0.0021641,-0.0030000,0.0198314),(0.0024758,-0.0030000,0.0197160),(0.0021641,-0.0030000,0.0198314),(0.0020535,-0.0030000,0.0198581),(0.0024758,-0.0030000,0.0197160),(0.0020535,-0.0030000,0.0198581),(0.0019397,-0.0030000,0.0198788),(0.0024758,-0.0030000,0.0197160),(0.0019397,-0.0030000,0.0198788),(0.0018225,-0.0030000,0.0198936),(0.0024758,-0.0030000,0.0197160),(0.0018225,-0.0030000,0.0198936),(0.0017021,-0.0030000,0.0199025),(0.0024758,-0.0030000,0.0197160),(0.0017021,-0.0030000,0.0199025),(0.0015783,-0.0030000,0.0199054),(0.0024758,-0.0030000,0.0197160),(0.0015783,-0.0030000,0.0199054),(0.0014537,-0.0030000,0.0199011),(0.0024758,-0.0030000,0.0197160),(0.0014537,-0.0030000,0.0199011),(0.0013302,-0.0030000,0.0198881),(0.0024758,-0.0030000,0.0197160),(0.0013302,-0.0030000,0.0198881),(0.0012078,-0.0030000,0.0198664),(0.0024758,-0.0030000,0.0197160),(0.0012078,-0.0030000,0.0198664),(0.0010865,-0.0030000,0.0198361),(0.0024758,-0.0030000,0.0197160),(0.0010865,-0.0030000,0.0198361),(0.0009662,-0.0030000,0.0197971),(0.0024758,-0.0030000,0.0197160),(0.0009662,-0.0030000,0.0197971),(0.0008471,-0.0030000,0.0197495),(0.0024758,-0.0030000,0.0197160),(0.0008471,-0.0030000,0.0197495),(0.0007290,-0.0030000,0.0196931),(0.0024758,-0.0030000,0.0197160),(0.0007290,-0.0030000,0.0196931),(0.0006121,-0.0030000,0.0196282),(0.0024758,-0.0030000,0.0197160),(0.0006121,-0.0030000,0.0196282),(0.0004990,-0.0030000,0.0195560),(0.0024758,-0.0030000,0.0197160),(0.0004990,-0.0030000,0.0195560),(0.0003919,-0.0030000,0.0194776),(0.0024758,-0.0030000,0.0197160),(0.0003919,-0.0030000,0.0194776),(0.0002910,-0.0030000,0.0193930),(0.0024758,-0.0030000,0.0197160),(0.0002910,-0.0030000,0.0193930),(0.0001962,-0.0030000,0.0193022),(0.0024758,-0.0030000,0.0197160),(0.0001962,-0.0030000,0.0193022),(0.0001074,-0.0030000,0.0192052),(0.0001074,-0.0030000,0.0192052),(0.0000247,-0.0030000,0.0191019),(-0.0000519,-0.0030000,0.0189924),(0.0001074,-0.0030000,0.0192052),(-0.0000519,-0.0030000,0.0189924),(-0.0001224,-0.0030000,0.0188767),(0.0001074,-0.0030000,0.0192052),(-0.0001224,-0.0030000,0.0188767),(-0.0001857,-0.0030000,0.0187569),(0.0001074,-0.0030000,0.0192052),(-0.0001857,-0.0030000,0.0187569),(-0.0002405,-0.0030000,0.0186346),(0.0001074,-0.0030000,0.0192052),(-0.0002405,-0.0030000,0.0186346),(-0.0002869,-0.0030000,0.0185097),(0.0001074,-0.0030000,0.0192052),(-0.0002869,-0.0030000,0.0185097),(-0.0003248,-0.0030000,0.0183822),(0.0001074,-0.0030000,0.0192052),(-0.0003248,-0.0030000,0.0183822),(-0.0003543,-0.0030000,0.0182522),(0.0001074,-0.0030000,0.0192052),(-0.0003543,-0.0030000,0.0182522),(-0.0003754,-0.0030000,0.0181197),(0.0001074,-0.0030000,0.0192052),(-0.0003754,-0.0030000,0.0181197),(-0.0003881,-0.0030000,0.0179846),(0.0001074,-0.0030000,0.0192052),(-0.0003881,-0.0030000,0.0179846),(-0.0003923,-0.0030000,0.0178470),(0.0001074,-0.0030000,0.0192052),(-0.0003923,-0.0030000,0.0178470),(-0.0003881,-0.0030000,0.0177089),(0.0001074,-0.0030000,0.0192052),(-0.0003881,-0.0030000,0.0177089),(-0.0003755,-0.0030000,0.0175736),(0.0001074,-0.0030000,0.0192052),(-0.0003755,-0.0030000,0.0175736),(-0.0003545,-0.0030000,0.0174410),(0.0001074,-0.0030000,0.0192052),(-0.0003545,-0.0030000,0.0174410),(-0.0003251,-0.0030000,0.0173112),(0.0001074,-0.0030000,0.0192052),(-0.0003251,-0.0030000,0.0173112),(-0.0002873,-0.0030000,0.0171841),(0.0001074,-0.0030000,0.0192052),(-0.0002873,-0.0030000,0.0171841),(-0.0002411,-0.0030000,0.0170598),(0.0001074,-0.0030000,0.0192052),(-0.0002411,-0.0030000,0.0170598),(-0.0001865,-0.0030000,0.0169382),(0.0001074,-0.0030000,0.0192052),(-0.0001865,-0.0030000,0.0169382),(-0.0001235,-0.0030000,0.0168193),(-0.0001235,-0.0030000,0.0168193),(0.0002448,-0.0030000,0.0170278),(0.0001955,-0.0030000,0.0171226),(-0.0001235,-0.0030000,0.0168193),(0.0001955,-0.0030000,0.0171226),(0.0001527,-0.0030000,0.0172195),(-0.0001235,-0.0030000,0.0168193),(0.0001527,-0.0030000,0.0172195),(0.0001165,-0.0030000,0.0173185),(-0.0001235,-0.0030000,0.0168193),(0.0001165,-0.0030000,0.0173185),(0.0000869,-0.0030000,0.0174197),(-0.0001235,-0.0030000,0.0168193),(0.0000869,-0.0030000,0.0174197),(0.0000638,-0.0030000,0.0175230),(-0.0001235,-0.0030000,0.0168193),(0.0000638,-0.0030000,0.0175230),(0.0000474,-0.0030000,0.0176285),(-0.0001235,-0.0030000,0.0168193),(0.0000474,-0.0030000,0.0176285),(0.0000375,-0.0030000,0.0177361),(-0.0001235,-0.0030000,0.0168193),(0.0000375,-0.0030000,0.0177361),(0.0000342,-0.0030000,0.0178459),(-0.0001235,-0.0030000,0.0168193),(0.0000342,-0.0030000,0.0178459),(0.0000376,-0.0030000,0.0179557),(0.0001074,-0.0030000,0.0192052),(-0.0001235,-0.0030000,0.0168193),(0.0000376,-0.0030000,0.0179557),(0.0001074,-0.0030000,0.0192052),(0.0000376,-0.0030000,0.0179557),(0.0000476,-0.0030000,0.0180635),(0.0001074,-0.0030000,0.0192052),(0.0000476,-0.0030000,0.0180635),(0.0000643,-0.0030000,0.0181691),(0.0001074,-0.0030000,0.0192052),(0.0000643,-0.0030000,0.0181691),(0.0000877,-0.0030000,0.0182727),(0.0001074,-0.0030000,0.0192052),(0.0000877,-0.0030000,0.0182727),(0.0001177,-0.0030000,0.0183742),(0.0001074,-0.0030000,0.0192052),(0.0001177,-0.0030000,0.0183742),(0.0001545,-0.0030000,0.0184736),(0.0001074,-0.0030000,0.0192052),(0.0001545,-0.0030000,0.0184736),(0.0001979,-0.0030000,0.0185709),(0.0001074,-0.0030000,0.0192052),(0.0001979,-0.0030000,0.0185709),(0.0002480,-0.0030000,0.0186661),(0.0001074,-0.0030000,0.0192052),(0.0002480,-0.0030000,0.0186661),(0.0003039,-0.0030000,0.0187581),(0.0001074,-0.0030000,0.0192052),(0.0003039,-0.0030000,0.0187581),(0.0003645,-0.0030000,0.0188450),(0.0001074,-0.0030000,0.0192052),(0.0003645,-0.0030000,0.0188450),(0.0004299,-0.0030000,0.0189269),(0.0001074,-0.0030000,0.0192052),(0.0004299,-0.0030000,0.0189269),(0.0005002,-0.0030000,0.0190037),(0.0001074,-0.0030000,0.0192052),(0.0005002,-0.0030000,0.0190037),(0.0005752,-0.0030000,0.0190756),(0.0001074,-0.0030000,0.0192052),(0.0005752,-0.0030000,0.0190756),(0.0006550,-0.0030000,0.0191424),(0.0001074,-0.0030000,0.0192052),(0.0006550,-0.0030000,0.0191424),(0.0007396,-0.0030000,0.0192042),(0.0001074,-0.0030000,0.0192052),(0.0007396,-0.0030000,0.0192042),(0.0008290,-0.0030000,0.0192609),(0.0001074,-0.0030000,0.0192052),(0.0008290,-0.0030000,0.0192609),(0.0009211,-0.0030000,0.0193120),(0.0001074,-0.0030000,0.0192052),(0.0009211,-0.0030000,0.0193120),(0.0010137,-0.0030000,0.0193563),(0.0001074,-0.0030000,0.0192052),(0.0010137,-0.0030000,0.0193563),(0.0011068,-0.0030000,0.0193938),(0.0001074,-0.0030000,0.0192052),(0.0011068,-0.0030000,0.0193938),(0.0012005,-0.0030000,0.0194244),(0.0001074,-0.0030000,0.0192052),(0.0012005,-0.0030000,0.0194244),(0.0012947,-0.0030000,0.0194483),(0.0024758,-0.0030000,0.0197160),(0.0001074,-0.0030000,0.0192052),(0.0012947,-0.0030000,0.0194483),(0.0024758,-0.0030000,0.0197160),(0.0012947,-0.0030000,0.0194483),(0.0013894,-0.0030000,0.0194653),(0.0024758,-0.0030000,0.0197160),(0.0013894,-0.0030000,0.0194653),(0.0014847,-0.0030000,0.0194755),(0.0024758,-0.0030000,0.0197160),(0.0014847,-0.0030000,0.0194755),(0.0015805,-0.0030000,0.0194789),(0.0024758,-0.0030000,0.0197160),(0.0015805,-0.0030000,0.0194789),(0.0015868,-0.0030000,0.0194789),(0.0024758,-0.0030000,0.0197160),(0.0015868,-0.0030000,0.0194789),(0.0016805,-0.0030000,0.0194768),(0.0024758,-0.0030000,0.0197160),(0.0016805,-0.0030000,0.0194768),(0.0017717,-0.0030000,0.0194706),(0.0024758,-0.0030000,0.0197160),(0.0017717,-0.0030000,0.0194706),(0.0018603,-0.0030000,0.0194602),(0.0024758,-0.0030000,0.0197160),(0.0018603,-0.0030000,0.0194602),(0.0019464,-0.0030000,0.0194456),(0.0024758,-0.0030000,0.0197160),(0.0019464,-0.0030000,0.0194456),(0.0020299,-0.0030000,0.0194268),(0.0024758,-0.0030000,0.0197160),(0.0020299,-0.0030000,0.0194268),(0.0021109,-0.0030000,0.0194039),(0.0024758,-0.0030000,0.0197160),(0.0021109,-0.0030000,0.0194039),(0.0021893,-0.0030000,0.0193768),(0.0024758,-0.0030000,0.0197160),(0.0021893,-0.0030000,0.0193768),(0.0022652,-0.0030000,0.0193456),(0.0002628,-0.0030000,0.0149905),(0.0024758,-0.0030000,0.0197160),(0.0022652,-0.0030000,0.0193456),(0.0002628,-0.0030000,0.0149905),(0.0022652,-0.0030000,0.0193456),(0.0006608,-0.0030000,0.0165505),(0.0002628,-0.0030000,0.0149905),(0.0006608,-0.0030000,0.0165505),(0.0005403,-0.0030000,0.0166534),(0.0002872,-0.0030000,0.0169586),(0.0002448,-0.0030000,0.0170278),(-0.0001235,-0.0030000,0.0168193),(0.0003323,-0.0030000,0.0168920),(0.0002872,-0.0030000,0.0169586),(-0.0001235,-0.0030000,0.0168193),(0.0004308,-0.0030000,0.0167672),(0.0003323,-0.0030000,0.0168920),(-0.0001235,-0.0030000,0.0168193),(0.0005403,-0.0030000,0.0166534),(0.0004308,-0.0030000,0.0167672),(-0.0001235,-0.0030000,0.0168193),(0.0005403,-0.0030000,0.0166534),(-0.0001235,-0.0030000,0.0168193),(-0.0000655,-0.0030000,0.0167243),(0.0005403,-0.0030000,0.0166534),(-0.0000655,-0.0030000,0.0167243),(-0.0000039,-0.0030000,0.0166333),(0.0005403,-0.0030000,0.0166534),(-0.0000039,-0.0030000,0.0166333),(0.0000615,-0.0030000,0.0165465),(0.0005403,-0.0030000,0.0166534),(0.0000615,-0.0030000,0.0165465),(0.0001305,-0.0030000,0.0164637),(0.0005403,-0.0030000,0.0166534),(0.0001305,-0.0030000,0.0164637),(0.0002033,-0.0030000,0.0163851),(0.0005403,-0.0030000,0.0166534),(0.0002033,-0.0030000,0.0163851),(0.0002798,-0.0030000,0.0163105),(0.0005403,-0.0030000,0.0166534),(0.0002798,-0.0030000,0.0163105),(0.0003599,-0.0030000,0.0162401),(0.0005403,-0.0030000,0.0166534),(0.0003599,-0.0030000,0.0162401),(0.0004438,-0.0030000,0.0161738),(0.0002628,-0.0030000,0.0149905),(0.0005403,-0.0030000,0.0166534),(0.0004438,-0.0030000,0.0161738),(0.0002628,-0.0030000,0.0149905),(0.0004438,-0.0030000,0.0161738),(-0.0001118,-0.0030000,0.0152033),(0.0002628,-0.0030000,0.0149905),(-0.0001118,-0.0030000,0.0152033),(-0.0001393,-0.0030000,0.0151017),(0.0002628,-0.0030000,0.0149905),(-0.0001393,-0.0030000,0.0151017),(-0.0001330,-0.0030000,0.0150413),(0.0002628,-0.0030000,0.0149905),(-0.0001330,-0.0030000,0.0150413),(-0.0000938,-0.0030000,0.0149643),(0.0002628,-0.0030000,0.0149905),(-0.0000938,-0.0030000,0.0149643),(-0.0000314,-0.0030000,0.0149090),(0.0002628,-0.0030000,0.0149905),(-0.0000314,-0.0030000,0.0149090),(0.0000734,-0.0030000,0.0148815),(0.0002628,-0.0030000,0.0149905),(0.0000734,-0.0030000,0.0148815),(0.0001337,-0.0030000,0.0148889),(0.0002628,-0.0030000,0.0149905),(0.0001337,-0.0030000,0.0148889),(0.0002062,-0.0030000,0.0149244),(0.0057757,-0.0030000,0.0181370),(0.0058233,-0.0030000,0.0181856),(0.0058794,-0.0030000,0.0182632),(0.0057757,-0.0030000,0.0181370),(0.0058794,-0.0030000,0.0182632),(0.0059280,-0.0030000,0.0183446),(0.0057757,-0.0030000,0.0181370),(0.0059280,-0.0030000,0.0183446),(0.0059691,-0.0030000,0.0184298),(0.0057757,-0.0030000,0.0181370),(0.0059691,-0.0030000,0.0184298),(0.0060027,-0.0030000,0.0185188),(0.0057757,-0.0030000,0.0181370),(0.0060027,-0.0030000,0.0185188),(0.0060289,-0.0030000,0.0186115),(0.0057757,-0.0030000,0.0181370),(0.0060289,-0.0030000,0.0186115),(0.0060475,-0.0030000,0.0187081),(0.0057757,-0.0030000,0.0181370),(0.0060475,-0.0030000,0.0187081),(0.0060588,-0.0030000,0.0188085),(0.0057757,-0.0030000,0.0181370),(0.0060588,-0.0030000,0.0188085),(0.0060625,-0.0030000,0.0189127),(0.0057757,-0.0030000,0.0181370),(0.0060625,-0.0030000,0.0189127),(0.0060588,-0.0030000,0.0190168),(0.0057757,-0.0030000,0.0181370),(0.0060588,-0.0030000,0.0190168),(0.0060476,-0.0030000,0.0191165),(0.0057757,-0.0030000,0.0181370),(0.0060476,-0.0030000,0.0191165),(0.0060290,-0.0030000,0.0192116),(0.0057757,-0.0030000,0.0181370),(0.0060290,-0.0030000,0.0192116),(0.0060030,-0.0030000,0.0193022),(0.0057757,-0.0030000,0.0181370),(0.0060030,-0.0030000,0.0193022),(0.0059695,-0.0030000,0.0193883),(0.0057757,-0.0030000,0.0181370),(0.0059695,-0.0030000,0.0193883),(0.0059285,-0.0030000,0.0194699),(0.0057757,-0.0030000,0.0181370),(0.0059285,-0.0030000,0.0194699),(0.0058802,-0.0030000,0.0195471),(0.0057757,-0.0030000,0.0181370),(0.0058802,-0.0030000,0.0195471),(0.0058244,-0.0030000,0.0196197),(0.0057757,-0.0030000,0.0181370),(0.0058244,-0.0030000,0.0196197),(0.0057626,-0.0030000,0.0196857),(0.0057757,-0.0030000,0.0181370),(0.0057626,-0.0030000,0.0196857),(0.0056959,-0.0030000,0.0197429),(0.0057757,-0.0030000,0.0181370),(0.0056959,-0.0030000,0.0197429),(0.0056242,-0.0030000,0.0197912),(0.0057757,-0.0030000,0.0181370),(0.0056242,-0.0030000,0.0197912),(0.0055476,-0.0030000,0.0198308),(0.0055476,-0.0030000,0.0198308),(0.0054660,-0.0030000,0.0198616),(0.0053795,-0.0030000,0.0198836),(0.0055476,-0.0030000,0.0198308),(0.0053795,-0.0030000,0.0198836),(0.0052880,-0.0030000,0.0198968),(0.0055476,-0.0030000,0.0198308),(0.0052880,-0.0030000,0.0198968),(0.0051915,-0.0030000,0.0199012),(0.0055476,-0.0030000,0.0198308),(0.0051915,-0.0030000,0.0199012),(0.0050960,-0.0030000,0.0198968),(0.0055476,-0.0030000,0.0198308),(0.0050960,-0.0030000,0.0198968),(0.0050047,-0.0030000,0.0198837),(0.0055476,-0.0030000,0.0198308),(0.0050047,-0.0030000,0.0198837),(0.0049176,-0.0030000,0.0198618),(0.0055476,-0.0030000,0.0198308),(0.0049176,-0.0030000,0.0198618),(0.0048348,-0.0030000,0.0198311),(0.0055476,-0.0030000,0.0198308),(0.0048348,-0.0030000,0.0198311),(0.0047562,-0.0030000,0.0197917),(0.0055476,-0.0030000,0.0198308),(0.0047562,-0.0030000,0.0197917),(0.0046819,-0.0030000,0.0197435),(0.0055476,-0.0030000,0.0198308),(0.0046819,-0.0030000,0.0197435),(0.0046118,-0.0030000,0.0196865),(0.0055476,-0.0030000,0.0198308),(0.0046118,-0.0030000,0.0196865),(0.0045459,-0.0030000,0.0196207),(0.0055476,-0.0030000,0.0198308),(0.0045459,-0.0030000,0.0196207),(0.0044861,-0.0030000,0.0195483),(0.0055476,-0.0030000,0.0198308),(0.0044861,-0.0030000,0.0195483),(0.0044343,-0.0030000,0.0194713),(0.0055476,-0.0030000,0.0198308),(0.0044343,-0.0030000,0.0194713),(0.0043905,-0.0030000,0.0193897),(0.0055476,-0.0030000,0.0198308),(0.0043905,-0.0030000,0.0193897),(0.0043546,-0.0030000,0.0193035),(0.0055476,-0.0030000,0.0198308),(0.0043546,-0.0030000,0.0193035),(0.0043267,-0.0030000,0.0192127),(0.0055476,-0.0030000,0.0198308),(0.0043267,-0.0030000,0.0192127),(0.0043068,-0.0030000,0.0191173),(0.0055476,-0.0030000,0.0198308),(0.0043068,-0.0030000,0.0191173),(0.0042948,-0.0030000,0.0190173),(0.0042948,-0.0030000,0.0190173),(0.0042908,-0.0030000,0.0189127),(0.0043062,-0.0030000,0.0188304),(0.0042948,-0.0030000,0.0190173),(0.0043062,-0.0030000,0.0188304),(0.0043522,-0.0030000,0.0187614),(0.0042948,-0.0030000,0.0190173),(0.0043522,-0.0030000,0.0187614),(0.0044205,-0.0030000,0.0187146),(0.0042948,-0.0030000,0.0190173),(0.0044205,-0.0030000,0.0187146),(0.0045025,-0.0030000,0.0186989),(0.0042948,-0.0030000,0.0190173),(0.0045025,-0.0030000,0.0186989),(0.0045853,-0.0030000,0.0187146),(0.0042948,-0.0030000,0.0190173),(0.0045853,-0.0030000,0.0187146),(0.0046539,-0.0030000,0.0187614),(0.0042948,-0.0030000,0.0190173),(0.0046539,-0.0030000,0.0187614),(0.0046999,-0.0030000,0.0188304),(0.0042948,-0.0030000,0.0190173),(0.0046999,-0.0030000,0.0188304),(0.0047152,-0.0030000,0.0189127),(0.0042948,-0.0030000,0.0190173),(0.0047152,-0.0030000,0.0189127),(0.0047239,-0.0030000,0.0190390),(0.0042948,-0.0030000,0.0190173),(0.0047239,-0.0030000,0.0190390),(0.0047499,-0.0030000,0.0191501),(0.0042948,-0.0030000,0.0190173),(0.0047499,-0.0030000,0.0191501),(0.0047932,-0.0030000,0.0192459),(0.0042948,-0.0030000,0.0190173),(0.0047932,-0.0030000,0.0192459),(0.0048539,-0.0030000,0.0193265),(0.0042948,-0.0030000,0.0190173),(0.0048539,-0.0030000,0.0193265),(0.0049254,-0.0030000,0.0193914),(0.0055476,-0.0030000,0.0198308),(0.0042948,-0.0030000,0.0190173),(0.0049254,-0.0030000,0.0193914),(0.0055476,-0.0030000,0.0198308),(0.0049254,-0.0030000,0.0193914),(0.0050055,-0.0030000,0.0194377),(0.0055476,-0.0030000,0.0198308),(0.0050055,-0.0030000,0.0194377),(0.0050942,-0.0030000,0.0194654),(0.0055476,-0.0030000,0.0198308),(0.0050942,-0.0030000,0.0194654),(0.0051915,-0.0030000,0.0194747),(0.0055476,-0.0030000,0.0198308),(0.0051915,-0.0030000,0.0194747),(0.0052853,-0.0030000,0.0194655),(0.0055476,-0.0030000,0.0198308),(0.0052853,-0.0030000,0.0194655),(0.0053701,-0.0030000,0.0194379),(0.0055476,-0.0030000,0.0198308),(0.0053701,-0.0030000,0.0194379),(0.0054457,-0.0030000,0.0193920),(0.0055476,-0.0030000,0.0198308),(0.0054457,-0.0030000,0.0193920),(0.0055122,-0.0030000,0.0193276),(0.0055476,-0.0030000,0.0198308),(0.0055122,-0.0030000,0.0193276),(0.0055663,-0.0030000,0.0192465),(0.0055476,-0.0030000,0.0198308),(0.0055663,-0.0030000,0.0192465),(0.0056050,-0.0030000,0.0191503),(0.0055476,-0.0030000,0.0198308),(0.0056050,-0.0030000,0.0191503),(0.0056282,-0.0030000,0.0190391),(0.0057757,-0.0030000,0.0181370),(0.0055476,-0.0030000,0.0198308),(0.0056282,-0.0030000,0.0190391),(0.0057757,-0.0030000,0.0181370),(0.0056282,-0.0030000,0.0190391),(0.0056360,-0.0030000,0.0189127),(0.0057757,-0.0030000,0.0181370),(0.0056360,-0.0030000,0.0189127),(0.0056283,-0.0030000,0.0187847),(0.0057757,-0.0030000,0.0181370),(0.0056283,-0.0030000,0.0187847),(0.0056053,-0.0030000,0.0186693),(0.0057757,-0.0030000,0.0181370),(0.0056053,-0.0030000,0.0186693),(0.0055669,-0.0030000,0.0185666),(0.0057757,-0.0030000,0.0181370),(0.0055669,-0.0030000,0.0185666),(0.0055132,-0.0030000,0.0184767),(0.0057757,-0.0030000,0.0181370),(0.0055132,-0.0030000,0.0184767),(0.0054510,-0.0030000,0.0184119),(0.0058601,-0.0030000,0.0180608),(0.0057757,-0.0030000,0.0181370),(0.0054510,-0.0030000,0.0184119),(0.0058601,-0.0030000,0.0180608),(0.0054510,-0.0030000,0.0184119),(0.0053817,-0.0030000,0.0183656),(0.0058601,-0.0030000,0.0180608),(0.0053817,-0.0030000,0.0183656),(0.0053055,-0.0030000,0.0183378),(0.0058601,-0.0030000,0.0180608),(0.0053055,-0.0030000,0.0183378),(0.0052222,-0.0030000,0.0183285),(0.0058601,-0.0030000,0.0180608),(0.0052222,-0.0030000,0.0183285),(0.0051798,-0.0030000,0.0183285),(0.0058601,-0.0030000,0.0180608),(0.0051798,-0.0030000,0.0183285),(0.0051132,-0.0030000,0.0183285),(0.0058601,-0.0030000,0.0180608),(0.0051132,-0.0030000,0.0183285),(0.0050317,-0.0030000,0.0183129),(0.0058601,-0.0030000,0.0180608),(0.0050317,-0.0030000,0.0183129),(0.0049629,-0.0030000,0.0182661),(0.0058601,-0.0030000,0.0180608),(0.0049629,-0.0030000,0.0182661),(0.0049161,-0.0030000,0.0181976),(0.0058601,-0.0030000,0.0180608),(0.0049161,-0.0030000,0.0181976),(0.0049004,-0.0030000,0.0181169),(0.0058601,-0.0030000,0.0180608),(0.0049004,-0.0030000,0.0181169),(0.0049161,-0.0030000,0.0180359),(0.0058601,-0.0030000,0.0180608),(0.0049161,-0.0030000,0.0180359),(0.0049629,-0.0030000,0.0179666),(0.0058601,-0.0030000,0.0180608),(0.0049629,-0.0030000,0.0179666),(0.0050317,-0.0030000,0.0179189),(0.0058601,-0.0030000,0.0180608),(0.0050317,-0.0030000,0.0179189),(0.0051132,-0.0030000,0.0179031),(0.0058601,-0.0030000,0.0180608),(0.0051132,-0.0030000,0.0179031),(0.0051798,-0.0030000,0.0179031),(0.0058601,-0.0030000,0.0180608),(0.0051798,-0.0030000,0.0179031),(0.0053102,-0.0030000,0.0178891),(0.0058601,-0.0030000,0.0180608),(0.0053102,-0.0030000,0.0178891),(0.0054283,-0.0030000,0.0178472),(0.0058601,-0.0030000,0.0180608),(0.0054283,-0.0030000,0.0178472),(0.0055341,-0.0030000,0.0177775),(0.0058601,-0.0030000,0.0180608),(0.0055341,-0.0030000,0.0177775),(0.0056275,-0.0030000,0.0176798),(0.0058601,-0.0030000,0.0180608),(0.0056275,-0.0030000,0.0176798),(0.0057044,-0.0030000,0.0175586),(0.0058601,-0.0030000,0.0180608),(0.0057044,-0.0030000,0.0175586),(0.0057593,-0.0030000,0.0174184),(0.0058601,-0.0030000,0.0180608),(0.0057593,-0.0030000,0.0174184),(0.0057922,-0.0030000,0.0172591),(0.0058601,-0.0030000,0.0180608),(0.0057922,-0.0030000,0.0172591),(0.0058005,-0.0030000,0.0171723),(0.0058601,-0.0030000,0.0180608),(0.0058005,-0.0030000,0.0171723),(0.0058032,-0.0030000,0.0170807),(0.0058601,-0.0030000,0.0180608),(0.0058032,-0.0030000,0.0170807),(0.0058004,-0.0030000,0.0169901),(0.0045814,-0.0030000,0.0170452),(0.0045787,-0.0030000,0.0171453),(0.0045628,-0.0030000,0.0172273),(0.0045896,-0.0030000,0.0169509),(0.0045814,-0.0030000,0.0170452),(0.0045628,-0.0030000,0.0172273),(0.0045896,-0.0030000,0.0169509),(0.0045628,-0.0030000,0.0172273),(0.0045152,-0.0030000,0.0172956),(0.0046031,-0.0030000,0.0168623),(0.0045896,-0.0030000,0.0169509),(0.0045152,-0.0030000,0.0172956),(0.0046031,-0.0030000,0.0168623),(0.0045152,-0.0030000,0.0172956),(0.0044459,-0.0030000,0.0173416),(0.0046221,-0.0030000,0.0167794),(0.0046031,-0.0030000,0.0168623),(0.0044459,-0.0030000,0.0173416),(0.0046221,-0.0030000,0.0167794),(0.0044459,-0.0030000,0.0173416),(0.0043628,-0.0030000,0.0173570),(0.0046763,-0.0030000,0.0166308),(0.0046221,-0.0030000,0.0167794),(0.0043628,-0.0030000,0.0173570),(0.0046763,-0.0030000,0.0166308),(0.0043628,-0.0030000,0.0173570),(0.0042800,-0.0030000,0.0173416),(0.0046763,-0.0030000,0.0166308),(0.0042800,-0.0030000,0.0173416),(0.0042115,-0.0030000,0.0172956),(0.0047523,-0.0030000,0.0165050),(0.0046763,-0.0030000,0.0166308),(0.0042115,-0.0030000,0.0172956),(0.0047523,-0.0030000,0.0165050),(0.0042115,-0.0030000,0.0172956),(0.0041654,-0.0030000,0.0172273),(0.0047523,-0.0030000,0.0165050),(0.0041654,-0.0030000,0.0172273),(0.0041501,-0.0030000,0.0171453),(0.0048428,-0.0030000,0.0164055),(0.0047523,-0.0030000,0.0165050),(0.0041501,-0.0030000,0.0171453),(0.0048428,-0.0030000,0.0164055),(0.0041501,-0.0030000,0.0171453),(0.0041545,-0.0030000,0.0170083),(0.0048428,-0.0030000,0.0164055),(0.0041545,-0.0030000,0.0170083),(0.0041677,-0.0030000,0.0168774),(0.0048428,-0.0030000,0.0164055),(0.0041677,-0.0030000,0.0168774),(0.0041898,-0.0030000,0.0167524),(0.0049462,-0.0030000,0.0163344),(0.0048428,-0.0030000,0.0164055),(0.0041898,-0.0030000,0.0167524),(0.0049462,-0.0030000,0.0163344),(0.0041898,-0.0030000,0.0167524),(0.0042207,-0.0030000,0.0166333),(0.0049462,-0.0030000,0.0163344),(0.0042207,-0.0030000,0.0166333),(0.0042605,-0.0030000,0.0165203),(0.0050624,-0.0030000,0.0162917),(0.0049462,-0.0030000,0.0163344),(0.0042605,-0.0030000,0.0165203),(0.0050624,-0.0030000,0.0162917),(0.0042605,-0.0030000,0.0165203),(0.0043090,-0.0030000,0.0164133),(0.0050624,-0.0030000,0.0162917),(0.0043090,-0.0030000,0.0164133),(0.0043664,-0.0030000,0.0163122),(0.0051915,-0.0030000,0.0162775),(0.0050624,-0.0030000,0.0162917),(0.0043664,-0.0030000,0.0163122),(0.0051915,-0.0030000,0.0162775),(0.0043664,-0.0030000,0.0163122),(0.0044327,-0.0030000,0.0162171),(0.0051915,-0.0030000,0.0162775),(0.0044327,-0.0030000,0.0162171),(0.0045047,-0.0030000,0.0161316),(0.0053150,-0.0030000,0.0162909),(0.0051915,-0.0030000,0.0162775),(0.0045047,-0.0030000,0.0161316),(0.0053150,-0.0030000,0.0162909),(0.0045047,-0.0030000,0.0161316),(0.0045833,-0.0030000,0.0160574),(0.0053150,-0.0030000,0.0162909),(0.0045833,-0.0030000,0.0160574),(0.0046684,-0.0030000,0.0159947),(0.0054286,-0.0030000,0.0163312),(0.0053150,-0.0030000,0.0162909),(0.0046684,-0.0030000,0.0159947),(0.0054286,-0.0030000,0.0163312),(0.0046684,-0.0030000,0.0159947),(0.0047599,-0.0030000,0.0159433),(0.0054286,-0.0030000,0.0163312),(0.0047599,-0.0030000,0.0159433),(0.0048581,-0.0030000,0.0159034),(0.0055320,-0.0030000,0.0163983),(0.0054286,-0.0030000,0.0163312),(0.0048581,-0.0030000,0.0159034),(0.0055320,-0.0030000,0.0163983),(0.0048581,-0.0030000,0.0159034),(0.0049627,-0.0030000,0.0158748),(0.0055320,-0.0030000,0.0163983),(0.0049627,-0.0030000,0.0158748),(0.0050738,-0.0030000,0.0158577),(0.0056254,-0.0030000,0.0164923),(0.0055320,-0.0030000,0.0163983),(0.0050738,-0.0030000,0.0158577),(0.0056254,-0.0030000,0.0164923),(0.0050738,-0.0030000,0.0158577),(0.0051915,-0.0030000,0.0158520),(0.0056254,-0.0030000,0.0164923),(0.0051915,-0.0030000,0.0158520),(0.0053046,-0.0030000,0.0158575),(0.0057032,-0.0030000,0.0166101),(0.0056254,-0.0030000,0.0164923),(0.0053046,-0.0030000,0.0158575),(0.0057032,-0.0030000,0.0166101),(0.0053046,-0.0030000,0.0158575),(0.0054122,-0.0030000,0.0158740),(0.0057588,-0.0030000,0.0167474),(0.0057032,-0.0030000,0.0166101),(0.0054122,-0.0030000,0.0158740),(0.0057588,-0.0030000,0.0167474),(0.0054122,-0.0030000,0.0158740),(0.0055143,-0.0030000,0.0159014),(0.0057588,-0.0030000,0.0167474),(0.0055143,-0.0030000,0.0159014),(0.0056108,-0.0030000,0.0159399),(0.0057782,-0.0030000,0.0168234),(0.0057588,-0.0030000,0.0167474),(0.0056108,-0.0030000,0.0159399),(0.0057782,-0.0030000,0.0168234),(0.0056108,-0.0030000,0.0159399),(0.0057019,-0.0030000,0.0159893),(0.0057921,-0.0030000,0.0169043),(0.0057782,-0.0030000,0.0168234),(0.0057019,-0.0030000,0.0159893),(0.0057921,-0.0030000,0.0169043),(0.0057019,-0.0030000,0.0159893),(0.0057874,-0.0030000,0.0160497),(0.0058004,-0.0030000,0.0169901),(0.0057921,-0.0030000,0.0169043),(0.0057874,-0.0030000,0.0160497),(0.0058601,-0.0030000,0.0180608),(0.0058004,-0.0030000,0.0169901),(0.0057874,-0.0030000,0.0160497),(0.0058601,-0.0030000,0.0180608),(0.0057874,-0.0030000,0.0160497),(0.0058674,-0.0030000,0.0161210),(0.0058601,-0.0030000,0.0180608),(0.0058674,-0.0030000,0.0161210),(0.0059418,-0.0030000,0.0162034),(0.0058601,-0.0030000,0.0180608),(0.0059418,-0.0030000,0.0162034),(0.0060096,-0.0030000,0.0162947),(0.0058601,-0.0030000,0.0180608),(0.0060096,-0.0030000,0.0162947),(0.0060682,-0.0030000,0.0163912),(0.0058601,-0.0030000,0.0180608),(0.0060682,-0.0030000,0.0163912),(0.0061179,-0.0030000,0.0164930),(0.0058601,-0.0030000,0.0180608),(0.0061179,-0.0030000,0.0164930),(0.0061585,-0.0030000,0.0166000),(0.0058601,-0.0030000,0.0180608),(0.0061585,-0.0030000,0.0166000),(0.0061901,-0.0030000,0.0167123),(0.0058601,-0.0030000,0.0180608),(0.0061901,-0.0030000,0.0167123),(0.0062127,-0.0030000,0.0168299),(0.0058601,-0.0030000,0.0180608),(0.0062127,-0.0030000,0.0168299),(0.0062263,-0.0030000,0.0169527),(0.0058601,-0.0030000,0.0180608),(0.0062263,-0.0030000,0.0169527),(0.0062308,-0.0030000,0.0170807),(0.0058601,-0.0030000,0.0180608),(0.0062308,-0.0030000,0.0170807),(0.0062263,-0.0030000,0.0172101),(0.0058601,-0.0030000,0.0180608),(0.0062263,-0.0030000,0.0172101),(0.0062128,-0.0030000,0.0173342),(0.0058601,-0.0030000,0.0180608),(0.0062128,-0.0030000,0.0173342),(0.0061904,-0.0030000,0.0174530),(0.0058601,-0.0030000,0.0180608),(0.0061904,-0.0030000,0.0174530),(0.0061591,-0.0030000,0.0175665),(0.0058601,-0.0030000,0.0180608),(0.0061591,-0.0030000,0.0175665),(0.0061187,-0.0030000,0.0176747),(0.0058601,-0.0030000,0.0180608),(0.0061187,-0.0030000,0.0176747),(0.0060694,-0.0030000,0.0177777),(0.0058601,-0.0030000,0.0180608),(0.0060694,-0.0030000,0.0177777),(0.0060112,-0.0030000,0.0178753),(0.0058601,-0.0030000,0.0180608),(0.0060112,-0.0030000,0.0178753),(0.0059440,-0.0030000,0.0179676),(0.0083739,-0.0030000,0.0162732),(0.0095455,-0.0030000,0.0178639),(0.0096100,-0.0030000,0.0179577),(0.0083739,-0.0030000,0.0162732),(0.0096100,-0.0030000,0.0179577),(0.0096659,-0.0030000,0.0180553),(0.0083739,-0.0030000,0.0162732),(0.0096659,-0.0030000,0.0180553),(0.0097131,-0.0030000,0.0181568),(0.0083739,-0.0030000,0.0162732),(0.0097131,-0.0030000,0.0181568),(0.0097518,-0.0030000,0.0182621),(0.0083739,-0.0030000,0.0162732),(0.0097518,-0.0030000,0.0182621),(0.0097819,-0.0030000,0.0183713),(0.0083739,-0.0030000,0.0162732),(0.0097819,-0.0030000,0.0183713),(0.0098034,-0.0030000,0.0184844),(0.0083739,-0.0030000,0.0162732),(0.0098034,-0.0030000,0.0184844),(0.0098163,-0.0030000,0.0186014),(0.0083739,-0.0030000,0.0162732),(0.0098163,-0.0030000,0.0186014),(0.0098206,-0.0030000,0.0187222),(0.0083739,-0.0030000,0.0162732),(0.0098206,-0.0030000,0.0187222),(0.0098155,-0.0030000,0.0188472),(0.0083739,-0.0030000,0.0162732),(0.0098155,-0.0030000,0.0188472),(0.0098001,-0.0030000,0.0189676),(0.0083739,-0.0030000,0.0162732),(0.0098001,-0.0030000,0.0189676),(0.0097745,-0.0030000,0.0190833),(0.0083739,-0.0030000,0.0162732),(0.0097745,-0.0030000,0.0190833),(0.0097386,-0.0030000,0.0191945),(0.0097386,-0.0030000,0.0191945),(0.0096925,-0.0030000,0.0193011),(0.0096361,-0.0030000,0.0194031),(0.0097386,-0.0030000,0.0191945),(0.0096361,-0.0030000,0.0194031),(0.0095694,-0.0030000,0.0195004),(0.0097386,-0.0030000,0.0191945),(0.0095694,-0.0030000,0.0195004),(0.0094926,-0.0030000,0.0195932),(0.0097386,-0.0030000,0.0191945),(0.0094926,-0.0030000,0.0195932),(0.0094197,-0.0030000,0.0196664),(0.0097386,-0.0030000,0.0191945),(0.0094197,-0.0030000,0.0196664),(0.0093423,-0.0030000,0.0197298),(0.0097386,-0.0030000,0.0191945),(0.0093423,-0.0030000,0.0197298),(0.0092604,-0.0030000,0.0197835),(0.0097386,-0.0030000,0.0191945),(0.0092604,-0.0030000,0.0197835),(0.0091740,-0.0030000,0.0198274),(0.0097386,-0.0030000,0.0191945),(0.0091740,-0.0030000,0.0198274),(0.0090831,-0.0030000,0.0198615),(0.0097386,-0.0030000,0.0191945),(0.0090831,-0.0030000,0.0198615),(0.0089877,-0.0030000,0.0198859),(0.0097386,-0.0030000,0.0191945),(0.0089877,-0.0030000,0.0198859),(0.0088878,-0.0030000,0.0199006),(0.0097386,-0.0030000,0.0191945),(0.0088878,-0.0030000,0.0199006),(0.0087835,-0.0030000,0.0199054),(0.0097386,-0.0030000,0.0191945),(0.0087835,-0.0030000,0.0199054),(0.0086850,-0.0030000,0.0199007),(0.0097386,-0.0030000,0.0191945),(0.0086850,-0.0030000,0.0199007),(0.0085895,-0.0030000,0.0198863),(0.0097386,-0.0030000,0.0191945),(0.0085895,-0.0030000,0.0198863),(0.0084970,-0.0030000,0.0198624),(0.0097386,-0.0030000,0.0191945),(0.0084970,-0.0030000,0.0198624),(0.0084075,-0.0030000,0.0198290),(0.0097386,-0.0030000,0.0191945),(0.0084075,-0.0030000,0.0198290),(0.0083210,-0.0030000,0.0197860),(0.0097386,-0.0030000,0.0191945),(0.0083210,-0.0030000,0.0197860),(0.0082376,-0.0030000,0.0197334),(0.0082376,-0.0030000,0.0197334),(0.0081571,-0.0030000,0.0196713),(0.0080797,-0.0030000,0.0195996),(0.0082376,-0.0030000,0.0197334),(0.0080797,-0.0030000,0.0195996),(0.0080005,-0.0030000,0.0195131),(0.0082376,-0.0030000,0.0197334),(0.0080005,-0.0030000,0.0195131),(0.0079320,-0.0030000,0.0194202),(0.0082376,-0.0030000,0.0197334),(0.0079320,-0.0030000,0.0194202),(0.0078739,-0.0030000,0.0193210),(0.0082376,-0.0030000,0.0197334),(0.0078739,-0.0030000,0.0193210),(0.0078265,-0.0030000,0.0192154),(0.0082376,-0.0030000,0.0197334),(0.0078265,-0.0030000,0.0192154),(0.0077895,-0.0030000,0.0191035),(0.0082376,-0.0030000,0.0197334),(0.0077895,-0.0030000,0.0191035),(0.0077632,-0.0030000,0.0189852),(0.0082376,-0.0030000,0.0197334),(0.0077632,-0.0030000,0.0189852),(0.0077473,-0.0030000,0.0188606),(0.0082376,-0.0030000,0.0197334),(0.0077473,-0.0030000,0.0188606),(0.0077421,-0.0030000,0.0187296),(0.0082376,-0.0030000,0.0197334),(0.0077421,-0.0030000,0.0187296),(0.0077421,-0.0030000,0.0187243),(0.0082376,-0.0030000,0.0197334),(0.0077421,-0.0030000,0.0187243),(0.0077577,-0.0030000,0.0186428),(0.0082376,-0.0030000,0.0197334),(0.0077577,-0.0030000,0.0186428),(0.0078045,-0.0030000,0.0185741),(0.0082376,-0.0030000,0.0197334),(0.0078045,-0.0030000,0.0185741),(0.0078733,-0.0030000,0.0185272),(0.0082376,-0.0030000,0.0197334),(0.0078733,-0.0030000,0.0185272),(0.0079548,-0.0030000,0.0185116),(0.0082376,-0.0030000,0.0197334),(0.0079548,-0.0030000,0.0185116),(0.0080363,-0.0030000,0.0185272),(0.0082376,-0.0030000,0.0197334),(0.0080363,-0.0030000,0.0185272),(0.0081051,-0.0030000,0.0185741),(0.0082376,-0.0030000,0.0197334),(0.0081051,-0.0030000,0.0185741),(0.0081527,-0.0030000,0.0186428),(0.0081527,-0.0030000,0.0186428),(0.0081686,-0.0030000,0.0187243),(0.0081686,-0.0030000,0.0187296),(0.0081527,-0.0030000,0.0186428),(0.0081686,-0.0030000,0.0187296),(0.0081719,-0.0030000,0.0188165),(0.0082376,-0.0030000,0.0197334),(0.0081527,-0.0030000,0.0186428),(0.0081719,-0.0030000,0.0188165),(0.0082376,-0.0030000,0.0197334),(0.0081719,-0.0030000,0.0188165),(0.0081819,-0.0030000,0.0188990),(0.0082376,-0.0030000,0.0197334),(0.0081819,-0.0030000,0.0188990),(0.0081985,-0.0030000,0.0189769),(0.0082376,-0.0030000,0.0197334),(0.0081985,-0.0030000,0.0189769),(0.0082218,-0.0030000,0.0190503),(0.0082376,-0.0030000,0.0197334),(0.0082218,-0.0030000,0.0190503),(0.0082882,-0.0030000,0.0191837),(0.0082376,-0.0030000,0.0197334),(0.0082882,-0.0030000,0.0191837),(0.0083813,-0.0030000,0.0192990),(0.0082376,-0.0030000,0.0197334),(0.0083813,-0.0030000,0.0192990),(0.0084722,-0.0030000,0.0193777),(0.0082376,-0.0030000,0.0197334),(0.0084722,-0.0030000,0.0193777),(0.0085692,-0.0030000,0.0194340),(0.0082376,-0.0030000,0.0197334),(0.0085692,-0.0030000,0.0194340),(0.0086722,-0.0030000,0.0194677),(0.0082376,-0.0030000,0.0197334),(0.0086722,-0.0030000,0.0194677),(0.0087814,-0.0030000,0.0194789),(0.0082376,-0.0030000,0.0197334),(0.0087814,-0.0030000,0.0194789),(0.0088946,-0.0030000,0.0194681),(0.0082376,-0.0030000,0.0197334),(0.0088946,-0.0030000,0.0194681),(0.0089983,-0.0030000,0.0194355),(0.0097386,-0.0030000,0.0191945),(0.0082376,-0.0030000,0.0197334),(0.0089983,-0.0030000,0.0194355),(0.0097386,-0.0030000,0.0191945),(0.0089983,-0.0030000,0.0194355),(0.0090925,-0.0030000,0.0193813),(0.0097386,-0.0030000,0.0191945),(0.0090925,-0.0030000,0.0193813),(0.0091772,-0.0030000,0.0193054),(0.0097386,-0.0030000,0.0191945),(0.0091772,-0.0030000,0.0193054),(0.0092288,-0.0030000,0.0192442),(0.0097386,-0.0030000,0.0191945),(0.0092288,-0.0030000,0.0192442),(0.0092735,-0.0030000,0.0191798),(0.0097386,-0.0030000,0.0191945),(0.0092735,-0.0030000,0.0191798),(0.0093423,-0.0030000,0.0190410),(0.0097386,-0.0030000,0.0191945),(0.0093423,-0.0030000,0.0190410),(0.0093835,-0.0030000,0.0188892),(0.0097386,-0.0030000,0.0191945),(0.0093835,-0.0030000,0.0188892),(0.0093939,-0.0030000,0.0188084),(0.0097386,-0.0030000,0.0191945),(0.0093939,-0.0030000,0.0188084),(0.0093973,-0.0030000,0.0187243),(0.0097386,-0.0030000,0.0191945),(0.0093973,-0.0030000,0.0187243),(0.0093944,-0.0030000,0.0186376),(0.0097386,-0.0030000,0.0191945),(0.0093944,-0.0030000,0.0186376),(0.0093856,-0.0030000,0.0185542),(0.0097386,-0.0030000,0.0191945),(0.0093856,-0.0030000,0.0185542),(0.0093710,-0.0030000,0.0184741),(0.0097386,-0.0030000,0.0191945),(0.0093710,-0.0030000,0.0184741),(0.0093505,-0.0030000,0.0183973),(0.0097386,-0.0030000,0.0191945),(0.0093505,-0.0030000,0.0183973),(0.0092919,-0.0030000,0.0182536),(0.0083739,-0.0030000,0.0162732),(0.0097386,-0.0030000,0.0191945),(0.0092919,-0.0030000,0.0182536),(0.0083739,-0.0030000,0.0162732),(0.0092919,-0.0030000,0.0182536),(0.0092100,-0.0030000,0.0181232),(0.0083739,-0.0030000,0.0162732),(0.0092100,-0.0030000,0.0181232),(0.0077865,-0.0030000,0.0161896),(0.0096100,-0.0030000,0.0162732),(0.0083739,-0.0030000,0.0162732),(0.0077865,-0.0030000,0.0161896),(0.0096100,-0.0030000,0.0162732),(0.0077865,-0.0030000,0.0161896),(0.0077400,-0.0030000,0.0160647),(0.0096100,-0.0030000,0.0162732),(0.0077400,-0.0030000,0.0160647),(0.0077421,-0.0030000,0.0160298),(0.0096100,-0.0030000,0.0162732),(0.0077421,-0.0030000,0.0160298),(0.0077685,-0.0030000,0.0159512),(0.0096100,-0.0030000,0.0162732),(0.0077685,-0.0030000,0.0159512),(0.0078204,-0.0030000,0.0158954),(0.0096100,-0.0030000,0.0162732),(0.0078204,-0.0030000,0.0158954),(0.0078889,-0.0030000,0.0158605),(0.0096100,-0.0030000,0.0162732),(0.0078889,-0.0030000,0.0158605),(0.0079548,-0.0030000,0.0158488),(0.0096100,-0.0030000,0.0162732),(0.0079548,-0.0030000,0.0158488),(0.0096100,-0.0030000,0.0158488),(0.0096100,-0.0030000,0.0162732),(0.0096100,-0.0030000,0.0158488),(0.0096934,-0.0030000,0.0158639),(0.0096100,-0.0030000,0.0162732),(0.0096934,-0.0030000,0.0158639),(0.0097614,-0.0030000,0.0159092),(0.0096100,-0.0030000,0.0162732),(0.0097614,-0.0030000,0.0159092),(0.0098058,-0.0030000,0.0159772),(0.0096100,-0.0030000,0.0162732),(0.0098058,-0.0030000,0.0159772),(0.0098206,-0.0030000,0.0160605),(0.0096100,-0.0030000,0.0162732),(0.0098206,-0.0030000,0.0160605),(0.0098058,-0.0030000,0.0161447),(0.0096100,-0.0030000,0.0162732),(0.0098058,-0.0030000,0.0161447),(0.0097614,-0.0030000,0.0162129),(0.0096100,-0.0030000,0.0162732),(0.0097614,-0.0030000,0.0162129),(0.0096955,-0.0030000,0.0162582),(0.0066890,-0.0030000,0.0158793),(0.0067621,-0.0030000,0.0157726),(0.0068687,-0.0030000,0.0156996),(0.0066890,-0.0030000,0.0158793),(0.0068687,-0.0030000,0.0156996),(0.0069938,-0.0030000,0.0156753),(0.0066890,-0.0030000,0.0158793),(0.0069938,-0.0030000,0.0156753),(0.0071187,-0.0030000,0.0156996),(0.0066890,-0.0030000,0.0158793),(0.0071187,-0.0030000,0.0156996),(0.0072245,-0.0030000,0.0157726),(0.0066890,-0.0030000,0.0158793),(0.0072245,-0.0030000,0.0157726),(0.0072976,-0.0030000,0.0158793),(0.0066890,-0.0030000,0.0158793),(0.0072976,-0.0030000,0.0158793),(0.0073219,-0.0030000,0.0160044),(0.0066890,-0.0030000,0.0158793),(0.0073219,-0.0030000,0.0160044),(0.0072976,-0.0030000,0.0161296),(0.0066890,-0.0030000,0.0158793),(0.0072976,-0.0030000,0.0161296),(0.0072245,-0.0030000,0.0162362),(0.0066890,-0.0030000,0.0158793),(0.0072245,-0.0030000,0.0162362),(0.0071187,-0.0030000,0.0163092),(0.0066890,-0.0030000,0.0158793),(0.0071187,-0.0030000,0.0163092),(0.0069938,-0.0030000,0.0163336),(0.0066890,-0.0030000,0.0158793),(0.0069938,-0.0030000,0.0163336),(0.0068687,-0.0030000,0.0163092),(0.0066890,-0.0030000,0.0158793),(0.0068687,-0.0030000,0.0163092),(0.0067621,-0.0030000,0.0162362),(0.0066890,-0.0030000,0.0158793),(0.0067621,-0.0030000,0.0162362),(0.0066890,-0.0030000,0.0161296),(0.0066890,-0.0030000,0.0158793),(0.0066890,-0.0030000,0.0161296),(0.0066647,-0.0030000,0.0160044),(0.0202084,-0.0030000,0.0176316),(0.0215905,-0.0030000,0.0158420),(0.0216628,-0.0030000,0.0157801),(0.0202084,-0.0030000,0.0176316),(0.0216628,-0.0030000,0.0157801),(0.0217546,-0.0030000,0.0157594),(0.0202084,-0.0030000,0.0176316),(0.0217546,-0.0030000,0.0157594),(0.0218869,-0.0030000,0.0158049),(0.0202084,-0.0030000,0.0176316),(0.0218869,-0.0030000,0.0158049),(0.0219512,-0.0030000,0.0158785),(0.0202084,-0.0030000,0.0176316),(0.0219512,-0.0030000,0.0158785),(0.0219726,-0.0030000,0.0159743),(0.0202084,-0.0030000,0.0176316),(0.0219726,-0.0030000,0.0159743),(0.0219282,-0.0030000,0.0161066),(0.0202084,-0.0030000,0.0176316),(0.0219282,-0.0030000,0.0161066),(0.0207523,-0.0030000,0.0176316),(0.0207523,-0.0030000,0.0176316),(0.0208381,-0.0030000,0.0176316),(0.0209573,-0.0030000,0.0176367),(0.0202084,-0.0030000,0.0176316),(0.0207523,-0.0030000,0.0176316),(0.0209573,-0.0030000,0.0176367),(0.0193448,-0.0030000,0.0176316),(0.0202084,-0.0030000,0.0176316),(0.0209573,-0.0030000,0.0176367),(0.0193448,-0.0030000,0.0176316),(0.0209573,-0.0030000,0.0176367),(0.0210711,-0.0030000,0.0176521),(0.0193448,-0.0030000,0.0176316),(0.0210711,-0.0030000,0.0176521),(0.0211794,-0.0030000,0.0176776),(0.0193448,-0.0030000,0.0176316),(0.0211794,-0.0030000,0.0176776),(0.0212823,-0.0030000,0.0177134),(0.0193448,-0.0030000,0.0176316),(0.0212823,-0.0030000,0.0177134),(0.0213797,-0.0030000,0.0177594),(0.0193448,-0.0030000,0.0176316),(0.0213797,-0.0030000,0.0177594),(0.0214717,-0.0030000,0.0178156),(0.0193448,-0.0030000,0.0176316),(0.0214717,-0.0030000,0.0178156),(0.0215582,-0.0030000,0.0178820),(0.0193448,-0.0030000,0.0176316),(0.0215582,-0.0030000,0.0178820),(0.0216392,-0.0030000,0.0179586),(0.0193448,-0.0030000,0.0176316),(0.0216392,-0.0030000,0.0179586),(0.0217156,-0.0030000,0.0180484),(0.0193448,-0.0030000,0.0176316),(0.0217156,-0.0030000,0.0180484),(0.0217818,-0.0030000,0.0181408),(0.0193448,-0.0030000,0.0176316),(0.0217818,-0.0030000,0.0181408),(0.0218379,-0.0030000,0.0182360),(0.0218379,-0.0030000,0.0182360),(0.0218837,-0.0030000,0.0183338),(0.0214881,-0.0030000,0.0184830),(0.0218379,-0.0030000,0.0182360),(0.0214881,-0.0030000,0.0184830),(0.0214237,-0.0030000,0.0183654),(0.0218379,-0.0030000,0.0182360),(0.0214237,-0.0030000,0.0183654),(0.0213334,-0.0030000,0.0182592),(0.0218379,-0.0030000,0.0182360),(0.0213334,-0.0030000,0.0182592),(0.0212234,-0.0030000,0.0181712),(0.0218379,-0.0030000,0.0182360),(0.0212234,-0.0030000,0.0181712),(0.0211042,-0.0030000,0.0181084),(0.0218379,-0.0030000,0.0182360),(0.0211042,-0.0030000,0.0181084),(0.0209758,-0.0030000,0.0180707),(0.0193448,-0.0030000,0.0176316),(0.0218379,-0.0030000,0.0182360),(0.0209758,-0.0030000,0.0180707),(0.0193448,-0.0030000,0.0176316),(0.0209758,-0.0030000,0.0180707),(0.0208381,-0.0030000,0.0180581),(0.0193448,-0.0030000,0.0176316),(0.0208381,-0.0030000,0.0180581),(0.0193448,-0.0030000,0.0180581),(0.0215268,-0.0030000,0.0186120),(0.0214881,-0.0030000,0.0184830),(0.0218837,-0.0030000,0.0183338),(0.0215397,-0.0030000,0.0187524),(0.0215268,-0.0030000,0.0186120),(0.0218837,-0.0030000,0.0183338),(0.0215268,-0.0030000,0.0188914),(0.0215397,-0.0030000,0.0187524),(0.0218837,-0.0030000,0.0183338),(0.0214881,-0.0030000,0.0190196),(0.0215268,-0.0030000,0.0188914),(0.0218837,-0.0030000,0.0183338),(0.0214237,-0.0030000,0.0191370),(0.0214881,-0.0030000,0.0190196),(0.0218837,-0.0030000,0.0183338),(0.0214237,-0.0030000,0.0191370),(0.0218837,-0.0030000,0.0183338),(0.0219194,-0.0030000,0.0184344),(0.0214237,-0.0030000,0.0191370),(0.0219194,-0.0030000,0.0184344),(0.0219448,-0.0030000,0.0185377),(0.0213334,-0.0030000,0.0192435),(0.0214237,-0.0030000,0.0191370),(0.0219448,-0.0030000,0.0185377),(0.0213334,-0.0030000,0.0192435),(0.0219448,-0.0030000,0.0185377),(0.0219601,-0.0030000,0.0186437),(0.0213334,-0.0030000,0.0192435),(0.0219601,-0.0030000,0.0186437),(0.0219652,-0.0030000,0.0187524),(0.0212262,-0.0030000,0.0193314),(0.0213334,-0.0030000,0.0192435),(0.0219652,-0.0030000,0.0187524),(0.0212262,-0.0030000,0.0193314),(0.0219652,-0.0030000,0.0187524),(0.0219601,-0.0030000,0.0188650),(0.0212262,-0.0030000,0.0193314),(0.0219601,-0.0030000,0.0188650),(0.0219448,-0.0030000,0.0189737),(0.0211090,-0.0030000,0.0193943),(0.0212262,-0.0030000,0.0193314),(0.0219448,-0.0030000,0.0189737),(0.0211090,-0.0030000,0.0193943),(0.0219448,-0.0030000,0.0189737),(0.0219194,-0.0030000,0.0190785),(0.0211090,-0.0030000,0.0193943),(0.0219194,-0.0030000,0.0190785),(0.0218837,-0.0030000,0.0191794),(0.0209817,-0.0030000,0.0194320),(0.0211090,-0.0030000,0.0193943),(0.0218837,-0.0030000,0.0191794),(0.0209817,-0.0030000,0.0194320),(0.0218837,-0.0030000,0.0191794),(0.0218379,-0.0030000,0.0192764),(0.0209817,-0.0030000,0.0194320),(0.0218379,-0.0030000,0.0192764),(0.0217818,-0.0030000,0.0193695),(0.0208444,-0.0030000,0.0194445),(0.0209817,-0.0030000,0.0194320),(0.0217818,-0.0030000,0.0193695),(0.0208444,-0.0030000,0.0194445),(0.0217818,-0.0030000,0.0193695),(0.0217156,-0.0030000,0.0194587),(0.0193448,-0.0030000,0.0194445),(0.0208444,-0.0030000,0.0194445),(0.0217156,-0.0030000,0.0194587),(0.0193448,-0.0030000,0.0194445),(0.0217156,-0.0030000,0.0194587),(0.0216392,-0.0030000,0.0195440),(0.0193448,-0.0030000,0.0194445),(0.0216392,-0.0030000,0.0195440),(0.0215522,-0.0030000,0.0196222),(0.0193448,-0.0030000,0.0194445),(0.0215522,-0.0030000,0.0196222),(0.0214614,-0.0030000,0.0196899),(0.0193448,-0.0030000,0.0194445),(0.0214614,-0.0030000,0.0196899),(0.0213668,-0.0030000,0.0197472),(0.0193448,-0.0030000,0.0194445),(0.0213668,-0.0030000,0.0197472),(0.0212685,-0.0030000,0.0197941),(0.0193448,-0.0030000,0.0194445),(0.0212685,-0.0030000,0.0197941),(0.0211665,-0.0030000,0.0198305),(0.0193448,-0.0030000,0.0194445),(0.0211665,-0.0030000,0.0198305),(0.0210608,-0.0030000,0.0198566),(0.0193448,-0.0030000,0.0194445),(0.0210608,-0.0030000,0.0198566),(0.0209513,-0.0030000,0.0198722),(0.0193448,-0.0030000,0.0194445),(0.0209513,-0.0030000,0.0198722),(0.0208381,-0.0030000,0.0198774),(0.0193448,-0.0030000,0.0194445),(0.0208381,-0.0030000,0.0198774),(0.0191320,-0.0030000,0.0198774),(0.0193448,-0.0030000,0.0180581),(0.0193448,-0.0030000,0.0194445),(0.0191320,-0.0030000,0.0198774),(0.0193448,-0.0030000,0.0176316),(0.0193448,-0.0030000,0.0180581),(0.0191320,-0.0030000,0.0198774),(0.0193448,-0.0030000,0.0176316),(0.0191320,-0.0030000,0.0198774),(0.0190460,-0.0030000,0.0198607),(0.0193448,-0.0030000,0.0176316),(0.0190460,-0.0030000,0.0198607),(0.0189743,-0.0030000,0.0198107),(0.0193448,-0.0030000,0.0176316),(0.0189743,-0.0030000,0.0198107),(0.0189323,-0.0030000,0.0197364),(0.0193448,-0.0030000,0.0176316),(0.0189323,-0.0030000,0.0197364),(0.0189183,-0.0030000,0.0196573),(0.0193448,-0.0030000,0.0176316),(0.0189183,-0.0030000,0.0196573),(0.0189183,-0.0030000,0.0160304),(0.0193448,-0.0030000,0.0176316),(0.0189183,-0.0030000,0.0160304),(0.0189411,-0.0030000,0.0159470),(0.0193448,-0.0030000,0.0176316),(0.0189411,-0.0030000,0.0159470),(0.0189844,-0.0030000,0.0158875),(0.0193448,-0.0030000,0.0176316),(0.0189844,-0.0030000,0.0158875),(0.0191320,-0.0030000,0.0158399),(0.0193448,-0.0030000,0.0176316),(0.0191320,-0.0030000,0.0158399),(0.0192061,-0.0030000,0.0158518),(0.0193448,-0.0030000,0.0176316),(0.0192061,-0.0030000,0.0158518),(0.0192662,-0.0030000,0.0158875),(0.0193448,-0.0030000,0.0176316),(0.0192662,-0.0030000,0.0158875),(0.0193448,-0.0030000,0.0160304),(0.0179562,-0.0030000,0.0176369),(0.0179541,-0.0030000,0.0160304),(0.0179702,-0.0030000,0.0159483),(0.0179562,-0.0030000,0.0176369),(0.0179702,-0.0030000,0.0159483),(0.0180187,-0.0030000,0.0158801),(0.0179562,-0.0030000,0.0176369),(0.0180187,-0.0030000,0.0158801),(0.0180875,-0.0030000,0.0158340),(0.0179562,-0.0030000,0.0176369),(0.0180875,-0.0030000,0.0158340),(0.0181647,-0.0030000,0.0158187),(0.0179562,-0.0030000,0.0176369),(0.0181647,-0.0030000,0.0158187),(0.0182475,-0.0030000,0.0158340),(0.0179562,-0.0030000,0.0176369),(0.0182475,-0.0030000,0.0158340),(0.0183161,-0.0030000,0.0158801),(0.0179562,-0.0030000,0.0176369),(0.0183161,-0.0030000,0.0158801),(0.0183621,-0.0030000,0.0159483),(0.0179562,-0.0030000,0.0176369),(0.0183621,-0.0030000,0.0159483),(0.0183774,-0.0030000,0.0160304),(0.0179562,-0.0030000,0.0176369),(0.0183774,-0.0030000,0.0160304),(0.0183774,-0.0030000,0.0196573),(0.0179562,-0.0030000,0.0176369),(0.0183774,-0.0030000,0.0196573),(0.0183621,-0.0030000,0.0197388),(0.0179562,-0.0030000,0.0176369),(0.0183621,-0.0030000,0.0197388),(0.0183161,-0.0030000,0.0198075),(0.0179562,-0.0030000,0.0176369),(0.0183161,-0.0030000,0.0198075),(0.0182486,-0.0030000,0.0198552),(0.0179562,-0.0030000,0.0176369),(0.0182486,-0.0030000,0.0198552),(0.0181690,-0.0030000,0.0198710),(0.0179562,-0.0030000,0.0176369),(0.0181690,-0.0030000,0.0198710),(0.0180869,-0.0030000,0.0198546),(0.0179562,-0.0030000,0.0176369),(0.0180869,-0.0030000,0.0198546),(0.0180166,-0.0030000,0.0198054),(0.0179562,-0.0030000,0.0176369),(0.0180166,-0.0030000,0.0198054),(0.0179697,-0.0030000,0.0197409),(0.0179562,-0.0030000,0.0176369),(0.0179697,-0.0030000,0.0197409),(0.0179541,-0.0030000,0.0196573),(0.0179562,-0.0030000,0.0176369),(0.0179541,-0.0030000,0.0196573),(0.0179541,-0.0030000,0.0180581),(0.0157549,-0.0030000,0.0176369),(0.0179562,-0.0030000,0.0176369),(0.0179541,-0.0030000,0.0180581),(0.0157549,-0.0030000,0.0176369),(0.0179541,-0.0030000,0.0180581),(0.0157612,-0.0030000,0.0180581),(0.0157549,-0.0030000,0.0176369),(0.0157612,-0.0030000,0.0180581),(0.0157612,-0.0030000,0.0196573),(0.0157549,-0.0030000,0.0176369),(0.0157612,-0.0030000,0.0196573),(0.0157448,-0.0030000,0.0197388),(0.0157549,-0.0030000,0.0176369),(0.0157448,-0.0030000,0.0197388),(0.0156956,-0.0030000,0.0198075),(0.0157549,-0.0030000,0.0176369),(0.0156956,-0.0030000,0.0198075),(0.0156260,-0.0030000,0.0198552),(0.0157549,-0.0030000,0.0176369),(0.0156260,-0.0030000,0.0198552),(0.0155485,-0.0030000,0.0198710),(0.0157549,-0.0030000,0.0176369),(0.0155485,-0.0030000,0.0198710),(0.0154662,-0.0030000,0.0198552),(0.0157549,-0.0030000,0.0176369),(0.0154662,-0.0030000,0.0198552),(0.0153951,-0.0030000,0.0198075),(0.0157549,-0.0030000,0.0176369),(0.0153951,-0.0030000,0.0198075),(0.0153466,-0.0030000,0.0197388),(0.0157549,-0.0030000,0.0176369),(0.0153466,-0.0030000,0.0197388),(0.0153305,-0.0030000,0.0196573),(0.0157549,-0.0030000,0.0176369),(0.0153305,-0.0030000,0.0196573),(0.0153305,-0.0030000,0.0160304),(0.0157549,-0.0030000,0.0176369),(0.0153305,-0.0030000,0.0160304),(0.0153461,-0.0030000,0.0159483),(0.0157549,-0.0030000,0.0176369),(0.0153461,-0.0030000,0.0159483),(0.0153929,-0.0030000,0.0158801),(0.0157549,-0.0030000,0.0176369),(0.0153929,-0.0030000,0.0158801),(0.0154625,-0.0030000,0.0158340),(0.0157549,-0.0030000,0.0176369),(0.0154625,-0.0030000,0.0158340),(0.0155443,-0.0030000,0.0158187),(0.0157549,-0.0030000,0.0176369),(0.0155443,-0.0030000,0.0158187),(0.0156221,-0.0030000,0.0158338),(0.0157549,-0.0030000,0.0176369),(0.0156221,-0.0030000,0.0158338),(0.0156946,-0.0030000,0.0158790),(0.0157549,-0.0030000,0.0176369),(0.0156946,-0.0030000,0.0158790),(0.0157398,-0.0030000,0.0159438),(0.0157549,-0.0030000,0.0176369),(0.0157398,-0.0030000,0.0159438),(0.0157549,-0.0030000,0.0160304),(0.0229367,-0.0030000,0.0173490),(0.0229367,-0.0030000,0.0196573),(0.0229214,-0.0030000,0.0197388),(0.0229367,-0.0030000,0.0173490),(0.0229214,-0.0030000,0.0197388),(0.0228754,-0.0030000,0.0198075),(0.0229367,-0.0030000,0.0173490),(0.0228754,-0.0030000,0.0198075),(0.0228079,-0.0030000,0.0198552),(0.0229417,-0.0030000,0.0172366),(0.0229367,-0.0030000,0.0173490),(0.0228079,-0.0030000,0.0198552),(0.0229417,-0.0030000,0.0172366),(0.0228079,-0.0030000,0.0198552),(0.0227283,-0.0030000,0.0198710),(0.0229417,-0.0030000,0.0172366),(0.0227283,-0.0030000,0.0198710),(0.0226449,-0.0030000,0.0198546),(0.0229417,-0.0030000,0.0172366),(0.0226449,-0.0030000,0.0198546),(0.0225706,-0.0030000,0.0198054),(0.0229417,-0.0030000,0.0172366),(0.0225706,-0.0030000,0.0198054),(0.0225253,-0.0030000,0.0197409),(0.0229417,-0.0030000,0.0172366),(0.0225253,-0.0030000,0.0197409),(0.0225102,-0.0030000,0.0196573),(0.0229417,-0.0030000,0.0172366),(0.0225102,-0.0030000,0.0196573),(0.0225102,-0.0030000,0.0173490),(0.0229417,-0.0030000,0.0172366),(0.0225102,-0.0030000,0.0173490),(0.0225172,-0.0030000,0.0171939),(0.0229417,-0.0030000,0.0172366),(0.0225172,-0.0030000,0.0171939),(0.0225380,-0.0030000,0.0170446),(0.0229417,-0.0030000,0.0172366),(0.0225380,-0.0030000,0.0170446),(0.0225727,-0.0030000,0.0169009),(0.0229417,-0.0030000,0.0172366),(0.0225727,-0.0030000,0.0169009),(0.0226214,-0.0030000,0.0167630),(0.0229417,-0.0030000,0.0172366),(0.0226214,-0.0030000,0.0167630),(0.0226839,-0.0030000,0.0166308),(0.0229417,-0.0030000,0.0172366),(0.0226839,-0.0030000,0.0166308),(0.0227603,-0.0030000,0.0165043),(0.0229417,-0.0030000,0.0172366),(0.0227603,-0.0030000,0.0165043),(0.0228506,-0.0030000,0.0163835),(0.0229417,-0.0030000,0.0172366),(0.0228506,-0.0030000,0.0163835),(0.0229547,-0.0030000,0.0162685),(0.0229417,-0.0030000,0.0172366),(0.0229547,-0.0030000,0.0162685),(0.0230673,-0.0030000,0.0161631),(0.0230673,-0.0030000,0.0161631),(0.0231860,-0.0030000,0.0160717),(0.0233107,-0.0030000,0.0159944),(0.0230673,-0.0030000,0.0161631),(0.0233107,-0.0030000,0.0159944),(0.0234416,-0.0030000,0.0159311),(0.0230673,-0.0030000,0.0161631),(0.0234416,-0.0030000,0.0159311),(0.0235785,-0.0030000,0.0158819),(0.0230673,-0.0030000,0.0161631),(0.0235785,-0.0030000,0.0158819),(0.0237215,-0.0030000,0.0158468),(0.0230673,-0.0030000,0.0161631),(0.0237215,-0.0030000,0.0158468),(0.0238706,-0.0030000,0.0158257),(0.0230673,-0.0030000,0.0161631),(0.0238706,-0.0030000,0.0158257),(0.0240258,-0.0030000,0.0158187),(0.0230673,-0.0030000,0.0161631),(0.0240258,-0.0030000,0.0158187),(0.0241812,-0.0030000,0.0158257),(0.0230673,-0.0030000,0.0161631),(0.0241812,-0.0030000,0.0158257),(0.0243309,-0.0030000,0.0158468),(0.0230673,-0.0030000,0.0161631),(0.0243309,-0.0030000,0.0158468),(0.0244750,-0.0030000,0.0158819),(0.0230673,-0.0030000,0.0161631),(0.0244750,-0.0030000,0.0158819),(0.0246134,-0.0030000,0.0159311),(0.0230673,-0.0030000,0.0161631),(0.0246134,-0.0030000,0.0159311),(0.0247462,-0.0030000,0.0159944),(0.0230673,-0.0030000,0.0161631),(0.0247462,-0.0030000,0.0159944),(0.0248733,-0.0030000,0.0160717),(0.0230673,-0.0030000,0.0161631),(0.0248733,-0.0030000,0.0160717),(0.0249948,-0.0030000,0.0161631),(0.0230673,-0.0030000,0.0161631),(0.0249948,-0.0030000,0.0161631),(0.0251106,-0.0030000,0.0162685),(0.0251106,-0.0030000,0.0162685),(0.0252152,-0.0030000,0.0163822),(0.0253060,-0.0030000,0.0165021),(0.0251106,-0.0030000,0.0162685),(0.0253060,-0.0030000,0.0165021),(0.0253827,-0.0030000,0.0166282),(0.0251106,-0.0030000,0.0162685),(0.0253827,-0.0030000,0.0166282),(0.0254455,-0.0030000,0.0167606),(0.0251106,-0.0030000,0.0162685),(0.0254455,-0.0030000,0.0167606),(0.0254944,-0.0030000,0.0168992),(0.0251106,-0.0030000,0.0162685),(0.0254944,-0.0030000,0.0168992),(0.0255293,-0.0030000,0.0170440),(0.0251106,-0.0030000,0.0162685),(0.0255293,-0.0030000,0.0170440),(0.0255502,-0.0030000,0.0171950),(0.0251106,-0.0030000,0.0162685),(0.0255502,-0.0030000,0.0171950),(0.0255572,-0.0030000,0.0173522),(0.0251106,-0.0030000,0.0162685),(0.0255572,-0.0030000,0.0173522),(0.0255572,-0.0030000,0.0196573),(0.0251106,-0.0030000,0.0162685),(0.0255572,-0.0030000,0.0196573),(0.0255418,-0.0030000,0.0197388),(0.0251106,-0.0030000,0.0162685),(0.0255418,-0.0030000,0.0197388),(0.0254958,-0.0030000,0.0198075),(0.0251106,-0.0030000,0.0162685),(0.0254958,-0.0030000,0.0198075),(0.0254275,-0.0030000,0.0198552),(0.0251106,-0.0030000,0.0162685),(0.0254275,-0.0030000,0.0198552),(0.0253455,-0.0030000,0.0198710),(0.0251106,-0.0030000,0.0162685),(0.0253455,-0.0030000,0.0198710),(0.0252635,-0.0030000,0.0198552),(0.0251106,-0.0030000,0.0162685),(0.0252635,-0.0030000,0.0198552),(0.0251952,-0.0030000,0.0198075),(0.0251952,-0.0030000,0.0198075),(0.0251492,-0.0030000,0.0197388),(0.0251338,-0.0030000,0.0196573),(0.0251952,-0.0030000,0.0198075),(0.0251338,-0.0030000,0.0196573),(0.0251338,-0.0030000,0.0173522),(0.0251106,-0.0030000,0.0162685),(0.0251952,-0.0030000,0.0198075),(0.0251338,-0.0030000,0.0173522),(0.0251106,-0.0030000,0.0162685),(0.0251338,-0.0030000,0.0173522),(0.0251287,-0.0030000,0.0172402),(0.0251106,-0.0030000,0.0162685),(0.0251287,-0.0030000,0.0172402),(0.0251134,-0.0030000,0.0171322),(0.0251106,-0.0030000,0.0162685),(0.0251134,-0.0030000,0.0171322),(0.0250879,-0.0030000,0.0170283),(0.0251106,-0.0030000,0.0162685),(0.0250879,-0.0030000,0.0170283),(0.0250521,-0.0030000,0.0169283),(0.0251106,-0.0030000,0.0162685),(0.0250521,-0.0030000,0.0169283),(0.0250061,-0.0030000,0.0168325),(0.0251106,-0.0030000,0.0162685),(0.0250061,-0.0030000,0.0168325),(0.0249499,-0.0030000,0.0167406),(0.0251106,-0.0030000,0.0162685),(0.0249499,-0.0030000,0.0167406),(0.0248835,-0.0030000,0.0166528),(0.0251106,-0.0030000,0.0162685),(0.0248835,-0.0030000,0.0166528),(0.0248068,-0.0030000,0.0165690),(0.0251106,-0.0030000,0.0162685),(0.0248068,-0.0030000,0.0165690),(0.0247249,-0.0030000,0.0164926),(0.0251106,-0.0030000,0.0162685),(0.0247249,-0.0030000,0.0164926),(0.0246386,-0.0030000,0.0164264),(0.0251106,-0.0030000,0.0162685),(0.0246386,-0.0030000,0.0164264),(0.0245478,-0.0030000,0.0163704),(0.0251106,-0.0030000,0.0162685),(0.0245478,-0.0030000,0.0163704),(0.0244525,-0.0030000,0.0163246),(0.0251106,-0.0030000,0.0162685),(0.0244525,-0.0030000,0.0163246),(0.0243528,-0.0030000,0.0162889),(0.0251106,-0.0030000,0.0162685),(0.0243528,-0.0030000,0.0162889),(0.0242486,-0.0030000,0.0162635),(0.0251106,-0.0030000,0.0162685),(0.0242486,-0.0030000,0.0162635),(0.0241400,-0.0030000,0.0162482),(0.0230673,-0.0030000,0.0161631),(0.0251106,-0.0030000,0.0162685),(0.0241400,-0.0030000,0.0162482),(0.0230673,-0.0030000,0.0161631),(0.0241400,-0.0030000,0.0162482),(0.0240268,-0.0030000,0.0162431),(0.0230673,-0.0030000,0.0161631),(0.0240268,-0.0030000,0.0162431),(0.0239157,-0.0030000,0.0162481),(0.0230673,-0.0030000,0.0161631),(0.0239157,-0.0030000,0.0162481),(0.0238087,-0.0030000,0.0162633),(0.0230673,-0.0030000,0.0161631),(0.0238087,-0.0030000,0.0162633),(0.0237060,-0.0030000,0.0162886),(0.0230673,-0.0030000,0.0161631),(0.0237060,-0.0030000,0.0162886),(0.0236075,-0.0030000,0.0163240),(0.0230673,-0.0030000,0.0161631),(0.0236075,-0.0030000,0.0163240),(0.0235131,-0.0030000,0.0163696),(0.0230673,-0.0030000,0.0161631),(0.0235131,-0.0030000,0.0163696),(0.0234230,-0.0030000,0.0164252),(0.0230673,-0.0030000,0.0161631),(0.0234230,-0.0030000,0.0164252),(0.0233370,-0.0030000,0.0164910),(0.0230673,-0.0030000,0.0161631),(0.0233370,-0.0030000,0.0164910),(0.0232553,-0.0030000,0.0165669),(0.0230673,-0.0030000,0.0161631),(0.0232553,-0.0030000,0.0165669),(0.0231806,-0.0030000,0.0166500),(0.0230673,-0.0030000,0.0161631),(0.0231806,-0.0030000,0.0166500),(0.0231159,-0.0030000,0.0167373),(0.0230673,-0.0030000,0.0161631),(0.0231159,-0.0030000,0.0167373),(0.0230612,-0.0030000,0.0168287),(0.0230673,-0.0030000,0.0161631),(0.0230612,-0.0030000,0.0168287),(0.0230164,-0.0030000,0.0169244),(0.0230673,-0.0030000,0.0161631),(0.0230164,-0.0030000,0.0169244),(0.0229815,-0.0030000,0.0170242),(0.0230673,-0.0030000,0.0161631),(0.0229815,-0.0030000,0.0170242),(0.0229567,-0.0030000,0.0171283),(0.0229417,-0.0030000,0.0172366),(0.0230673,-0.0030000,0.0161631),(0.0229567,-0.0030000,0.0171283),(0.0147344,-0.0030000,0.0194977),(0.0147876,-0.0030000,0.0196573),(0.0147725,-0.0030000,0.0197372),(0.0147344,-0.0030000,0.0194977),(0.0147725,-0.0030000,0.0197372),(0.0147273,-0.0030000,0.0198054),(0.0147344,-0.0030000,0.0194977),(0.0147273,-0.0030000,0.0198054),(0.0146590,-0.0030000,0.0198546),(0.0147344,-0.0030000,0.0194977),(0.0146590,-0.0030000,0.0198546),(0.0145749,-0.0030000,0.0198710),(0.0147344,-0.0030000,0.0194977),(0.0145749,-0.0030000,0.0198710),(0.0119544,-0.0030000,0.0198710),(0.0147344,-0.0030000,0.0194977),(0.0119544,-0.0030000,0.0198710),(0.0118613,-0.0030000,0.0198507),(0.0147344,-0.0030000,0.0194977),(0.0118613,-0.0030000,0.0198507),(0.0117872,-0.0030000,0.0197896),(0.0147344,-0.0030000,0.0194977),(0.0117872,-0.0030000,0.0197896),(0.0117406,-0.0030000,0.0196573),(0.0147344,-0.0030000,0.0194977),(0.0117406,-0.0030000,0.0196573),(0.0117406,-0.0030000,0.0196414),(0.0147344,-0.0030000,0.0194977),(0.0117406,-0.0030000,0.0196414),(0.0118010,-0.0030000,0.0195123),(0.0147344,-0.0030000,0.0194977),(0.0118010,-0.0030000,0.0195123),(0.0118721,-0.0030000,0.0194615),(0.0147344,-0.0030000,0.0194977),(0.0118721,-0.0030000,0.0194615),(0.0119544,-0.0030000,0.0194445),(0.0147344,-0.0030000,0.0194977),(0.0119544,-0.0030000,0.0194445),(0.0130540,-0.0030000,0.0194445),(0.0130540,-0.0030000,0.0194445),(0.0130540,-0.0030000,0.0160304),(0.0130694,-0.0030000,0.0159483),(0.0130540,-0.0030000,0.0194445),(0.0130694,-0.0030000,0.0159483),(0.0131154,-0.0030000,0.0158801),(0.0130540,-0.0030000,0.0194445),(0.0131154,-0.0030000,0.0158801),(0.0131837,-0.0030000,0.0158340),(0.0130540,-0.0030000,0.0194445),(0.0131837,-0.0030000,0.0158340),(0.0132657,-0.0030000,0.0158187),(0.0130540,-0.0030000,0.0194445),(0.0132657,-0.0030000,0.0158187),(0.0133477,-0.0030000,0.0158340),(0.0130540,-0.0030000,0.0194445),(0.0133477,-0.0030000,0.0158340),(0.0134160,-0.0030000,0.0158801),(0.0130540,-0.0030000,0.0194445),(0.0134160,-0.0030000,0.0158801),(0.0134620,-0.0030000,0.0159483),(0.0130540,-0.0030000,0.0194445),(0.0134620,-0.0030000,0.0159483),(0.0134774,-0.0030000,0.0160304),(0.0130540,-0.0030000,0.0194445),(0.0134774,-0.0030000,0.0160304),(0.0134774,-0.0030000,0.0194445),(0.0147344,-0.0030000,0.0194977),(0.0130540,-0.0030000,0.0194445),(0.0134774,-0.0030000,0.0194445),(0.0147344,-0.0030000,0.0194977),(0.0134774,-0.0030000,0.0194445),(0.0145749,-0.0030000,0.0194445),(0.0147344,-0.0030000,0.0194977),(0.0145749,-0.0030000,0.0194445),(0.0146679,-0.0030000,0.0194578)));
#458=COMPLEX_TRIANGULATED_SURFACE_SET('surface set',#457,2085,(),(),(),((1,2,3),(4,5,6),(7,8,9),(10,11,12),(13,14,15),(16,17,18),(19,20,21),(22,23,24),(25,26,27),(28,29,30),(31,32,33),(34,35,36),(37,38,39),(40,41,42),(43,44,45),(46,47,48),(49,50,51),(52,53,54),(55,56,57),(58,59,60),(61,62,63),(64,65,66),(67,68,69),(70,71,72),(73,74,75),(76,77,78),(79,80,81),(82,83,84),(85,86,87),(88,89,90),(91,92,93),(94,95,96),(97,98,99),(100,101,102),(103,104,105),(106,107,108),(109,110,111),(112,113,114),(115,116,117),(118,119,120),(121,122,123),(124,125,126),(127,128,129),(130,131,132),(133,134,135),(136,137,138),(139,140,141),(142,143,144),(145,146,147),(148,149,150),(151,152,153),(154,155,156),(157,158,159),(160,161,162),(163,164,165),(166,167,168),(169,170,171),(172,173,174),(175,176,177),(178,179,180),(181,182,183),(184,185,186),(187,188,189),(190,191,192),(193,194,195),(196,197,198),(199,200,201),(202,203,204),(205,206,207),(208,209,210),(211,212,213),(214,215,216),(217,218,219),(220,221,222),(223,224,225),(226,227,228),(229,230,231),(232,233,234),(235,236,237),(238,239,240),(241,242,243),(244,245,246),(247,248,249),(250,251,252),(253,254,255),(256,257,258),(259,260,261),(262,263,264),(265,266,267),(268,269,270),(271,272,273),(274,275,276),(277,278,279),(280,281,282),(283,284,285),(286,287,288),(289,290,291),(292,293,294),(295,296,297),(298,299,300),(301,302,303),(304,305,306),(307,308,309),(310,311,312),(313,314,315),(316,317,318),(319,320,321),(322,323,324),(325,326,327),(328,329,330),(331,332,333),(334,335,336),(337,338,339),(340,341,342),(343,344,345),(346,347,348),(349,350,351),(352,353,354),(355,356,357),(358,359,360),(361,362,363),(364,365,366),(367,368,369),(370,371,372),(373,374,375),(376,377,378),(379,380,381),(382,383,384),(385,386,387),(388,389,390),(391,392,393),(394,395,396),(397,398,399),(400,401,402),(403,404,405),(406,407,408),(409,410,411),(412,413,414),(415,416,417),(418,419,420),(421,422,423),(424,425,426),(427,428,429),(430,431,432),(433,434,435),(436,437,438),(439,440,441),(442,443,444),(445,446,447),(448,449,450),(451,452,453),(454,455,456),(457,458,459),(460,461,462),(463,464,465),(466,467,468),(469,470,471),(472,473,474),(475,476,477),(478,479,480),(481,482,483),(484,485,486),(487,488,489),(490,491,492),(493,494,495),(496,497,498),(499,500,501),(502,503,504),(505,506,507),(508,509,510),(511,512,513),(514,515,516),(517,518,519),(520,521,522),(523,524,525),(526,527,528),(529,530,531),(532,533,534),(535,536,537),(538,539,540),(541,542,543),(544,545,546),(547,548,549),(550,551,552),(553,554,555),(556,557,558),(559,560,561),(562,563,564),(565,566,567),(568,569,570),(571,572,573),(574,575,576),(577,578,579),(580,581,582),(583,584,585),(586,587,588),(589,590,591),(592,593,594),(595,596,597),(598,599,600),(601,602,603),(604,605,606),(607,608,609),(610,611,612),(613,614,615),(616,617,618),(619,620,621),(622,623,624),(625,626,627),(628,629,630),(631,632,633),(634,635,636),(637,638,639),(640,641,642),(643,644,645),(646,647,648),(649,650,651),(652,653,654),(655,656,657),(658,659,660),(661,662,663),(664,665,666),(667,668,669),(670,671,672),(673,674,675),(676,677,678),(679,680,681),(682,683,684),(685,686,687),(688,689,690),(691,692,693),(694,695,696),(697,698,699),(700,701,702),(703,704,705),(706,707,708),(709,710,711),(712,713,714),(715,716,717),(718,719,720),(721,722,723),(724,725,726),(727,728,729),(730,731,732),(733,734,735),(736,737,738),(739,740,741),(742,743,744),(745,746,747),(748,749,750),(751,752,753),(754,755,756),(757,758,759),(760,761,762),(763,764,765),(766,767,768),(769,770,771),(772,773,774),(775,776,777),(778,779,780),(781,782,783),(784,785,786),(787,788,789),(790,791,792),(793,794,795),(796,797,798),(799,800,801),(802,803,804),(805,806,807),(808,809,810),(811,812,813),(814,815,816),(817,818,819),(820,821,822),(823,824,825),(826,827,828),(829,830,831),(832,833,834),(835,836,837),(838,839,840),(841,842,843),(844,845,846),(847,848,849),(850,851,852),(853,854,855),(856,857,858),(859,860,861),(862,863,864),(865,866,867),(868,869,870),(871,872,873),(874,875,876),(877,878,879),(880,881,882),(883,884,885),(886,887,888),(889,890,891),(892,893,894),(895,896,897),(898,899,900),(901,902,903),(904,905,906),(907,908,909),(910,911,912),(913,914,915),(916,917,918),(919,920,921),(922,923,924),(925,926,927),(928,929,930),(931,932,933),(934,935,936),(937,938,939),(940,941,942),(943,944,945),(946,947,948),(949,950,951),(952,953,954),(955,956,957),(958,959,960),(961,962,963),(964,965,966),(967,968,969),(970,971,972),(973,974,975),(976,977,978),(979,980,981),(982,983,984),(985,986,987),(988,989,990),(991,992,993),(994,995,996),(997,998,999),(1000,1001,1002),(1003,1004,1005),(1006,1007,1008),(1009,1010,1011),(1012,1013,1014),(1015,1016,1017),(1018,1019,1020),(1021,1022,1023),(1024,1025,1026),(1027,1028,1029),(1030,1031,1032),(1033,1034,1035),(1036,1037,1038),(1039,1040,1041),(1042,1043,1044),(1045,1046,1047),(1048,1049,1050),(1051,1052,1053),(1054,1055,1056),(1057,1058,1059),(1060,1061,1062),(1063,1064,1065),(1066,1067,1068),(1069,1070,1071),(1072,1073,1074),(1075,1076,1077),(1078,1079,1080),(1081,1082,1083),(1084,1085,1086),(1087,1088,1089),(1090,1091,1092),(1093,1094,1095),(1096,1097,1098),(1099,1100,1101),(1102,1103,1104),(1105,1106,1107),(1108,1109,1110),(1111,1112,1113),(1114,1115,1116),(1117,1118,1119),(1120,1121,1122),(1123,1124,1125),(1126,1127,1128),(1129,1130,1131),(1132,1133,1134),(1135,1136,1137),(1138,1139,1140),(1141,1142,1143),(1144,1145,1146),(1147,1148,1149),(1150,1151,1152),(1153,1154,1155),(1156,1157,1158),(1159,1160,1161),(1162,1163,1164),(1165,1166,1167),(1168,1169,1170),(1171,1172,1173),(1174,1175,1176),(1177,1178,1179),(1180,1181,1182),(1183,1184,1185),(1186,1187,1188),(1189,1190,1191),(1192,1193,1194),(1195,1196,1197),(1198,1199,1200),(1201,1202,1203),(1204,1205,1206),(1207,1208,1209),(1210,1211,1212),(1213,1214,1215),(1216,1217,1218),(1219,1220,1221),(1222,1223,1224),(1225,1226,1227),(1228,1229,1230),(1231,1232,1233),(1234,1235,1236),(1237,1238,1239),(1240,1241,1242),(1243,1244,1245),(1246,1247,1248),(1249,1250,1251),(1252,1253,1254),(1255,1256,1257),(1258,1259,1260),(1261,1262,1263),(1264,1265,1266),(1267,1268,1269),(1270,1271,1272),(1273,1274,1275),(1276,1277,1278),(1279,1280,1281),(1282,1283,1284),(1285,1286,1287),(1288,1289,1290),(1291,1292,1293),(1294,1295,1296),(1297,1298,1299),(1300,1301,1302),(1303,1304,1305),(1306,1307,1308),(1309,1310,1311),(1312,1313,1314),(1315,1316,1317),(1318,1319,1320),(1321,1322,1323),(1324,1325,1326),(1327,1328,1329),(1330,1331,1332),(1333,1334,1335),(1336,1337,1338),(1339,1340,1341),(1342,1343,1344),(1345,1346,1347),(1348,1349,1350),(1351,1352,1353),(1354,1355,1356),(1357,1358,1359),(1360,1361,1362),(1363,1364,1365),(1366,1367,1368),(1369,1370,1371),(1372,1373,1374),(1375,1376,1377),(1378,1379,1380),(1381,1382,1383),(1384,1385,1386),(1387,1388,1389),(1390,1391,1392),(1393,1394,1395),(1396,1397,1398),(1399,1400,1401),(1402,1403,1404),(1405,1406,1407),(1408,1409,1410),(1411,1412,1413),(1414,1415,1416),(1417,1418,1419),(1420,1421,1422),(1423,1424,1425),(1426,1427,1428),(1429,1430,1431),(1432,1433,1434),(1435,1436,1437),(1438,1439,1440),(1441,1442,1443),(1444,1445,1446),(1447,1448,1449),(1450,1451,1452),(1453,1454,1455),(1456,1457,1458),(1459,1460,1461),(1462,1463,1464),(1465,1466,1467),(1468,1469,1470),(1471,1472,1473),(1474,1475,1476),(1477,1478,1479),(1480,1481,1482),(1483,1484,1485),(1486,1487,1488),(1489,1490,1491),(1492,1493,1494),(1495,1496,1497),(1498,1499,1500),(1501,1502,1503),(1504,1505,1506),(1507,1508,1509),(1510,1511,1512),(1513,1514,1515),(1516,1517,1518),(1519,1520,1521),(1522,1523,1524),(1525,1526,1527),(1528,1529,1530),(1531,1532,1533),(1534,1535,1536),(1537,1538,1539),(1540,1541,1542),(1543,1544,1545),(1546,1547,1548),(1549,1550,1551),(1552,1553,1554),(1555,1556,1557),(1558,1559,1560),(1561,1562,1563),(1564,1565,1566),(1567,1568,1569),(1570,1571,1572),(1573,1574,1575),(1576,1577,1578),(1579,1580,1581),(1582,1583,1584),(1585,1586,1587),(1588,1589,1590),(1591,1592,1593),(1594,1595,1596),(1597,1598,1599),(1600,1601,1602),(1603,1604,1605),(1606,1607,1608),(1609,1610,1611),(1612,1613,1614),(1615,1616,1617),(1618,1619,1620),(1621,1622,1623),(1624,1625,1626),(1627,1628,1629),(1630,1631,1632),(1633,1634,1635),(1636,1637,1638),(1639,1640,1641),(1642,1643,1644),(1645,1646,1647),(1648,1649,1650),(1651,1652,1653),(1654,1655,1656),(1657,1658,1659),(1660,1661,1662),(1663,1664,1665),(1666,1667,1668),(1669,1670,1671),(1672,1673,1674),(1675,1676,1677),(1678,1679,1680),(1681,1682,1683),(1684,1685,1686),(1687,1688,1689),(1690,1691,1692),(1693,1694,1695),(1696,1697,1698),(1699,1700,1701),(1702,1703,1704),(1705,1706,1707),(1708,1709,1710),(1711,1712,1713),(1714,1715,1716),(1717,1718,1719),(1720,1721,1722),(1723,1724,1725),(1726,1727,1728),(1729,1730,1731),(1732,1733,1734),(1735,1736,1737),(1738,1739,1740),(1741,1742,1743),(1744,1745,1746),(1747,1748,1749),(1750,1751,1752),(1753,1754,1755),(1756,1757,1758),(1759,1760,1761),(1762,1763,1764),(1765,1766,1767),(1768,1769,1770),(1771,1772,1773),(1774,1775,1776),(1777,1778,1779),(1780,1781,1782),(1783,1784,1785),(1786,1787,1788),(1789,1790,1791),(1792,1793,1794),(1795,1796,1797),(1798,1799,1800),(1801,1802,1803),(1804,1805,1806),(1807,1808,1809),(1810,1811,1812),(1813,1814,1815),(1816,1817,1818),(1819,1820,1821),(1822,1823,1824),(1825,1826,1827),(1828,1829,1830),(1831,1832,1833),(1834,1835,1836),(1837,1838,1839),(1840,1841,1842),(1843,1844,1845),(1846,1847,1848),(1849,1850,1851),(1852,1853,1854),(1855,1856,1857),(1858,1859,1860),(1861,1862,1863),(1864,1865,1866),(1867,1868,1869),(1870,1871,1872),(1873,1874,1875),(1876,1877,1878),(1879,1880,1881),(1882,1883,1884),(1885,1886,1887),(1888,1889,1890),(1891,1892,1893),(1894,1895,1896),(1897,1898,1899),(1900,1901,1902),(1903,1904,1905),(1906,1907,1908),(1909,1910,1911),(1912,1913,1914),(1915,1916,1917),(1918,1919,1920),(1921,1922,1923),(1924,1925,1926),(1927,1928,1929),(1930,1931,1932),(1933,1934,1935),(1936,1937,1938),(1939,1940,1941),(1942,1943,1944),(1945,1946,1947),(1948,1949,1950),(1951,1952,1953),(1954,1955,1956),(1957,1958,1959),(1960,1961,1962),(1963,1964,1965),(1966,1967,1968),(1969,1970,1971),(1972,1973,1974),(1975,1976,1977),(1978,1979,1980),(1981,1982,1983),(1984,1985,1986),(1987,1988,1989),(1990,1991,1992),(1993,1994,1995),(1996,1997,1998),(1999,2000,2001),(2002,2003,2004),(2005,2006,2007),(2008,2009,2010),(2011,2012,2013),(2014,2015,2016),(2017,2018,2019),(2020,2021,2022),(2023,2024,2025),(2026,2027,2028),(2029,2030,2031),(2032,2033,2034),(2035,2036,2037),(2038,2039,2040),(2041,2042,2043),(2044,2045,2046),(2047,2048,2049),(2050,2051,2052),(2053,2054,2055),(2056,2057,2058),(2059,2060,2061),(2062,2063,2064),(2065,2066,2067),(2068,2069,2070),(2071,2072,2073),(2074,2075,2076),(2077,2078,2079),(2080,2081,2082),(2083,2084,2085)));
#459=TESSELLATED_GEOMETRIC_SET('hole callout',(#458));
#460=COORDINATES_LIST('coordinates',5,((-0.0003923,-0.0030000,0.0132815),(0.0255572,-0.0030000,0.0132815),(-0.0101923,-0.0030000,0.0084815),(-0.0053923,-0.0030000,0.0132815),(-0.0003923,-0.0030000,0.0132815)));
#461=TESSELLATED_CURVE_SET('curve set',#460,((1,2),(3,4,5)));
#462=TESSELLATED_GEOMETRIC_SET('hole callout',(#461));
#463=TESSELLATED_ANNOTATION_OCCURRENCE('hole callout',(#456),#459);
#464=TESSELLATED_ANNOTATION_OCCURRENCE('hole callout',(#456),#462);
#465=DRAUGHTING_CALLOUT('hole callout',(#463,#464));
#466=DRAUGHTING_MODEL_ITEM_ASSOCIATION('','',#424,#452,#465);
#467=DRAUGHTING_MODEL_ITEM_ASSOCIATION('','',#396,#452,#465);
ENDSEC;
END-ISO-10303-21;
