ISO-10303-21;
HEADER;
/*Generated by software containing ST-Developer
 * from STEP Tools, Inc. (www.steptools.com) 
 */
/*OPTION: using custom renumber hook */
/*description */
/*implementation_level */
FILE_DESCRIPTION(('STEP AP242 Edition 2','STEP AP242 Edition 2''CAx-IF Rec.Pracs.---Representation and Presentation of Product Manufa
cturing Information (PMI)---4.0---2014-10-13','STEP AP242 Edition 2''CAx-IF Rec.Pracs.---Representation and Presentation of Product Manufa
cturing Information (PMI)---4.0---2014-10-13''CAx-IF Rec.Pracs.---3D Tessellated Geometry---0.4---2014-09-14','STEP AP242 Edition 2''CAx-IF Rec.Pracs.---Representation and Presentation of Product Manufa
cturing Information (PMI)---4.0---2014-10-13''CAx-IF Rec.Pracs.---3D Tessellated Geometry---0.4---2014-09-14''2;1','STEP AP242 Edition 2''CAx-IF Rec.Pracs.---Representation and Presentation of Product Manufa
cturing Information (PMI)---4.0---2014-10-13''CAx-IF Rec.Pracs.---3D Tessellated Geometry---0.4---2014-09-14''2;1''CAx-IF Rec.Pracs.---User Defined Attributes---1.5---2016-08-15'),'2;1');
/*name */
/*time_stamp */
/*author */
/*organization */
/*preprocessor_version */
/*originating_system */
/*authorisation */
FILE_NAME('/vol/tmp/translate-1580595137468857353/Back - CenterAxle.step','2026-03-24T04:37:06',(''),(''),'ST-DEVELOPER v20','ONSHAPE BY PTC INC, 1.212','  ');
FILE_SCHEMA(('AP242_MANAGED_MODEL_BASED_3D_ENGINEERING_MIM_LF { 1 0 10303 442 3 1 4 }'));
ENDSEC;
DATA;
#10=SHAPE_REPRESENTATION_RELATIONSHIP('','',#1894,#11);
#11=ADVANCED_BREP_SHAPE_REPRESENTATION('',(#1892),#3755);
#12=CONICAL_SURFACE('',#2056,0.0094,0.982793723247329);
#13=CONICAL_SURFACE('',#2107,0.0025,0.785398163397446);
#14=CONICAL_SURFACE('',#2110,0.0025,0.785398163397446);
#15=CONICAL_SURFACE('',#2113,0.0025,0.785398163397446);
#16=CONICAL_SURFACE('',#2116,0.0025,0.785398163397446);
#17=PLANE('',#1945);
#18=PLANE('',#1980);
#19=PLANE('',#2026);
#20=PLANE('',#2030);
#21=PLANE('',#2031);
#22=PLANE('',#2032);
#23=PLANE('',#2036);
#24=PLANE('',#2040);
#25=PLANE('',#2042);
#26=PLANE('',#2046);
#27=PLANE('',#2048);
#28=PLANE('',#2052);
#29=PLANE('',#2054);
#30=PLANE('',#2057);
#31=PLANE('',#2060);
#32=PLANE('',#2063);
#33=PLANE('',#2066);
#34=PLANE('',#2069);
#35=PLANE('',#2072);
#36=PLANE('',#2075);
#37=PLANE('',#2078);
#38=PLANE('',#2081);
#39=PLANE('',#2082);
#40=PLANE('',#2083);
#41=PLANE('',#2084);
#42=PLANE('',#2085);
#43=PLANE('',#2086);
#44=PLANE('',#2087);
#45=PLANE('',#2088);
#46=PLANE('',#2089);
#47=PLANE('',#2090);
#48=PLANE('',#2091);
#49=PLANE('',#2092);
#50=B_SPLINE_CURVE_WITH_KNOTS('',3,(#2753,#2754,#2755,#2756,#2757,#2758,#2759),.UNSPECIFIED.,.F.,.F.,(4,1,1,1,4),(0.,0.25,0.5,0.75,0.959859342424919),.UNSPECIFIED.);
#51=B_SPLINE_CURVE_WITH_KNOTS('',3,(#2763,#2764,#2765,#2766,#2767,#2768,#2769),.UNSPECIFIED.,.F.,.F.,(4,1,1,1,4),(0.,0.25,0.5,0.75,0.959859342424919),.UNSPECIFIED.);
#52=B_SPLINE_CURVE_WITH_KNOTS('',3,(#2781,#2782,#2783,#2784,#2785,#2786,#2787),.UNSPECIFIED.,.F.,.F.,(4,1,1,1,4),(0.,0.25,0.5,0.75,1.),.QUASI_UNIFORM_KNOTS.);
#53=B_SPLINE_CURVE_WITH_KNOTS('',3,(#2788,#2789,#2790,#2791,#2792,#2793,#2794),.UNSPECIFIED.,.F.,.F.,(4,1,1,1,4),(0.,0.25,0.5,0.75,1.),.QUASI_UNIFORM_KNOTS.);
#54=B_SPLINE_CURVE_WITH_KNOTS('',3,(#2803,#2804,#2805,#2806,#2807,#2808,#2809,#2810,#2811,#2812,#2813),.UNSPECIFIED.,.F.,.F.,(4,1,1,1,1,1,1,1,4),(0.,0.125,0.25,0.375,0.5,0.625,0.75,0.875,0.967138807461006),.UNSPECIFIED.);
#55=B_SPLINE_CURVE_WITH_KNOTS('',3,(#2818,#2819,#2820,#2821,#2822,#2823,#2824,#2825,#2826,#2827,#2828),.UNSPECIFIED.,.F.,.F.,(4,1,1,1,1,1,1,1,4),(0.,0.125,0.25,0.375,0.5,0.625,0.75,0.875,0.967138807461006),.UNSPECIFIED.);
#56=B_SPLINE_CURVE_WITH_KNOTS('',3,(#2839,#2840,#2841,#2842,#2843,#2844,#2845,#2846,#2847,#2848,#2849),.UNSPECIFIED.,.F.,.F.,(4,1,1,1,1,1,1,1,4),(0.,0.125,0.25,0.375,0.5,0.625,0.75,0.875,1.),.QUASI_UNIFORM_KNOTS.);
#57=B_SPLINE_CURVE_WITH_KNOTS('',3,(#2854,#2855,#2856,#2857,#2858,#2859,#2860,#2861,#2862,#2863,#2864),.UNSPECIFIED.,.F.,.F.,(4,1,1,1,1,1,1,1,4),(0.,0.125,0.25,0.375,0.5,0.625,0.75,0.875,1.),.QUASI_UNIFORM_KNOTS.);
#58=B_SPLINE_CURVE_WITH_KNOTS('',3,(#2875,#2876,#2877,#2878,#2879,#2880,#2881),.UNSPECIFIED.,.F.,.F.,(4,1,1,1,4),(0.,0.25,0.5,0.75,0.959859342424919),.UNSPECIFIED.);
#59=B_SPLINE_CURVE_WITH_KNOTS('',3,(#2885,#2886,#2887,#2888,#2889,#2890,#2891),.UNSPECIFIED.,.F.,.F.,(4,1,1,1,4),(0.,0.25,0.5,0.75,0.959859342424919),.UNSPECIFIED.);
#60=B_SPLINE_CURVE_WITH_KNOTS('',3,(#2903,#2904,#2905,#2906,#2907,#2908,#2909),.UNSPECIFIED.,.F.,.F.,(4,1,1,1,4),(0.,0.25,0.5,0.75,1.),.QUASI_UNIFORM_KNOTS.);
#61=B_SPLINE_CURVE_WITH_KNOTS('',3,(#2910,#2911,#2912,#2913,#2914,#2915,#2916),.UNSPECIFIED.,.F.,.F.,(4,1,1,1,4),(0.,0.25,0.5,0.75,1.),.QUASI_UNIFORM_KNOTS.);
#62=B_SPLINE_CURVE_WITH_KNOTS('',3,(#2925,#2926,#2927,#2928,#2929,#2930,#2931,#2932,#2933,#2934,#2935),.UNSPECIFIED.,.F.,.F.,(4,1,1,1,1,1,1,1,4),(0.,0.125,0.25,0.375,0.5,0.625,0.75,0.875,0.967138807461006),.UNSPECIFIED.);
#63=B_SPLINE_CURVE_WITH_KNOTS('',3,(#2940,#2941,#2942,#2943,#2944,#2945,#2946,#2947,#2948,#2949,#2950),.UNSPECIFIED.,.F.,.F.,(4,1,1,1,1,1,1,1,4),(0.,0.125,0.25,0.375,0.5,0.625,0.75,0.875,0.967138807461006),.UNSPECIFIED.);
#64=B_SPLINE_CURVE_WITH_KNOTS('',3,(#2961,#2962,#2963,#2964,#2965,#2966,#2967,#2968,#2969,#2970,#2971),.UNSPECIFIED.,.F.,.F.,(4,1,1,1,1,1,1,1,4),(0.,0.125,0.25,0.375,0.5,0.625,0.75,0.875,1.),.QUASI_UNIFORM_KNOTS.);
#65=B_SPLINE_CURVE_WITH_KNOTS('',3,(#2976,#2977,#2978,#2979,#2980,#2981,#2982,#2983,#2984,#2985,#2986),.UNSPECIFIED.,.F.,.F.,(4,1,1,1,1,1,1,1,4),(0.,0.125,0.25,0.375,0.5,0.625,0.75,0.875,1.),.QUASI_UNIFORM_KNOTS.);
#66=B_SPLINE_CURVE_WITH_KNOTS('',3,(#2997,#2998,#2999,#3000,#3001,#3002,#3003),.UNSPECIFIED.,.F.,.F.,(4,1,1,1,4),(0.,0.25,0.5,0.75,0.959859342424919),.UNSPECIFIED.);
#67=B_SPLINE_CURVE_WITH_KNOTS('',3,(#3007,#3008,#3009,#3010,#3011,#3012,#3013),.UNSPECIFIED.,.F.,.F.,(4,1,1,1,4),(0.,0.25,0.5,0.75,0.959859342424919),.UNSPECIFIED.);
#68=B_SPLINE_CURVE_WITH_KNOTS('',3,(#3025,#3026,#3027,#3028,#3029,#3030,#3031),.UNSPECIFIED.,.F.,.F.,(4,1,1,1,4),(0.,0.25,0.5,0.75,1.),.QUASI_UNIFORM_KNOTS.);
#69=B_SPLINE_CURVE_WITH_KNOTS('',3,(#3032,#3033,#3034,#3035,#3036,#3037,#3038),.UNSPECIFIED.,.F.,.F.,(4,1,1,1,4),(0.,0.25,0.5,0.75,1.),.QUASI_UNIFORM_KNOTS.);
#70=B_SPLINE_CURVE_WITH_KNOTS('',3,(#3047,#3048,#3049,#3050,#3051,#3052,#3053,#3054,#3055,#3056,#3057),.UNSPECIFIED.,.F.,.F.,(4,1,1,1,1,1,1,1,4),(0.,0.125,0.25,0.375,0.5,0.625,0.75,0.875,0.967138807461006),.UNSPECIFIED.);
#71=B_SPLINE_CURVE_WITH_KNOTS('',3,(#3062,#3063,#3064,#3065,#3066,#3067,#3068,#3069,#3070,#3071,#3072),.UNSPECIFIED.,.F.,.F.,(4,1,1,1,1,1,1,1,4),(0.,0.125,0.25,0.375,0.5,0.625,0.75,0.875,0.967138807461006),.UNSPECIFIED.);
#72=B_SPLINE_CURVE_WITH_KNOTS('',3,(#3083,#3084,#3085,#3086,#3087,#3088,#3089,#3090,#3091,#3092,#3093),.UNSPECIFIED.,.F.,.F.,(4,1,1,1,1,1,1,1,4),(0.,0.125,0.25,0.375,0.5,0.625,0.75,0.875,1.),.QUASI_UNIFORM_KNOTS.);
#73=B_SPLINE_CURVE_WITH_KNOTS('',3,(#3098,#3099,#3100,#3101,#3102,#3103,#3104,#3105,#3106,#3107,#3108),.UNSPECIFIED.,.F.,.F.,(4,1,1,1,1,1,1,1,4),(0.,0.125,0.25,0.375,0.5,0.625,0.75,0.875,1.),.QUASI_UNIFORM_KNOTS.);
#74=B_SPLINE_CURVE_WITH_KNOTS('',3,(#3122,#3123,#3124,#3125,#3126,#3127,#3128),.UNSPECIFIED.,.F.,.F.,(4,1,1,1,4),(0.,0.25,0.5,0.75,1.),.QUASI_UNIFORM_KNOTS.);
#75=B_SPLINE_CURVE_WITH_KNOTS('',3,(#3129,#3130,#3131,#3132,#3133,#3134,#3135),.UNSPECIFIED.,.F.,.F.,(4,1,1,1,4),(0.,0.25,0.5,0.75,1.),.QUASI_UNIFORM_KNOTS.);
#76=B_SPLINE_CURVE_WITH_KNOTS('',3,(#3144,#3145,#3146,#3147,#3148,#3149,#3150),.UNSPECIFIED.,.F.,.F.,(4,1,1,1,4),(0.,0.25,0.5,0.75,0.959859342424919),.UNSPECIFIED.);
#77=B_SPLINE_CURVE_WITH_KNOTS('',3,(#3154,#3155,#3156,#3157,#3158,#3159,#3160),.UNSPECIFIED.,.F.,.F.,(4,1,1,1,4),(0.,0.25,0.5,0.75,0.959859342424919),.UNSPECIFIED.);
#78=B_SPLINE_CURVE_WITH_KNOTS('',3,(#3169,#3170,#3171,#3172,#3173,#3174,#3175,#3176,#3177,#3178,#3179),.UNSPECIFIED.,.F.,.F.,(4,1,1,1,1,1,1,1,4),(0.,0.125,0.25,0.375,0.5,0.625,0.75,0.875,0.967138807461006),.UNSPECIFIED.);
#79=B_SPLINE_CURVE_WITH_KNOTS('',3,(#3184,#3185,#3186,#3187,#3188,#3189,#3190,#3191,#3192,#3193,#3194),.UNSPECIFIED.,.F.,.F.,(4,1,1,1,1,1,1,1,4),(0.,0.125,0.25,0.375,0.5,0.625,0.75,0.875,0.967138807461006),.UNSPECIFIED.);
#80=B_SPLINE_CURVE_WITH_KNOTS('',3,(#3205,#3206,#3207,#3208,#3209,#3210,#3211,#3212,#3213,#3214,#3215),.UNSPECIFIED.,.F.,.F.,(4,1,1,1,1,1,1,1,4),(0.,0.125,0.25,0.375,0.5,0.625,0.75,0.875,1.),.QUASI_UNIFORM_KNOTS.);
#81=B_SPLINE_CURVE_WITH_KNOTS('',3,(#3220,#3221,#3222,#3223,#3224,#3225,#3226,#3227,#3228,#3229,#3230),.UNSPECIFIED.,.F.,.F.,(4,1,1,1,1,1,1,1,4),(0.,0.125,0.25,0.375,0.5,0.625,0.75,0.875,1.),.QUASI_UNIFORM_KNOTS.);
#82=B_SPLINE_CURVE_WITH_KNOTS('',3,(#3290,#3291,#3292,#3293,#3294,#3295,#3296,#3297,#3298,#3299,#3300),.UNSPECIFIED.,.F.,.F.,(4,1,1,1,1,1,1,1,4),(0.,0.125,0.25,0.375,0.5,0.625,0.75,0.875,1.),.QUASI_UNIFORM_KNOTS.);
#83=B_SPLINE_CURVE_WITH_KNOTS('',3,(#3301,#3302,#3303,#3304,#3305,#3306,#3307,#3308,#3309,#3310,#3311),.UNSPECIFIED.,.F.,.F.,(4,1,1,1,1,1,1,1,4),(0.,0.125,0.25,0.375,0.5,0.625,0.75,0.875,1.),.QUASI_UNIFORM_KNOTS.);
#84=B_SPLINE_CURVE_WITH_KNOTS('',3,(#3323,#3324,#3325,#3326,#3327,#3328,#3329,#3330,#3331,#3332,#3333),.UNSPECIFIED.,.F.,.F.,(4,1,1,1,1,1,1,1,4),(0.,0.125,0.25,0.375,0.5,0.625,0.75,0.875,1.),.QUASI_UNIFORM_KNOTS.);
#85=B_SPLINE_CURVE_WITH_KNOTS('',3,(#3334,#3335,#3336,#3337,#3338,#3339,#3340,#3341,#3342,#3343,#3344),.UNSPECIFIED.,.F.,.F.,(4,1,1,1,1,1,1,1,4),(0.,0.125,0.25,0.375,0.5,0.625,0.75,0.875,1.),.QUASI_UNIFORM_KNOTS.);
#86=B_SPLINE_CURVE_WITH_KNOTS('',3,(#3356,#3357,#3358,#3359,#3360,#3361,#3362,#3363,#3364,#3365,#3366),.UNSPECIFIED.,.F.,.F.,(4,1,1,1,1,1,1,1,4),(0.,0.125,0.25,0.375,0.5,0.625,0.75,0.875,1.),.QUASI_UNIFORM_KNOTS.);
#87=B_SPLINE_CURVE_WITH_KNOTS('',3,(#3367,#3368,#3369,#3370,#3371,#3372,#3373,#3374,#3375,#3376,#3377),.UNSPECIFIED.,.F.,.F.,(4,1,1,1,1,1,1,1,4),(0.,0.125,0.25,0.375,0.5,0.625,0.75,0.875,1.),.QUASI_UNIFORM_KNOTS.);
#88=B_SPLINE_CURVE_WITH_KNOTS('',3,(#3403,#3404,#3405,#3406,#3407,#3408,#3409),.UNSPECIFIED.,.F.,.F.,(4,1,1,1,4),(0.,0.25,0.5,0.75,1.),.QUASI_UNIFORM_KNOTS.);
#89=B_SPLINE_CURVE_WITH_KNOTS('',3,(#3418,#3419,#3420,#3421,#3422,#3423,#3424),.UNSPECIFIED.,.F.,.F.,(4,1,1,1,4),(0.,0.25,0.5,0.75,1.),.QUASI_UNIFORM_KNOTS.);
#90=B_SPLINE_CURVE_WITH_KNOTS('',3,(#3433,#3434,#3435,#3436,#3437,#3438,#3439),.UNSPECIFIED.,.F.,.F.,(4,1,1,1,4),(0.,0.25,0.5,0.75,1.),.QUASI_UNIFORM_KNOTS.);
#91=B_SPLINE_CURVE_WITH_KNOTS('',3,(#3440,#3441,#3442,#3443,#3444,#3445,#3446,#3447,#3448,#3449,#3450),.UNSPECIFIED.,.F.,.F.,(4,1,1,1,1,1,1,1,4),(0.,0.125,0.25,0.375,0.5,0.625,0.75,0.875,1.),.QUASI_UNIFORM_KNOTS.);
#92=B_SPLINE_CURVE_WITH_KNOTS('',3,(#3460,#3461,#3462,#3463,#3464,#3465,#3466),.UNSPECIFIED.,.F.,.F.,(4,1,1,1,4),(0.,0.25,0.5,0.75,1.),.QUASI_UNIFORM_KNOTS.);
#93=B_SPLINE_CURVE_WITH_KNOTS('',3,(#3478,#3479,#3480,#3481,#3482,#3483,#3484),.UNSPECIFIED.,.F.,.F.,(4,1,1,1,4),(0.,0.25,0.5,0.75,1.),.QUASI_UNIFORM_KNOTS.);
#94=B_SPLINE_CURVE_WITH_KNOTS('',3,(#3507,#3508,#3509,#3510,#3511,#3512,#3513),.UNSPECIFIED.,.F.,.F.,(4,1,1,1,4),(0.,0.25,0.5,0.75,1.),.QUASI_UNIFORM_KNOTS.);
#95=B_SPLINE_CURVE_WITH_KNOTS('',3,(#3524,#3525,#3526,#3527,#3528,#3529,#3530),.UNSPECIFIED.,.F.,.F.,(4,1,1,1,4),(0.,0.25,0.5,0.75,1.),.QUASI_UNIFORM_KNOTS.);
#96=B_SPLINE_CURVE_WITH_KNOTS('',3,(#3536,#3537,#3538,#3539,#3540,#3541,#3542,#3543,#3544,#3545,#3546),.UNSPECIFIED.,.F.,.F.,(4,1,1,1,1,1,1,1,4),(0.,0.125,0.25,0.375,0.5,0.625,0.75,0.875,1.),.QUASI_UNIFORM_KNOTS.);
#97=B_SPLINE_CURVE_WITH_KNOTS('',3,(#3551,#3552,#3553,#3554,#3555,#3556,#3557),.UNSPECIFIED.,.F.,.F.,(4,1,1,1,4),(0.,0.25,0.5,0.75,1.),.QUASI_UNIFORM_KNOTS.);
#98=B_SPLINE_SURFACE_WITH_KNOTS('',3,1,((#2745,#2746),(#2747,#2748),(#2749,
#2750),(#2751,#2752)),.SURF_OF_LINEAR_EXTRUSION.,.F.,.F.,.F.,(4,4),(2,2),(0.0404088414660775,0.472198469966704),(0.,1.),.PIECEWISE_BEZIER_KNOTS.);
#99=B_SPLINE_SURFACE_WITH_KNOTS('',3,1,((#2770,#2771),(#2772,#2773),(#2774,
#2775),(#2776,#2777)),.SURF_OF_LINEAR_EXTRUSION.,.F.,.F.,.F.,(4,4),(2,2),(0.0391805329056049,0.444980142360652),(0.,1.),.PIECEWISE_BEZIER_KNOTS.);
#100=B_SPLINE_SURFACE_WITH_KNOTS('',3,1,((#2795,#2796),(#2797,#2798),(#2799,
#2800),(#2801,#2802)),.SURF_OF_LINEAR_EXTRUSION.,.F.,.F.,.F.,(4,4),(2,2),(0.0330813812074051,0.551101536099761),(0.,1.),.PIECEWISE_BEZIER_KNOTS.);
#101=B_SPLINE_SURFACE_WITH_KNOTS('',3,1,((#2831,#2832),(#2833,#2834),(#2835,
#2836),(#2837,#2838)),.SURF_OF_LINEAR_EXTRUSION.,.F.,.F.,.F.,(4,4),(2,2),(0.0320255168162909,0.530897838645738),(0.,1.),.PIECEWISE_BEZIER_KNOTS.);
#102=B_SPLINE_SURFACE_WITH_KNOTS('',3,1,((#2867,#2868),(#2869,#2870),(#2871,
#2872),(#2873,#2874)),.SURF_OF_LINEAR_EXTRUSION.,.F.,.F.,.F.,(4,4),(2,2),(0.040408841466076,0.472198469966704),(0.,1.),.PIECEWISE_BEZIER_KNOTS.);
#103=B_SPLINE_SURFACE_WITH_KNOTS('',3,1,((#2892,#2893),(#2894,#2895),(#2896,
#2897),(#2898,#2899)),.SURF_OF_LINEAR_EXTRUSION.,.F.,.F.,.F.,(4,4),(2,2),(0.0391805329056049,0.444980142360651),(0.,1.),.PIECEWISE_BEZIER_KNOTS.);
#104=B_SPLINE_SURFACE_WITH_KNOTS('',3,1,((#2917,#2918),(#2919,#2920),(#2921,
#2922),(#2923,#2924)),.SURF_OF_LINEAR_EXTRUSION.,.F.,.F.,.F.,(4,4),(2,2),(0.0330813812074051,0.551101536099761),(0.,1.),.PIECEWISE_BEZIER_KNOTS.);
#105=B_SPLINE_SURFACE_WITH_KNOTS('',3,1,((#2953,#2954),(#2955,#2956),(#2957,
#2958),(#2959,#2960)),.SURF_OF_LINEAR_EXTRUSION.,.F.,.F.,.F.,(4,4),(2,2),(0.0320255168162909,0.530897838645738),(0.,1.),.PIECEWISE_BEZIER_KNOTS.);
#106=B_SPLINE_SURFACE_WITH_KNOTS('',3,1,((#2989,#2990),(#2991,#2992),(#2993,
#2994),(#2995,#2996)),.SURF_OF_LINEAR_EXTRUSION.,.F.,.F.,.F.,(4,4),(2,2),(0.040408841466076,0.472198469966704),(0.,1.),.PIECEWISE_BEZIER_KNOTS.);
#107=B_SPLINE_SURFACE_WITH_KNOTS('',3,1,((#3014,#3015),(#3016,#3017),(#3018,
#3019),(#3020,#3021)),.SURF_OF_LINEAR_EXTRUSION.,.F.,.F.,.F.,(4,4),(2,2),(0.0391805329056044,0.444980142360652),(0.,1.),.PIECEWISE_BEZIER_KNOTS.);
#108=B_SPLINE_SURFACE_WITH_KNOTS('',3,1,((#3039,#3040),(#3041,#3042),(#3043,
#3044),(#3045,#3046)),.SURF_OF_LINEAR_EXTRUSION.,.F.,.F.,.F.,(4,4),(2,2),(0.0330813812074051,0.551101536099761),(0.,1.),.PIECEWISE_BEZIER_KNOTS.);
#109=B_SPLINE_SURFACE_WITH_KNOTS('',3,1,((#3075,#3076),(#3077,#3078),(#3079,
#3080),(#3081,#3082)),.SURF_OF_LINEAR_EXTRUSION.,.F.,.F.,.F.,(4,4),(2,2),(0.0320255168162909,0.530897838645737),(0.,1.),.PIECEWISE_BEZIER_KNOTS.);
#110=B_SPLINE_SURFACE_WITH_KNOTS('',3,1,((#3111,#3112),(#3113,#3114),(#3115,
#3116),(#3117,#3118)),.SURF_OF_LINEAR_EXTRUSION.,.F.,.F.,.F.,(4,4),(2,2),(0.0391805329056049,0.444980142360651),(0.,1.),.PIECEWISE_BEZIER_KNOTS.);
#111=B_SPLINE_SURFACE_WITH_KNOTS('',3,1,((#3136,#3137),(#3138,#3139),(#3140,
#3141),(#3142,#3143)),.SURF_OF_LINEAR_EXTRUSION.,.F.,.F.,.F.,(4,4),(2,2),(0.040408841466076,0.47219846996675),(0.,1.),.PIECEWISE_BEZIER_KNOTS.);
#112=B_SPLINE_SURFACE_WITH_KNOTS('',3,1,((#3161,#3162),(#3163,#3164),(#3165,
#3166),(#3167,#3168)),.SURF_OF_LINEAR_EXTRUSION.,.F.,.F.,.F.,(4,4),(2,2),(0.0330813812074051,0.551101536099761),(0.,1.),.PIECEWISE_BEZIER_KNOTS.);
#113=B_SPLINE_SURFACE_WITH_KNOTS('',3,1,((#3197,#3198),(#3199,#3200),(#3201,
#3202),(#3203,#3204)),.SURF_OF_LINEAR_EXTRUSION.,.F.,.F.,.F.,(4,4),(2,2),(0.0320255168162922,0.530897838645738),(0.,1.),.PIECEWISE_BEZIER_KNOTS.);
#114=B_SPLINE_SURFACE_WITH_KNOTS('',3,1,((#3282,#3283),(#3284,#3285),(#3286,
#3287),(#3288,#3289)),.SURF_OF_LINEAR_EXTRUSION.,.F.,.F.,.F.,(4,4),(2,2),(0.818134736127497,0.925448156814219),(0.,1.),.PIECEWISE_BEZIER_KNOTS.);
#115=B_SPLINE_SURFACE_WITH_KNOTS('',3,1,((#3312,#3313),(#3314,#3315),(#3316,
#3317),(#3318,#3319)),.SURF_OF_LINEAR_EXTRUSION.,.F.,.F.,.F.,(4,4),(2,2),(0.818134736127583,0.925448157479358),(0.,1.),.PIECEWISE_BEZIER_KNOTS.);
#116=B_SPLINE_SURFACE_WITH_KNOTS('',3,1,((#3345,#3346),(#3347,#3348),(#3349,
#3350),(#3351,#3352)),.SURF_OF_LINEAR_EXTRUSION.,.F.,.F.,.F.,(4,4),(2,2),(0.818134736127496,0.925448157479358),(0.,1.),.PIECEWISE_BEZIER_KNOTS.);
#117=B_SPLINE_SURFACE_WITH_KNOTS('',3,1,((#3468,#3469),(#3470,#3471),(#3472,
#3473),(#3474,#3475)),.SURF_OF_LINEAR_EXTRUSION.,.F.,.F.,.F.,(4,4),(2,2),(0.78046435388629,0.909089367186621),(0.,1.),.PIECEWISE_BEZIER_KNOTS.);
#118=B_SPLINE_SURFACE_WITH_KNOTS('',3,1,((#3572,#3573),(#3574,#3575),(#3576,
#3577),(#3578,#3579)),.SURF_OF_LINEAR_EXTRUSION.,.F.,.F.,.F.,(4,4),(2,2),(0.78046435453065,0.909089366386379),(0.,1.),.PIECEWISE_BEZIER_KNOTS.);
#119=B_SPLINE_SURFACE_WITH_KNOTS('',3,1,((#3585,#3586),(#3587,#3588),(#3589,
#3590),(#3591,#3592)),.SURF_OF_LINEAR_EXTRUSION.,.F.,.F.,.F.,(4,4),(2,2),(0.780464354529488,0.909089366386379),(0.,1.),.PIECEWISE_BEZIER_KNOTS.);
#120=B_SPLINE_SURFACE_WITH_KNOTS('',3,1,((#3593,#3594),(#3595,#3596),(#3597,
#3598),(#3599,#3600)),.SURF_OF_LINEAR_EXTRUSION.,.F.,.F.,.F.,(4,4),(2,2),(0.780464354529488,0.909089366386379),(0.,1.),.PIECEWISE_BEZIER_KNOTS.);
#121=B_SPLINE_SURFACE_WITH_KNOTS('',3,1,((#3601,#3602),(#3603,#3604),(#3605,
#3606),(#3607,#3608)),.SURF_OF_LINEAR_EXTRUSION.,.F.,.F.,.F.,(4,4),(2,2),(0.818134736127497,0.925448156814219),(0.,1.),.PIECEWISE_BEZIER_KNOTS.);
#122=LINE('',#2646,#202);
#123=LINE('',#2650,#203);
#124=LINE('',#2652,#204);
#125=LINE('',#2657,#205);
#126=LINE('',#2664,#206);
#127=LINE('',#2668,#207);
#128=LINE('',#2673,#208);
#129=LINE('',#2677,#209);
#130=LINE('',#2683,#210);
#131=LINE('',#2687,#211);
#132=LINE('',#2692,#212);
#133=LINE('',#2696,#213);
#134=LINE('',#2702,#214);
#135=LINE('',#2706,#215);
#136=LINE('',#2711,#216);
#137=LINE('',#2715,#217);
#138=LINE('',#2721,#218);
#139=LINE('',#2725,#219);
#140=LINE('',#2729,#220);
#141=LINE('',#2734,#221);
#142=LINE('',#2740,#222);
#143=LINE('',#2744,#223);
#144=LINE('',#2761,#224);
#145=LINE('',#2778,#225);
#146=LINE('',#2816,#226);
#147=LINE('',#2830,#227);
#148=LINE('',#2852,#228);
#149=LINE('',#2866,#229);
#150=LINE('',#2883,#230);
#151=LINE('',#2900,#231);
#152=LINE('',#2938,#232);
#153=LINE('',#2952,#233);
#154=LINE('',#2974,#234);
#155=LINE('',#2988,#235);
#156=LINE('',#3005,#236);
#157=LINE('',#3022,#237);
#158=LINE('',#3060,#238);
#159=LINE('',#3074,#239);
#160=LINE('',#3096,#240);
#161=LINE('',#3110,#241);
#162=LINE('',#3119,#242);
#163=LINE('',#3152,#243);
#164=LINE('',#3182,#244);
#165=LINE('',#3196,#245);
#166=LINE('',#3218,#246);
#167=LINE('',#3232,#247);
#168=LINE('',#3244,#248);
#169=LINE('',#3248,#249);
#170=LINE('',#3252,#250);
#171=LINE('',#3256,#251);
#172=LINE('',#3260,#252);
#173=LINE('',#3264,#253);
#174=LINE('',#3268,#254);
#175=LINE('',#3272,#255);
#176=LINE('',#3277,#256);
#177=LINE('',#3281,#257);
#178=LINE('',#3320,#258);
#179=LINE('',#3353,#259);
#180=LINE('',#3476,#260);
#181=LINE('',#3486,#261);
#182=LINE('',#3490,#262);
#183=LINE('',#3571,#263);
#184=LINE('',#3581,#264);
#185=LINE('',#3582,#265);
#186=LINE('',#3584,#266);
#187=LINE('',#3610,#267);
#188=LINE('',#3613,#268);
#189=LINE('',#3614,#269);
#190=LINE('',#3617,#270);
#191=LINE('',#3618,#271);
#192=LINE('',#3621,#272);
#193=LINE('',#3622,#273);
#194=LINE('',#3707,#274);
#195=LINE('',#3708,#275);
#196=LINE('',#3712,#276);
#197=LINE('',#3713,#277);
#198=LINE('',#3717,#278);
#199=LINE('',#3718,#279);
#200=LINE('',#3722,#280);
#201=LINE('',#3723,#281);
#202=VECTOR('',#2123,1.);
#203=VECTOR('',#2126,1.);
#204=VECTOR('',#2129,1.);
#205=VECTOR('',#2132,1.);
#206=VECTOR('',#2139,1.);
#207=VECTOR('',#2142,1.);
#208=VECTOR('',#2147,1.);
#209=VECTOR('',#2150,1.);
#210=VECTOR('',#2155,1.);
#211=VECTOR('',#2158,1.);
#212=VECTOR('',#2163,1.);
#213=VECTOR('',#2166,1.);
#214=VECTOR('',#2171,1.);
#215=VECTOR('',#2174,1.);
#216=VECTOR('',#2179,1.);
#217=VECTOR('',#2182,1.);
#218=VECTOR('',#2187,1.);
#219=VECTOR('',#2190,1.);
#220=VECTOR('',#2195,1.);
#221=VECTOR('',#2198,1.);
#222=VECTOR('',#2203,1.);
#223=VECTOR('',#2206,1.);
#224=VECTOR('',#2207,1.);
#225=VECTOR('',#2208,1.);
#226=VECTOR('',#2209,1.);
#227=VECTOR('',#2210,1.);
#228=VECTOR('',#2211,1.);
#229=VECTOR('',#2212,1.);
#230=VECTOR('',#2213,1.);
#231=VECTOR('',#2214,1.);
#232=VECTOR('',#2215,1.);
#233=VECTOR('',#2216,1.);
#234=VECTOR('',#2217,1.);
#235=VECTOR('',#2218,1.);
#236=VECTOR('',#2219,1.);
#237=VECTOR('',#2220,1.);
#238=VECTOR('',#2221,1.);
#239=VECTOR('',#2222,1.);
#240=VECTOR('',#2223,1.);
#241=VECTOR('',#2224,1.);
#242=VECTOR('',#2225,1.);
#243=VECTOR('',#2226,1.);
#244=VECTOR('',#2227,1.);
#245=VECTOR('',#2228,1.);
#246=VECTOR('',#2229,1.);
#247=VECTOR('',#2230,1.);
#248=VECTOR('',#2243,1.);
#249=VECTOR('',#2246,1.);
#250=VECTOR('',#2249,1.);
#251=VECTOR('',#2252,1.);
#252=VECTOR('',#2255,1.);
#253=VECTOR('',#2258,1.);
#254=VECTOR('',#2261,1.);
#255=VECTOR('',#2264,1.);
#256=VECTOR('',#2269,1.);
#257=VECTOR('',#2272,1.);
#258=VECTOR('',#2273,1.);
#259=VECTOR('',#2274,1.);
#260=VECTOR('',#2341,1.);
#261=VECTOR('',#2344,1.);
#262=VECTOR('',#2347,1.);
#263=VECTOR('',#2414,1.);
#264=VECTOR('',#2417,1.);
#265=VECTOR('',#2418,1.);
#266=VECTOR('',#2421,1.);
#267=VECTOR('',#2424,1.);
#268=VECTOR('',#2429,1.);
#269=VECTOR('',#2430,1.);
#270=VECTOR('',#2435,1.);
#271=VECTOR('',#2436,1.);
#272=VECTOR('',#2441,1.);
#273=VECTOR('',#2442,1.);
#274=VECTOR('',#2563,1.);
#275=VECTOR('',#2564,1.);
#276=VECTOR('',#2571,1.);
#277=VECTOR('',#2572,1.);
#278=VECTOR('',#2579,1.);
#279=VECTOR('',#2580,1.);
#280=VECTOR('',#2587,1.);
#281=VECTOR('',#2588,1.);
#282=ORIENTED_EDGE('',*,*,#800,.F.);
#283=ORIENTED_EDGE('',*,*,#801,.T.);
#284=ORIENTED_EDGE('',*,*,#802,.T.);
#285=ORIENTED_EDGE('',*,*,#803,.F.);
#286=ORIENTED_EDGE('',*,*,#804,.F.);
#287=ORIENTED_EDGE('',*,*,#805,.T.);
#288=ORIENTED_EDGE('',*,*,#806,.T.);
#289=ORIENTED_EDGE('',*,*,#807,.F.);
#290=ORIENTED_EDGE('',*,*,#808,.F.);
#291=ORIENTED_EDGE('',*,*,#809,.T.);
#292=ORIENTED_EDGE('',*,*,#810,.T.);
#293=ORIENTED_EDGE('',*,*,#811,.F.);
#294=ORIENTED_EDGE('',*,*,#812,.T.);
#295=ORIENTED_EDGE('',*,*,#813,.T.);
#296=ORIENTED_EDGE('',*,*,#814,.F.);
#297=ORIENTED_EDGE('',*,*,#815,.F.);
#298=ORIENTED_EDGE('',*,*,#816,.F.);
#299=ORIENTED_EDGE('',*,*,#817,.F.);
#300=ORIENTED_EDGE('',*,*,#818,.T.);
#301=ORIENTED_EDGE('',*,*,#819,.T.);
#302=ORIENTED_EDGE('',*,*,#820,.F.);
#303=ORIENTED_EDGE('',*,*,#821,.T.);
#304=ORIENTED_EDGE('',*,*,#822,.T.);
#305=ORIENTED_EDGE('',*,*,#823,.F.);
#306=ORIENTED_EDGE('',*,*,#824,.F.);
#307=ORIENTED_EDGE('',*,*,#825,.F.);
#308=ORIENTED_EDGE('',*,*,#826,.F.);
#309=ORIENTED_EDGE('',*,*,#827,.T.);
#310=ORIENTED_EDGE('',*,*,#828,.T.);
#311=ORIENTED_EDGE('',*,*,#829,.F.);
#312=ORIENTED_EDGE('',*,*,#830,.T.);
#313=ORIENTED_EDGE('',*,*,#831,.T.);
#314=ORIENTED_EDGE('',*,*,#832,.F.);
#315=ORIENTED_EDGE('',*,*,#833,.F.);
#316=ORIENTED_EDGE('',*,*,#834,.F.);
#317=ORIENTED_EDGE('',*,*,#835,.F.);
#318=ORIENTED_EDGE('',*,*,#836,.T.);
#319=ORIENTED_EDGE('',*,*,#837,.T.);
#320=ORIENTED_EDGE('',*,*,#838,.F.);
#321=ORIENTED_EDGE('',*,*,#839,.F.);
#322=ORIENTED_EDGE('',*,*,#840,.F.);
#323=ORIENTED_EDGE('',*,*,#841,.T.);
#324=ORIENTED_EDGE('',*,*,#842,.T.);
#325=ORIENTED_EDGE('',*,*,#843,.F.);
#326=ORIENTED_EDGE('',*,*,#844,.F.);
#327=ORIENTED_EDGE('',*,*,#845,.T.);
#328=ORIENTED_EDGE('',*,*,#846,.T.);
#329=ORIENTED_EDGE('',*,*,#847,.F.);
#330=ORIENTED_EDGE('',*,*,#848,.T.);
#331=ORIENTED_EDGE('',*,*,#849,.F.);
#332=ORIENTED_EDGE('',*,*,#850,.F.);
#333=ORIENTED_EDGE('',*,*,#831,.F.);
#334=ORIENTED_EDGE('',*,*,#851,.F.);
#335=ORIENTED_EDGE('',*,*,#852,.F.);
#336=ORIENTED_EDGE('',*,*,#833,.T.);
#337=ORIENTED_EDGE('',*,*,#853,.T.);
#338=ORIENTED_EDGE('',*,*,#854,.T.);
#339=ORIENTED_EDGE('',*,*,#855,.T.);
#340=ORIENTED_EDGE('',*,*,#856,.F.);
#341=ORIENTED_EDGE('',*,*,#857,.T.);
#342=ORIENTED_EDGE('',*,*,#858,.T.);
#343=ORIENTED_EDGE('',*,*,#859,.T.);
#344=ORIENTED_EDGE('',*,*,#860,.F.);
#345=ORIENTED_EDGE('',*,*,#861,.F.);
#346=ORIENTED_EDGE('',*,*,#862,.T.);
#347=ORIENTED_EDGE('',*,*,#863,.F.);
#348=ORIENTED_EDGE('',*,*,#864,.F.);
#349=ORIENTED_EDGE('',*,*,#822,.F.);
#350=ORIENTED_EDGE('',*,*,#865,.F.);
#351=ORIENTED_EDGE('',*,*,#866,.F.);
#352=ORIENTED_EDGE('',*,*,#824,.T.);
#353=ORIENTED_EDGE('',*,*,#867,.T.);
#354=ORIENTED_EDGE('',*,*,#868,.F.);
#355=ORIENTED_EDGE('',*,*,#869,.T.);
#356=ORIENTED_EDGE('',*,*,#870,.T.);
#357=ORIENTED_EDGE('',*,*,#871,.T.);
#358=ORIENTED_EDGE('',*,*,#872,.T.);
#359=ORIENTED_EDGE('',*,*,#873,.T.);
#360=ORIENTED_EDGE('',*,*,#874,.F.);
#361=ORIENTED_EDGE('',*,*,#875,.F.);
#362=ORIENTED_EDGE('',*,*,#813,.F.);
#363=ORIENTED_EDGE('',*,*,#876,.T.);
#364=ORIENTED_EDGE('',*,*,#877,.F.);
#365=ORIENTED_EDGE('',*,*,#878,.F.);
#366=ORIENTED_EDGE('',*,*,#879,.F.);
#367=ORIENTED_EDGE('',*,*,#880,.F.);
#368=ORIENTED_EDGE('',*,*,#815,.T.);
#369=ORIENTED_EDGE('',*,*,#881,.T.);
#370=ORIENTED_EDGE('',*,*,#882,.T.);
#371=ORIENTED_EDGE('',*,*,#883,.T.);
#372=ORIENTED_EDGE('',*,*,#884,.F.);
#373=ORIENTED_EDGE('',*,*,#885,.T.);
#374=ORIENTED_EDGE('',*,*,#886,.T.);
#375=ORIENTED_EDGE('',*,*,#887,.T.);
#376=ORIENTED_EDGE('',*,*,#888,.F.);
#377=ORIENTED_EDGE('',*,*,#889,.F.);
#378=ORIENTED_EDGE('',*,*,#890,.F.);
#379=ORIENTED_EDGE('',*,*,#891,.F.);
#380=ORIENTED_EDGE('',*,*,#840,.T.);
#381=ORIENTED_EDGE('',*,*,#892,.T.);
#382=ORIENTED_EDGE('',*,*,#893,.T.);
#383=ORIENTED_EDGE('',*,*,#894,.F.);
#384=ORIENTED_EDGE('',*,*,#895,.F.);
#385=ORIENTED_EDGE('',*,*,#842,.F.);
#386=ORIENTED_EDGE('',*,*,#896,.T.);
#387=ORIENTED_EDGE('',*,*,#897,.T.);
#388=ORIENTED_EDGE('',*,*,#898,.F.);
#389=ORIENTED_EDGE('',*,*,#899,.T.);
#390=ORIENTED_EDGE('',*,*,#900,.T.);
#391=ORIENTED_EDGE('',*,*,#901,.T.);
#392=ORIENTED_EDGE('',*,*,#902,.F.);
#393=ORIENTED_EDGE('',*,*,#903,.F.);
#394=ORIENTED_EDGE('',*,*,#904,.T.);
#395=ORIENTED_EDGE('',*,*,#905,.F.);
#396=ORIENTED_EDGE('',*,*,#906,.T.);
#397=ORIENTED_EDGE('',*,*,#907,.T.);
#398=ORIENTED_EDGE('',*,*,#908,.T.);
#399=ORIENTED_EDGE('',*,*,#909,.T.);
#400=ORIENTED_EDGE('',*,*,#910,.F.);
#401=ORIENTED_EDGE('',*,*,#911,.T.);
#402=ORIENTED_EDGE('',*,*,#912,.T.);
#403=ORIENTED_EDGE('',*,*,#913,.T.);
#404=ORIENTED_EDGE('',*,*,#914,.F.);
#405=ORIENTED_EDGE('',*,*,#915,.T.);
#406=ORIENTED_EDGE('',*,*,#916,.T.);
#407=ORIENTED_EDGE('',*,*,#917,.T.);
#408=ORIENTED_EDGE('',*,*,#918,.F.);
#409=ORIENTED_EDGE('',*,*,#919,.T.);
#410=ORIENTED_EDGE('',*,*,#920,.T.);
#411=ORIENTED_EDGE('',*,*,#921,.T.);
#412=ORIENTED_EDGE('',*,*,#922,.F.);
#413=ORIENTED_EDGE('',*,*,#923,.F.);
#414=ORIENTED_EDGE('',*,*,#924,.T.);
#415=ORIENTED_EDGE('',*,*,#925,.T.);
#416=ORIENTED_EDGE('',*,*,#926,.F.);
#417=ORIENTED_EDGE('',*,*,#806,.F.);
#418=ORIENTED_EDGE('',*,*,#927,.T.);
#419=ORIENTED_EDGE('',*,*,#920,.F.);
#420=ORIENTED_EDGE('',*,*,#928,.F.);
#421=ORIENTED_EDGE('',*,*,#929,.F.);
#422=ORIENTED_EDGE('',*,*,#930,.T.);
#423=ORIENTED_EDGE('',*,*,#916,.F.);
#424=ORIENTED_EDGE('',*,*,#931,.F.);
#425=ORIENTED_EDGE('',*,*,#932,.F.);
#426=ORIENTED_EDGE('',*,*,#933,.T.);
#427=ORIENTED_EDGE('',*,*,#912,.F.);
#428=ORIENTED_EDGE('',*,*,#934,.F.);
#429=ORIENTED_EDGE('',*,*,#935,.F.);
#430=ORIENTED_EDGE('',*,*,#936,.F.);
#431=ORIENTED_EDGE('',*,*,#937,.F.);
#432=ORIENTED_EDGE('',*,*,#938,.F.);
#433=ORIENTED_EDGE('',*,*,#939,.T.);
#434=ORIENTED_EDGE('',*,*,#872,.F.);
#435=ORIENTED_EDGE('',*,*,#940,.F.);
#436=ORIENTED_EDGE('',*,*,#868,.T.);
#437=ORIENTED_EDGE('',*,*,#941,.F.);
#438=ORIENTED_EDGE('',*,*,#862,.F.);
#439=ORIENTED_EDGE('',*,*,#821,.F.);
#440=ORIENTED_EDGE('',*,*,#866,.T.);
#441=ORIENTED_EDGE('',*,*,#942,.T.);
#442=ORIENTED_EDGE('',*,*,#858,.F.);
#443=ORIENTED_EDGE('',*,*,#943,.F.);
#444=ORIENTED_EDGE('',*,*,#856,.T.);
#445=ORIENTED_EDGE('',*,*,#944,.F.);
#446=ORIENTED_EDGE('',*,*,#848,.F.);
#447=ORIENTED_EDGE('',*,*,#830,.F.);
#448=ORIENTED_EDGE('',*,*,#852,.T.);
#449=ORIENTED_EDGE('',*,*,#945,.T.);
#450=ORIENTED_EDGE('',*,*,#900,.F.);
#451=ORIENTED_EDGE('',*,*,#946,.F.);
#452=ORIENTED_EDGE('',*,*,#898,.T.);
#453=ORIENTED_EDGE('',*,*,#947,.F.);
#454=ORIENTED_EDGE('',*,*,#893,.F.);
#455=ORIENTED_EDGE('',*,*,#841,.F.);
#456=ORIENTED_EDGE('',*,*,#891,.T.);
#457=ORIENTED_EDGE('',*,*,#948,.T.);
#458=ORIENTED_EDGE('',*,*,#886,.F.);
#459=ORIENTED_EDGE('',*,*,#949,.F.);
#460=ORIENTED_EDGE('',*,*,#884,.T.);
#461=ORIENTED_EDGE('',*,*,#950,.F.);
#462=ORIENTED_EDGE('',*,*,#876,.F.);
#463=ORIENTED_EDGE('',*,*,#812,.F.);
#464=ORIENTED_EDGE('',*,*,#880,.T.);
#465=ORIENTED_EDGE('',*,*,#951,.T.);
#466=ORIENTED_EDGE('',*,*,#952,.T.);
#467=ORIENTED_EDGE('',*,*,#800,.T.);
#468=ORIENTED_EDGE('',*,*,#953,.T.);
#469=ORIENTED_EDGE('',*,*,#917,.F.);
#470=ORIENTED_EDGE('',*,*,#930,.F.);
#471=ORIENTED_EDGE('',*,*,#954,.F.);
#472=ORIENTED_EDGE('',*,*,#955,.T.);
#473=ORIENTED_EDGE('',*,*,#956,.T.);
#474=ORIENTED_EDGE('',*,*,#808,.T.);
#475=ORIENTED_EDGE('',*,*,#957,.T.);
#476=ORIENTED_EDGE('',*,*,#958,.T.);
#477=ORIENTED_EDGE('',*,*,#959,.T.);
#478=ORIENTED_EDGE('',*,*,#921,.F.);
#479=ORIENTED_EDGE('',*,*,#927,.F.);
#480=ORIENTED_EDGE('',*,*,#805,.F.);
#481=ORIENTED_EDGE('',*,*,#960,.T.);
#482=ORIENTED_EDGE('',*,*,#961,.T.);
#483=ORIENTED_EDGE('',*,*,#962,.T.);
#484=ORIENTED_EDGE('',*,*,#963,.T.);
#485=ORIENTED_EDGE('',*,*,#964,.T.);
#486=ORIENTED_EDGE('',*,*,#909,.F.);
#487=ORIENTED_EDGE('',*,*,#965,.F.);
#488=ORIENTED_EDGE('',*,*,#925,.F.);
#489=ORIENTED_EDGE('',*,*,#966,.T.);
#490=ORIENTED_EDGE('',*,*,#967,.T.);
#491=ORIENTED_EDGE('',*,*,#968,.T.);
#492=ORIENTED_EDGE('',*,*,#969,.T.);
#493=ORIENTED_EDGE('',*,*,#970,.T.);
#494=ORIENTED_EDGE('',*,*,#913,.F.);
#495=ORIENTED_EDGE('',*,*,#933,.F.);
#496=ORIENTED_EDGE('',*,*,#971,.F.);
#497=ORIENTED_EDGE('',*,*,#972,.F.);
#498=ORIENTED_EDGE('',*,*,#973,.T.);
#499=ORIENTED_EDGE('',*,*,#922,.T.);
#500=ORIENTED_EDGE('',*,*,#959,.F.);
#501=ORIENTED_EDGE('',*,*,#974,.F.);
#502=ORIENTED_EDGE('',*,*,#975,.T.);
#503=ORIENTED_EDGE('',*,*,#976,.F.);
#504=ORIENTED_EDGE('',*,*,#963,.F.);
#505=ORIENTED_EDGE('',*,*,#977,.T.);
#506=ORIENTED_EDGE('',*,*,#978,.T.);
#507=ORIENTED_EDGE('',*,*,#979,.T.);
#508=ORIENTED_EDGE('',*,*,#980,.T.);
#509=ORIENTED_EDGE('',*,*,#802,.F.);
#510=ORIENTED_EDGE('',*,*,#981,.T.);
#511=ORIENTED_EDGE('',*,*,#982,.F.);
#512=ORIENTED_EDGE('',*,*,#983,.T.);
#513=ORIENTED_EDGE('',*,*,#984,.T.);
#514=ORIENTED_EDGE('',*,*,#931,.T.);
#515=ORIENTED_EDGE('',*,*,#915,.F.);
#516=ORIENTED_EDGE('',*,*,#985,.F.);
#517=ORIENTED_EDGE('',*,*,#986,.F.);
#518=ORIENTED_EDGE('',*,*,#987,.T.);
#519=ORIENTED_EDGE('',*,*,#988,.F.);
#520=ORIENTED_EDGE('',*,*,#989,.T.);
#521=ORIENTED_EDGE('',*,*,#990,.T.);
#522=ORIENTED_EDGE('',*,*,#934,.T.);
#523=ORIENTED_EDGE('',*,*,#911,.F.);
#524=ORIENTED_EDGE('',*,*,#991,.F.);
#525=ORIENTED_EDGE('',*,*,#975,.F.);
#526=ORIENTED_EDGE('',*,*,#992,.T.);
#527=ORIENTED_EDGE('',*,*,#993,.F.);
#528=ORIENTED_EDGE('',*,*,#994,.T.);
#529=ORIENTED_EDGE('',*,*,#923,.T.);
#530=ORIENTED_EDGE('',*,*,#995,.T.);
#531=ORIENTED_EDGE('',*,*,#907,.F.);
#532=ORIENTED_EDGE('',*,*,#973,.F.);
#533=ORIENTED_EDGE('',*,*,#996,.F.);
#534=ORIENTED_EDGE('',*,*,#997,.T.);
#535=ORIENTED_EDGE('',*,*,#810,.F.);
#536=ORIENTED_EDGE('',*,*,#998,.T.);
#537=ORIENTED_EDGE('',*,*,#807,.T.);
#538=ORIENTED_EDGE('',*,*,#928,.T.);
#539=ORIENTED_EDGE('',*,*,#919,.F.);
#540=ORIENTED_EDGE('',*,*,#999,.F.);
#541=ORIENTED_EDGE('',*,*,#1000,.T.);
#542=ORIENTED_EDGE('',*,*,#882,.F.);
#543=ORIENTED_EDGE('',*,*,#1001,.T.);
#544=ORIENTED_EDGE('',*,*,#888,.T.);
#545=ORIENTED_EDGE('',*,*,#1002,.T.);
#546=ORIENTED_EDGE('',*,*,#892,.F.);
#547=ORIENTED_EDGE('',*,*,#843,.T.);
#548=ORIENTED_EDGE('',*,*,#895,.T.);
#549=ORIENTED_EDGE('',*,*,#1003,.T.);
#550=ORIENTED_EDGE('',*,*,#896,.F.);
#551=ORIENTED_EDGE('',*,*,#1004,.T.);
#552=ORIENTED_EDGE('',*,*,#902,.T.);
#553=ORIENTED_EDGE('',*,*,#1005,.T.);
#554=ORIENTED_EDGE('',*,*,#853,.F.);
#555=ORIENTED_EDGE('',*,*,#832,.T.);
#556=ORIENTED_EDGE('',*,*,#850,.T.);
#557=ORIENTED_EDGE('',*,*,#1006,.T.);
#558=ORIENTED_EDGE('',*,*,#854,.F.);
#559=ORIENTED_EDGE('',*,*,#1007,.T.);
#560=ORIENTED_EDGE('',*,*,#860,.T.);
#561=ORIENTED_EDGE('',*,*,#1008,.T.);
#562=ORIENTED_EDGE('',*,*,#867,.F.);
#563=ORIENTED_EDGE('',*,*,#823,.T.);
#564=ORIENTED_EDGE('',*,*,#864,.T.);
#565=ORIENTED_EDGE('',*,*,#1009,.T.);
#566=ORIENTED_EDGE('',*,*,#870,.F.);
#567=ORIENTED_EDGE('',*,*,#1010,.T.);
#568=ORIENTED_EDGE('',*,*,#874,.T.);
#569=ORIENTED_EDGE('',*,*,#1011,.T.);
#570=ORIENTED_EDGE('',*,*,#881,.F.);
#571=ORIENTED_EDGE('',*,*,#814,.T.);
#572=ORIENTED_EDGE('',*,*,#878,.T.);
#573=ORIENTED_EDGE('',*,*,#990,.F.);
#574=ORIENTED_EDGE('',*,*,#1012,.T.);
#575=ORIENTED_EDGE('',*,*,#971,.T.);
#576=ORIENTED_EDGE('',*,*,#932,.T.);
#577=ORIENTED_EDGE('',*,*,#964,.F.);
#578=ORIENTED_EDGE('',*,*,#976,.T.);
#579=ORIENTED_EDGE('',*,*,#991,.T.);
#580=ORIENTED_EDGE('',*,*,#910,.T.);
#581=ORIENTED_EDGE('',*,*,#1013,.F.);
#582=ORIENTED_EDGE('',*,*,#986,.T.);
#583=ORIENTED_EDGE('',*,*,#1014,.F.);
#584=ORIENTED_EDGE('',*,*,#969,.F.);
#585=ORIENTED_EDGE('',*,*,#984,.F.);
#586=ORIENTED_EDGE('',*,*,#1015,.T.);
#587=ORIENTED_EDGE('',*,*,#954,.T.);
#588=ORIENTED_EDGE('',*,*,#929,.T.);
#589=ORIENTED_EDGE('',*,*,#970,.F.);
#590=ORIENTED_EDGE('',*,*,#1014,.T.);
#591=ORIENTED_EDGE('',*,*,#985,.T.);
#592=ORIENTED_EDGE('',*,*,#914,.T.);
#593=ORIENTED_EDGE('',*,*,#953,.F.);
#594=ORIENTED_EDGE('',*,*,#803,.T.);
#595=ORIENTED_EDGE('',*,*,#999,.T.);
#596=ORIENTED_EDGE('',*,*,#918,.T.);
#597=ORIENTED_EDGE('',*,*,#995,.F.);
#598=ORIENTED_EDGE('',*,*,#926,.T.);
#599=ORIENTED_EDGE('',*,*,#965,.T.);
#600=ORIENTED_EDGE('',*,*,#908,.F.);
#601=ORIENTED_EDGE('',*,*,#1016,.F.);
#602=ORIENTED_EDGE('',*,*,#996,.T.);
#603=ORIENTED_EDGE('',*,*,#972,.T.);
#604=ORIENTED_EDGE('',*,*,#958,.F.);
#605=ORIENTED_EDGE('',*,*,#950,.T.);
#606=ORIENTED_EDGE('',*,*,#883,.F.);
#607=ORIENTED_EDGE('',*,*,#1000,.F.);
#608=ORIENTED_EDGE('',*,*,#877,.T.);
#609=ORIENTED_EDGE('',*,*,#1017,.F.);
#610=ORIENTED_EDGE('',*,*,#951,.F.);
#611=ORIENTED_EDGE('',*,*,#1018,.F.);
#612=ORIENTED_EDGE('',*,*,#982,.T.);
#613=ORIENTED_EDGE('',*,*,#871,.F.);
#614=ORIENTED_EDGE('',*,*,#1009,.F.);
#615=ORIENTED_EDGE('',*,*,#863,.T.);
#616=ORIENTED_EDGE('',*,*,#941,.T.);
#617=ORIENTED_EDGE('',*,*,#1019,.F.);
#618=ORIENTED_EDGE('',*,*,#967,.F.);
#619=ORIENTED_EDGE('',*,*,#1020,.F.);
#620=ORIENTED_EDGE('',*,*,#988,.T.);
#621=ORIENTED_EDGE('',*,*,#944,.T.);
#622=ORIENTED_EDGE('',*,*,#855,.F.);
#623=ORIENTED_EDGE('',*,*,#1006,.F.);
#624=ORIENTED_EDGE('',*,*,#849,.T.);
#625=ORIENTED_EDGE('',*,*,#1021,.F.);
#626=ORIENTED_EDGE('',*,*,#993,.T.);
#627=ORIENTED_EDGE('',*,*,#1022,.F.);
#628=ORIENTED_EDGE('',*,*,#961,.F.);
#629=ORIENTED_EDGE('',*,*,#897,.F.);
#630=ORIENTED_EDGE('',*,*,#1003,.F.);
#631=ORIENTED_EDGE('',*,*,#894,.T.);
#632=ORIENTED_EDGE('',*,*,#947,.T.);
#633=ORIENTED_EDGE('',*,*,#1023,.T.);
#634=ORIENTED_EDGE('',*,*,#1024,.F.);
#635=ORIENTED_EDGE('',*,*,#904,.F.);
#636=ORIENTED_EDGE('',*,*,#1024,.T.);
#637=ORIENTED_EDGE('',*,*,#1025,.T.);
#638=ORIENTED_EDGE('',*,*,#1026,.F.);
#639=ORIENTED_EDGE('',*,*,#905,.T.);
#640=ORIENTED_EDGE('',*,*,#1025,.F.);
#641=ORIENTED_EDGE('',*,*,#1026,.T.);
#642=ORIENTED_EDGE('',*,*,#1027,.T.);
#643=ORIENTED_EDGE('',*,*,#839,.T.);
#644=ORIENTED_EDGE('',*,*,#899,.F.);
#645=ORIENTED_EDGE('',*,*,#946,.T.);
#646=ORIENTED_EDGE('',*,*,#903,.T.);
#647=ORIENTED_EDGE('',*,*,#1004,.F.);
#648=ORIENTED_EDGE('',*,*,#1028,.F.);
#649=ORIENTED_EDGE('',*,*,#1029,.T.);
#650=ORIENTED_EDGE('',*,*,#1028,.T.);
#651=ORIENTED_EDGE('',*,*,#885,.F.);
#652=ORIENTED_EDGE('',*,*,#949,.T.);
#653=ORIENTED_EDGE('',*,*,#889,.T.);
#654=ORIENTED_EDGE('',*,*,#1001,.F.);
#655=ORIENTED_EDGE('',*,*,#1030,.F.);
#656=ORIENTED_EDGE('',*,*,#1031,.T.);
#657=ORIENTED_EDGE('',*,*,#1030,.T.);
#658=ORIENTED_EDGE('',*,*,#1032,.T.);
#659=ORIENTED_EDGE('',*,*,#816,.T.);
#660=ORIENTED_EDGE('',*,*,#869,.F.);
#661=ORIENTED_EDGE('',*,*,#940,.T.);
#662=ORIENTED_EDGE('',*,*,#875,.T.);
#663=ORIENTED_EDGE('',*,*,#1010,.F.);
#664=ORIENTED_EDGE('',*,*,#1033,.F.);
#665=ORIENTED_EDGE('',*,*,#1034,.T.);
#666=ORIENTED_EDGE('',*,*,#1033,.T.);
#667=ORIENTED_EDGE('',*,*,#1035,.T.);
#668=ORIENTED_EDGE('',*,*,#825,.T.);
#669=ORIENTED_EDGE('',*,*,#857,.F.);
#670=ORIENTED_EDGE('',*,*,#943,.T.);
#671=ORIENTED_EDGE('',*,*,#861,.T.);
#672=ORIENTED_EDGE('',*,*,#1007,.F.);
#673=ORIENTED_EDGE('',*,*,#1036,.F.);
#674=ORIENTED_EDGE('',*,*,#1037,.T.);
#675=ORIENTED_EDGE('',*,*,#1036,.T.);
#676=ORIENTED_EDGE('',*,*,#1038,.T.);
#677=ORIENTED_EDGE('',*,*,#834,.T.);
#678=ORIENTED_EDGE('',*,*,#906,.F.);
#679=ORIENTED_EDGE('',*,*,#1023,.F.);
#680=ORIENTED_EDGE('',*,*,#1039,.F.);
#681=ORIENTED_EDGE('',*,*,#1039,.T.);
#682=ORIENTED_EDGE('',*,*,#1038,.F.);
#683=ORIENTED_EDGE('',*,*,#1040,.F.);
#684=ORIENTED_EDGE('',*,*,#1040,.T.);
#685=ORIENTED_EDGE('',*,*,#1037,.F.);
#686=ORIENTED_EDGE('',*,*,#1041,.F.);
#687=ORIENTED_EDGE('',*,*,#1041,.T.);
#688=ORIENTED_EDGE('',*,*,#1035,.F.);
#689=ORIENTED_EDGE('',*,*,#1042,.F.);
#690=ORIENTED_EDGE('',*,*,#1042,.T.);
#691=ORIENTED_EDGE('',*,*,#1034,.F.);
#692=ORIENTED_EDGE('',*,*,#1043,.F.);
#693=ORIENTED_EDGE('',*,*,#1043,.T.);
#694=ORIENTED_EDGE('',*,*,#1032,.F.);
#695=ORIENTED_EDGE('',*,*,#1044,.F.);
#696=ORIENTED_EDGE('',*,*,#1044,.T.);
#697=ORIENTED_EDGE('',*,*,#1031,.F.);
#698=ORIENTED_EDGE('',*,*,#1045,.F.);
#699=ORIENTED_EDGE('',*,*,#1045,.T.);
#700=ORIENTED_EDGE('',*,*,#1029,.F.);
#701=ORIENTED_EDGE('',*,*,#1046,.F.);
#702=ORIENTED_EDGE('',*,*,#1046,.T.);
#703=ORIENTED_EDGE('',*,*,#1027,.F.);
#704=ORIENTED_EDGE('',*,*,#1047,.T.);
#705=ORIENTED_EDGE('',*,*,#845,.F.);
#706=ORIENTED_EDGE('',*,*,#1048,.F.);
#707=ORIENTED_EDGE('',*,*,#847,.T.);
#708=ORIENTED_EDGE('',*,*,#844,.T.);
#709=ORIENTED_EDGE('',*,*,#1048,.T.);
#710=ORIENTED_EDGE('',*,*,#846,.F.);
#711=ORIENTED_EDGE('',*,*,#1047,.F.);
#712=ORIENTED_EDGE('',*,*,#1049,.T.);
#713=ORIENTED_EDGE('',*,*,#836,.F.);
#714=ORIENTED_EDGE('',*,*,#1050,.F.);
#715=ORIENTED_EDGE('',*,*,#838,.T.);
#716=ORIENTED_EDGE('',*,*,#835,.T.);
#717=ORIENTED_EDGE('',*,*,#1050,.T.);
#718=ORIENTED_EDGE('',*,*,#837,.F.);
#719=ORIENTED_EDGE('',*,*,#1049,.F.);
#720=ORIENTED_EDGE('',*,*,#1051,.T.);
#721=ORIENTED_EDGE('',*,*,#827,.F.);
#722=ORIENTED_EDGE('',*,*,#1052,.F.);
#723=ORIENTED_EDGE('',*,*,#829,.T.);
#724=ORIENTED_EDGE('',*,*,#826,.T.);
#725=ORIENTED_EDGE('',*,*,#1052,.T.);
#726=ORIENTED_EDGE('',*,*,#828,.F.);
#727=ORIENTED_EDGE('',*,*,#1051,.F.);
#728=ORIENTED_EDGE('',*,*,#1053,.F.);
#729=ORIENTED_EDGE('',*,*,#818,.F.);
#730=ORIENTED_EDGE('',*,*,#1054,.T.);
#731=ORIENTED_EDGE('',*,*,#820,.T.);
#732=ORIENTED_EDGE('',*,*,#1054,.F.);
#733=ORIENTED_EDGE('',*,*,#817,.T.);
#734=ORIENTED_EDGE('',*,*,#1053,.T.);
#735=ORIENTED_EDGE('',*,*,#819,.F.);
#736=ORIENTED_EDGE('',*,*,#992,.F.);
#737=ORIENTED_EDGE('',*,*,#974,.T.);
#738=ORIENTED_EDGE('',*,*,#962,.F.);
#739=ORIENTED_EDGE('',*,*,#1022,.T.);
#740=ORIENTED_EDGE('',*,*,#924,.F.);
#741=ORIENTED_EDGE('',*,*,#994,.F.);
#742=ORIENTED_EDGE('',*,*,#1021,.T.);
#743=ORIENTED_EDGE('',*,*,#960,.F.);
#744=ORIENTED_EDGE('',*,*,#945,.F.);
#745=ORIENTED_EDGE('',*,*,#851,.T.);
#746=ORIENTED_EDGE('',*,*,#1005,.F.);
#747=ORIENTED_EDGE('',*,*,#901,.F.);
#748=ORIENTED_EDGE('',*,*,#1012,.F.);
#749=ORIENTED_EDGE('',*,*,#989,.F.);
#750=ORIENTED_EDGE('',*,*,#1020,.T.);
#751=ORIENTED_EDGE('',*,*,#966,.F.);
#752=ORIENTED_EDGE('',*,*,#987,.F.);
#753=ORIENTED_EDGE('',*,*,#1013,.T.);
#754=ORIENTED_EDGE('',*,*,#968,.F.);
#755=ORIENTED_EDGE('',*,*,#1019,.T.);
#756=ORIENTED_EDGE('',*,*,#859,.F.);
#757=ORIENTED_EDGE('',*,*,#942,.F.);
#758=ORIENTED_EDGE('',*,*,#865,.T.);
#759=ORIENTED_EDGE('',*,*,#1008,.F.);
#760=ORIENTED_EDGE('',*,*,#1015,.F.);
#761=ORIENTED_EDGE('',*,*,#983,.F.);
#762=ORIENTED_EDGE('',*,*,#1018,.T.);
#763=ORIENTED_EDGE('',*,*,#955,.F.);
#764=ORIENTED_EDGE('',*,*,#997,.F.);
#765=ORIENTED_EDGE('',*,*,#1016,.T.);
#766=ORIENTED_EDGE('',*,*,#957,.F.);
#767=ORIENTED_EDGE('',*,*,#811,.T.);
#768=ORIENTED_EDGE('',*,*,#887,.F.);
#769=ORIENTED_EDGE('',*,*,#948,.F.);
#770=ORIENTED_EDGE('',*,*,#890,.T.);
#771=ORIENTED_EDGE('',*,*,#1002,.F.);
#772=ORIENTED_EDGE('',*,*,#952,.F.);
#773=ORIENTED_EDGE('',*,*,#1017,.T.);
#774=ORIENTED_EDGE('',*,*,#981,.F.);
#775=ORIENTED_EDGE('',*,*,#801,.F.);
#776=ORIENTED_EDGE('',*,*,#956,.F.);
#777=ORIENTED_EDGE('',*,*,#804,.T.);
#778=ORIENTED_EDGE('',*,*,#998,.F.);
#779=ORIENTED_EDGE('',*,*,#809,.F.);
#780=ORIENTED_EDGE('',*,*,#939,.F.);
#781=ORIENTED_EDGE('',*,*,#879,.T.);
#782=ORIENTED_EDGE('',*,*,#1011,.F.);
#783=ORIENTED_EDGE('',*,*,#873,.F.);
#784=ORIENTED_EDGE('',*,*,#1055,.F.);
#785=ORIENTED_EDGE('',*,*,#938,.T.);
#786=ORIENTED_EDGE('',*,*,#1055,.T.);
#787=ORIENTED_EDGE('',*,*,#980,.F.);
#788=ORIENTED_EDGE('',*,*,#1056,.F.);
#789=ORIENTED_EDGE('',*,*,#937,.T.);
#790=ORIENTED_EDGE('',*,*,#1056,.T.);
#791=ORIENTED_EDGE('',*,*,#979,.F.);
#792=ORIENTED_EDGE('',*,*,#1057,.F.);
#793=ORIENTED_EDGE('',*,*,#936,.T.);
#794=ORIENTED_EDGE('',*,*,#1057,.T.);
#795=ORIENTED_EDGE('',*,*,#978,.F.);
#796=ORIENTED_EDGE('',*,*,#1058,.F.);
#797=ORIENTED_EDGE('',*,*,#935,.T.);
#798=ORIENTED_EDGE('',*,*,#1058,.T.);
#799=ORIENTED_EDGE('',*,*,#977,.F.);
#800=EDGE_CURVE('',#1059,#1060,#1246,.T.);
#801=EDGE_CURVE('',#1059,#1061,#122,.T.);
#802=EDGE_CURVE('',#1061,#1062,#1247,.T.);
#803=EDGE_CURVE('',#1060,#1062,#123,.F.);
#804=EDGE_CURVE('',#1063,#1064,#124,.F.);
#805=EDGE_CURVE('',#1063,#1065,#1248,.T.);
#806=EDGE_CURVE('',#1065,#1066,#125,.F.);
#807=EDGE_CURVE('',#1064,#1066,#1249,.T.);
#808=EDGE_CURVE('',#1067,#1068,#1250,.T.);
#809=EDGE_CURVE('',#1067,#1069,#126,.T.);
#810=EDGE_CURVE('',#1069,#1070,#1251,.T.);
#811=EDGE_CURVE('',#1068,#1070,#127,.T.);
#812=EDGE_CURVE('',#1071,#1072,#1252,.T.);
#813=EDGE_CURVE('',#1072,#1073,#128,.F.);
#814=EDGE_CURVE('',#1074,#1073,#1253,.F.);
#815=EDGE_CURVE('',#1071,#1074,#129,.F.);
#816=EDGE_CURVE('',#1075,#1075,#1254,.T.);
#817=EDGE_CURVE('',#1076,#1077,#1255,.T.);
#818=EDGE_CURVE('',#1076,#1078,#130,.T.);
#819=EDGE_CURVE('',#1078,#1079,#1256,.T.);
#820=EDGE_CURVE('',#1077,#1079,#131,.T.);
#821=EDGE_CURVE('',#1080,#1081,#1257,.T.);
#822=EDGE_CURVE('',#1081,#1082,#132,.F.);
#823=EDGE_CURVE('',#1083,#1082,#1258,.F.);
#824=EDGE_CURVE('',#1080,#1083,#133,.F.);
#825=EDGE_CURVE('',#1084,#1084,#1259,.T.);
#826=EDGE_CURVE('',#1085,#1086,#1260,.T.);
#827=EDGE_CURVE('',#1085,#1087,#134,.T.);
#828=EDGE_CURVE('',#1087,#1088,#1261,.T.);
#829=EDGE_CURVE('',#1086,#1088,#135,.T.);
#830=EDGE_CURVE('',#1089,#1090,#1262,.T.);
#831=EDGE_CURVE('',#1090,#1091,#136,.F.);
#832=EDGE_CURVE('',#1092,#1091,#1263,.F.);
#833=EDGE_CURVE('',#1089,#1092,#137,.F.);
#834=EDGE_CURVE('',#1093,#1093,#1264,.T.);
#835=EDGE_CURVE('',#1094,#1095,#1265,.T.);
#836=EDGE_CURVE('',#1094,#1096,#138,.T.);
#837=EDGE_CURVE('',#1096,#1097,#1266,.T.);
#838=EDGE_CURVE('',#1095,#1097,#139,.T.);
#839=EDGE_CURVE('',#1098,#1098,#1267,.T.);
#840=EDGE_CURVE('',#1099,#1100,#140,.F.);
#841=EDGE_CURVE('',#1099,#1101,#1268,.T.);
#842=EDGE_CURVE('',#1101,#1102,#141,.F.);
#843=EDGE_CURVE('',#1100,#1102,#1269,.F.);
#844=EDGE_CURVE('',#1103,#1104,#1270,.T.);
#845=EDGE_CURVE('',#1103,#1105,#142,.T.);
#846=EDGE_CURVE('',#1105,#1106,#1271,.T.);
#847=EDGE_CURVE('',#1104,#1106,#143,.T.);
#848=EDGE_CURVE('',#1090,#1107,#50,.T.);
#849=EDGE_CURVE('',#1108,#1107,#144,.T.);
#850=EDGE_CURVE('',#1091,#1108,#51,.T.);
#851=EDGE_CURVE('',#1109,#1110,#145,.F.);
#852=EDGE_CURVE('',#1089,#1109,#52,.T.);
#853=EDGE_CURVE('',#1092,#1110,#53,.T.);
#854=EDGE_CURVE('',#1111,#1112,#54,.T.);
#855=EDGE_CURVE('',#1112,#1113,#146,.T.);
#856=EDGE_CURVE('',#1114,#1113,#55,.T.);
#857=EDGE_CURVE('',#1114,#1111,#147,.F.);
#858=EDGE_CURVE('',#1115,#1116,#56,.T.);
#859=EDGE_CURVE('',#1116,#1117,#148,.F.);
#860=EDGE_CURVE('',#1118,#1117,#57,.T.);
#861=EDGE_CURVE('',#1115,#1118,#149,.F.);
#862=EDGE_CURVE('',#1081,#1119,#58,.T.);
#863=EDGE_CURVE('',#1120,#1119,#150,.T.);
#864=EDGE_CURVE('',#1082,#1120,#59,.T.);
#865=EDGE_CURVE('',#1121,#1122,#151,.F.);
#866=EDGE_CURVE('',#1080,#1121,#60,.T.);
#867=EDGE_CURVE('',#1083,#1122,#61,.T.);
#868=EDGE_CURVE('',#1123,#1124,#62,.T.);
#869=EDGE_CURVE('',#1123,#1125,#152,.F.);
#870=EDGE_CURVE('',#1125,#1126,#63,.T.);
#871=EDGE_CURVE('',#1126,#1124,#153,.T.);
#872=EDGE_CURVE('',#1127,#1128,#64,.T.);
#873=EDGE_CURVE('',#1128,#1129,#154,.T.);
#874=EDGE_CURVE('',#1130,#1129,#65,.T.);
#875=EDGE_CURVE('',#1127,#1130,#155,.F.);
#876=EDGE_CURVE('',#1072,#1131,#66,.T.);
#877=EDGE_CURVE('',#1132,#1131,#156,.T.);
#878=EDGE_CURVE('',#1073,#1132,#67,.T.);
#879=EDGE_CURVE('',#1133,#1134,#157,.T.);
#880=EDGE_CURVE('',#1071,#1133,#68,.T.);
#881=EDGE_CURVE('',#1074,#1134,#69,.T.);
#882=EDGE_CURVE('',#1135,#1136,#70,.T.);
#883=EDGE_CURVE('',#1136,#1137,#158,.T.);
#884=EDGE_CURVE('',#1138,#1137,#71,.T.);
#885=EDGE_CURVE('',#1138,#1135,#159,.F.);
#886=EDGE_CURVE('',#1139,#1140,#72,.T.);
#887=EDGE_CURVE('',#1140,#1141,#160,.F.);
#888=EDGE_CURVE('',#1142,#1141,#73,.T.);
#889=EDGE_CURVE('',#1139,#1142,#161,.F.);
#890=EDGE_CURVE('',#1143,#1144,#162,.F.);
#891=EDGE_CURVE('',#1099,#1143,#74,.T.);
#892=EDGE_CURVE('',#1100,#1144,#75,.T.);
#893=EDGE_CURVE('',#1101,#1145,#76,.T.);
#894=EDGE_CURVE('',#1146,#1145,#163,.T.);
#895=EDGE_CURVE('',#1102,#1146,#77,.T.);
#896=EDGE_CURVE('',#1147,#1148,#78,.T.);
#897=EDGE_CURVE('',#1148,#1149,#164,.T.);
#898=EDGE_CURVE('',#1150,#1149,#79,.T.);
#899=EDGE_CURVE('',#1150,#1147,#165,.F.);
#900=EDGE_CURVE('',#1151,#1152,#80,.T.);
#901=EDGE_CURVE('',#1152,#1153,#166,.F.);
#902=EDGE_CURVE('',#1154,#1153,#81,.T.);
#903=EDGE_CURVE('',#1151,#1154,#167,.F.);
#904=EDGE_CURVE('',#1155,#1155,#1272,.T.);
#905=EDGE_CURVE('',#1156,#1156,#1273,.T.);
#906=EDGE_CURVE('',#1157,#1157,#1274,.F.);
#907=EDGE_CURVE('',#1158,#1159,#1275,.T.);
#908=EDGE_CURVE('',#1159,#1160,#168,.T.);
#909=EDGE_CURVE('',#1160,#1161,#1276,.T.);
#910=EDGE_CURVE('',#1162,#1161,#169,.T.);
#911=EDGE_CURVE('',#1162,#1163,#1277,.T.);
#912=EDGE_CURVE('',#1163,#1164,#170,.T.);
#913=EDGE_CURVE('',#1164,#1165,#1278,.T.);
#914=EDGE_CURVE('',#1166,#1165,#171,.T.);
#915=EDGE_CURVE('',#1166,#1167,#1279,.T.);
#916=EDGE_CURVE('',#1167,#1168,#172,.T.);
#917=EDGE_CURVE('',#1168,#1169,#1280,.T.);
#918=EDGE_CURVE('',#1170,#1169,#173,.T.);
#919=EDGE_CURVE('',#1170,#1171,#1281,.T.);
#920=EDGE_CURVE('',#1171,#1172,#174,.T.);
#921=EDGE_CURVE('',#1172,#1173,#1282,.T.);
#922=EDGE_CURVE('',#1158,#1173,#175,.T.);
#923=EDGE_CURVE('',#1174,#1175,#1283,.T.);
#924=EDGE_CURVE('',#1174,#1176,#176,.F.);
#925=EDGE_CURVE('',#1176,#1177,#1284,.T.);
#926=EDGE_CURVE('',#1175,#1177,#177,.T.);
#927=EDGE_CURVE('',#1065,#1172,#82,.T.);
#928=EDGE_CURVE('',#1066,#1171,#83,.T.);
#929=EDGE_CURVE('',#1178,#1179,#178,.F.);
#930=EDGE_CURVE('',#1178,#1168,#84,.T.);
#931=EDGE_CURVE('',#1179,#1167,#85,.T.);
#932=EDGE_CURVE('',#1180,#1181,#179,.F.);
#933=EDGE_CURVE('',#1180,#1164,#86,.T.);
#934=EDGE_CURVE('',#1181,#1163,#87,.T.);
#935=EDGE_CURVE('',#1182,#1182,#1285,.F.);
#936=EDGE_CURVE('',#1183,#1183,#1286,.F.);
#937=EDGE_CURVE('',#1184,#1184,#1287,.F.);
#938=EDGE_CURVE('',#1185,#1185,#1288,.F.);
#939=EDGE_CURVE('',#1133,#1128,#1289,.F.);
#940=EDGE_CURVE('',#1123,#1127,#1290,.T.);
#941=EDGE_CURVE('',#1119,#1124,#1291,.T.);
#942=EDGE_CURVE('',#1121,#1116,#1292,.F.);
#943=EDGE_CURVE('',#1114,#1115,#1293,.T.);
#944=EDGE_CURVE('',#1107,#1113,#1294,.T.);
#945=EDGE_CURVE('',#1109,#1152,#1295,.F.);
#946=EDGE_CURVE('',#1150,#1151,#1296,.T.);
#947=EDGE_CURVE('',#1145,#1149,#1297,.T.);
#948=EDGE_CURVE('',#1143,#1140,#1298,.F.);
#949=EDGE_CURVE('',#1138,#1139,#1299,.T.);
#950=EDGE_CURVE('',#1131,#1137,#1300,.T.);
#951=EDGE_CURVE('',#1186,#1187,#1301,.T.);
#952=EDGE_CURVE('',#1187,#1059,#1302,.F.);
#953=EDGE_CURVE('',#1060,#1169,#88,.T.);
#954=EDGE_CURVE('',#1188,#1178,#1303,.T.);
#955=EDGE_CURVE('',#1188,#1186,#1304,.F.);
#956=EDGE_CURVE('',#1063,#1067,#1305,.F.);
#957=EDGE_CURVE('',#1068,#1189,#1306,.F.);
#958=EDGE_CURVE('',#1189,#1190,#1307,.T.);
#959=EDGE_CURVE('',#1190,#1173,#89,.T.);
#960=EDGE_CURVE('',#1176,#1191,#1308,.F.);
#961=EDGE_CURVE('',#1191,#1192,#1309,.T.);
#962=EDGE_CURVE('',#1192,#1193,#1310,.F.);
#963=EDGE_CURVE('',#1193,#1194,#1311,.T.);
#964=EDGE_CURVE('',#1194,#1161,#90,.T.);
#965=EDGE_CURVE('',#1177,#1160,#91,.T.);
#966=EDGE_CURVE('',#1195,#1196,#1312,.F.);
#967=EDGE_CURVE('',#1196,#1197,#1313,.T.);
#968=EDGE_CURVE('',#1197,#1198,#1314,.F.);
#969=EDGE_CURVE('',#1198,#1199,#1315,.T.);
#970=EDGE_CURVE('',#1199,#1165,#92,.T.);
#971=EDGE_CURVE('',#1195,#1180,#1316,.T.);
#972=EDGE_CURVE('',#1200,#1190,#180,.T.);
#973=EDGE_CURVE('',#1200,#1158,#93,.T.);
#974=EDGE_CURVE('',#1201,#1193,#181,.F.);
#975=EDGE_CURVE('',#1201,#1202,#1317,.T.);
#976=EDGE_CURVE('',#1194,#1202,#182,.F.);
#977=EDGE_CURVE('',#1203,#1203,#1318,.T.);
#978=EDGE_CURVE('',#1204,#1204,#1319,.T.);
#979=EDGE_CURVE('',#1205,#1205,#1320,.T.);
#980=EDGE_CURVE('',#1206,#1206,#1321,.T.);
#981=EDGE_CURVE('',#1061,#1207,#1322,.T.);
#982=EDGE_CURVE('',#1208,#1207,#1323,.T.);
#983=EDGE_CURVE('',#1208,#1209,#1324,.T.);
#984=EDGE_CURVE('',#1209,#1179,#1325,.T.);
#985=EDGE_CURVE('',#1210,#1166,#94,.T.);
#986=EDGE_CURVE('',#1211,#1210,#1326,.T.);
#987=EDGE_CURVE('',#1211,#1212,#1327,.T.);
#988=EDGE_CURVE('',#1213,#1212,#1328,.T.);
#989=EDGE_CURVE('',#1213,#1214,#1329,.T.);
#990=EDGE_CURVE('',#1214,#1181,#1330,.T.);
#991=EDGE_CURVE('',#1202,#1162,#95,.T.);
#992=EDGE_CURVE('',#1201,#1215,#1331,.T.);
#993=EDGE_CURVE('',#1216,#1215,#1332,.T.);
#994=EDGE_CURVE('',#1216,#1174,#1333,.T.);
#995=EDGE_CURVE('',#1175,#1159,#96,.T.);
#996=EDGE_CURVE('',#1217,#1200,#1334,.T.);
#997=EDGE_CURVE('',#1217,#1070,#1335,.T.);
#998=EDGE_CURVE('',#1069,#1064,#1336,.T.);
#999=EDGE_CURVE('',#1062,#1170,#97,.T.);
#1000=EDGE_CURVE('',#1132,#1136,#1337,.T.);
#1001=EDGE_CURVE('',#1135,#1142,#1338,.F.);
#1002=EDGE_CURVE('',#1141,#1144,#1339,.T.);
#1003=EDGE_CURVE('',#1146,#1148,#1340,.T.);
#1004=EDGE_CURVE('',#1147,#1154,#1341,.F.);
#1005=EDGE_CURVE('',#1153,#1110,#1342,.T.);
#1006=EDGE_CURVE('',#1108,#1112,#1343,.T.);
#1007=EDGE_CURVE('',#1111,#1118,#1344,.F.);
#1008=EDGE_CURVE('',#1117,#1122,#1345,.T.);
#1009=EDGE_CURVE('',#1120,#1126,#1346,.T.);
#1010=EDGE_CURVE('',#1125,#1130,#1347,.F.);
#1011=EDGE_CURVE('',#1129,#1134,#1348,.T.);
#1012=EDGE_CURVE('',#1214,#1195,#183,.F.);
#1013=EDGE_CURVE('',#1211,#1198,#184,.F.);
#1014=EDGE_CURVE('',#1199,#1210,#185,.F.);
#1015=EDGE_CURVE('',#1209,#1188,#186,.F.);
#1016=EDGE_CURVE('',#1217,#1189,#187,.F.);
#1017=EDGE_CURVE('',#1187,#1207,#188,.T.);
#1018=EDGE_CURVE('',#1208,#1186,#189,.F.);
#1019=EDGE_CURVE('',#1197,#1212,#190,.T.);
#1020=EDGE_CURVE('',#1213,#1196,#191,.F.);
#1021=EDGE_CURVE('',#1216,#1191,#192,.F.);
#1022=EDGE_CURVE('',#1192,#1215,#193,.T.);
#1023=EDGE_CURVE('',#1218,#1218,#1349,.T.);
#1024=EDGE_CURVE('',#1219,#1219,#1350,.T.);
#1025=EDGE_CURVE('',#1220,#1220,#1351,.T.);
#1026=EDGE_CURVE('',#1221,#1221,#1352,.T.);
#1027=EDGE_CURVE('',#1222,#1222,#1353,.T.);
#1028=EDGE_CURVE('',#1223,#1223,#1354,.T.);
#1029=EDGE_CURVE('',#1224,#1224,#1355,.T.);
#1030=EDGE_CURVE('',#1225,#1225,#1356,.T.);
#1031=EDGE_CURVE('',#1226,#1226,#1357,.T.);
#1032=EDGE_CURVE('',#1227,#1227,#1358,.T.);
#1033=EDGE_CURVE('',#1228,#1228,#1359,.T.);
#1034=EDGE_CURVE('',#1229,#1229,#1360,.T.);
#1035=EDGE_CURVE('',#1230,#1230,#1361,.T.);
#1036=EDGE_CURVE('',#1231,#1231,#1362,.T.);
#1037=EDGE_CURVE('',#1232,#1232,#1363,.T.);
#1038=EDGE_CURVE('',#1233,#1233,#1364,.T.);
#1039=EDGE_CURVE('',#1234,#1234,#1365,.T.);
#1040=EDGE_CURVE('',#1235,#1235,#1366,.T.);
#1041=EDGE_CURVE('',#1236,#1236,#1367,.T.);
#1042=EDGE_CURVE('',#1237,#1237,#1368,.T.);
#1043=EDGE_CURVE('',#1238,#1238,#1369,.T.);
#1044=EDGE_CURVE('',#1239,#1239,#1370,.T.);
#1045=EDGE_CURVE('',#1240,#1240,#1371,.T.);
#1046=EDGE_CURVE('',#1241,#1241,#1372,.T.);
#1047=EDGE_CURVE('',#1106,#1105,#194,.T.);
#1048=EDGE_CURVE('',#1104,#1103,#195,.T.);
#1049=EDGE_CURVE('',#1097,#1096,#196,.T.);
#1050=EDGE_CURVE('',#1095,#1094,#197,.T.);
#1051=EDGE_CURVE('',#1088,#1087,#198,.T.);
#1052=EDGE_CURVE('',#1086,#1085,#199,.T.);
#1053=EDGE_CURVE('',#1078,#1079,#200,.T.);
#1054=EDGE_CURVE('',#1076,#1077,#201,.T.);
#1055=EDGE_CURVE('',#1242,#1242,#1373,.T.);
#1056=EDGE_CURVE('',#1243,#1243,#1374,.T.);
#1057=EDGE_CURVE('',#1244,#1244,#1375,.T.);
#1058=EDGE_CURVE('',#1245,#1245,#1376,.T.);
#1059=VERTEX_POINT('',#2644);
#1060=VERTEX_POINT('',#2645);
#1061=VERTEX_POINT('',#2647);
#1062=VERTEX_POINT('',#2649);
#1063=VERTEX_POINT('',#2653);
#1064=VERTEX_POINT('',#2654);
#1065=VERTEX_POINT('',#2656);
#1066=VERTEX_POINT('',#2658);
#1067=VERTEX_POINT('',#2662);
#1068=VERTEX_POINT('',#2663);
#1069=VERTEX_POINT('',#2665);
#1070=VERTEX_POINT('',#2667);
#1071=VERTEX_POINT('',#2671);
#1072=VERTEX_POINT('',#2672);
#1073=VERTEX_POINT('',#2674);
#1074=VERTEX_POINT('',#2676);
#1075=VERTEX_POINT('',#2679);
#1076=VERTEX_POINT('',#2681);
#1077=VERTEX_POINT('',#2682);
#1078=VERTEX_POINT('',#2684);
#1079=VERTEX_POINT('',#2686);
#1080=VERTEX_POINT('',#2690);
#1081=VERTEX_POINT('',#2691);
#1082=VERTEX_POINT('',#2693);
#1083=VERTEX_POINT('',#2695);
#1084=VERTEX_POINT('',#2698);
#1085=VERTEX_POINT('',#2700);
#1086=VERTEX_POINT('',#2701);
#1087=VERTEX_POINT('',#2703);
#1088=VERTEX_POINT('',#2705);
#1089=VERTEX_POINT('',#2709);
#1090=VERTEX_POINT('',#2710);
#1091=VERTEX_POINT('',#2712);
#1092=VERTEX_POINT('',#2714);
#1093=VERTEX_POINT('',#2717);
#1094=VERTEX_POINT('',#2719);
#1095=VERTEX_POINT('',#2720);
#1096=VERTEX_POINT('',#2722);
#1097=VERTEX_POINT('',#2724);
#1098=VERTEX_POINT('',#2728);
#1099=VERTEX_POINT('',#2730);
#1100=VERTEX_POINT('',#2731);
#1101=VERTEX_POINT('',#2733);
#1102=VERTEX_POINT('',#2735);
#1103=VERTEX_POINT('',#2738);
#1104=VERTEX_POINT('',#2739);
#1105=VERTEX_POINT('',#2741);
#1106=VERTEX_POINT('',#2743);
#1107=VERTEX_POINT('',#2760);
#1108=VERTEX_POINT('',#2762);
#1109=VERTEX_POINT('',#2779);
#1110=VERTEX_POINT('',#2780);
#1111=VERTEX_POINT('',#2814);
#1112=VERTEX_POINT('',#2815);
#1113=VERTEX_POINT('',#2817);
#1114=VERTEX_POINT('',#2829);
#1115=VERTEX_POINT('',#2850);
#1116=VERTEX_POINT('',#2851);
#1117=VERTEX_POINT('',#2853);
#1118=VERTEX_POINT('',#2865);
#1119=VERTEX_POINT('',#2882);
#1120=VERTEX_POINT('',#2884);
#1121=VERTEX_POINT('',#2901);
#1122=VERTEX_POINT('',#2902);
#1123=VERTEX_POINT('',#2936);
#1124=VERTEX_POINT('',#2937);
#1125=VERTEX_POINT('',#2939);
#1126=VERTEX_POINT('',#2951);
#1127=VERTEX_POINT('',#2972);
#1128=VERTEX_POINT('',#2973);
#1129=VERTEX_POINT('',#2975);
#1130=VERTEX_POINT('',#2987);
#1131=VERTEX_POINT('',#3004);
#1132=VERTEX_POINT('',#3006);
#1133=VERTEX_POINT('',#3023);
#1134=VERTEX_POINT('',#3024);
#1135=VERTEX_POINT('',#3058);
#1136=VERTEX_POINT('',#3059);
#1137=VERTEX_POINT('',#3061);
#1138=VERTEX_POINT('',#3073);
#1139=VERTEX_POINT('',#3094);
#1140=VERTEX_POINT('',#3095);
#1141=VERTEX_POINT('',#3097);
#1142=VERTEX_POINT('',#3109);
#1143=VERTEX_POINT('',#3120);
#1144=VERTEX_POINT('',#3121);
#1145=VERTEX_POINT('',#3151);
#1146=VERTEX_POINT('',#3153);
#1147=VERTEX_POINT('',#3180);
#1148=VERTEX_POINT('',#3181);
#1149=VERTEX_POINT('',#3183);
#1150=VERTEX_POINT('',#3195);
#1151=VERTEX_POINT('',#3216);
#1152=VERTEX_POINT('',#3217);
#1153=VERTEX_POINT('',#3219);
#1154=VERTEX_POINT('',#3231);
#1155=VERTEX_POINT('',#3235);
#1156=VERTEX_POINT('',#3237);
#1157=VERTEX_POINT('',#3240);
#1158=VERTEX_POINT('',#3242);
#1159=VERTEX_POINT('',#3243);
#1160=VERTEX_POINT('',#3245);
#1161=VERTEX_POINT('',#3247);
#1162=VERTEX_POINT('',#3249);
#1163=VERTEX_POINT('',#3251);
#1164=VERTEX_POINT('',#3253);
#1165=VERTEX_POINT('',#3255);
#1166=VERTEX_POINT('',#3257);
#1167=VERTEX_POINT('',#3259);
#1168=VERTEX_POINT('',#3261);
#1169=VERTEX_POINT('',#3263);
#1170=VERTEX_POINT('',#3265);
#1171=VERTEX_POINT('',#3267);
#1172=VERTEX_POINT('',#3269);
#1173=VERTEX_POINT('',#3271);
#1174=VERTEX_POINT('',#3275);
#1175=VERTEX_POINT('',#3276);
#1176=VERTEX_POINT('',#3278);
#1177=VERTEX_POINT('',#3280);
#1178=VERTEX_POINT('',#3321);
#1179=VERTEX_POINT('',#3322);
#1180=VERTEX_POINT('',#3354);
#1181=VERTEX_POINT('',#3355);
#1182=VERTEX_POINT('',#3380);
#1183=VERTEX_POINT('',#3382);
#1184=VERTEX_POINT('',#3384);
#1185=VERTEX_POINT('',#3386);
#1186=VERTEX_POINT('',#3400);
#1187=VERTEX_POINT('',#3401);
#1188=VERTEX_POINT('',#3411);
#1189=VERTEX_POINT('',#3415);
#1190=VERTEX_POINT('',#3417);
#1191=VERTEX_POINT('',#3426);
#1192=VERTEX_POINT('',#3428);
#1193=VERTEX_POINT('',#3430);
#1194=VERTEX_POINT('',#3432);
#1195=VERTEX_POINT('',#3452);
#1196=VERTEX_POINT('',#3453);
#1197=VERTEX_POINT('',#3455);
#1198=VERTEX_POINT('',#3457);
#1199=VERTEX_POINT('',#3459);
#1200=VERTEX_POINT('',#3477);
#1201=VERTEX_POINT('',#3487);
#1202=VERTEX_POINT('',#3489);
#1203=VERTEX_POINT('',#3493);
#1204=VERTEX_POINT('',#3495);
#1205=VERTEX_POINT('',#3497);
#1206=VERTEX_POINT('',#3499);
#1207=VERTEX_POINT('',#3501);
#1208=VERTEX_POINT('',#3503);
#1209=VERTEX_POINT('',#3505);
#1210=VERTEX_POINT('',#3514);
#1211=VERTEX_POINT('',#3516);
#1212=VERTEX_POINT('',#3518);
#1213=VERTEX_POINT('',#3520);
#1214=VERTEX_POINT('',#3522);
#1215=VERTEX_POINT('',#3532);
#1216=VERTEX_POINT('',#3534);
#1217=VERTEX_POINT('',#3548);
#1218=VERTEX_POINT('',#3626);
#1219=VERTEX_POINT('',#3628);
#1220=VERTEX_POINT('',#3632);
#1221=VERTEX_POINT('',#3634);
#1222=VERTEX_POINT('',#3639);
#1223=VERTEX_POINT('',#3642);
#1224=VERTEX_POINT('',#3645);
#1225=VERTEX_POINT('',#3648);
#1226=VERTEX_POINT('',#3651);
#1227=VERTEX_POINT('',#3654);
#1228=VERTEX_POINT('',#3657);
#1229=VERTEX_POINT('',#3660);
#1230=VERTEX_POINT('',#3663);
#1231=VERTEX_POINT('',#3666);
#1232=VERTEX_POINT('',#3669);
#1233=VERTEX_POINT('',#3672);
#1234=VERTEX_POINT('',#3676);
#1235=VERTEX_POINT('',#3680);
#1236=VERTEX_POINT('',#3684);
#1237=VERTEX_POINT('',#3688);
#1238=VERTEX_POINT('',#3692);
#1239=VERTEX_POINT('',#3696);
#1240=VERTEX_POINT('',#3700);
#1241=VERTEX_POINT('',#3704);
#1242=VERTEX_POINT('',#3740);
#1243=VERTEX_POINT('',#3744);
#1244=VERTEX_POINT('',#3748);
#1245=VERTEX_POINT('',#3752);
#1246=CIRCLE('',#1897,0.0350440726323201);
#1247=CIRCLE('',#1898,0.0350440726323201);
#1248=CIRCLE('',#1900,0.0409129683289039);
#1249=CIRCLE('',#1901,0.0409129683289039);
#1250=CIRCLE('',#1903,0.0135);
#1251=CIRCLE('',#1904,0.0135);
#1252=CIRCLE('',#1906,0.002);
#1253=CIRCLE('',#1907,0.002);
#1254=CIRCLE('',#1908,0.002);
#1255=CIRCLE('',#1909,0.002);
#1256=CIRCLE('',#1910,0.002);
#1257=CIRCLE('',#1912,0.002);
#1258=CIRCLE('',#1913,0.002);
#1259=CIRCLE('',#1914,0.002);
#1260=CIRCLE('',#1915,0.002);
#1261=CIRCLE('',#1916,0.002);
#1262=CIRCLE('',#1918,0.002);
#1263=CIRCLE('',#1919,0.002);
#1264=CIRCLE('',#1920,0.002);
#1265=CIRCLE('',#1921,0.002);
#1266=CIRCLE('',#1922,0.002);
#1267=CIRCLE('',#1924,0.002);
#1268=CIRCLE('',#1925,0.002);
#1269=CIRCLE('',#1926,0.002);
#1270=CIRCLE('',#1927,0.002);
#1271=CIRCLE('',#1928,0.002);
#1272=CIRCLE('',#1930,0.0014);
#1273=CIRCLE('',#1931,0.0014);
#1274=CIRCLE('',#1933,0.0034);
#1275=CIRCLE('',#1934,0.0034);
#1276=CIRCLE('',#1935,0.0034);
#1277=CIRCLE('',#1936,0.0034);
#1278=CIRCLE('',#1937,0.0034);
#1279=CIRCLE('',#1938,0.0034);
#1280=CIRCLE('',#1939,0.0034);
#1281=CIRCLE('',#1940,0.0034);
#1282=CIRCLE('',#1941,0.0034);
#1283=CIRCLE('',#1943,0.0409129683282752);
#1284=CIRCLE('',#1944,0.0409129683282752);
#1285=CIRCLE('',#1946,0.002);
#1286=CIRCLE('',#1947,0.002);
#1287=CIRCLE('',#1948,0.002);
#1288=CIRCLE('',#1949,0.002);
#1289=CIRCLE('',#1950,0.0045);
#1290=CIRCLE('',#1951,0.002);
#1291=CIRCLE('',#1952,0.0165);
#1292=CIRCLE('',#1953,0.0045);
#1293=CIRCLE('',#1954,0.002);
#1294=CIRCLE('',#1955,0.0165);
#1295=CIRCLE('',#1956,0.0045);
#1296=CIRCLE('',#1957,0.002);
#1297=CIRCLE('',#1958,0.0165);
#1298=CIRCLE('',#1959,0.0045);
#1299=CIRCLE('',#1960,0.002);
#1300=CIRCLE('',#1961,0.0165);
#1301=CIRCLE('',#1962,0.0135);
#1302=CIRCLE('',#1963,0.0045);
#1303=CIRCLE('',#1964,0.0409129683289093);
#1304=CIRCLE('',#1965,0.0045);
#1305=CIRCLE('',#1966,0.0045);
#1306=CIRCLE('',#1967,0.0045);
#1307=CIRCLE('',#1968,0.0350440726323213);
#1308=CIRCLE('',#1969,0.0045);
#1309=CIRCLE('',#1970,0.0135);
#1310=CIRCLE('',#1971,0.0045);
#1311=CIRCLE('',#1972,0.0350440726323229);
#1312=CIRCLE('',#1973,0.0045);
#1313=CIRCLE('',#1974,0.0135);
#1314=CIRCLE('',#1975,0.0045);
#1315=CIRCLE('',#1976,0.0350440726323194);
#1316=CIRCLE('',#1977,0.0409129683289097);
#1317=CIRCLE('',#1979,0.0350440726323229);
#1318=CIRCLE('',#1981,0.0025);
#1319=CIRCLE('',#1982,0.0025);
#1320=CIRCLE('',#1983,0.0025);
#1321=CIRCLE('',#1984,0.0025);
#1322=CIRCLE('',#1985,0.0045);
#1323=CIRCLE('',#1986,0.0135);
#1324=CIRCLE('',#1987,0.0045);
#1325=CIRCLE('',#1988,0.0409129683289093);
#1326=CIRCLE('',#1989,0.0350440726323194);
#1327=CIRCLE('',#1990,0.0045);
#1328=CIRCLE('',#1991,0.0135);
#1329=CIRCLE('',#1992,0.0045);
#1330=CIRCLE('',#1993,0.0409129683289097);
#1331=CIRCLE('',#1994,0.0045);
#1332=CIRCLE('',#1995,0.0135);
#1333=CIRCLE('',#1996,0.0045);
#1334=CIRCLE('',#1997,0.0350440726323213);
#1335=CIRCLE('',#1998,0.0045);
#1336=CIRCLE('',#1999,0.0045);
#1337=CIRCLE('',#2000,0.0165);
#1338=CIRCLE('',#2001,0.002);
#1339=CIRCLE('',#2002,0.0045);
#1340=CIRCLE('',#2003,0.0165);
#1341=CIRCLE('',#2004,0.002);
#1342=CIRCLE('',#2005,0.0045);
#1343=CIRCLE('',#2006,0.0165);
#1344=CIRCLE('',#2007,0.002);
#1345=CIRCLE('',#2008,0.0045);
#1346=CIRCLE('',#2009,0.0165);
#1347=CIRCLE('',#2010,0.002);
#1348=CIRCLE('',#2011,0.0045);
#1349=CIRCLE('',#2024,0.009);
#1350=CIRCLE('',#2025,0.009);
#1351=CIRCLE('',#2028,0.0016);
#1352=CIRCLE('',#2029,0.0016);
#1353=CIRCLE('',#2033,0.00085);
#1354=CIRCLE('',#2035,0.002);
#1355=CIRCLE('',#2037,0.00085);
#1356=CIRCLE('',#2039,0.002);
#1357=CIRCLE('',#2041,0.00085);
#1358=CIRCLE('',#2043,0.00085);
#1359=CIRCLE('',#2045,0.002);
#1360=CIRCLE('',#2047,0.00085);
#1361=CIRCLE('',#2049,0.00085);
#1362=CIRCLE('',#2051,0.002);
#1363=CIRCLE('',#2053,0.00085);
#1364=CIRCLE('',#2055,0.00085);
#1365=CIRCLE('',#2058,0.00085);
#1366=CIRCLE('',#2061,0.00085);
#1367=CIRCLE('',#2064,0.00085);
#1368=CIRCLE('',#2067,0.00085);
#1369=CIRCLE('',#2070,0.00085);
#1370=CIRCLE('',#2073,0.00085);
#1371=CIRCLE('',#2076,0.00085);
#1372=CIRCLE('',#2079,0.00085);
#1373=CIRCLE('',#2106,0.002);
#1374=CIRCLE('',#2109,0.002);
#1375=CIRCLE('',#2112,0.002);
#1376=CIRCLE('',#2115,0.002);
#1377=EDGE_LOOP('',(#282,#283,#284,#285));
#1378=EDGE_LOOP('',(#286,#287,#288,#289));
#1379=EDGE_LOOP('',(#290,#291,#292,#293));
#1380=EDGE_LOOP('',(#294,#295,#296,#297));
#1381=EDGE_LOOP('',(#298));
#1382=EDGE_LOOP('',(#299,#300,#301,#302));
#1383=EDGE_LOOP('',(#303,#304,#305,#306));
#1384=EDGE_LOOP('',(#307));
#1385=EDGE_LOOP('',(#308,#309,#310,#311));
#1386=EDGE_LOOP('',(#312,#313,#314,#315));
#1387=EDGE_LOOP('',(#316));
#1388=EDGE_LOOP('',(#317,#318,#319,#320));
#1389=EDGE_LOOP('',(#321));
#1390=EDGE_LOOP('',(#322,#323,#324,#325));
#1391=EDGE_LOOP('',(#326,#327,#328,#329));
#1392=EDGE_LOOP('',(#330,#331,#332,#333));
#1393=EDGE_LOOP('',(#334,#335,#336,#337));
#1394=EDGE_LOOP('',(#338,#339,#340,#341));
#1395=EDGE_LOOP('',(#342,#343,#344,#345));
#1396=EDGE_LOOP('',(#346,#347,#348,#349));
#1397=EDGE_LOOP('',(#350,#351,#352,#353));
#1398=EDGE_LOOP('',(#354,#355,#356,#357));
#1399=EDGE_LOOP('',(#358,#359,#360,#361));
#1400=EDGE_LOOP('',(#362,#363,#364,#365));
#1401=EDGE_LOOP('',(#366,#367,#368,#369));
#1402=EDGE_LOOP('',(#370,#371,#372,#373));
#1403=EDGE_LOOP('',(#374,#375,#376,#377));
#1404=EDGE_LOOP('',(#378,#379,#380,#381));
#1405=EDGE_LOOP('',(#382,#383,#384,#385));
#1406=EDGE_LOOP('',(#386,#387,#388,#389));
#1407=EDGE_LOOP('',(#390,#391,#392,#393));
#1408=EDGE_LOOP('',(#394));
#1409=EDGE_LOOP('',(#395));
#1410=EDGE_LOOP('',(#396));
#1411=EDGE_LOOP('',(#397,#398,#399,#400,#401,#402,#403,#404,#405,#406,#407,#408,#409,#410,#411,#412));
#1412=EDGE_LOOP('',(#413,#414,#415,#416));
#1413=EDGE_LOOP('',(#417,#418,#419,#420));
#1414=EDGE_LOOP('',(#421,#422,#423,#424));
#1415=EDGE_LOOP('',(#425,#426,#427,#428));
#1416=EDGE_LOOP('',(#429));
#1417=EDGE_LOOP('',(#430));
#1418=EDGE_LOOP('',(#431));
#1419=EDGE_LOOP('',(#432));
#1420=EDGE_LOOP('',(#433,#434,#435,#436,#437,#438,#439,#440,#441,#442,#443,#444,#445,#446,#447,#448,#449,#450,#451,#452,#453,#454,#455,#456,#457,#458,#459,#460,#461,#462,#463,#464));
#1421=EDGE_LOOP('',(#465,#466,#467,#468,#469,#470,#471,#472));
#1422=EDGE_LOOP('',(#473,#474,#475,#476,#477,#478,#479,#480));
#1423=EDGE_LOOP('',(#481,#482,#483,#484,#485,#486,#487,#488));
#1424=EDGE_LOOP('',(#489,#490,#491,#492,#493,#494,#495,#496));
#1425=EDGE_LOOP('',(#497,#498,#499,#500));
#1426=EDGE_LOOP('',(#501,#502,#503,#504));
#1427=EDGE_LOOP('',(#505));
#1428=EDGE_LOOP('',(#506));
#1429=EDGE_LOOP('',(#507));
#1430=EDGE_LOOP('',(#508));
#1431=EDGE_LOOP('',(#509,#510,#511,#512,#513,#514,#515,#516,#517,#518,#519,#520,#521,#522,#523,#524,#525,#526,#527,#528,#529,#530,#531,#532,#533,#534,#535,#536,#537,#538,#539,#540));
#1432=EDGE_LOOP('',(#541,#542,#543,#544,#545,#546,#547,#548,#549,#550,#551,#552,#553,#554,#555,#556,#557,#558,#559,#560,#561,#562,#563,#564,#565,#566,#567,#568,#569,#570,#571,#572));
#1433=EDGE_LOOP('',(#573,#574,#575,#576));
#1434=EDGE_LOOP('',(#577,#578,#579,#580));
#1435=EDGE_LOOP('',(#581,#582,#583,#584));
#1436=EDGE_LOOP('',(#585,#586,#587,#588));
#1437=EDGE_LOOP('',(#589,#590,#591,#592));
#1438=EDGE_LOOP('',(#593,#594,#595,#596));
#1439=EDGE_LOOP('',(#597,#598,#599,#600));
#1440=EDGE_LOOP('',(#601,#602,#603,#604));
#1441=EDGE_LOOP('',(#605,#606,#607,#608));
#1442=EDGE_LOOP('',(#609,#610,#611,#612));
#1443=EDGE_LOOP('',(#613,#614,#615,#616));
#1444=EDGE_LOOP('',(#617,#618,#619,#620));
#1445=EDGE_LOOP('',(#621,#622,#623,#624));
#1446=EDGE_LOOP('',(#625,#626,#627,#628));
#1447=EDGE_LOOP('',(#629,#630,#631,#632));
#1448=EDGE_LOOP('',(#633));
#1449=EDGE_LOOP('',(#634));
#1450=EDGE_LOOP('',(#635));
#1451=EDGE_LOOP('',(#636));
#1452=EDGE_LOOP('',(#637));
#1453=EDGE_LOOP('',(#638));
#1454=EDGE_LOOP('',(#639));
#1455=EDGE_LOOP('',(#640));
#1456=EDGE_LOOP('',(#641));
#1457=EDGE_LOOP('',(#642));
#1458=EDGE_LOOP('',(#643));
#1459=EDGE_LOOP('',(#644,#645,#646,#647));
#1460=EDGE_LOOP('',(#648));
#1461=EDGE_LOOP('',(#649));
#1462=EDGE_LOOP('',(#650));
#1463=EDGE_LOOP('',(#651,#652,#653,#654));
#1464=EDGE_LOOP('',(#655));
#1465=EDGE_LOOP('',(#656));
#1466=EDGE_LOOP('',(#657));
#1467=EDGE_LOOP('',(#658));
#1468=EDGE_LOOP('',(#659));
#1469=EDGE_LOOP('',(#660,#661,#662,#663));
#1470=EDGE_LOOP('',(#664));
#1471=EDGE_LOOP('',(#665));
#1472=EDGE_LOOP('',(#666));
#1473=EDGE_LOOP('',(#667));
#1474=EDGE_LOOP('',(#668));
#1475=EDGE_LOOP('',(#669,#670,#671,#672));
#1476=EDGE_LOOP('',(#673));
#1477=EDGE_LOOP('',(#674));
#1478=EDGE_LOOP('',(#675));
#1479=EDGE_LOOP('',(#676));
#1480=EDGE_LOOP('',(#677));
#1481=EDGE_LOOP('',(#678));
#1482=EDGE_LOOP('',(#679));
#1483=EDGE_LOOP('',(#680));
#1484=EDGE_LOOP('',(#681));
#1485=EDGE_LOOP('',(#682));
#1486=EDGE_LOOP('',(#683));
#1487=EDGE_LOOP('',(#684));
#1488=EDGE_LOOP('',(#685));
#1489=EDGE_LOOP('',(#686));
#1490=EDGE_LOOP('',(#687));
#1491=EDGE_LOOP('',(#688));
#1492=EDGE_LOOP('',(#689));
#1493=EDGE_LOOP('',(#690));
#1494=EDGE_LOOP('',(#691));
#1495=EDGE_LOOP('',(#692));
#1496=EDGE_LOOP('',(#693));
#1497=EDGE_LOOP('',(#694));
#1498=EDGE_LOOP('',(#695));
#1499=EDGE_LOOP('',(#696));
#1500=EDGE_LOOP('',(#697));
#1501=EDGE_LOOP('',(#698));
#1502=EDGE_LOOP('',(#699));
#1503=EDGE_LOOP('',(#700));
#1504=EDGE_LOOP('',(#701));
#1505=EDGE_LOOP('',(#702));
#1506=EDGE_LOOP('',(#703));
#1507=EDGE_LOOP('',(#704,#705,#706,#707));
#1508=EDGE_LOOP('',(#708,#709));
#1509=EDGE_LOOP('',(#710,#711));
#1510=EDGE_LOOP('',(#712,#713,#714,#715));
#1511=EDGE_LOOP('',(#716,#717));
#1512=EDGE_LOOP('',(#718,#719));
#1513=EDGE_LOOP('',(#720,#721,#722,#723));
#1514=EDGE_LOOP('',(#724,#725));
#1515=EDGE_LOOP('',(#726,#727));
#1516=EDGE_LOOP('',(#728,#729,#730,#731));
#1517=EDGE_LOOP('',(#732,#733));
#1518=EDGE_LOOP('',(#734,#735));
#1519=EDGE_LOOP('',(#736,#737,#738,#739));
#1520=EDGE_LOOP('',(#740,#741,#742,#743));
#1521=EDGE_LOOP('',(#744,#745,#746,#747));
#1522=EDGE_LOOP('',(#748,#749,#750,#751));
#1523=EDGE_LOOP('',(#752,#753,#754,#755));
#1524=EDGE_LOOP('',(#756,#757,#758,#759));
#1525=EDGE_LOOP('',(#760,#761,#762,#763));
#1526=EDGE_LOOP('',(#764,#765,#766,#767));
#1527=EDGE_LOOP('',(#768,#769,#770,#771));
#1528=EDGE_LOOP('',(#772,#773,#774,#775));
#1529=EDGE_LOOP('',(#776,#777,#778,#779));
#1530=EDGE_LOOP('',(#780,#781,#782,#783));
#1531=EDGE_LOOP('',(#784));
#1532=EDGE_LOOP('',(#785));
#1533=EDGE_LOOP('',(#786));
#1534=EDGE_LOOP('',(#787));
#1535=EDGE_LOOP('',(#788));
#1536=EDGE_LOOP('',(#789));
#1537=EDGE_LOOP('',(#790));
#1538=EDGE_LOOP('',(#791));
#1539=EDGE_LOOP('',(#792));
#1540=EDGE_LOOP('',(#793));
#1541=EDGE_LOOP('',(#794));
#1542=EDGE_LOOP('',(#795));
#1543=EDGE_LOOP('',(#796));
#1544=EDGE_LOOP('',(#797));
#1545=EDGE_LOOP('',(#798));
#1546=EDGE_LOOP('',(#799));
#1547=FACE_BOUND('',#1377,.T.);
#1548=FACE_BOUND('',#1378,.T.);
#1549=FACE_BOUND('',#1379,.T.);
#1550=FACE_BOUND('',#1380,.T.);
#1551=FACE_BOUND('',#1381,.T.);
#1552=FACE_BOUND('',#1382,.T.);
#1553=FACE_BOUND('',#1383,.T.);
#1554=FACE_BOUND('',#1384,.T.);
#1555=FACE_BOUND('',#1385,.T.);
#1556=FACE_BOUND('',#1386,.T.);
#1557=FACE_BOUND('',#1387,.T.);
#1558=FACE_BOUND('',#1388,.T.);
#1559=FACE_BOUND('',#1389,.T.);
#1560=FACE_BOUND('',#1390,.T.);
#1561=FACE_BOUND('',#1391,.T.);
#1562=FACE_BOUND('',#1392,.T.);
#1563=FACE_BOUND('',#1393,.T.);
#1564=FACE_BOUND('',#1394,.T.);
#1565=FACE_BOUND('',#1395,.T.);
#1566=FACE_BOUND('',#1396,.T.);
#1567=FACE_BOUND('',#1397,.T.);
#1568=FACE_BOUND('',#1398,.T.);
#1569=FACE_BOUND('',#1399,.T.);
#1570=FACE_BOUND('',#1400,.T.);
#1571=FACE_BOUND('',#1401,.T.);
#1572=FACE_BOUND('',#1402,.T.);
#1573=FACE_BOUND('',#1403,.T.);
#1574=FACE_BOUND('',#1404,.T.);
#1575=FACE_BOUND('',#1405,.T.);
#1576=FACE_BOUND('',#1406,.T.);
#1577=FACE_BOUND('',#1407,.T.);
#1578=FACE_BOUND('',#1408,.T.);
#1579=FACE_BOUND('',#1409,.T.);
#1580=FACE_BOUND('',#1410,.T.);
#1581=FACE_BOUND('',#1411,.T.);
#1582=FACE_BOUND('',#1412,.T.);
#1583=FACE_BOUND('',#1413,.T.);
#1584=FACE_BOUND('',#1414,.T.);
#1585=FACE_BOUND('',#1415,.T.);
#1586=FACE_BOUND('',#1416,.T.);
#1587=FACE_BOUND('',#1417,.T.);
#1588=FACE_BOUND('',#1418,.T.);
#1589=FACE_BOUND('',#1419,.T.);
#1590=FACE_BOUND('',#1420,.T.);
#1591=FACE_BOUND('',#1421,.T.);
#1592=FACE_BOUND('',#1422,.T.);
#1593=FACE_BOUND('',#1423,.T.);
#1594=FACE_BOUND('',#1424,.T.);
#1595=FACE_BOUND('',#1425,.T.);
#1596=FACE_BOUND('',#1426,.T.);
#1597=FACE_BOUND('',#1427,.T.);
#1598=FACE_BOUND('',#1428,.T.);
#1599=FACE_BOUND('',#1429,.T.);
#1600=FACE_BOUND('',#1430,.T.);
#1601=FACE_BOUND('',#1431,.T.);
#1602=FACE_BOUND('',#1432,.T.);
#1603=FACE_BOUND('',#1433,.T.);
#1604=FACE_BOUND('',#1434,.T.);
#1605=FACE_BOUND('',#1435,.T.);
#1606=FACE_BOUND('',#1436,.T.);
#1607=FACE_BOUND('',#1437,.T.);
#1608=FACE_BOUND('',#1438,.T.);
#1609=FACE_BOUND('',#1439,.T.);
#1610=FACE_BOUND('',#1440,.T.);
#1611=FACE_BOUND('',#1441,.T.);
#1612=FACE_BOUND('',#1442,.T.);
#1613=FACE_BOUND('',#1443,.T.);
#1614=FACE_BOUND('',#1444,.T.);
#1615=FACE_BOUND('',#1445,.T.);
#1616=FACE_BOUND('',#1446,.T.);
#1617=FACE_BOUND('',#1447,.T.);
#1618=FACE_BOUND('',#1448,.T.);
#1619=FACE_BOUND('',#1449,.T.);
#1620=FACE_BOUND('',#1450,.T.);
#1621=FACE_BOUND('',#1451,.T.);
#1622=FACE_BOUND('',#1452,.T.);
#1623=FACE_BOUND('',#1453,.T.);
#1624=FACE_BOUND('',#1454,.T.);
#1625=FACE_BOUND('',#1455,.T.);
#1626=FACE_BOUND('',#1456,.T.);
#1627=FACE_BOUND('',#1457,.T.);
#1628=FACE_BOUND('',#1458,.T.);
#1629=FACE_BOUND('',#1459,.T.);
#1630=FACE_BOUND('',#1460,.T.);
#1631=FACE_BOUND('',#1461,.T.);
#1632=FACE_BOUND('',#1462,.T.);
#1633=FACE_BOUND('',#1463,.T.);
#1634=FACE_BOUND('',#1464,.T.);
#1635=FACE_BOUND('',#1465,.T.);
#1636=FACE_BOUND('',#1466,.T.);
#1637=FACE_BOUND('',#1467,.T.);
#1638=FACE_BOUND('',#1468,.T.);
#1639=FACE_BOUND('',#1469,.T.);
#1640=FACE_BOUND('',#1470,.T.);
#1641=FACE_BOUND('',#1471,.T.);
#1642=FACE_BOUND('',#1472,.T.);
#1643=FACE_BOUND('',#1473,.T.);
#1644=FACE_BOUND('',#1474,.T.);
#1645=FACE_BOUND('',#1475,.T.);
#1646=FACE_BOUND('',#1476,.T.);
#1647=FACE_BOUND('',#1477,.T.);
#1648=FACE_BOUND('',#1478,.T.);
#1649=FACE_BOUND('',#1479,.T.);
#1650=FACE_BOUND('',#1480,.T.);
#1651=FACE_BOUND('',#1481,.T.);
#1652=FACE_BOUND('',#1482,.T.);
#1653=FACE_BOUND('',#1483,.T.);
#1654=FACE_BOUND('',#1484,.T.);
#1655=FACE_BOUND('',#1485,.T.);
#1656=FACE_BOUND('',#1486,.T.);
#1657=FACE_BOUND('',#1487,.T.);
#1658=FACE_BOUND('',#1488,.T.);
#1659=FACE_BOUND('',#1489,.T.);
#1660=FACE_BOUND('',#1490,.T.);
#1661=FACE_BOUND('',#1491,.T.);
#1662=FACE_BOUND('',#1492,.T.);
#1663=FACE_BOUND('',#1493,.T.);
#1664=FACE_BOUND('',#1494,.T.);
#1665=FACE_BOUND('',#1495,.T.);
#1666=FACE_BOUND('',#1496,.T.);
#1667=FACE_BOUND('',#1497,.T.);
#1668=FACE_BOUND('',#1498,.T.);
#1669=FACE_BOUND('',#1499,.T.);
#1670=FACE_BOUND('',#1500,.T.);
#1671=FACE_BOUND('',#1501,.T.);
#1672=FACE_BOUND('',#1502,.T.);
#1673=FACE_BOUND('',#1503,.T.);
#1674=FACE_BOUND('',#1504,.T.);
#1675=FACE_BOUND('',#1505,.T.);
#1676=FACE_BOUND('',#1506,.T.);
#1677=FACE_BOUND('',#1507,.T.);
#1678=FACE_BOUND('',#1508,.T.);
#1679=FACE_BOUND('',#1509,.T.);
#1680=FACE_BOUND('',#1510,.T.);
#1681=FACE_BOUND('',#1511,.T.);
#1682=FACE_BOUND('',#1512,.T.);
#1683=FACE_BOUND('',#1513,.T.);
#1684=FACE_BOUND('',#1514,.T.);
#1685=FACE_BOUND('',#1515,.T.);
#1686=FACE_BOUND('',#1516,.T.);
#1687=FACE_BOUND('',#1517,.T.);
#1688=FACE_BOUND('',#1518,.T.);
#1689=FACE_BOUND('',#1519,.T.);
#1690=FACE_BOUND('',#1520,.T.);
#1691=FACE_BOUND('',#1521,.T.);
#1692=FACE_BOUND('',#1522,.T.);
#1693=FACE_BOUND('',#1523,.T.);
#1694=FACE_BOUND('',#1524,.T.);
#1695=FACE_BOUND('',#1525,.T.);
#1696=FACE_BOUND('',#1526,.T.);
#1697=FACE_BOUND('',#1527,.T.);
#1698=FACE_BOUND('',#1528,.T.);
#1699=FACE_BOUND('',#1529,.T.);
#1700=FACE_BOUND('',#1530,.T.);
#1701=FACE_BOUND('',#1531,.T.);
#1702=FACE_BOUND('',#1532,.T.);
#1703=FACE_BOUND('',#1533,.T.);
#1704=FACE_BOUND('',#1534,.T.);
#1705=FACE_BOUND('',#1535,.T.);
#1706=FACE_BOUND('',#1536,.T.);
#1707=FACE_BOUND('',#1537,.T.);
#1708=FACE_BOUND('',#1538,.T.);
#1709=FACE_BOUND('',#1539,.T.);
#1710=FACE_BOUND('',#1540,.T.);
#1711=FACE_BOUND('',#1541,.T.);
#1712=FACE_BOUND('',#1542,.T.);
#1713=FACE_BOUND('',#1543,.T.);
#1714=FACE_BOUND('',#1544,.T.);
#1715=FACE_BOUND('',#1545,.T.);
#1716=FACE_BOUND('',#1546,.T.);
#1717=CYLINDRICAL_SURFACE('',#1896,0.0350440726323201);
#1718=CYLINDRICAL_SURFACE('',#1899,0.0409129683289039);
#1719=CYLINDRICAL_SURFACE('',#1902,0.0135);
#1720=CYLINDRICAL_SURFACE('',#1905,0.002);
#1721=CYLINDRICAL_SURFACE('',#1911,0.002);
#1722=CYLINDRICAL_SURFACE('',#1917,0.002);
#1723=CYLINDRICAL_SURFACE('',#1923,0.002);
#1724=CYLINDRICAL_SURFACE('',#1929,0.0014);
#1725=CYLINDRICAL_SURFACE('',#1932,0.0034);
#1726=CYLINDRICAL_SURFACE('',#1942,0.0409129683282752);
#1727=CYLINDRICAL_SURFACE('',#1978,0.0350440726323229);
#1728=CYLINDRICAL_SURFACE('',#2012,0.0409129683289097);
#1729=CYLINDRICAL_SURFACE('',#2013,0.0350440726323194);
#1730=CYLINDRICAL_SURFACE('',#2014,0.0409129683289093);
#1731=CYLINDRICAL_SURFACE('',#2015,0.0350440726323213);
#1732=CYLINDRICAL_SURFACE('',#2016,0.0165);
#1733=CYLINDRICAL_SURFACE('',#2017,0.0135);
#1734=CYLINDRICAL_SURFACE('',#2018,0.0165);
#1735=CYLINDRICAL_SURFACE('',#2019,0.0135);
#1736=CYLINDRICAL_SURFACE('',#2020,0.0165);
#1737=CYLINDRICAL_SURFACE('',#2021,0.0135);
#1738=CYLINDRICAL_SURFACE('',#2022,0.0165);
#1739=CYLINDRICAL_SURFACE('',#2023,0.009);
#1740=CYLINDRICAL_SURFACE('',#2027,0.0016);
#1741=CYLINDRICAL_SURFACE('',#2034,0.002);
#1742=CYLINDRICAL_SURFACE('',#2038,0.002);
#1743=CYLINDRICAL_SURFACE('',#2044,0.002);
#1744=CYLINDRICAL_SURFACE('',#2050,0.002);
#1745=CYLINDRICAL_SURFACE('',#2059,0.00085);
#1746=CYLINDRICAL_SURFACE('',#2062,0.00085);
#1747=CYLINDRICAL_SURFACE('',#2065,0.00085);
#1748=CYLINDRICAL_SURFACE('',#2068,0.00085);
#1749=CYLINDRICAL_SURFACE('',#2071,0.00085);
#1750=CYLINDRICAL_SURFACE('',#2074,0.00085);
#1751=CYLINDRICAL_SURFACE('',#2077,0.00085);
#1752=CYLINDRICAL_SURFACE('',#2080,0.00085);
#1753=CYLINDRICAL_SURFACE('',#2093,0.0045);
#1754=CYLINDRICAL_SURFACE('',#2094,0.0045);
#1755=CYLINDRICAL_SURFACE('',#2095,0.0045);
#1756=CYLINDRICAL_SURFACE('',#2096,0.0045);
#1757=CYLINDRICAL_SURFACE('',#2097,0.0045);
#1758=CYLINDRICAL_SURFACE('',#2098,0.0045);
#1759=CYLINDRICAL_SURFACE('',#2099,0.0045);
#1760=CYLINDRICAL_SURFACE('',#2100,0.0045);
#1761=CYLINDRICAL_SURFACE('',#2101,0.0045);
#1762=CYLINDRICAL_SURFACE('',#2102,0.0045);
#1763=CYLINDRICAL_SURFACE('',#2103,0.0045);
#1764=CYLINDRICAL_SURFACE('',#2104,0.0045);
#1765=CYLINDRICAL_SURFACE('',#2105,0.002);
#1766=CYLINDRICAL_SURFACE('',#2108,0.002);
#1767=CYLINDRICAL_SURFACE('',#2111,0.002);
#1768=CYLINDRICAL_SURFACE('',#2114,0.002);
#1769=ADVANCED_FACE('',(#1547),#1717,.F.);
#1770=ADVANCED_FACE('',(#1548),#1718,.F.);
#1771=ADVANCED_FACE('',(#1549),#1719,.F.);
#1772=ADVANCED_FACE('',(#1550,#1551,#1552),#1720,.T.);
#1773=ADVANCED_FACE('',(#1553,#1554,#1555),#1721,.T.);
#1774=ADVANCED_FACE('',(#1556,#1557,#1558),#1722,.T.);
#1775=ADVANCED_FACE('',(#1559,#1560,#1561),#1723,.T.);
#1776=ADVANCED_FACE('',(#1562),#98,.F.);
#1777=ADVANCED_FACE('',(#1563),#99,.T.);
#1778=ADVANCED_FACE('',(#1564),#100,.T.);
#1779=ADVANCED_FACE('',(#1565),#101,.F.);
#1780=ADVANCED_FACE('',(#1566),#102,.F.);
#1781=ADVANCED_FACE('',(#1567),#103,.T.);
#1782=ADVANCED_FACE('',(#1568),#104,.T.);
#1783=ADVANCED_FACE('',(#1569),#105,.F.);
#1784=ADVANCED_FACE('',(#1570),#106,.F.);
#1785=ADVANCED_FACE('',(#1571),#107,.T.);
#1786=ADVANCED_FACE('',(#1572),#108,.T.);
#1787=ADVANCED_FACE('',(#1573),#109,.F.);
#1788=ADVANCED_FACE('',(#1574),#110,.T.);
#1789=ADVANCED_FACE('',(#1575),#111,.F.);
#1790=ADVANCED_FACE('',(#1576),#112,.T.);
#1791=ADVANCED_FACE('',(#1577),#113,.F.);
#1792=ADVANCED_FACE('',(#1578,#1579),#1724,.T.);
#1793=ADVANCED_FACE('',(#1580,#1581),#1725,.T.);
#1794=ADVANCED_FACE('',(#1582),#1726,.F.);
#1795=ADVANCED_FACE('',(#1583),#114,.F.);
#1796=ADVANCED_FACE('',(#1584),#115,.F.);
#1797=ADVANCED_FACE('',(#1585),#116,.F.);
#1798=ADVANCED_FACE('',(#1586,#1587,#1588,#1589,#1590,#1591,#1592,#1593,#1594),#17,.F.);
#1799=ADVANCED_FACE('',(#1595),#117,.T.);
#1800=ADVANCED_FACE('',(#1596),#1727,.F.);
#1801=ADVANCED_FACE('',(#1597,#1598,#1599,#1600,#1601,#1602),#18,.T.);
#1802=ADVANCED_FACE('',(#1603),#1728,.F.);
#1803=ADVANCED_FACE('',(#1604),#118,.T.);
#1804=ADVANCED_FACE('',(#1605),#1729,.F.);
#1805=ADVANCED_FACE('',(#1606),#1730,.F.);
#1806=ADVANCED_FACE('',(#1607),#119,.T.);
#1807=ADVANCED_FACE('',(#1608),#120,.T.);
#1808=ADVANCED_FACE('',(#1609),#121,.F.);
#1809=ADVANCED_FACE('',(#1610),#1731,.F.);
#1810=ADVANCED_FACE('',(#1611),#1732,.T.);
#1811=ADVANCED_FACE('',(#1612),#1733,.F.);
#1812=ADVANCED_FACE('',(#1613),#1734,.T.);
#1813=ADVANCED_FACE('',(#1614),#1735,.F.);
#1814=ADVANCED_FACE('',(#1615),#1736,.T.);
#1815=ADVANCED_FACE('',(#1616),#1737,.F.);
#1816=ADVANCED_FACE('',(#1617),#1738,.T.);
#1817=ADVANCED_FACE('',(#1618,#1619),#1739,.T.);
#1818=ADVANCED_FACE('',(#1620,#1621),#19,.T.);
#1819=ADVANCED_FACE('',(#1622,#1623),#1740,.T.);
#1820=ADVANCED_FACE('',(#1624,#1625),#20,.F.);
#1821=ADVANCED_FACE('',(#1626),#21,.T.);
#1822=ADVANCED_FACE('',(#1627,#1628),#22,.T.);
#1823=ADVANCED_FACE('',(#1629,#1630),#1741,.T.);
#1824=ADVANCED_FACE('',(#1631,#1632),#23,.T.);
#1825=ADVANCED_FACE('',(#1633,#1634),#1742,.T.);
#1826=ADVANCED_FACE('',(#1635,#1636),#24,.T.);
#1827=ADVANCED_FACE('',(#1637,#1638),#25,.T.);
#1828=ADVANCED_FACE('',(#1639,#1640),#1743,.T.);
#1829=ADVANCED_FACE('',(#1641,#1642),#26,.T.);
#1830=ADVANCED_FACE('',(#1643,#1644),#27,.T.);
#1831=ADVANCED_FACE('',(#1645,#1646),#1744,.T.);
#1832=ADVANCED_FACE('',(#1647,#1648),#28,.T.);
#1833=ADVANCED_FACE('',(#1649,#1650),#29,.T.);
#1834=ADVANCED_FACE('',(#1651,#1652),#12,.T.);
#1835=ADVANCED_FACE('',(#1653),#30,.T.);
#1836=ADVANCED_FACE('',(#1654,#1655),#1745,.F.);
#1837=ADVANCED_FACE('',(#1656),#31,.T.);
#1838=ADVANCED_FACE('',(#1657,#1658),#1746,.F.);
#1839=ADVANCED_FACE('',(#1659),#32,.T.);
#1840=ADVANCED_FACE('',(#1660,#1661),#1747,.F.);
#1841=ADVANCED_FACE('',(#1662),#33,.T.);
#1842=ADVANCED_FACE('',(#1663,#1664),#1748,.F.);
#1843=ADVANCED_FACE('',(#1665),#34,.T.);
#1844=ADVANCED_FACE('',(#1666,#1667),#1749,.F.);
#1845=ADVANCED_FACE('',(#1668),#35,.T.);
#1846=ADVANCED_FACE('',(#1669,#1670),#1750,.F.);
#1847=ADVANCED_FACE('',(#1671),#36,.T.);
#1848=ADVANCED_FACE('',(#1672,#1673),#1751,.F.);
#1849=ADVANCED_FACE('',(#1674),#37,.T.);
#1850=ADVANCED_FACE('',(#1675,#1676),#1752,.F.);
#1851=ADVANCED_FACE('',(#1677),#38,.F.);
#1852=ADVANCED_FACE('',(#1678),#39,.T.);
#1853=ADVANCED_FACE('',(#1679),#40,.F.);
#1854=ADVANCED_FACE('',(#1680),#41,.F.);
#1855=ADVANCED_FACE('',(#1681),#42,.T.);
#1856=ADVANCED_FACE('',(#1682),#43,.F.);
#1857=ADVANCED_FACE('',(#1683),#44,.F.);
#1858=ADVANCED_FACE('',(#1684),#45,.T.);
#1859=ADVANCED_FACE('',(#1685),#46,.F.);
#1860=ADVANCED_FACE('',(#1686),#47,.T.);
#1861=ADVANCED_FACE('',(#1687),#48,.T.);
#1862=ADVANCED_FACE('',(#1688),#49,.F.);
#1863=ADVANCED_FACE('',(#1689),#1753,.T.);
#1864=ADVANCED_FACE('',(#1690),#1754,.T.);
#1865=ADVANCED_FACE('',(#1691),#1755,.T.);
#1866=ADVANCED_FACE('',(#1692),#1756,.T.);
#1867=ADVANCED_FACE('',(#1693),#1757,.T.);
#1868=ADVANCED_FACE('',(#1694),#1758,.T.);
#1869=ADVANCED_FACE('',(#1695),#1759,.T.);
#1870=ADVANCED_FACE('',(#1696),#1760,.T.);
#1871=ADVANCED_FACE('',(#1697),#1761,.T.);
#1872=ADVANCED_FACE('',(#1698),#1762,.T.);
#1873=ADVANCED_FACE('',(#1699),#1763,.T.);
#1874=ADVANCED_FACE('',(#1700),#1764,.T.);
#1875=ADVANCED_FACE('',(#1701,#1702),#1765,.F.);
#1876=ADVANCED_FACE('',(#1703,#1704),#13,.F.);
#1877=ADVANCED_FACE('',(#1705,#1706),#1766,.F.);
#1878=ADVANCED_FACE('',(#1707,#1708),#14,.F.);
#1879=ADVANCED_FACE('',(#1709,#1710),#1767,.F.);
#1880=ADVANCED_FACE('',(#1711,#1712),#15,.F.);
#1881=ADVANCED_FACE('',(#1713,#1714),#1768,.F.);
#1882=ADVANCED_FACE('',(#1715,#1716),#16,.F.);
#1883=CLOSED_SHELL('',(#1769,#1770,#1771,#1772,#1773,#1774,#1775,#1776,#1777,#1778,#1779,#1780,#1781,#1782,#1783,#1784,#1785,#1786,#1787,#1788,#1789,#1790,#1791,#1792,#1793,#1794,#1795,#1796,#1797,#1798,#1799,#1800,#1801,#1802,#1803,#1804,#1805,#1806,#1807,#1808,#1809,#1810,#1811,#1812,#1813,#1814,#1815,#1816,#1817,#1818,#1819,#1820,#1821,#1822,#1823,#1824,#1825,#1826,#1827,#1828,#1829,#1830,#1831,#1832,#1833,#1834,#1835,#1836,#1837,#1838,#1839,#1840,#1841,#1842,#1843,#1844,#1845,#1846,#1847,#1848,#1849,#1850,#1851,#1852,#1853,#1854,#1855,#1856,#1857,#1858,#1859,#1860,#1861,#1862,#1863,#1864,#1865,#1866,#1867,#1868,#1869,#1870,#1871,#1872,#1873,#1874,#1875,#1876,#1877,#1878,#1879,#1880,#1881,#1882));
#1884=STYLED_ITEM('',(#1885),#1892);
#1885=PRESENTATION_STYLE_ASSIGNMENT((#1886));
#1886=SURFACE_STYLE_USAGE(.BOTH.,#1887);
#1887=SURFACE_SIDE_STYLE('',(#1888));
#1888=SURFACE_STYLE_FILL_AREA(#1889);
#1889=FILL_AREA_STYLE('',(#1890));
#1890=FILL_AREA_STYLE_COLOUR('',#1891);
#1891=COLOUR_RGB('',0.909803921568627,0.572549019607843,0.164705882352941);
#1892=MANIFOLD_SOLID_BREP('CenterAxle',#1883);
#1893=SHAPE_DEFINITION_REPRESENTATION(#3760,#1894);
#1894=SHAPE_REPRESENTATION('CenterAxle',(#1895),#3755);
#1895=AXIS2_PLACEMENT_3D('',#2641,#2117,#2118);
#1896=AXIS2_PLACEMENT_3D('',#2642,#2119,#2120);
#1897=AXIS2_PLACEMENT_3D('',#2643,#2121,#2122);
#1898=AXIS2_PLACEMENT_3D('',#2648,#2124,#2125);
#1899=AXIS2_PLACEMENT_3D('',#2651,#2127,#2128);
#1900=AXIS2_PLACEMENT_3D('',#2655,#2130,#2131);
#1901=AXIS2_PLACEMENT_3D('',#2659,#2133,#2134);
#1902=AXIS2_PLACEMENT_3D('',#2660,#2135,#2136);
#1903=AXIS2_PLACEMENT_3D('',#2661,#2137,#2138);
#1904=AXIS2_PLACEMENT_3D('',#2666,#2140,#2141);
#1905=AXIS2_PLACEMENT_3D('',#2669,#2143,#2144);
#1906=AXIS2_PLACEMENT_3D('',#2670,#2145,#2146);
#1907=AXIS2_PLACEMENT_3D('',#2675,#2148,#2149);
#1908=AXIS2_PLACEMENT_3D('',#2678,#2151,#2152);
#1909=AXIS2_PLACEMENT_3D('',#2680,#2153,#2154);
#1910=AXIS2_PLACEMENT_3D('',#2685,#2156,#2157);
#1911=AXIS2_PLACEMENT_3D('',#2688,#2159,#2160);
#1912=AXIS2_PLACEMENT_3D('',#2689,#2161,#2162);
#1913=AXIS2_PLACEMENT_3D('',#2694,#2164,#2165);
#1914=AXIS2_PLACEMENT_3D('',#2697,#2167,#2168);
#1915=AXIS2_PLACEMENT_3D('',#2699,#2169,#2170);
#1916=AXIS2_PLACEMENT_3D('',#2704,#2172,#2173);
#1917=AXIS2_PLACEMENT_3D('',#2707,#2175,#2176);
#1918=AXIS2_PLACEMENT_3D('',#2708,#2177,#2178);
#1919=AXIS2_PLACEMENT_3D('',#2713,#2180,#2181);
#1920=AXIS2_PLACEMENT_3D('',#2716,#2183,#2184);
#1921=AXIS2_PLACEMENT_3D('',#2718,#2185,#2186);
#1922=AXIS2_PLACEMENT_3D('',#2723,#2188,#2189);
#1923=AXIS2_PLACEMENT_3D('',#2726,#2191,#2192);
#1924=AXIS2_PLACEMENT_3D('',#2727,#2193,#2194);
#1925=AXIS2_PLACEMENT_3D('',#2732,#2196,#2197);
#1926=AXIS2_PLACEMENT_3D('',#2736,#2199,#2200);
#1927=AXIS2_PLACEMENT_3D('',#2737,#2201,#2202);
#1928=AXIS2_PLACEMENT_3D('',#2742,#2204,#2205);
#1929=AXIS2_PLACEMENT_3D('',#3233,#2231,#2232);
#1930=AXIS2_PLACEMENT_3D('',#3234,#2233,#2234);
#1931=AXIS2_PLACEMENT_3D('',#3236,#2235,#2236);
#1932=AXIS2_PLACEMENT_3D('',#3238,#2237,#2238);
#1933=AXIS2_PLACEMENT_3D('',#3239,#2239,#2240);
#1934=AXIS2_PLACEMENT_3D('',#3241,#2241,#2242);
#1935=AXIS2_PLACEMENT_3D('',#3246,#2244,#2245);
#1936=AXIS2_PLACEMENT_3D('',#3250,#2247,#2248);
#1937=AXIS2_PLACEMENT_3D('',#3254,#2250,#2251);
#1938=AXIS2_PLACEMENT_3D('',#3258,#2253,#2254);
#1939=AXIS2_PLACEMENT_3D('',#3262,#2256,#2257);
#1940=AXIS2_PLACEMENT_3D('',#3266,#2259,#2260);
#1941=AXIS2_PLACEMENT_3D('',#3270,#2262,#2263);
#1942=AXIS2_PLACEMENT_3D('',#3273,#2265,#2266);
#1943=AXIS2_PLACEMENT_3D('',#3274,#2267,#2268);
#1944=AXIS2_PLACEMENT_3D('',#3279,#2270,#2271);
#1945=AXIS2_PLACEMENT_3D('',#3378,#2275,#2276);
#1946=AXIS2_PLACEMENT_3D('',#3379,#2277,#2278);
#1947=AXIS2_PLACEMENT_3D('',#3381,#2279,#2280);
#1948=AXIS2_PLACEMENT_3D('',#3383,#2281,#2282);
#1949=AXIS2_PLACEMENT_3D('',#3385,#2283,#2284);
#1950=AXIS2_PLACEMENT_3D('',#3387,#2285,#2286);
#1951=AXIS2_PLACEMENT_3D('',#3388,#2287,#2288);
#1952=AXIS2_PLACEMENT_3D('',#3389,#2289,#2290);
#1953=AXIS2_PLACEMENT_3D('',#3390,#2291,#2292);
#1954=AXIS2_PLACEMENT_3D('',#3391,#2293,#2294);
#1955=AXIS2_PLACEMENT_3D('',#3392,#2295,#2296);
#1956=AXIS2_PLACEMENT_3D('',#3393,#2297,#2298);
#1957=AXIS2_PLACEMENT_3D('',#3394,#2299,#2300);
#1958=AXIS2_PLACEMENT_3D('',#3395,#2301,#2302);
#1959=AXIS2_PLACEMENT_3D('',#3396,#2303,#2304);
#1960=AXIS2_PLACEMENT_3D('',#3397,#2305,#2306);
#1961=AXIS2_PLACEMENT_3D('',#3398,#2307,#2308);
#1962=AXIS2_PLACEMENT_3D('',#3399,#2309,#2310);
#1963=AXIS2_PLACEMENT_3D('',#3402,#2311,#2312);
#1964=AXIS2_PLACEMENT_3D('',#3410,#2313,#2314);
#1965=AXIS2_PLACEMENT_3D('',#3412,#2315,#2316);
#1966=AXIS2_PLACEMENT_3D('',#3413,#2317,#2318);
#1967=AXIS2_PLACEMENT_3D('',#3414,#2319,#2320);
#1968=AXIS2_PLACEMENT_3D('',#3416,#2321,#2322);
#1969=AXIS2_PLACEMENT_3D('',#3425,#2323,#2324);
#1970=AXIS2_PLACEMENT_3D('',#3427,#2325,#2326);
#1971=AXIS2_PLACEMENT_3D('',#3429,#2327,#2328);
#1972=AXIS2_PLACEMENT_3D('',#3431,#2329,#2330);
#1973=AXIS2_PLACEMENT_3D('',#3451,#2331,#2332);
#1974=AXIS2_PLACEMENT_3D('',#3454,#2333,#2334);
#1975=AXIS2_PLACEMENT_3D('',#3456,#2335,#2336);
#1976=AXIS2_PLACEMENT_3D('',#3458,#2337,#2338);
#1977=AXIS2_PLACEMENT_3D('',#3467,#2339,#2340);
#1978=AXIS2_PLACEMENT_3D('',#3485,#2342,#2343);
#1979=AXIS2_PLACEMENT_3D('',#3488,#2345,#2346);
#1980=AXIS2_PLACEMENT_3D('',#3491,#2348,#2349);
#1981=AXIS2_PLACEMENT_3D('',#3492,#2350,#2351);
#1982=AXIS2_PLACEMENT_3D('',#3494,#2352,#2353);
#1983=AXIS2_PLACEMENT_3D('',#3496,#2354,#2355);
#1984=AXIS2_PLACEMENT_3D('',#3498,#2356,#2357);
#1985=AXIS2_PLACEMENT_3D('',#3500,#2358,#2359);
#1986=AXIS2_PLACEMENT_3D('',#3502,#2360,#2361);
#1987=AXIS2_PLACEMENT_3D('',#3504,#2362,#2363);
#1988=AXIS2_PLACEMENT_3D('',#3506,#2364,#2365);
#1989=AXIS2_PLACEMENT_3D('',#3515,#2366,#2367);
#1990=AXIS2_PLACEMENT_3D('',#3517,#2368,#2369);
#1991=AXIS2_PLACEMENT_3D('',#3519,#2370,#2371);
#1992=AXIS2_PLACEMENT_3D('',#3521,#2372,#2373);
#1993=AXIS2_PLACEMENT_3D('',#3523,#2374,#2375);
#1994=AXIS2_PLACEMENT_3D('',#3531,#2376,#2377);
#1995=AXIS2_PLACEMENT_3D('',#3533,#2378,#2379);
#1996=AXIS2_PLACEMENT_3D('',#3535,#2380,#2381);
#1997=AXIS2_PLACEMENT_3D('',#3547,#2382,#2383);
#1998=AXIS2_PLACEMENT_3D('',#3549,#2384,#2385);
#1999=AXIS2_PLACEMENT_3D('',#3550,#2386,#2387);
#2000=AXIS2_PLACEMENT_3D('',#3558,#2388,#2389);
#2001=AXIS2_PLACEMENT_3D('',#3559,#2390,#2391);
#2002=AXIS2_PLACEMENT_3D('',#3560,#2392,#2393);
#2003=AXIS2_PLACEMENT_3D('',#3561,#2394,#2395);
#2004=AXIS2_PLACEMENT_3D('',#3562,#2396,#2397);
#2005=AXIS2_PLACEMENT_3D('',#3563,#2398,#2399);
#2006=AXIS2_PLACEMENT_3D('',#3564,#2400,#2401);
#2007=AXIS2_PLACEMENT_3D('',#3565,#2402,#2403);
#2008=AXIS2_PLACEMENT_3D('',#3566,#2404,#2405);
#2009=AXIS2_PLACEMENT_3D('',#3567,#2406,#2407);
#2010=AXIS2_PLACEMENT_3D('',#3568,#2408,#2409);
#2011=AXIS2_PLACEMENT_3D('',#3569,#2410,#2411);
#2012=AXIS2_PLACEMENT_3D('',#3570,#2412,#2413);
#2013=AXIS2_PLACEMENT_3D('',#3580,#2415,#2416);
#2014=AXIS2_PLACEMENT_3D('',#3583,#2419,#2420);
#2015=AXIS2_PLACEMENT_3D('',#3609,#2422,#2423);
#2016=AXIS2_PLACEMENT_3D('',#3611,#2425,#2426);
#2017=AXIS2_PLACEMENT_3D('',#3612,#2427,#2428);
#2018=AXIS2_PLACEMENT_3D('',#3615,#2431,#2432);
#2019=AXIS2_PLACEMENT_3D('',#3616,#2433,#2434);
#2020=AXIS2_PLACEMENT_3D('',#3619,#2437,#2438);
#2021=AXIS2_PLACEMENT_3D('',#3620,#2439,#2440);
#2022=AXIS2_PLACEMENT_3D('',#3623,#2443,#2444);
#2023=AXIS2_PLACEMENT_3D('',#3624,#2445,#2446);
#2024=AXIS2_PLACEMENT_3D('',#3625,#2447,#2448);
#2025=AXIS2_PLACEMENT_3D('',#3627,#2449,#2450);
#2026=AXIS2_PLACEMENT_3D('',#3629,#2451,#2452);
#2027=AXIS2_PLACEMENT_3D('',#3630,#2453,#2454);
#2028=AXIS2_PLACEMENT_3D('',#3631,#2455,#2456);
#2029=AXIS2_PLACEMENT_3D('',#3633,#2457,#2458);
#2030=AXIS2_PLACEMENT_3D('',#3635,#2459,#2460);
#2031=AXIS2_PLACEMENT_3D('',#3636,#2461,#2462);
#2032=AXIS2_PLACEMENT_3D('',#3637,#2463,#2464);
#2033=AXIS2_PLACEMENT_3D('',#3638,#2465,#2466);
#2034=AXIS2_PLACEMENT_3D('',#3640,#2467,#2468);
#2035=AXIS2_PLACEMENT_3D('',#3641,#2469,#2470);
#2036=AXIS2_PLACEMENT_3D('',#3643,#2471,#2472);
#2037=AXIS2_PLACEMENT_3D('',#3644,#2473,#2474);
#2038=AXIS2_PLACEMENT_3D('',#3646,#2475,#2476);
#2039=AXIS2_PLACEMENT_3D('',#3647,#2477,#2478);
#2040=AXIS2_PLACEMENT_3D('',#3649,#2479,#2480);
#2041=AXIS2_PLACEMENT_3D('',#3650,#2481,#2482);
#2042=AXIS2_PLACEMENT_3D('',#3652,#2483,#2484);
#2043=AXIS2_PLACEMENT_3D('',#3653,#2485,#2486);
#2044=AXIS2_PLACEMENT_3D('',#3655,#2487,#2488);
#2045=AXIS2_PLACEMENT_3D('',#3656,#2489,#2490);
#2046=AXIS2_PLACEMENT_3D('',#3658,#2491,#2492);
#2047=AXIS2_PLACEMENT_3D('',#3659,#2493,#2494);
#2048=AXIS2_PLACEMENT_3D('',#3661,#2495,#2496);
#2049=AXIS2_PLACEMENT_3D('',#3662,#2497,#2498);
#2050=AXIS2_PLACEMENT_3D('',#3664,#2499,#2500);
#2051=AXIS2_PLACEMENT_3D('',#3665,#2501,#2502);
#2052=AXIS2_PLACEMENT_3D('',#3667,#2503,#2504);
#2053=AXIS2_PLACEMENT_3D('',#3668,#2505,#2506);
#2054=AXIS2_PLACEMENT_3D('',#3670,#2507,#2508);
#2055=AXIS2_PLACEMENT_3D('',#3671,#2509,#2510);
#2056=AXIS2_PLACEMENT_3D('',#3673,#2511,#2512);
#2057=AXIS2_PLACEMENT_3D('',#3674,#2513,#2514);
#2058=AXIS2_PLACEMENT_3D('',#3675,#2515,#2516);
#2059=AXIS2_PLACEMENT_3D('',#3677,#2517,#2518);
#2060=AXIS2_PLACEMENT_3D('',#3678,#2519,#2520);
#2061=AXIS2_PLACEMENT_3D('',#3679,#2521,#2522);
#2062=AXIS2_PLACEMENT_3D('',#3681,#2523,#2524);
#2063=AXIS2_PLACEMENT_3D('',#3682,#2525,#2526);
#2064=AXIS2_PLACEMENT_3D('',#3683,#2527,#2528);
#2065=AXIS2_PLACEMENT_3D('',#3685,#2529,#2530);
#2066=AXIS2_PLACEMENT_3D('',#3686,#2531,#2532);
#2067=AXIS2_PLACEMENT_3D('',#3687,#2533,#2534);
#2068=AXIS2_PLACEMENT_3D('',#3689,#2535,#2536);
#2069=AXIS2_PLACEMENT_3D('',#3690,#2537,#2538);
#2070=AXIS2_PLACEMENT_3D('',#3691,#2539,#2540);
#2071=AXIS2_PLACEMENT_3D('',#3693,#2541,#2542);
#2072=AXIS2_PLACEMENT_3D('',#3694,#2543,#2544);
#2073=AXIS2_PLACEMENT_3D('',#3695,#2545,#2546);
#2074=AXIS2_PLACEMENT_3D('',#3697,#2547,#2548);
#2075=AXIS2_PLACEMENT_3D('',#3698,#2549,#2550);
#2076=AXIS2_PLACEMENT_3D('',#3699,#2551,#2552);
#2077=AXIS2_PLACEMENT_3D('',#3701,#2553,#2554);
#2078=AXIS2_PLACEMENT_3D('',#3702,#2555,#2556);
#2079=AXIS2_PLACEMENT_3D('',#3703,#2557,#2558);
#2080=AXIS2_PLACEMENT_3D('',#3705,#2559,#2560);
#2081=AXIS2_PLACEMENT_3D('',#3706,#2561,#2562);
#2082=AXIS2_PLACEMENT_3D('',#3709,#2565,#2566);
#2083=AXIS2_PLACEMENT_3D('',#3710,#2567,#2568);
#2084=AXIS2_PLACEMENT_3D('',#3711,#2569,#2570);
#2085=AXIS2_PLACEMENT_3D('',#3714,#2573,#2574);
#2086=AXIS2_PLACEMENT_3D('',#3715,#2575,#2576);
#2087=AXIS2_PLACEMENT_3D('',#3716,#2577,#2578);
#2088=AXIS2_PLACEMENT_3D('',#3719,#2581,#2582);
#2089=AXIS2_PLACEMENT_3D('',#3720,#2583,#2584);
#2090=AXIS2_PLACEMENT_3D('',#3721,#2585,#2586);
#2091=AXIS2_PLACEMENT_3D('',#3724,#2589,#2590);
#2092=AXIS2_PLACEMENT_3D('',#3725,#2591,#2592);
#2093=AXIS2_PLACEMENT_3D('',#3726,#2593,#2594);
#2094=AXIS2_PLACEMENT_3D('',#3727,#2595,#2596);
#2095=AXIS2_PLACEMENT_3D('',#3728,#2597,#2598);
#2096=AXIS2_PLACEMENT_3D('',#3729,#2599,#2600);
#2097=AXIS2_PLACEMENT_3D('',#3730,#2601,#2602);
#2098=AXIS2_PLACEMENT_3D('',#3731,#2603,#2604);
#2099=AXIS2_PLACEMENT_3D('',#3732,#2605,#2606);
#2100=AXIS2_PLACEMENT_3D('',#3733,#2607,#2608);
#2101=AXIS2_PLACEMENT_3D('',#3734,#2609,#2610);
#2102=AXIS2_PLACEMENT_3D('',#3735,#2611,#2612);
#2103=AXIS2_PLACEMENT_3D('',#3736,#2613,#2614);
#2104=AXIS2_PLACEMENT_3D('',#3737,#2615,#2616);
#2105=AXIS2_PLACEMENT_3D('',#3738,#2617,#2618);
#2106=AXIS2_PLACEMENT_3D('',#3739,#2619,#2620);
#2107=AXIS2_PLACEMENT_3D('',#3741,#2621,#2622);
#2108=AXIS2_PLACEMENT_3D('',#3742,#2623,#2624);
#2109=AXIS2_PLACEMENT_3D('',#3743,#2625,#2626);
#2110=AXIS2_PLACEMENT_3D('',#3745,#2627,#2628);
#2111=AXIS2_PLACEMENT_3D('',#3746,#2629,#2630);
#2112=AXIS2_PLACEMENT_3D('',#3747,#2631,#2632);
#2113=AXIS2_PLACEMENT_3D('',#3749,#2633,#2634);
#2114=AXIS2_PLACEMENT_3D('',#3750,#2635,#2636);
#2115=AXIS2_PLACEMENT_3D('',#3751,#2637,#2638);
#2116=AXIS2_PLACEMENT_3D('',#3753,#2639,#2640);
#2117=DIRECTION('',(0.,0.,1.));
#2118=DIRECTION('',(1.,0.,0.));
#2119=DIRECTION('',(0.,-1.,0.));
#2120=DIRECTION('',(0.,0.,-1.));
#2121=DIRECTION('',(0.,-1.,0.));
#2122=DIRECTION('',(0.,0.,-1.));
#2123=DIRECTION('',(0.,-1.,0.));
#2124=DIRECTION('',(0.,-1.,0.));
#2125=DIRECTION('',(0.,0.,-1.));
#2126=DIRECTION('',(0.,1.,0.));
#2127=DIRECTION('',(0.,1.,0.));
#2128=DIRECTION('',(0.,0.,1.));
#2129=DIRECTION('',(0.,1.,0.));
#2130=DIRECTION('',(0.,1.,0.));
#2131=DIRECTION('',(0.,0.,1.));
#2132=DIRECTION('',(0.,1.,0.));
#2133=DIRECTION('',(0.,1.,0.));
#2134=DIRECTION('',(0.,0.,1.));
#2135=DIRECTION('',(0.,1.,0.));
#2136=DIRECTION('',(0.,0.,1.));
#2137=DIRECTION('',(0.,-1.,0.));
#2138=DIRECTION('',(0.,0.,-1.));
#2139=DIRECTION('',(0.,-1.,0.));
#2140=DIRECTION('',(0.,-1.,0.));
#2141=DIRECTION('',(0.,0.,-1.));
#2142=DIRECTION('',(0.,-1.,0.));
#2143=DIRECTION('',(0.,1.,0.));
#2144=DIRECTION('',(0.,0.,1.));
#2145=DIRECTION('',(0.,-1.,0.));
#2146=DIRECTION('',(0.,0.,-1.));
#2147=DIRECTION('',(0.,1.,0.));
#2148=DIRECTION('',(0.,-1.,0.));
#2149=DIRECTION('',(0.,0.,-1.));
#2150=DIRECTION('',(0.,1.,0.));
#2151=DIRECTION('',(0.,-1.,0.));
#2152=DIRECTION('',(0.,0.,-1.));
#2153=DIRECTION('',(0.,-1.,0.));
#2154=DIRECTION('',(0.,0.,-1.));
#2155=DIRECTION('',(0.,-1.,0.));
#2156=DIRECTION('',(0.,-1.,0.));
#2157=DIRECTION('',(0.,0.,-1.));
#2158=DIRECTION('',(0.,-1.,0.));
#2159=DIRECTION('',(0.,1.,0.));
#2160=DIRECTION('',(0.,0.,1.));
#2161=DIRECTION('',(0.,-1.,0.));
#2162=DIRECTION('',(0.,0.,-1.));
#2163=DIRECTION('',(0.,1.,0.));
#2164=DIRECTION('',(0.,-1.,0.));
#2165=DIRECTION('',(0.,0.,-1.));
#2166=DIRECTION('',(0.,1.,0.));
#2167=DIRECTION('',(0.,-1.,0.));
#2168=DIRECTION('',(0.,0.,-1.));
#2169=DIRECTION('',(0.,-1.,0.));
#2170=DIRECTION('',(0.,0.,-1.));
#2171=DIRECTION('',(0.,-1.,0.));
#2172=DIRECTION('',(0.,-1.,0.));
#2173=DIRECTION('',(0.,0.,-1.));
#2174=DIRECTION('',(0.,-1.,0.));
#2175=DIRECTION('',(0.,1.,0.));
#2176=DIRECTION('',(0.,0.,1.));
#2177=DIRECTION('',(0.,-1.,0.));
#2178=DIRECTION('',(0.,0.,-1.));
#2179=DIRECTION('',(0.,1.,0.));
#2180=DIRECTION('',(0.,-1.,0.));
#2181=DIRECTION('',(0.,0.,-1.));
#2182=DIRECTION('',(0.,1.,0.));
#2183=DIRECTION('',(0.,-1.,0.));
#2184=DIRECTION('',(0.,0.,-1.));
#2185=DIRECTION('',(0.,-1.,0.));
#2186=DIRECTION('',(0.,0.,-1.));
#2187=DIRECTION('',(0.,-1.,0.));
#2188=DIRECTION('',(0.,-1.,0.));
#2189=DIRECTION('',(0.,0.,-1.));
#2190=DIRECTION('',(0.,-1.,0.));
#2191=DIRECTION('',(0.,1.,0.));
#2192=DIRECTION('',(0.,0.,1.));
#2193=DIRECTION('',(0.,-1.,0.));
#2194=DIRECTION('',(0.,0.,-1.));
#2195=DIRECTION('',(0.,1.,0.));
#2196=DIRECTION('',(0.,-1.,0.));
#2197=DIRECTION('',(0.,0.,-1.));
#2198=DIRECTION('',(0.,1.,0.));
#2199=DIRECTION('',(0.,-1.,0.));
#2200=DIRECTION('',(0.,0.,-1.));
#2201=DIRECTION('',(0.,-1.,0.));
#2202=DIRECTION('',(0.,0.,-1.));
#2203=DIRECTION('',(0.,-1.,0.));
#2204=DIRECTION('',(0.,-1.,0.));
#2205=DIRECTION('',(0.,0.,-1.));
#2206=DIRECTION('',(0.,-1.,0.));
#2207=DIRECTION('',(0.,1.,0.));
#2208=DIRECTION('',(0.,1.,0.));
#2209=DIRECTION('',(0.,1.,0.));
#2210=DIRECTION('',(0.,1.,0.));
#2211=DIRECTION('',(0.,1.,0.));
#2212=DIRECTION('',(0.,1.,0.));
#2213=DIRECTION('',(0.,1.,0.));
#2214=DIRECTION('',(0.,1.,0.));
#2215=DIRECTION('',(0.,1.,0.));
#2216=DIRECTION('',(0.,1.,0.));
#2217=DIRECTION('',(0.,-1.,0.));
#2218=DIRECTION('',(0.,1.,0.));
#2219=DIRECTION('',(0.,1.,0.));
#2220=DIRECTION('',(0.,-1.,0.));
#2221=DIRECTION('',(0.,1.,0.));
#2222=DIRECTION('',(0.,1.,0.));
#2223=DIRECTION('',(0.,1.,0.));
#2224=DIRECTION('',(0.,1.,0.));
#2225=DIRECTION('',(0.,1.,0.));
#2226=DIRECTION('',(0.,1.,0.));
#2227=DIRECTION('',(0.,1.,0.));
#2228=DIRECTION('',(0.,1.,0.));
#2229=DIRECTION('',(0.,1.,0.));
#2230=DIRECTION('',(0.,1.,0.));
#2231=DIRECTION('',(0.,1.,0.));
#2232=DIRECTION('',(0.,0.,1.));
#2233=DIRECTION('',(0.,-1.,0.));
#2234=DIRECTION('',(0.,0.,-1.));
#2235=DIRECTION('',(0.,-1.,0.));
#2236=DIRECTION('',(0.,0.,-1.));
#2237=DIRECTION('',(0.,1.,0.));
#2238=DIRECTION('',(0.,0.,1.));
#2239=DIRECTION('',(0.,-1.,0.));
#2240=DIRECTION('',(0.,0.,-1.));
#2241=DIRECTION('',(0.,-1.,0.));
#2242=DIRECTION('',(0.,0.,-1.));
#2243=DIRECTION('',(0.,1.,0.));
#2244=DIRECTION('',(0.,-1.,0.));
#2245=DIRECTION('',(0.,0.,-1.));
#2246=DIRECTION('',(0.,1.,0.));
#2247=DIRECTION('',(0.,-1.,0.));
#2248=DIRECTION('',(0.,0.,-1.));
#2249=DIRECTION('',(0.,1.,0.));
#2250=DIRECTION('',(0.,-1.,0.));
#2251=DIRECTION('',(0.,0.,-1.));
#2252=DIRECTION('',(0.,1.,0.));
#2253=DIRECTION('',(0.,-1.,0.));
#2254=DIRECTION('',(1.,0.,-6.12323399573677E-17));
#2255=DIRECTION('',(0.,1.,0.));
#2256=DIRECTION('',(0.,-1.,0.));
#2257=DIRECTION('',(0.,0.,-1.));
#2258=DIRECTION('',(0.,1.,0.));
#2259=DIRECTION('',(0.,-1.,0.));
#2260=DIRECTION('',(1.22464679914735E-16,0.,1.));
#2261=DIRECTION('',(0.,1.,0.));
#2262=DIRECTION('',(0.,-1.,0.));
#2263=DIRECTION('',(0.,0.,-1.));
#2264=DIRECTION('',(0.,1.,0.));
#2265=DIRECTION('',(0.,1.,0.));
#2266=DIRECTION('',(0.,0.,1.));
#2267=DIRECTION('',(0.,1.,0.));
#2268=DIRECTION('',(0.,0.,1.));
#2269=DIRECTION('',(0.,-1.,0.));
#2270=DIRECTION('',(0.,1.,0.));
#2271=DIRECTION('',(0.,0.,1.));
#2272=DIRECTION('',(0.,1.,0.));
#2273=DIRECTION('',(0.,1.,0.));
#2274=DIRECTION('',(0.,1.,0.));
#2275=DIRECTION('',(0.,-1.,0.));
#2276=DIRECTION('',(1.,0.,0.));
#2277=DIRECTION('',(0.,-1.,0.));
#2278=DIRECTION('',(0.,0.,-1.));
#2279=DIRECTION('',(0.,-1.,0.));
#2280=DIRECTION('',(0.,0.,-1.));
#2281=DIRECTION('',(0.,-1.,0.));
#2282=DIRECTION('',(0.,0.,-1.));
#2283=DIRECTION('',(0.,-1.,0.));
#2284=DIRECTION('',(0.,0.,-1.));
#2285=DIRECTION('',(0.,-1.,0.));
#2286=DIRECTION('',(0.,0.,-1.));
#2287=DIRECTION('',(0.,-1.,0.));
#2288=DIRECTION('',(0.,0.,-1.));
#2289=DIRECTION('',(0.,-1.,0.));
#2290=DIRECTION('',(0.,0.,-1.));
#2291=DIRECTION('',(0.,-1.,0.));
#2292=DIRECTION('',(0.,0.,-1.));
#2293=DIRECTION('',(0.,-1.,0.));
#2294=DIRECTION('',(0.,0.,-1.));
#2295=DIRECTION('',(0.,-1.,0.));
#2296=DIRECTION('',(0.,0.,-1.));
#2297=DIRECTION('',(0.,-1.,0.));
#2298=DIRECTION('',(0.,0.,-1.));
#2299=DIRECTION('',(0.,-1.,0.));
#2300=DIRECTION('',(0.,0.,-1.));
#2301=DIRECTION('',(0.,-1.,0.));
#2302=DIRECTION('',(0.,0.,-1.));
#2303=DIRECTION('',(0.,-1.,0.));
#2304=DIRECTION('',(0.,0.,-1.));
#2305=DIRECTION('',(0.,-1.,0.));
#2306=DIRECTION('',(0.,0.,-1.));
#2307=DIRECTION('',(0.,-1.,0.));
#2308=DIRECTION('',(0.,0.,-1.));
#2309=DIRECTION('',(0.,-1.,0.));
#2310=DIRECTION('',(0.,0.,-1.));
#2311=DIRECTION('',(0.,-1.,0.));
#2312=DIRECTION('',(0.,0.,-1.));
#2313=DIRECTION('',(0.,1.,0.));
#2314=DIRECTION('',(0.,0.,1.));
#2315=DIRECTION('',(0.,-1.,0.));
#2316=DIRECTION('',(0.,0.,-1.));
#2317=DIRECTION('',(0.,-1.,0.));
#2318=DIRECTION('',(0.,0.,-1.));
#2319=DIRECTION('',(0.,-1.,0.));
#2320=DIRECTION('',(0.,0.,-1.));
#2321=DIRECTION('',(0.,-1.,0.));
#2322=DIRECTION('',(0.,0.,-1.));
#2323=DIRECTION('',(0.,-1.,0.));
#2324=DIRECTION('',(0.,0.,-1.));
#2325=DIRECTION('',(0.,-1.,0.));
#2326=DIRECTION('',(0.,0.,-1.));
#2327=DIRECTION('',(0.,-1.,0.));
#2328=DIRECTION('',(0.,0.,-1.));
#2329=DIRECTION('',(0.,-1.,0.));
#2330=DIRECTION('',(0.,0.,-1.));
#2331=DIRECTION('',(0.,-1.,0.));
#2332=DIRECTION('',(0.,0.,-1.));
#2333=DIRECTION('',(0.,-1.,0.));
#2334=DIRECTION('',(0.,0.,-1.));
#2335=DIRECTION('',(0.,-1.,0.));
#2336=DIRECTION('',(0.,0.,-1.));
#2337=DIRECTION('',(0.,-1.,0.));
#2338=DIRECTION('',(0.,0.,-1.));
#2339=DIRECTION('',(0.,1.,0.));
#2340=DIRECTION('',(0.,0.,1.));
#2341=DIRECTION('',(0.,1.,0.));
#2342=DIRECTION('',(0.,-1.,0.));
#2343=DIRECTION('',(0.,0.,-1.));
#2344=DIRECTION('',(0.,-1.,0.));
#2345=DIRECTION('',(0.,-1.,0.));
#2346=DIRECTION('',(0.,0.,-1.));
#2347=DIRECTION('',(0.,1.,0.));
#2348=DIRECTION('',(0.,-1.,0.));
#2349=DIRECTION('',(1.,0.,0.));
#2350=DIRECTION('',(0.,1.,0.));
#2351=DIRECTION('',(0.,0.,1.));
#2352=DIRECTION('',(0.,1.,0.));
#2353=DIRECTION('',(0.,0.,1.));
#2354=DIRECTION('',(0.,1.,0.));
#2355=DIRECTION('',(0.,0.,1.));
#2356=DIRECTION('',(0.,1.,0.));
#2357=DIRECTION('',(0.,0.,1.));
#2358=DIRECTION('',(0.,-1.,0.));
#2359=DIRECTION('',(0.,0.,-1.));
#2360=DIRECTION('',(0.,-1.,0.));
#2361=DIRECTION('',(0.,0.,-1.));
#2362=DIRECTION('',(0.,-1.,0.));
#2363=DIRECTION('',(0.,0.,-1.));
#2364=DIRECTION('',(0.,1.,0.));
#2365=DIRECTION('',(0.,0.,1.));
#2366=DIRECTION('',(0.,-1.,0.));
#2367=DIRECTION('',(0.,0.,-1.));
#2368=DIRECTION('',(0.,-1.,0.));
#2369=DIRECTION('',(0.,0.,-1.));
#2370=DIRECTION('',(0.,-1.,0.));
#2371=DIRECTION('',(0.,0.,-1.));
#2372=DIRECTION('',(0.,-1.,0.));
#2373=DIRECTION('',(0.,0.,-1.));
#2374=DIRECTION('',(0.,1.,0.));
#2375=DIRECTION('',(0.,0.,1.));
#2376=DIRECTION('',(0.,-1.,0.));
#2377=DIRECTION('',(0.,0.,-1.));
#2378=DIRECTION('',(0.,-1.,0.));
#2379=DIRECTION('',(0.,0.,-1.));
#2380=DIRECTION('',(0.,-1.,0.));
#2381=DIRECTION('',(0.,0.,-1.));
#2382=DIRECTION('',(0.,-1.,0.));
#2383=DIRECTION('',(0.,0.,-1.));
#2384=DIRECTION('',(0.,-1.,0.));
#2385=DIRECTION('',(0.,0.,-1.));
#2386=DIRECTION('',(0.,-1.,0.));
#2387=DIRECTION('',(0.,0.,-1.));
#2388=DIRECTION('',(0.,-1.,0.));
#2389=DIRECTION('',(0.,0.,-1.));
#2390=DIRECTION('',(0.,-1.,0.));
#2391=DIRECTION('',(0.,0.,-1.));
#2392=DIRECTION('',(0.,-1.,0.));
#2393=DIRECTION('',(0.,0.,-1.));
#2394=DIRECTION('',(0.,-1.,0.));
#2395=DIRECTION('',(0.,0.,-1.));
#2396=DIRECTION('',(0.,-1.,0.));
#2397=DIRECTION('',(0.,0.,-1.));
#2398=DIRECTION('',(0.,-1.,0.));
#2399=DIRECTION('',(0.,0.,-1.));
#2400=DIRECTION('',(0.,-1.,0.));
#2401=DIRECTION('',(0.,0.,-1.));
#2402=DIRECTION('',(0.,-1.,0.));
#2403=DIRECTION('',(0.,0.,-1.));
#2404=DIRECTION('',(0.,-1.,0.));
#2405=DIRECTION('',(0.,0.,-1.));
#2406=DIRECTION('',(0.,-1.,0.));
#2407=DIRECTION('',(0.,0.,-1.));
#2408=DIRECTION('',(0.,-1.,0.));
#2409=DIRECTION('',(0.,0.,-1.));
#2410=DIRECTION('',(0.,-1.,0.));
#2411=DIRECTION('',(0.,0.,-1.));
#2412=DIRECTION('',(0.,1.,0.));
#2413=DIRECTION('',(0.,0.,1.));
#2414=DIRECTION('',(0.,-1.,0.));
#2415=DIRECTION('',(0.,-1.,0.));
#2416=DIRECTION('',(0.,0.,-1.));
#2417=DIRECTION('',(0.,-1.,0.));
#2418=DIRECTION('',(0.,1.,0.));
#2419=DIRECTION('',(0.,1.,0.));
#2420=DIRECTION('',(0.,0.,1.));
#2421=DIRECTION('',(0.,-1.,0.));
#2422=DIRECTION('',(0.,-1.,0.));
#2423=DIRECTION('',(0.,0.,-1.));
#2424=DIRECTION('',(0.,-1.,0.));
#2425=DIRECTION('',(0.,1.,0.));
#2426=DIRECTION('',(0.,0.,1.));
#2427=DIRECTION('',(0.,1.,0.));
#2428=DIRECTION('',(0.,0.,1.));
#2429=DIRECTION('',(0.,-1.,0.));
#2430=DIRECTION('',(0.,-1.,0.));
#2431=DIRECTION('',(0.,1.,0.));
#2432=DIRECTION('',(0.,0.,1.));
#2433=DIRECTION('',(0.,1.,0.));
#2434=DIRECTION('',(0.,0.,1.));
#2435=DIRECTION('',(0.,-1.,0.));
#2436=DIRECTION('',(0.,-1.,0.));
#2437=DIRECTION('',(0.,1.,0.));
#2438=DIRECTION('',(0.,0.,1.));
#2439=DIRECTION('',(0.,1.,0.));
#2440=DIRECTION('',(0.,0.,1.));
#2441=DIRECTION('',(0.,-1.,0.));
#2442=DIRECTION('',(0.,-1.,0.));
#2443=DIRECTION('',(0.,1.,0.));
#2444=DIRECTION('',(0.,0.,1.));
#2445=DIRECTION('',(0.,-1.,0.));
#2446=DIRECTION('',(0.,0.,-1.));
#2447=DIRECTION('',(0.,-1.,0.));
#2448=DIRECTION('',(0.,0.,-1.));
#2449=DIRECTION('',(0.,-1.,0.));
#2450=DIRECTION('',(0.,0.,-1.));
#2451=DIRECTION('',(0.,-1.,0.));
#2452=DIRECTION('',(1.,0.,0.));
#2453=DIRECTION('',(0.,-1.,0.));
#2454=DIRECTION('',(0.,0.,-1.));
#2455=DIRECTION('',(0.,-1.,0.));
#2456=DIRECTION('',(0.,0.,-1.));
#2457=DIRECTION('',(0.,-1.,0.));
#2458=DIRECTION('',(0.,0.,-1.));
#2459=DIRECTION('',(0.,-1.,0.));
#2460=DIRECTION('',(1.,0.,0.));
#2461=DIRECTION('',(0.,-1.,0.));
#2462=DIRECTION('',(1.,0.,0.));
#2463=DIRECTION('',(0.,-1.,0.));
#2464=DIRECTION('',(1.,0.,0.));
#2465=DIRECTION('',(0.,1.,0.));
#2466=DIRECTION('',(0.,0.,1.));
#2467=DIRECTION('',(0.,1.,0.));
#2468=DIRECTION('',(0.,0.,1.));
#2469=DIRECTION('',(0.,-1.,0.));
#2470=DIRECTION('',(0.,0.,-1.));
#2471=DIRECTION('',(0.,-1.,0.));
#2472=DIRECTION('',(1.,0.,0.));
#2473=DIRECTION('',(0.,1.,0.));
#2474=DIRECTION('',(0.,0.,1.));
#2475=DIRECTION('',(0.,1.,0.));
#2476=DIRECTION('',(0.,0.,1.));
#2477=DIRECTION('',(0.,-1.,0.));
#2478=DIRECTION('',(0.,0.,-1.));
#2479=DIRECTION('',(0.,-1.,0.));
#2480=DIRECTION('',(1.,0.,0.));
#2481=DIRECTION('',(0.,1.,0.));
#2482=DIRECTION('',(0.,0.,1.));
#2483=DIRECTION('',(0.,-1.,0.));
#2484=DIRECTION('',(1.,0.,0.));
#2485=DIRECTION('',(0.,1.,0.));
#2486=DIRECTION('',(0.,0.,1.));
#2487=DIRECTION('',(0.,1.,0.));
#2488=DIRECTION('',(0.,0.,1.));
#2489=DIRECTION('',(0.,-1.,0.));
#2490=DIRECTION('',(0.,0.,-1.));
#2491=DIRECTION('',(0.,-1.,0.));
#2492=DIRECTION('',(1.,0.,0.));
#2493=DIRECTION('',(0.,1.,0.));
#2494=DIRECTION('',(0.,0.,1.));
#2495=DIRECTION('',(0.,-1.,0.));
#2496=DIRECTION('',(1.,0.,0.));
#2497=DIRECTION('',(0.,1.,0.));
#2498=DIRECTION('',(0.,0.,1.));
#2499=DIRECTION('',(0.,1.,0.));
#2500=DIRECTION('',(0.,0.,1.));
#2501=DIRECTION('',(0.,-1.,0.));
#2502=DIRECTION('',(0.,0.,-1.));
#2503=DIRECTION('',(0.,-1.,0.));
#2504=DIRECTION('',(1.,0.,0.));
#2505=DIRECTION('',(0.,1.,0.));
#2506=DIRECTION('',(0.,0.,1.));
#2507=DIRECTION('',(0.,-1.,0.));
#2508=DIRECTION('',(1.,0.,0.));
#2509=DIRECTION('',(0.,1.,0.));
#2510=DIRECTION('',(0.,0.,1.));
#2511=DIRECTION('',(0.,-1.,0.));
#2512=DIRECTION('',(0.,0.,-1.));
#2513=DIRECTION('',(0.,-1.,0.));
#2514=DIRECTION('',(0.,0.,-1.));
#2515=DIRECTION('',(0.,1.,0.));
#2516=DIRECTION('',(0.,0.,1.));
#2517=DIRECTION('',(0.,1.,0.));
#2518=DIRECTION('',(0.,0.,1.));
#2519=DIRECTION('',(0.,-1.,0.));
#2520=DIRECTION('',(0.,0.,-1.));
#2521=DIRECTION('',(0.,1.,0.));
#2522=DIRECTION('',(0.,0.,1.));
#2523=DIRECTION('',(0.,1.,0.));
#2524=DIRECTION('',(0.,0.,1.));
#2525=DIRECTION('',(0.,-1.,0.));
#2526=DIRECTION('',(0.,0.,-1.));
#2527=DIRECTION('',(0.,1.,0.));
#2528=DIRECTION('',(0.,0.,1.));
#2529=DIRECTION('',(0.,1.,0.));
#2530=DIRECTION('',(0.,0.,1.));
#2531=DIRECTION('',(0.,-1.,0.));
#2532=DIRECTION('',(0.,0.,-1.));
#2533=DIRECTION('',(0.,1.,0.));
#2534=DIRECTION('',(0.,0.,1.));
#2535=DIRECTION('',(0.,1.,0.));
#2536=DIRECTION('',(0.,0.,1.));
#2537=DIRECTION('',(0.,-1.,0.));
#2538=DIRECTION('',(0.,0.,-1.));
#2539=DIRECTION('',(0.,1.,0.));
#2540=DIRECTION('',(0.,0.,1.));
#2541=DIRECTION('',(0.,1.,0.));
#2542=DIRECTION('',(0.,0.,1.));
#2543=DIRECTION('',(0.,-1.,0.));
#2544=DIRECTION('',(0.,0.,-1.));
#2545=DIRECTION('',(0.,1.,0.));
#2546=DIRECTION('',(0.,0.,1.));
#2547=DIRECTION('',(0.,1.,0.));
#2548=DIRECTION('',(0.,0.,1.));
#2549=DIRECTION('',(0.,-1.,0.));
#2550=DIRECTION('',(0.,0.,-1.));
#2551=DIRECTION('',(0.,1.,0.));
#2552=DIRECTION('',(0.,0.,1.));
#2553=DIRECTION('',(0.,1.,0.));
#2554=DIRECTION('',(0.,0.,1.));
#2555=DIRECTION('',(0.,-1.,0.));
#2556=DIRECTION('',(0.,0.,-1.));
#2557=DIRECTION('',(0.,1.,0.));
#2558=DIRECTION('',(0.,0.,1.));
#2559=DIRECTION('',(0.,1.,0.));
#2560=DIRECTION('',(0.,0.,1.));
#2561=DIRECTION('',(1.,0.,0.));
#2562=DIRECTION('',(0.,0.,-1.));
#2563=DIRECTION('',(0.,0.,1.));
#2564=DIRECTION('',(0.,0.,1.));
#2565=DIRECTION('',(0.,-1.,0.));
#2566=DIRECTION('',(1.,0.,0.));
#2567=DIRECTION('',(0.,-1.,0.));
#2568=DIRECTION('',(1.,0.,0.));
#2569=DIRECTION('',(0.,0.,1.));
#2570=DIRECTION('',(1.,0.,0.));
#2571=DIRECTION('',(-1.,0.,0.));
#2572=DIRECTION('',(-1.,0.,0.));
#2573=DIRECTION('',(0.,-1.,0.));
#2574=DIRECTION('',(1.,0.,0.));
#2575=DIRECTION('',(0.,-1.,0.));
#2576=DIRECTION('',(1.,0.,0.));
#2577=DIRECTION('',(-1.,0.,0.));
#2578=DIRECTION('',(0.,0.,1.));
#2579=DIRECTION('',(0.,0.,-1.));
#2580=DIRECTION('',(0.,0.,-1.));
#2581=DIRECTION('',(0.,-1.,0.));
#2582=DIRECTION('',(1.,0.,0.));
#2583=DIRECTION('',(0.,-1.,0.));
#2584=DIRECTION('',(1.,0.,0.));
#2585=DIRECTION('',(0.,0.,1.));
#2586=DIRECTION('',(1.,0.,0.));
#2587=DIRECTION('',(-1.,0.,0.));
#2588=DIRECTION('',(-1.,0.,0.));
#2589=DIRECTION('',(0.,-1.,0.));
#2590=DIRECTION('',(1.,0.,0.));
#2591=DIRECTION('',(0.,-1.,0.));
#2592=DIRECTION('',(1.,0.,0.));
#2593=DIRECTION('',(0.,-1.,0.));
#2594=DIRECTION('',(0.,0.,-1.));
#2595=DIRECTION('',(0.,-1.,0.));
#2596=DIRECTION('',(0.,0.,-1.));
#2597=DIRECTION('',(0.,-1.,0.));
#2598=DIRECTION('',(0.,0.,-1.));
#2599=DIRECTION('',(0.,-1.,0.));
#2600=DIRECTION('',(0.,0.,-1.));
#2601=DIRECTION('',(0.,-1.,0.));
#2602=DIRECTION('',(0.,0.,-1.));
#2603=DIRECTION('',(0.,-1.,0.));
#2604=DIRECTION('',(0.,0.,-1.));
#2605=DIRECTION('',(0.,-1.,0.));
#2606=DIRECTION('',(0.,0.,-1.));
#2607=DIRECTION('',(0.,-1.,0.));
#2608=DIRECTION('',(0.,0.,-1.));
#2609=DIRECTION('',(0.,-1.,0.));
#2610=DIRECTION('',(0.,0.,-1.));
#2611=DIRECTION('',(0.,-1.,0.));
#2612=DIRECTION('',(0.,0.,-1.));
#2613=DIRECTION('',(0.,-1.,0.));
#2614=DIRECTION('',(0.,0.,-1.));
#2615=DIRECTION('',(0.,-1.,0.));
#2616=DIRECTION('',(0.,0.,-1.));
#2617=DIRECTION('',(0.,1.,0.));
#2618=DIRECTION('',(0.,0.,1.));
#2619=DIRECTION('',(0.,1.,0.));
#2620=DIRECTION('',(0.,0.,1.));
#2621=DIRECTION('',(0.,-1.,0.));
#2622=DIRECTION('',(0.,0.,-1.));
#2623=DIRECTION('',(0.,1.,0.));
#2624=DIRECTION('',(0.,0.,1.));
#2625=DIRECTION('',(0.,1.,0.));
#2626=DIRECTION('',(0.,0.,1.));
#2627=DIRECTION('',(0.,-1.,0.));
#2628=DIRECTION('',(0.,0.,-1.));
#2629=DIRECTION('',(0.,1.,0.));
#2630=DIRECTION('',(0.,0.,1.));
#2631=DIRECTION('',(0.,1.,0.));
#2632=DIRECTION('',(0.,0.,1.));
#2633=DIRECTION('',(0.,-1.,0.));
#2634=DIRECTION('',(0.,0.,-1.));
#2635=DIRECTION('',(0.,1.,0.));
#2636=DIRECTION('',(0.,0.,1.));
#2637=DIRECTION('',(0.,1.,0.));
#2638=DIRECTION('',(0.,0.,1.));
#2639=DIRECTION('',(0.,-1.,0.));
#2640=DIRECTION('',(0.,0.,-1.));
#2641=CARTESIAN_POINT('',(0.,0.,0.));
#2642=CARTESIAN_POINT('',(-0.0161600299107558,-0.0046,-0.0328702081082878));
#2643=CARTESIAN_POINT('',(-0.0161600299107558,-0.003,-0.0328702081082878));
#2644=CARTESIAN_POINT('',(0.00690694538635241,-0.003,-0.00648836440278573));
#2645=CARTESIAN_POINT('',(0.00531638590643825,-0.003,-0.00517776535207793));
#2646=CARTESIAN_POINT('',(0.00690694538634638,-0.003,-0.00648836440278779));
#2647=CARTESIAN_POINT('',(0.00690694538635241,-0.005,-0.00648836440278573));
#2648=CARTESIAN_POINT('',(-0.0161600299107558,-0.005,-0.0328702081082878));
#2649=CARTESIAN_POINT('',(0.00531638592102205,-0.005,-0.00517776536341655));
#2650=CARTESIAN_POINT('',(0.00531638592106973,-0.005,-0.00517776536344199));
#2651=CARTESIAN_POINT('',(0.0260063261324382,-0.0046,0.0335559062801702));
#2652=CARTESIAN_POINT('',(0.00885437573738544,-0.003,-0.00358815885986986));
#2653=CARTESIAN_POINT('',(0.00885437573738544,-0.003,-0.00358815885986985));
#2654=CARTESIAN_POINT('',(0.00885437573738544,-0.005,-0.00358815885986985));
#2655=CARTESIAN_POINT('',(0.0260063261324382,-0.003,0.0335559062801702));
#2656=CARTESIAN_POINT('',(0.00694636767728942,-0.003,-0.00264631470490736));
#2657=CARTESIAN_POINT('',(0.00694636767729212,-0.005,-0.00264631470490943));
#2658=CARTESIAN_POINT('',(0.00694636767714205,-0.005,-0.00264631470483049));
#2659=CARTESIAN_POINT('',(0.0260063261324382,-0.005,0.0335559062801702));
#2660=CARTESIAN_POINT('',(0.,-0.005,8.26636589424463E-19));
#2661=CARTESIAN_POINT('',(0.,-0.003,8.26636589424463E-19));
#2662=CARTESIAN_POINT('',(0.0131103469197313,-0.003,-0.00322006267707488));
#2663=CARTESIAN_POINT('',(0.0106635774822819,-0.003,0.00827877498663718));
#2664=CARTESIAN_POINT('',(0.0131103469197313,-0.002998,-0.00322006267707488));
#2665=CARTESIAN_POINT('',(0.0131103469197313,-0.005,-0.00322006267707488));
#2666=CARTESIAN_POINT('',(0.,-0.005,8.26636589424463E-19));
#2667=CARTESIAN_POINT('',(0.0106635774822819,-0.005,0.00827877498663718));
#2668=CARTESIAN_POINT('',(0.0106635774822819,-0.004,0.00827877498663718));
#2669=CARTESIAN_POINT('',(0.03,-0.0249,-0.00855));
#2670=CARTESIAN_POINT('',(0.03,-0.003,-0.00855));
#2671=CARTESIAN_POINT('',(0.0287953013660898,-0.003,-0.0101464652208723));
#2672=CARTESIAN_POINT('',(0.0285669228227972,-0.003,-0.00715490509133589));
#2673=CARTESIAN_POINT('',(0.0285669228227972,-0.005,-0.00715490509133589));
#2674=CARTESIAN_POINT('',(0.0285669228227972,-0.005,-0.00715490509133589));
#2675=CARTESIAN_POINT('',(0.03,-0.005,-0.00855));
#2676=CARTESIAN_POINT('',(0.0287953013660898,-0.005,-0.0101464652208723));
#2677=CARTESIAN_POINT('',(0.0287953013660898,-0.005,-0.0101464652208723));
#2678=CARTESIAN_POINT('',(0.03,-0.0249,-0.00855));
#2679=CARTESIAN_POINT('',(0.03,-0.0249,-0.01055));
#2680=CARTESIAN_POINT('',(0.03,-0.0099,-0.00855));
#2681=CARTESIAN_POINT('',(0.0316,-0.0099,-0.00735));
#2682=CARTESIAN_POINT('',(0.0284,-0.0099,-0.00735));
#2683=CARTESIAN_POINT('',(0.0316,-0.0099,-0.00735));
#2684=CARTESIAN_POINT('',(0.0316,-0.0129,-0.00735));
#2685=CARTESIAN_POINT('',(0.03,-0.0129,-0.00855));
#2686=CARTESIAN_POINT('',(0.0284,-0.0129,-0.00735));
#2687=CARTESIAN_POINT('',(0.0284,-0.0099,-0.00735));
#2688=CARTESIAN_POINT('',(-0.00855,-0.0285,-0.03));
#2689=CARTESIAN_POINT('',(-0.00855,-0.003,-0.03));
#2690=CARTESIAN_POINT('',(-0.0101464652208723,-0.003,-0.0287953013660898));
#2691=CARTESIAN_POINT('',(-0.00715490509133589,-0.003,-0.0285669228227972));
#2692=CARTESIAN_POINT('',(-0.00715490509133589,-0.005,-0.0285669228227972));
#2693=CARTESIAN_POINT('',(-0.00715490509133589,-0.005,-0.0285669228227972));
#2694=CARTESIAN_POINT('',(-0.00855,-0.005,-0.03));
#2695=CARTESIAN_POINT('',(-0.0101464652208723,-0.005,-0.0287953013660898));
#2696=CARTESIAN_POINT('',(-0.0101464652208723,-0.005,-0.0287953013660898));
#2697=CARTESIAN_POINT('',(-0.00855,-0.0285,-0.03));
#2698=CARTESIAN_POINT('',(-0.00855,-0.0285,-0.032));
#2699=CARTESIAN_POINT('',(-0.00855,-0.0135,-0.03));
#2700=CARTESIAN_POINT('',(-0.00735,-0.0135,-0.0316));
#2701=CARTESIAN_POINT('',(-0.00735,-0.0135,-0.0284));
#2702=CARTESIAN_POINT('',(-0.00735,-0.0135,-0.0316));
#2703=CARTESIAN_POINT('',(-0.00735,-0.0165,-0.0316));
#2704=CARTESIAN_POINT('',(-0.00855,-0.0165,-0.03));
#2705=CARTESIAN_POINT('',(-0.00735,-0.0165,-0.0284));
#2706=CARTESIAN_POINT('',(-0.00735,-0.0135,-0.0284));
#2707=CARTESIAN_POINT('',(-0.03,-0.0321,0.00855));
#2708=CARTESIAN_POINT('',(-0.03,-0.003,0.00855));
#2709=CARTESIAN_POINT('',(-0.0287953013660898,-0.003,0.0101464652208723));
#2710=CARTESIAN_POINT('',(-0.0285669228227972,-0.003,0.00715490509133589));
#2711=CARTESIAN_POINT('',(-0.0285669228227972,-0.005,0.00715490509133589));
#2712=CARTESIAN_POINT('',(-0.0285669228227972,-0.005,0.00715490509133589));
#2713=CARTESIAN_POINT('',(-0.03,-0.005,0.00855));
#2714=CARTESIAN_POINT('',(-0.0287953013660898,-0.005,0.0101464652208723));
#2715=CARTESIAN_POINT('',(-0.0287953013660898,-0.005,0.0101464652208723));
#2716=CARTESIAN_POINT('',(-0.03,-0.0321,0.00855));
#2717=CARTESIAN_POINT('',(-0.03,-0.0321,0.00655));
#2718=CARTESIAN_POINT('',(-0.03,-0.0171,0.00855));
#2719=CARTESIAN_POINT('',(-0.0316,-0.0171,0.00735));
#2720=CARTESIAN_POINT('',(-0.0284,-0.0171,0.00735));
#2721=CARTESIAN_POINT('',(-0.0316,-0.0171,0.00735));
#2722=CARTESIAN_POINT('',(-0.0316,-0.0201,0.00735));
#2723=CARTESIAN_POINT('',(-0.03,-0.0201,0.00855));
#2724=CARTESIAN_POINT('',(-0.0284,-0.0201,0.00735));
#2725=CARTESIAN_POINT('',(-0.0284,-0.0171,0.00735));
#2726=CARTESIAN_POINT('',(0.00855,-0.0213,0.03));
#2727=CARTESIAN_POINT('',(0.00855,-0.0213,0.03));
#2728=CARTESIAN_POINT('',(0.00855,-0.0213,0.028));
#2729=CARTESIAN_POINT('',(0.0101464652208723,-0.005,0.0287953013660898));
#2730=CARTESIAN_POINT('',(0.0101464652208723,-0.003,0.0287953013660898));
#2731=CARTESIAN_POINT('',(0.0101464652208723,-0.005,0.0287953013660898));
#2732=CARTESIAN_POINT('',(0.00855,-0.003,0.03));
#2733=CARTESIAN_POINT('',(0.00715490509133589,-0.003,0.0285669228227972));
#2734=CARTESIAN_POINT('',(0.00715490509133588,-0.005,0.0285669228227972));
#2735=CARTESIAN_POINT('',(0.00715490509133588,-0.005,0.0285669228227972));
#2736=CARTESIAN_POINT('',(0.00855,-0.005,0.03));
#2737=CARTESIAN_POINT('',(0.00855,-0.0063,0.03));
#2738=CARTESIAN_POINT('',(0.00734999999999985,-0.0063,0.0316));
#2739=CARTESIAN_POINT('',(0.00734999999999985,-0.0063,0.0284));
#2740=CARTESIAN_POINT('',(0.00734999999999985,-0.0063,0.0316));
#2741=CARTESIAN_POINT('',(0.00734999999999985,-0.0093,0.0316));
#2742=CARTESIAN_POINT('',(0.00855,-0.0093,0.03));
#2743=CARTESIAN_POINT('',(0.00734999999999985,-0.0093,0.0284));
#2744=CARTESIAN_POINT('',(0.00734999999999985,-0.0063,0.0284));
#2745=CARTESIAN_POINT('',(-0.0285669228075721,-0.005,0.00715490509228471));
#2746=CARTESIAN_POINT('',(-0.0285669228075721,-0.003,0.00715490509228471));
#2747=CARTESIAN_POINT('',(-0.0239613244382233,-0.005,0.00744192483142471));
#2748=CARTESIAN_POINT('',(-0.0239613244382233,-0.003,0.00744192483142471));
#2749=CARTESIAN_POINT('',(-0.0195781825018802,-0.005,0.00703413912986353));
#2750=CARTESIAN_POINT('',(-0.0195781825018802,-0.003,0.00703413912986353));
#2751=CARTESIAN_POINT('',(-0.0153945269592487,-0.005,0.00593789017231929));
#2752=CARTESIAN_POINT('',(-0.0153945269592487,-0.003,0.00593789017231929));
#2753=CARTESIAN_POINT('',(-0.0298657905554347,-0.003,0.00705601612291515));
#2754=CARTESIAN_POINT('',(-0.0271751422474927,-0.003,0.00729772583643236));
#2755=CARTESIAN_POINT('',(-0.0219433508847089,-0.003,0.00731346372370695));
#2756=CARTESIAN_POINT('',(-0.0145229576293754,-0.003,0.00594883287938447));
#2757=CARTESIAN_POINT('',(-0.00787402427590071,-0.003,0.00334385599754472));
#2758=CARTESIAN_POINT('',(-0.00377467824461343,-0.003,0.000864040986855372));
#2759=CARTESIAN_POINT('',(-0.00194621850715298,-0.003,-0.000434977068180751));
#2760=CARTESIAN_POINT('',(-0.0153945269593207,-0.003,0.005937890172338));
#2761=CARTESIAN_POINT('',(-0.0153945269593206,-0.005,0.00593789017233815));
#2762=CARTESIAN_POINT('',(-0.015394526959322,-0.005,0.00593789017233851));
#2763=CARTESIAN_POINT('',(-0.0298657905554347,-0.005,0.00705601612291515));
#2764=CARTESIAN_POINT('',(-0.0271751422474927,-0.005,0.00729772583643236));
#2765=CARTESIAN_POINT('',(-0.0219433508847089,-0.005,0.00731346372370695));
#2766=CARTESIAN_POINT('',(-0.0145229576293754,-0.005,0.00594883287938447));
#2767=CARTESIAN_POINT('',(-0.00787402427590071,-0.005,0.00334385599754472));
#2768=CARTESIAN_POINT('',(-0.00377467824461343,-0.005,0.000864040986855372));
#2769=CARTESIAN_POINT('',(-0.00194621850715298,-0.005,-0.000434977068180751));
#2770=CARTESIAN_POINT('',(-0.0287953013617075,-0.005,0.0101464652211491));
#2771=CARTESIAN_POINT('',(-0.0287953013617075,-0.003,0.0101464652211491));
#2772=CARTESIAN_POINT('',(-0.0241888066807463,-0.005,0.0104373677288068));
#2773=CARTESIAN_POINT('',(-0.0241888066807463,-0.003,0.0104373677288068));
#2774=CARTESIAN_POINT('',(-0.0197469880293549,-0.005,0.0100752154071884));
#2775=CARTESIAN_POINT('',(-0.0197469880293549,-0.003,0.0100752154071884));
#2776=CARTESIAN_POINT('',(-0.0154885261353445,-0.005,0.00905422529465293));
#2777=CARTESIAN_POINT('',(-0.0154885261353445,-0.003,0.00905422529465293));
#2778=CARTESIAN_POINT('',(-0.0154885260983744,-0.005,0.00905422528578914));
#2779=CARTESIAN_POINT('',(-0.0154885260983745,-0.003,0.00905422528578917));
#2780=CARTESIAN_POINT('',(-0.0154885260983745,-0.005,0.00905422528578917));
#2781=CARTESIAN_POINT('',(-0.0301342094445653,-0.003,0.0100439838770848));
#2782=CARTESIAN_POINT('',(-0.0272766857932314,-0.003,0.0103006845469917));
#2783=CARTESIAN_POINT('',(-0.0216862192171015,-0.003,0.0103200622348533));
#2784=CARTESIAN_POINT('',(-0.013695483502978,-0.003,0.00885225086674386));
#2785=CARTESIAN_POINT('',(-0.00613152532076228,-0.003,0.00588697447439664));
#2786=CARTESIAN_POINT('',(-0.00139122090086572,-0.003,0.00292332705266754));
#2787=CARTESIAN_POINT('',(0.000901643129199625,-0.003,0.00119876589356184));
#2788=CARTESIAN_POINT('',(-0.0301342094445653,-0.005,0.0100439838770848));
#2789=CARTESIAN_POINT('',(-0.0272766857932314,-0.005,0.0103006845469917));
#2790=CARTESIAN_POINT('',(-0.0216862192171015,-0.005,0.0103200622348533));
#2791=CARTESIAN_POINT('',(-0.013695483502978,-0.005,0.00885225086674386));
#2792=CARTESIAN_POINT('',(-0.00613152532076228,-0.005,0.00588697447439664));
#2793=CARTESIAN_POINT('',(-0.00139122090086572,-0.005,0.00292332705266754));
#2794=CARTESIAN_POINT('',(0.000901643129199625,-0.005,0.00119876589356184));
#2795=CARTESIAN_POINT('',(-0.0288000566671533,-0.005,-0.0178499574731959));
#2796=CARTESIAN_POINT('',(-0.0288000566671533,-0.003,-0.0178499574731959));
#2797=CARTESIAN_POINT('',(-0.0220921397286816,-0.005,-0.0172188051768776));
#2798=CARTESIAN_POINT('',(-0.0220921397286816,-0.003,-0.0172188051768776));
#2799=CARTESIAN_POINT('',(-0.016417066104172,-0.005,-0.0151566041373446));
#2800=CARTESIAN_POINT('',(-0.016417066104172,-0.003,-0.0151566041373446));
#2801=CARTESIAN_POINT('',(-0.0116618461713068,-0.005,-0.0116726750951429));
#2802=CARTESIAN_POINT('',(-0.0116618461713068,-0.003,-0.0116726750951429));
#2803=CARTESIAN_POINT('',(-0.0300977013052682,-0.005,-0.0179531852302476));
#2804=CARTESIAN_POINT('',(-0.0284475090341047,-0.005,-0.0178454725445539));
#2805=CARTESIAN_POINT('',(-0.0252665166284513,-0.005,-0.0174613133785182));
#2806=CARTESIAN_POINT('',(-0.0208491072234174,-0.005,-0.0163847924109764));
#2807=CARTESIAN_POINT('',(-0.0167779222571718,-0.005,-0.0148124512949335));
#2808=CARTESIAN_POINT('',(-0.0130420151597879,-0.005,-0.0127450280311755));
#2809=CARTESIAN_POINT('',(-0.00962991486135068,-0.005,-0.0101781598333095));
#2810=CARTESIAN_POINT('',(-0.00653295690237775,-0.005,-0.0071031549528357));
#2811=CARTESIAN_POINT('',(-0.00399145006140741,-0.005,-0.00382461101630764));
#2812=CARTESIAN_POINT('',(-0.00253550129356799,-0.005,-0.00147862458489108));
#2813=CARTESIAN_POINT('',(-0.00194621850273364,-0.005,-0.000434977060353909));
#2814=CARTESIAN_POINT('',(-0.0288000567003357,-0.005,-0.017849957476318));
#2815=CARTESIAN_POINT('',(-0.011661846171307,-0.005,-0.011672675095143));
#2816=CARTESIAN_POINT('',(-0.011661846171307,-0.005,-0.011672675095143));
#2817=CARTESIAN_POINT('',(-0.011661846171307,-0.003,-0.011672675095143));
#2818=CARTESIAN_POINT('',(-0.0300977013052682,-0.003,-0.0179531852302476));
#2819=CARTESIAN_POINT('',(-0.0284475090341047,-0.003,-0.0178454725445539));
#2820=CARTESIAN_POINT('',(-0.0252665166284513,-0.003,-0.0174613133785182));
#2821=CARTESIAN_POINT('',(-0.0208491072234174,-0.003,-0.0163847924109764));
#2822=CARTESIAN_POINT('',(-0.0167779222571718,-0.003,-0.0148124512949335));
#2823=CARTESIAN_POINT('',(-0.0130420151597879,-0.003,-0.0127450280311755));
#2824=CARTESIAN_POINT('',(-0.00962991486135068,-0.003,-0.0101781598333095));
#2825=CARTESIAN_POINT('',(-0.00653295690237775,-0.003,-0.0071031549528357));
#2826=CARTESIAN_POINT('',(-0.00399145006140741,-0.003,-0.00382461101630764));
#2827=CARTESIAN_POINT('',(-0.00253550129356799,-0.003,-0.00147862458489108));
#2828=CARTESIAN_POINT('',(-0.00194621850273364,-0.003,-0.000434977060353909));
#2829=CARTESIAN_POINT('',(-0.0288000567003357,-0.003,-0.017849957476318));
#2830=CARTESIAN_POINT('',(-0.0288000567003357,-0.005,-0.017849957476318));
#2831=CARTESIAN_POINT('',(-0.0285628184747638,-0.005,-0.0208408663818905));
#2832=CARTESIAN_POINT('',(-0.0285628184747638,-0.003,-0.0208408663818905));
#2833=CARTESIAN_POINT('',(-0.0216626041419146,-0.005,-0.0201980855029219));
#2834=CARTESIAN_POINT('',(-0.0216626041419146,-0.003,-0.0201980855029219));
#2835=CARTESIAN_POINT('',(-0.0156098067940157,-0.005,-0.0180995654127366));
#2836=CARTESIAN_POINT('',(-0.0156098067940157,-0.003,-0.0180995654127366));
#2837=CARTESIAN_POINT('',(-0.0105044335229475,-0.005,-0.0145331034930531));
#2838=CARTESIAN_POINT('',(-0.0105044335229475,-0.003,-0.0145331034930531));
#2839=CARTESIAN_POINT('',(-0.0299022986947318,-0.003,-0.0209468147697524));
#2840=CARTESIAN_POINT('',(-0.0281458161847583,-0.003,-0.0208321642215529));
#2841=CARTESIAN_POINT('',(-0.0247401277234219,-0.003,-0.0204219793949421));
#2842=CARTESIAN_POINT('',(-0.019957521913824,-0.003,-0.019258131798934));
#2843=CARTESIAN_POINT('',(-0.0155086977512905,-0.003,-0.017541251776847));
#2844=CARTESIAN_POINT('',(-0.0114046018057481,-0.003,-0.015270601327895));
#2845=CARTESIAN_POINT('',(-0.00765670514711163,-0.003,-0.012450543238471));
#2846=CARTESIAN_POINT('',(-0.00427367223486367,-0.003,-0.00908976925707471));
#2847=CARTESIAN_POINT('',(-0.00125929681207127,-0.003,-0.00519857402074967));
#2848=CARTESIAN_POINT('',(0.000505093736107221,-0.003,-0.00225682428952512));
#2849=CARTESIAN_POINT('',(0.0013266126833014,-0.003,-0.000700070559660859));
#2850=CARTESIAN_POINT('',(-0.0285628184857584,-0.003,-0.0208408663829147));
#2851=CARTESIAN_POINT('',(-0.0105044335229476,-0.003,-0.0145331034930532));
#2852=CARTESIAN_POINT('',(-0.0105044335229476,-0.005,-0.0145331034930532));
#2853=CARTESIAN_POINT('',(-0.0105044335229476,-0.005,-0.0145331034930532));
#2854=CARTESIAN_POINT('',(-0.0299022986947318,-0.005,-0.0209468147697524));
#2855=CARTESIAN_POINT('',(-0.0281458161847583,-0.005,-0.0208321642215529));
#2856=CARTESIAN_POINT('',(-0.0247401277234219,-0.005,-0.0204219793949421));
#2857=CARTESIAN_POINT('',(-0.019957521913824,-0.005,-0.019258131798934));
#2858=CARTESIAN_POINT('',(-0.0155086977512905,-0.005,-0.017541251776847));
#2859=CARTESIAN_POINT('',(-0.0114046018057481,-0.005,-0.015270601327895));
#2860=CARTESIAN_POINT('',(-0.00765670514711163,-0.005,-0.012450543238471));
#2861=CARTESIAN_POINT('',(-0.00427367223486367,-0.005,-0.00908976925707471));
#2862=CARTESIAN_POINT('',(-0.00125929681207127,-0.005,-0.00519857402074967));
#2863=CARTESIAN_POINT('',(0.000505093736107221,-0.005,-0.00225682428952512));
#2864=CARTESIAN_POINT('',(0.0013266126833014,-0.005,-0.000700070559660859));
#2865=CARTESIAN_POINT('',(-0.0285628184857584,-0.005,-0.0208408663829147));
#2866=CARTESIAN_POINT('',(-0.0285628184857584,-0.005,-0.0208408663829147));
#2867=CARTESIAN_POINT('',(-0.00715490509228472,-0.005,-0.0285669228075721));
#2868=CARTESIAN_POINT('',(-0.00715490509228472,-0.003,-0.0285669228075721));
#2869=CARTESIAN_POINT('',(-0.00744192483142471,-0.005,-0.0239613244382233));
#2870=CARTESIAN_POINT('',(-0.00744192483142471,-0.003,-0.0239613244382233));
#2871=CARTESIAN_POINT('',(-0.00703413912986353,-0.005,-0.0195781825018802));
#2872=CARTESIAN_POINT('',(-0.00703413912986353,-0.003,-0.0195781825018802));
#2873=CARTESIAN_POINT('',(-0.00593789017231929,-0.005,-0.0153945269592487));
#2874=CARTESIAN_POINT('',(-0.00593789017231929,-0.003,-0.0153945269592487));
#2875=CARTESIAN_POINT('',(-0.00705601612291516,-0.003,-0.0298657905554347));
#2876=CARTESIAN_POINT('',(-0.00729772583643236,-0.003,-0.0271751422474927));
#2877=CARTESIAN_POINT('',(-0.00731346372370695,-0.003,-0.0219433508847089));
#2878=CARTESIAN_POINT('',(-0.00594883287938447,-0.003,-0.0145229576293754));
#2879=CARTESIAN_POINT('',(-0.00334385599754472,-0.003,-0.00787402427590071));
#2880=CARTESIAN_POINT('',(-0.000864040986855373,-0.003,-0.00377467824461343));
#2881=CARTESIAN_POINT('',(0.000434977068180751,-0.003,-0.00194621850715298));
#2882=CARTESIAN_POINT('',(-0.005937890172338,-0.003,-0.0153945269593207));
#2883=CARTESIAN_POINT('',(-0.00593789017233815,-0.005,-0.0153945269593206));
#2884=CARTESIAN_POINT('',(-0.00593789017233851,-0.005,-0.015394526959322));
#2885=CARTESIAN_POINT('',(-0.00705601612291516,-0.005,-0.0298657905554347));
#2886=CARTESIAN_POINT('',(-0.00729772583643236,-0.005,-0.0271751422474927));
#2887=CARTESIAN_POINT('',(-0.00731346372370695,-0.005,-0.0219433508847089));
#2888=CARTESIAN_POINT('',(-0.00594883287938447,-0.005,-0.0145229576293754));
#2889=CARTESIAN_POINT('',(-0.00334385599754472,-0.005,-0.00787402427590071));
#2890=CARTESIAN_POINT('',(-0.000864040986855373,-0.005,-0.00377467824461343));
#2891=CARTESIAN_POINT('',(0.000434977068180751,-0.005,-0.00194621850715298));
#2892=CARTESIAN_POINT('',(-0.0101464652211491,-0.005,-0.0287953013617075));
#2893=CARTESIAN_POINT('',(-0.0101464652211491,-0.003,-0.0287953013617075));
#2894=CARTESIAN_POINT('',(-0.0104373677288068,-0.005,-0.0241888066807464));
#2895=CARTESIAN_POINT('',(-0.0104373677288068,-0.003,-0.0241888066807464));
#2896=CARTESIAN_POINT('',(-0.0100752154071884,-0.005,-0.0197469880293549));
#2897=CARTESIAN_POINT('',(-0.0100752154071884,-0.003,-0.0197469880293549));
#2898=CARTESIAN_POINT('',(-0.00905422529465294,-0.005,-0.0154885261353445));
#2899=CARTESIAN_POINT('',(-0.00905422529465294,-0.003,-0.0154885261353445));
#2900=CARTESIAN_POINT('',(-0.00905422528578917,-0.005,-0.0154885260983745));
#2901=CARTESIAN_POINT('',(-0.00905422528578917,-0.003,-0.0154885260983745));
#2902=CARTESIAN_POINT('',(-0.00905422528578917,-0.005,-0.0154885260983745));
#2903=CARTESIAN_POINT('',(-0.0100439838770848,-0.003,-0.0301342094445653));
#2904=CARTESIAN_POINT('',(-0.0103006845469917,-0.003,-0.0272766857932314));
#2905=CARTESIAN_POINT('',(-0.0103200622348533,-0.003,-0.0216862192171015));
#2906=CARTESIAN_POINT('',(-0.00885225086674387,-0.003,-0.013695483502978));
#2907=CARTESIAN_POINT('',(-0.00588697447439664,-0.003,-0.00613152532076228));
#2908=CARTESIAN_POINT('',(-0.00292332705266754,-0.003,-0.00139122090086572));
#2909=CARTESIAN_POINT('',(-0.00119876589356184,-0.003,0.000901643129199625));
#2910=CARTESIAN_POINT('',(-0.0100439838770848,-0.005,-0.0301342094445653));
#2911=CARTESIAN_POINT('',(-0.0103006845469917,-0.005,-0.0272766857932314));
#2912=CARTESIAN_POINT('',(-0.0103200622348533,-0.005,-0.0216862192171015));
#2913=CARTESIAN_POINT('',(-0.00885225086674387,-0.005,-0.013695483502978));
#2914=CARTESIAN_POINT('',(-0.00588697447439664,-0.005,-0.00613152532076228));
#2915=CARTESIAN_POINT('',(-0.00292332705266754,-0.005,-0.00139122090086572));
#2916=CARTESIAN_POINT('',(-0.00119876589356184,-0.005,0.000901643129199625));
#2917=CARTESIAN_POINT('',(0.0178499574731959,-0.005,-0.0288000566671533));
#2918=CARTESIAN_POINT('',(0.0178499574731959,-0.003,-0.0288000566671533));
#2919=CARTESIAN_POINT('',(0.0172188051768776,-0.005,-0.0220921397286816));
#2920=CARTESIAN_POINT('',(0.0172188051768776,-0.003,-0.0220921397286816));
#2921=CARTESIAN_POINT('',(0.0151566041373446,-0.00499999999999999,-0.0164170661041721));
#2922=CARTESIAN_POINT('',(0.0151566041373446,-0.00299999999999999,-0.0164170661041721));
#2923=CARTESIAN_POINT('',(0.0116726750951429,-0.005,-0.0116618461713068));
#2924=CARTESIAN_POINT('',(0.0116726750951429,-0.003,-0.0116618461713068));
#2925=CARTESIAN_POINT('',(0.0179531852302476,-0.003,-0.0300977013052682));
#2926=CARTESIAN_POINT('',(0.0178454725445539,-0.003,-0.0284475090341047));
#2927=CARTESIAN_POINT('',(0.0174613133785182,-0.003,-0.0252665166284513));
#2928=CARTESIAN_POINT('',(0.0163847924109764,-0.003,-0.0208491072234174));
#2929=CARTESIAN_POINT('',(0.0148124512949335,-0.003,-0.0167779222571718));
#2930=CARTESIAN_POINT('',(0.0127450280311755,-0.003,-0.0130420151597879));
#2931=CARTESIAN_POINT('',(0.0101781598333095,-0.003,-0.00962991486135068));
#2932=CARTESIAN_POINT('',(0.0071031549528357,-0.003,-0.00653295690237775));
#2933=CARTESIAN_POINT('',(0.00382461101630764,-0.003,-0.00399145006140741));
#2934=CARTESIAN_POINT('',(0.00147862458489108,-0.003,-0.00253550129356799));
#2935=CARTESIAN_POINT('',(0.000434977060353909,-0.003,-0.00194621850273364));
#2936=CARTESIAN_POINT('',(0.017849957476318,-0.003,-0.0288000567003357));
#2937=CARTESIAN_POINT('',(0.011672675095143,-0.003,-0.011661846171307));
#2938=CARTESIAN_POINT('',(0.017849957476318,-0.005,-0.0288000567003357));
#2939=CARTESIAN_POINT('',(0.017849957476318,-0.005,-0.0288000567003357));
#2940=CARTESIAN_POINT('',(0.0179531852302476,-0.005,-0.0300977013052682));
#2941=CARTESIAN_POINT('',(0.0178454725445539,-0.005,-0.0284475090341047));
#2942=CARTESIAN_POINT('',(0.0174613133785182,-0.005,-0.0252665166284513));
#2943=CARTESIAN_POINT('',(0.0163847924109764,-0.005,-0.0208491072234174));
#2944=CARTESIAN_POINT('',(0.0148124512949335,-0.005,-0.0167779222571718));
#2945=CARTESIAN_POINT('',(0.0127450280311755,-0.005,-0.0130420151597879));
#2946=CARTESIAN_POINT('',(0.0101781598333095,-0.005,-0.00962991486135068));
#2947=CARTESIAN_POINT('',(0.0071031549528357,-0.005,-0.00653295690237775));
#2948=CARTESIAN_POINT('',(0.00382461101630764,-0.005,-0.00399145006140741));
#2949=CARTESIAN_POINT('',(0.00147862458489108,-0.005,-0.00253550129356799));
#2950=CARTESIAN_POINT('',(0.000434977060353909,-0.005,-0.00194621850273364));
#2951=CARTESIAN_POINT('',(0.011672675095143,-0.005,-0.011661846171307));
#2952=CARTESIAN_POINT('',(0.011672675095143,-0.005,-0.011661846171307));
#2953=CARTESIAN_POINT('',(0.0208408663818905,-0.005,-0.0285628184747638));
#2954=CARTESIAN_POINT('',(0.0208408663818905,-0.003,-0.0285628184747638));
#2955=CARTESIAN_POINT('',(0.0201980855029219,-0.005,-0.0216626041419146));
#2956=CARTESIAN_POINT('',(0.0201980855029219,-0.003,-0.0216626041419146));
#2957=CARTESIAN_POINT('',(0.0180995654127366,-0.005,-0.0156098067940157));
#2958=CARTESIAN_POINT('',(0.0180995654127366,-0.003,-0.0156098067940157));
#2959=CARTESIAN_POINT('',(0.0145331034930531,-0.005,-0.0105044335229475));
#2960=CARTESIAN_POINT('',(0.0145331034930531,-0.003,-0.0105044335229475));
#2961=CARTESIAN_POINT('',(0.0209468147697524,-0.003,-0.0299022986947318));
#2962=CARTESIAN_POINT('',(0.0208321642215529,-0.003,-0.0281458161847583));
#2963=CARTESIAN_POINT('',(0.0204219793949421,-0.003,-0.0247401277234219));
#2964=CARTESIAN_POINT('',(0.019258131798934,-0.003,-0.019957521913824));
#2965=CARTESIAN_POINT('',(0.017541251776847,-0.003,-0.0155086977512905));
#2966=CARTESIAN_POINT('',(0.015270601327895,-0.003,-0.0114046018057481));
#2967=CARTESIAN_POINT('',(0.012450543238471,-0.003,-0.00765670514711163));
#2968=CARTESIAN_POINT('',(0.00908976925707471,-0.003,-0.00427367223486367));
#2969=CARTESIAN_POINT('',(0.00519857402074967,-0.003,-0.00125929681207127));
#2970=CARTESIAN_POINT('',(0.00225682428952512,-0.003,0.00050509373610722));
#2971=CARTESIAN_POINT('',(0.000700070559660859,-0.003,0.0013266126833014));
#2972=CARTESIAN_POINT('',(0.0208408663829147,-0.003,-0.0285628184857584));
#2973=CARTESIAN_POINT('',(0.0145331034930532,-0.003,-0.0105044335229476));
#2974=CARTESIAN_POINT('',(0.0145331034930532,-0.002998,-0.0105044335229476));
#2975=CARTESIAN_POINT('',(0.0145331034930532,-0.005,-0.0105044335229476));
#2976=CARTESIAN_POINT('',(0.0209468147697524,-0.005,-0.0299022986947318));
#2977=CARTESIAN_POINT('',(0.0208321642215529,-0.005,-0.0281458161847583));
#2978=CARTESIAN_POINT('',(0.0204219793949421,-0.005,-0.0247401277234219));
#2979=CARTESIAN_POINT('',(0.019258131798934,-0.005,-0.019957521913824));
#2980=CARTESIAN_POINT('',(0.017541251776847,-0.005,-0.0155086977512905));
#2981=CARTESIAN_POINT('',(0.015270601327895,-0.005,-0.0114046018057481));
#2982=CARTESIAN_POINT('',(0.012450543238471,-0.005,-0.00765670514711163));
#2983=CARTESIAN_POINT('',(0.00908976925707471,-0.005,-0.00427367223486367));
#2984=CARTESIAN_POINT('',(0.00519857402074967,-0.005,-0.00125929681207127));
#2985=CARTESIAN_POINT('',(0.00225682428952512,-0.005,0.00050509373610722));
#2986=CARTESIAN_POINT('',(0.000700070559660859,-0.005,0.0013266126833014));
#2987=CARTESIAN_POINT('',(0.0208408663829147,-0.005,-0.0285628184857584));
#2988=CARTESIAN_POINT('',(0.0208408663829147,-0.005,-0.0285628184857584));
#2989=CARTESIAN_POINT('',(0.0285669228075721,-0.005,-0.00715490509228472));
#2990=CARTESIAN_POINT('',(0.0285669228075721,-0.003,-0.00715490509228472));
#2991=CARTESIAN_POINT('',(0.0239613244382233,-0.005,-0.00744192483142471));
#2992=CARTESIAN_POINT('',(0.0239613244382233,-0.003,-0.00744192483142471));
#2993=CARTESIAN_POINT('',(0.0195781825018802,-0.005,-0.00703413912986353));
#2994=CARTESIAN_POINT('',(0.0195781825018802,-0.003,-0.00703413912986353));
#2995=CARTESIAN_POINT('',(0.0153945269592487,-0.005,-0.00593789017231929));
#2996=CARTESIAN_POINT('',(0.0153945269592487,-0.003,-0.00593789017231929));
#2997=CARTESIAN_POINT('',(0.0298657905554347,-0.003,-0.00705601612291516));
#2998=CARTESIAN_POINT('',(0.0271751422474927,-0.003,-0.00729772583643236));
#2999=CARTESIAN_POINT('',(0.0219433508847089,-0.003,-0.00731346372370695));
#3000=CARTESIAN_POINT('',(0.0145229576293754,-0.003,-0.00594883287938447));
#3001=CARTESIAN_POINT('',(0.00787402427590071,-0.003,-0.00334385599754472));
#3002=CARTESIAN_POINT('',(0.00377467824461343,-0.003,-0.000864040986855373));
#3003=CARTESIAN_POINT('',(0.00194621850715298,-0.003,0.000434977068180751));
#3004=CARTESIAN_POINT('',(0.0153945269593207,-0.003,-0.005937890172338));
#3005=CARTESIAN_POINT('',(0.0153945269593206,-0.005,-0.00593789017233815));
#3006=CARTESIAN_POINT('',(0.015394526959322,-0.005,-0.00593789017233851));
#3007=CARTESIAN_POINT('',(0.0298657905554347,-0.005,-0.00705601612291516));
#3008=CARTESIAN_POINT('',(0.0271751422474927,-0.005,-0.00729772583643236));
#3009=CARTESIAN_POINT('',(0.0219433508847089,-0.005,-0.00731346372370695));
#3010=CARTESIAN_POINT('',(0.0145229576293754,-0.005,-0.00594883287938447));
#3011=CARTESIAN_POINT('',(0.00787402427590071,-0.005,-0.00334385599754472));
#3012=CARTESIAN_POINT('',(0.00377467824461343,-0.005,-0.000864040986855373));
#3013=CARTESIAN_POINT('',(0.00194621850715298,-0.005,0.000434977068180751));
#3014=CARTESIAN_POINT('',(0.0287953013617074,-0.005,-0.0101464652211491));
#3015=CARTESIAN_POINT('',(0.0287953013617074,-0.003,-0.0101464652211491));
#3016=CARTESIAN_POINT('',(0.0241888066807463,-0.005,-0.0104373677288068));
#3017=CARTESIAN_POINT('',(0.0241888066807463,-0.003,-0.0104373677288068));
#3018=CARTESIAN_POINT('',(0.0197469880293549,-0.005,-0.0100752154071885));
#3019=CARTESIAN_POINT('',(0.0197469880293549,-0.003,-0.0100752154071885));
#3020=CARTESIAN_POINT('',(0.0154885261353445,-0.005,-0.00905422529465294));
#3021=CARTESIAN_POINT('',(0.0154885261353445,-0.003,-0.00905422529465294));
#3022=CARTESIAN_POINT('',(0.0154885260983745,-0.002998,-0.00905422528578917));
#3023=CARTESIAN_POINT('',(0.0154885260983745,-0.003,-0.00905422528578917));
#3024=CARTESIAN_POINT('',(0.0154885260983745,-0.005,-0.00905422528578917));
#3025=CARTESIAN_POINT('',(0.0301342094445653,-0.003,-0.0100439838770848));
#3026=CARTESIAN_POINT('',(0.0272766857932314,-0.003,-0.0103006845469917));
#3027=CARTESIAN_POINT('',(0.0216862192171015,-0.003,-0.0103200622348533));
#3028=CARTESIAN_POINT('',(0.013695483502978,-0.003,-0.00885225086674387));
#3029=CARTESIAN_POINT('',(0.00613152532076228,-0.003,-0.00588697447439664));
#3030=CARTESIAN_POINT('',(0.00139122090086572,-0.003,-0.00292332705266754));
#3031=CARTESIAN_POINT('',(-0.000901643129199625,-0.003,-0.00119876589356184));
#3032=CARTESIAN_POINT('',(0.0301342094445653,-0.005,-0.0100439838770848));
#3033=CARTESIAN_POINT('',(0.0272766857932314,-0.005,-0.0103006845469917));
#3034=CARTESIAN_POINT('',(0.0216862192171015,-0.005,-0.0103200622348533));
#3035=CARTESIAN_POINT('',(0.013695483502978,-0.005,-0.00885225086674387));
#3036=CARTESIAN_POINT('',(0.00613152532076228,-0.005,-0.00588697447439664));
#3037=CARTESIAN_POINT('',(0.00139122090086572,-0.005,-0.00292332705266754));
#3038=CARTESIAN_POINT('',(-0.000901643129199625,-0.005,-0.00119876589356184));
#3039=CARTESIAN_POINT('',(0.0288000566671533,-0.005,0.0178499574731958));
#3040=CARTESIAN_POINT('',(0.0288000566671533,-0.003,0.0178499574731958));
#3041=CARTESIAN_POINT('',(0.0220921397286816,-0.005,0.0172188051768775));
#3042=CARTESIAN_POINT('',(0.0220921397286816,-0.003,0.0172188051768775));
#3043=CARTESIAN_POINT('',(0.0164170661041721,-0.00499999999999999,0.0151566041373446));
#3044=CARTESIAN_POINT('',(0.0164170661041721,-0.00299999999999999,0.0151566041373446));
#3045=CARTESIAN_POINT('',(0.0116618461713068,-0.005,0.0116726750951429));
#3046=CARTESIAN_POINT('',(0.0116618461713068,-0.003,0.0116726750951429));
#3047=CARTESIAN_POINT('',(0.0300977013052682,-0.005,0.0179531852302476));
#3048=CARTESIAN_POINT('',(0.0284475090341047,-0.005,0.0178454725445538));
#3049=CARTESIAN_POINT('',(0.0252665166284513,-0.005,0.0174613133785182));
#3050=CARTESIAN_POINT('',(0.0208491072234174,-0.005,0.0163847924109764));
#3051=CARTESIAN_POINT('',(0.0167779222571718,-0.005,0.0148124512949335));
#3052=CARTESIAN_POINT('',(0.0130420151597879,-0.005,0.0127450280311755));
#3053=CARTESIAN_POINT('',(0.00962991486135068,-0.005,0.0101781598333095));
#3054=CARTESIAN_POINT('',(0.00653295690237775,-0.005,0.0071031549528357));
#3055=CARTESIAN_POINT('',(0.00399145006140741,-0.005,0.00382461101630764));
#3056=CARTESIAN_POINT('',(0.00253550129356799,-0.005,0.00147862458489108));
#3057=CARTESIAN_POINT('',(0.00194621850273364,-0.005,0.000434977060353909));
#3058=CARTESIAN_POINT('',(0.0288000567003357,-0.005,0.017849957476318));
#3059=CARTESIAN_POINT('',(0.011661846171307,-0.005,0.011672675095143));
#3060=CARTESIAN_POINT('',(0.011661846171307,-0.005,0.011672675095143));
#3061=CARTESIAN_POINT('',(0.011661846171307,-0.003,0.011672675095143));
#3062=CARTESIAN_POINT('',(0.0300977013052682,-0.003,0.0179531852302476));
#3063=CARTESIAN_POINT('',(0.0284475090341047,-0.003,0.0178454725445538));
#3064=CARTESIAN_POINT('',(0.0252665166284513,-0.003,0.0174613133785182));
#3065=CARTESIAN_POINT('',(0.0208491072234174,-0.003,0.0163847924109764));
#3066=CARTESIAN_POINT('',(0.0167779222571718,-0.003,0.0148124512949335));
#3067=CARTESIAN_POINT('',(0.0130420151597879,-0.003,0.0127450280311755));
#3068=CARTESIAN_POINT('',(0.00962991486135068,-0.003,0.0101781598333095));
#3069=CARTESIAN_POINT('',(0.00653295690237775,-0.003,0.0071031549528357));
#3070=CARTESIAN_POINT('',(0.00399145006140741,-0.003,0.00382461101630764));
#3071=CARTESIAN_POINT('',(0.00253550129356799,-0.003,0.00147862458489108));
#3072=CARTESIAN_POINT('',(0.00194621850273364,-0.003,0.000434977060353909));
#3073=CARTESIAN_POINT('',(0.0288000567003357,-0.003,0.017849957476318));
#3074=CARTESIAN_POINT('',(0.0288000567003357,-0.005,0.017849957476318));
#3075=CARTESIAN_POINT('',(0.0285628184747638,-0.005,0.0208408663818905));
#3076=CARTESIAN_POINT('',(0.0285628184747638,-0.003,0.0208408663818905));
#3077=CARTESIAN_POINT('',(0.0216626041419146,-0.005,0.0201980855029219));
#3078=CARTESIAN_POINT('',(0.0216626041419146,-0.003,0.0201980855029219));
#3079=CARTESIAN_POINT('',(0.0156098067940157,-0.005,0.0180995654127366));
#3080=CARTESIAN_POINT('',(0.0156098067940157,-0.003,0.0180995654127366));
#3081=CARTESIAN_POINT('',(0.0105044335229475,-0.005,0.0145331034930531));
#3082=CARTESIAN_POINT('',(0.0105044335229475,-0.003,0.0145331034930531));
#3083=CARTESIAN_POINT('',(0.0299022986947318,-0.003,0.0209468147697524));
#3084=CARTESIAN_POINT('',(0.0281458161847583,-0.003,0.0208321642215529));
#3085=CARTESIAN_POINT('',(0.0247401277234219,-0.003,0.0204219793949421));
#3086=CARTESIAN_POINT('',(0.019957521913824,-0.003,0.019258131798934));
#3087=CARTESIAN_POINT('',(0.0155086977512905,-0.003,0.017541251776847));
#3088=CARTESIAN_POINT('',(0.0114046018057481,-0.003,0.015270601327895));
#3089=CARTESIAN_POINT('',(0.00765670514711163,-0.003,0.012450543238471));
#3090=CARTESIAN_POINT('',(0.00427367223486368,-0.003,0.00908976925707471));
#3091=CARTESIAN_POINT('',(0.00125929681207127,-0.003,0.00519857402074967));
#3092=CARTESIAN_POINT('',(-0.00050509373610722,-0.003,0.00225682428952512));
#3093=CARTESIAN_POINT('',(-0.0013266126833014,-0.003,0.000700070559660859));
#3094=CARTESIAN_POINT('',(0.0285628184857584,-0.003,0.0208408663829147));
#3095=CARTESIAN_POINT('',(0.0105044335229476,-0.003,0.0145331034930532));
#3096=CARTESIAN_POINT('',(0.0105044335229476,-0.005,0.0145331034930532));
#3097=CARTESIAN_POINT('',(0.0105044335229476,-0.005,0.0145331034930532));
#3098=CARTESIAN_POINT('',(0.0299022986947318,-0.005,0.0209468147697524));
#3099=CARTESIAN_POINT('',(0.0281458161847583,-0.005,0.0208321642215529));
#3100=CARTESIAN_POINT('',(0.0247401277234219,-0.005,0.0204219793949421));
#3101=CARTESIAN_POINT('',(0.019957521913824,-0.005,0.019258131798934));
#3102=CARTESIAN_POINT('',(0.0155086977512905,-0.005,0.017541251776847));
#3103=CARTESIAN_POINT('',(0.0114046018057481,-0.005,0.015270601327895));
#3104=CARTESIAN_POINT('',(0.00765670514711163,-0.005,0.012450543238471));
#3105=CARTESIAN_POINT('',(0.00427367223486368,-0.005,0.00908976925707471));
#3106=CARTESIAN_POINT('',(0.00125929681207127,-0.005,0.00519857402074967));
#3107=CARTESIAN_POINT('',(-0.00050509373610722,-0.005,0.00225682428952512));
#3108=CARTESIAN_POINT('',(-0.0013266126833014,-0.005,0.000700070559660859));
#3109=CARTESIAN_POINT('',(0.0285628184857584,-0.005,0.0208408663829147));
#3110=CARTESIAN_POINT('',(0.0285628184857584,-0.005,0.0208408663829147));
#3111=CARTESIAN_POINT('',(0.0101464652211491,-0.005,0.0287953013617075));
#3112=CARTESIAN_POINT('',(0.0101464652211491,-0.003,0.0287953013617075));
#3113=CARTESIAN_POINT('',(0.0104373677288068,-0.005,0.0241888066807464));
#3114=CARTESIAN_POINT('',(0.0104373677288068,-0.003,0.0241888066807464));
#3115=CARTESIAN_POINT('',(0.0100752154071884,-0.005,0.0197469880293549));
#3116=CARTESIAN_POINT('',(0.0100752154071884,-0.003,0.0197469880293549));
#3117=CARTESIAN_POINT('',(0.00905422529465293,-0.005,0.0154885261353445));
#3118=CARTESIAN_POINT('',(0.00905422529465293,-0.003,0.0154885261353445));
#3119=CARTESIAN_POINT('',(0.00905422528578914,-0.005,0.0154885260983744));
#3120=CARTESIAN_POINT('',(0.00905422528578916,-0.003,0.0154885260983745));
#3121=CARTESIAN_POINT('',(0.00905422528578917,-0.005,0.0154885260983745));
#3122=CARTESIAN_POINT('',(0.0100439838770848,-0.003,0.0301342094445653));
#3123=CARTESIAN_POINT('',(0.0103006845469917,-0.003,0.0272766857932314));
#3124=CARTESIAN_POINT('',(0.0103200622348533,-0.003,0.0216862192171015));
#3125=CARTESIAN_POINT('',(0.00885225086674386,-0.003,0.013695483502978));
#3126=CARTESIAN_POINT('',(0.00588697447439664,-0.003,0.00613152532076228));
#3127=CARTESIAN_POINT('',(0.00292332705266754,-0.003,0.00139122090086572));
#3128=CARTESIAN_POINT('',(0.00119876589356184,-0.003,-0.000901643129199624));
#3129=CARTESIAN_POINT('',(0.0100439838770848,-0.005,0.0301342094445653));
#3130=CARTESIAN_POINT('',(0.0103006845469917,-0.005,0.0272766857932314));
#3131=CARTESIAN_POINT('',(0.0103200622348533,-0.005,0.0216862192171015));
#3132=CARTESIAN_POINT('',(0.00885225086674386,-0.005,0.013695483502978));
#3133=CARTESIAN_POINT('',(0.00588697447439664,-0.005,0.00613152532076228));
#3134=CARTESIAN_POINT('',(0.00292332705266754,-0.005,0.00139122090086572));
#3135=CARTESIAN_POINT('',(0.00119876589356184,-0.005,-0.000901643129199624));
#3136=CARTESIAN_POINT('',(0.00715490509228471,-0.005,0.0285669228075721));
#3137=CARTESIAN_POINT('',(0.00715490509228471,-0.003,0.0285669228075721));
#3138=CARTESIAN_POINT('',(0.00744192483142475,-0.005,0.0239613244382228));
#3139=CARTESIAN_POINT('',(0.00744192483142475,-0.003,0.0239613244382228));
#3140=CARTESIAN_POINT('',(0.00703413912986344,-0.005,0.0195781825018793));
#3141=CARTESIAN_POINT('',(0.00703413912986344,-0.003,0.0195781825018793));
#3142=CARTESIAN_POINT('',(0.00593789017231894,-0.005,0.0153945269592473));
#3143=CARTESIAN_POINT('',(0.00593789017231894,-0.003,0.0153945269592473));
#3144=CARTESIAN_POINT('',(0.00705601612291515,-0.003,0.0298657905554347));
#3145=CARTESIAN_POINT('',(0.00729772583643236,-0.003,0.0271751422474927));
#3146=CARTESIAN_POINT('',(0.00731346372370695,-0.003,0.0219433508847089));
#3147=CARTESIAN_POINT('',(0.00594883287938447,-0.003,0.0145229576293754));
#3148=CARTESIAN_POINT('',(0.00334385599754472,-0.003,0.00787402427590071));
#3149=CARTESIAN_POINT('',(0.000864040986855372,-0.003,0.00377467824461343));
#3150=CARTESIAN_POINT('',(-0.000434977068180751,-0.003,0.00194621850715298));
#3151=CARTESIAN_POINT('',(0.00593789017233815,-0.003,0.0153945269593206));
#3152=CARTESIAN_POINT('',(0.00593789017233815,-0.005,0.0153945269593206));
#3153=CARTESIAN_POINT('',(0.00593789017233815,-0.005,0.0153945269593206));
#3154=CARTESIAN_POINT('',(0.00705601612291515,-0.005,0.0298657905554347));
#3155=CARTESIAN_POINT('',(0.00729772583643236,-0.005,0.0271751422474927));
#3156=CARTESIAN_POINT('',(0.00731346372370695,-0.005,0.0219433508847089));
#3157=CARTESIAN_POINT('',(0.00594883287938447,-0.005,0.0145229576293754));
#3158=CARTESIAN_POINT('',(0.00334385599754472,-0.005,0.00787402427590071));
#3159=CARTESIAN_POINT('',(0.000864040986855372,-0.005,0.00377467824461343));
#3160=CARTESIAN_POINT('',(-0.000434977068180751,-0.005,0.00194621850715298));
#3161=CARTESIAN_POINT('',(-0.0178499574731959,-0.005,0.0288000566671533));
#3162=CARTESIAN_POINT('',(-0.0178499574731959,-0.003,0.0288000566671533));
#3163=CARTESIAN_POINT('',(-0.0172188051768776,-0.005,0.0220921397286816));
#3164=CARTESIAN_POINT('',(-0.0172188051768776,-0.003,0.0220921397286816));
#3165=CARTESIAN_POINT('',(-0.0151566041373446,-0.00499999999999999,0.016417066104172));
#3166=CARTESIAN_POINT('',(-0.0151566041373446,-0.00299999999999999,0.016417066104172));
#3167=CARTESIAN_POINT('',(-0.0116726750951429,-0.005,0.0116618461713068));
#3168=CARTESIAN_POINT('',(-0.0116726750951429,-0.003,0.0116618461713068));
#3169=CARTESIAN_POINT('',(-0.0179531852302476,-0.005,0.0300977013052682));
#3170=CARTESIAN_POINT('',(-0.0178454725445539,-0.005,0.0284475090341047));
#3171=CARTESIAN_POINT('',(-0.0174613133785182,-0.005,0.0252665166284513));
#3172=CARTESIAN_POINT('',(-0.0163847924109764,-0.005,0.0208491072234174));
#3173=CARTESIAN_POINT('',(-0.0148124512949335,-0.005,0.0167779222571718));
#3174=CARTESIAN_POINT('',(-0.0127450280311755,-0.005,0.0130420151597879));
#3175=CARTESIAN_POINT('',(-0.0101781598333095,-0.005,0.00962991486135068));
#3176=CARTESIAN_POINT('',(-0.0071031549528357,-0.005,0.00653295690237774));
#3177=CARTESIAN_POINT('',(-0.00382461101630764,-0.005,0.00399145006140741));
#3178=CARTESIAN_POINT('',(-0.00147862458489108,-0.005,0.00253550129356799));
#3179=CARTESIAN_POINT('',(-0.000434977060353909,-0.005,0.00194621850273364));
#3180=CARTESIAN_POINT('',(-0.017849957476318,-0.005,0.0288000567003357));
#3181=CARTESIAN_POINT('',(-0.011672675095143,-0.005,0.011661846171307));
#3182=CARTESIAN_POINT('',(-0.011672675095143,-0.005,0.011661846171307));
#3183=CARTESIAN_POINT('',(-0.011672675095143,-0.003,0.011661846171307));
#3184=CARTESIAN_POINT('',(-0.0179531852302476,-0.003,0.0300977013052682));
#3185=CARTESIAN_POINT('',(-0.0178454725445539,-0.003,0.0284475090341047));
#3186=CARTESIAN_POINT('',(-0.0174613133785182,-0.003,0.0252665166284513));
#3187=CARTESIAN_POINT('',(-0.0163847924109764,-0.003,0.0208491072234174));
#3188=CARTESIAN_POINT('',(-0.0148124512949335,-0.003,0.0167779222571718));
#3189=CARTESIAN_POINT('',(-0.0127450280311755,-0.003,0.0130420151597879));
#3190=CARTESIAN_POINT('',(-0.0101781598333095,-0.003,0.00962991486135068));
#3191=CARTESIAN_POINT('',(-0.0071031549528357,-0.003,0.00653295690237774));
#3192=CARTESIAN_POINT('',(-0.00382461101630764,-0.003,0.00399145006140741));
#3193=CARTESIAN_POINT('',(-0.00147862458489108,-0.003,0.00253550129356799));
#3194=CARTESIAN_POINT('',(-0.000434977060353909,-0.003,0.00194621850273364));
#3195=CARTESIAN_POINT('',(-0.017849957476318,-0.003,0.0288000567003357));
#3196=CARTESIAN_POINT('',(-0.017849957476318,-0.005,0.0288000567003357));
#3197=CARTESIAN_POINT('',(-0.0208408663818905,-0.005,0.0285628184747637));
#3198=CARTESIAN_POINT('',(-0.0208408663818905,-0.003,0.0285628184747637));
#3199=CARTESIAN_POINT('',(-0.0201980855029219,-0.005,0.0216626041419145));
#3200=CARTESIAN_POINT('',(-0.0201980855029219,-0.003,0.0216626041419145));
#3201=CARTESIAN_POINT('',(-0.0180995654127366,-0.005,0.0156098067940157));
#3202=CARTESIAN_POINT('',(-0.0180995654127366,-0.003,0.0156098067940157));
#3203=CARTESIAN_POINT('',(-0.0145331034930531,-0.005,0.0105044335229475));
#3204=CARTESIAN_POINT('',(-0.0145331034930531,-0.003,0.0105044335229475));
#3205=CARTESIAN_POINT('',(-0.0209468147697524,-0.003,0.0299022986947318));
#3206=CARTESIAN_POINT('',(-0.0208321642215529,-0.003,0.0281458161847583));
#3207=CARTESIAN_POINT('',(-0.0204219793949421,-0.003,0.0247401277234219));
#3208=CARTESIAN_POINT('',(-0.019258131798934,-0.003,0.019957521913824));
#3209=CARTESIAN_POINT('',(-0.017541251776847,-0.003,0.0155086977512905));
#3210=CARTESIAN_POINT('',(-0.015270601327895,-0.003,0.0114046018057481));
#3211=CARTESIAN_POINT('',(-0.012450543238471,-0.003,0.00765670514711163));
#3212=CARTESIAN_POINT('',(-0.00908976925707471,-0.003,0.00427367223486367));
#3213=CARTESIAN_POINT('',(-0.00519857402074967,-0.003,0.00125929681207127));
#3214=CARTESIAN_POINT('',(-0.00225682428952512,-0.003,-0.000505093736107221));
#3215=CARTESIAN_POINT('',(-0.000700070559660859,-0.003,-0.0013266126833014));
#3216=CARTESIAN_POINT('',(-0.0208408663829147,-0.003,0.0285628184857583));
#3217=CARTESIAN_POINT('',(-0.0145331034930532,-0.003,0.0105044335229476));
#3218=CARTESIAN_POINT('',(-0.0145331034930532,-0.005,0.0105044335229476));
#3219=CARTESIAN_POINT('',(-0.0145331034930532,-0.005,0.0105044335229476));
#3220=CARTESIAN_POINT('',(-0.0209468147697524,-0.005,0.0299022986947318));
#3221=CARTESIAN_POINT('',(-0.0208321642215529,-0.005,0.0281458161847583));
#3222=CARTESIAN_POINT('',(-0.0204219793949421,-0.005,0.0247401277234219));
#3223=CARTESIAN_POINT('',(-0.019258131798934,-0.005,0.019957521913824));
#3224=CARTESIAN_POINT('',(-0.017541251776847,-0.005,0.0155086977512905));
#3225=CARTESIAN_POINT('',(-0.015270601327895,-0.005,0.0114046018057481));
#3226=CARTESIAN_POINT('',(-0.012450543238471,-0.005,0.00765670514711163));
#3227=CARTESIAN_POINT('',(-0.00908976925707471,-0.005,0.00427367223486367));
#3228=CARTESIAN_POINT('',(-0.00519857402074967,-0.005,0.00125929681207127));
#3229=CARTESIAN_POINT('',(-0.00225682428952512,-0.005,-0.000505093736107221));
#3230=CARTESIAN_POINT('',(-0.000700070559660859,-0.005,-0.0013266126833014));
#3231=CARTESIAN_POINT('',(-0.0208408663829147,-0.005,0.0285628184857583));
#3232=CARTESIAN_POINT('',(-0.0208408663829147,-0.005,0.0285628184857583));
#3233=CARTESIAN_POINT('',(0.,-0.0493,2.93915231795365E-19));
#3234=CARTESIAN_POINT('',(0.,-0.0349,2.93915231795365E-19));
#3235=CARTESIAN_POINT('',(0.,-0.0349,-0.0014));
#3236=CARTESIAN_POINT('',(0.,-0.0483,2.93915231795365E-19));
#3237=CARTESIAN_POINT('',(0.,-0.0483,-0.0014));
#3238=CARTESIAN_POINT('',(0.,-0.0349,2.0818995585505E-19));
#3239=CARTESIAN_POINT('',(0.,-0.0289,2.0818995585505E-19));
#3240=CARTESIAN_POINT('',(0.,-0.0289,-0.0034));
#3241=CARTESIAN_POINT('',(0.,-0.005,2.0818995585505E-19));
#3242=CARTESIAN_POINT('',(0.00298365093779025,-0.005,0.00163028435600155));
#3243=CARTESIAN_POINT('',(0.000208166917594252,-0.005,0.00339362144830847));
#3244=CARTESIAN_POINT('',(0.000208166917594252,-0.005,0.00339362144830847));
#3245=CARTESIAN_POINT('',(0.000208166917594252,-0.003,0.00339362144830847));
#3246=CARTESIAN_POINT('',(0.,-0.003,2.0818995585505E-19));
#3247=CARTESIAN_POINT('',(-0.00163028435600155,-0.003,0.00298365093779025));
#3248=CARTESIAN_POINT('',(-0.00163028435600155,-0.005,0.00298365093779025));
#3249=CARTESIAN_POINT('',(-0.00163028435600155,-0.005,0.00298365093779025));
#3250=CARTESIAN_POINT('',(0.,-0.005,2.0818995585505E-19));
#3251=CARTESIAN_POINT('',(-0.00339362144830847,-0.005,0.000208166917594252));
#3252=CARTESIAN_POINT('',(-0.00339362144830847,-0.005,0.000208166917594252));
#3253=CARTESIAN_POINT('',(-0.00339362144830847,-0.003,0.000208166917594252));
#3254=CARTESIAN_POINT('',(0.,-0.003,2.0818995585505E-19));
#3255=CARTESIAN_POINT('',(-0.00298365093779025,-0.003,-0.00163028435600155));
#3256=CARTESIAN_POINT('',(-0.00298365093779025,-0.005,-0.00163028435600155));
#3257=CARTESIAN_POINT('',(-0.00298365093779025,-0.005,-0.00163028435600155));
#3258=CARTESIAN_POINT('',(-2.0818995585505E-19,-0.005,1.27479581526258E-35));
#3259=CARTESIAN_POINT('',(-0.000208166917594252,-0.005,-0.00339362144830847));
#3260=CARTESIAN_POINT('',(-0.000208166917594252,-0.005,-0.00339362144830847));
#3261=CARTESIAN_POINT('',(-0.000208166917594252,-0.003,-0.00339362144830847));
#3262=CARTESIAN_POINT('',(0.,-0.003,2.0818995585505E-19));
#3263=CARTESIAN_POINT('',(0.00163028435600155,-0.003,-0.00298365093779025));
#3264=CARTESIAN_POINT('',(0.00163028435600155,-0.005,-0.00298365093779025));
#3265=CARTESIAN_POINT('',(0.00163028435600155,-0.005,-0.00298365093779025));
#3266=CARTESIAN_POINT('',(-2.54959163052516E-35,-0.005,-2.0818995585505E-19));
#3267=CARTESIAN_POINT('',(0.00339362144830847,-0.005,-0.000208166917594252));
#3268=CARTESIAN_POINT('',(0.00339362144830847,-0.005,-0.000208166917594252));
#3269=CARTESIAN_POINT('',(0.00339362144830847,-0.003,-0.000208166917594252));
#3270=CARTESIAN_POINT('',(0.,-0.003,2.0818995585505E-19));
#3271=CARTESIAN_POINT('',(0.00298365093779025,-0.003,0.00163028435600155));
#3272=CARTESIAN_POINT('',(0.00298365093779025,-0.005,0.00163028435600155));
#3273=CARTESIAN_POINT('',(-0.0335559062796033,-0.0046,0.0260063261321664));
#3274=CARTESIAN_POINT('',(-0.0335559062796033,-0.005,0.0260063261321664));
#3275=CARTESIAN_POINT('',(0.00358815885986981,-0.005,0.0088543757373855));
#3276=CARTESIAN_POINT('',(0.00264631471893466,-0.005,0.00694636770395341));
#3277=CARTESIAN_POINT('',(0.00358815885986981,-0.005,0.0088543757373855));
#3278=CARTESIAN_POINT('',(0.00358815885986981,-0.003,0.0088543757373855));
#3279=CARTESIAN_POINT('',(-0.0335559062796033,-0.003,0.0260063261321664));
#3280=CARTESIAN_POINT('',(0.00264631470273008,-0.003,0.00694636767444695));
#3281=CARTESIAN_POINT('',(0.00264631470490943,-0.005,0.00694636767729212));
#3282=CARTESIAN_POINT('',(0.00694636767729212,-0.005,-0.00264631470490943));
#3283=CARTESIAN_POINT('',(0.00694636767729212,-0.003,-0.00264631470490943));
#3284=CARTESIAN_POINT('',(0.00582636763451729,-0.005,-0.00178841228646039));
#3285=CARTESIAN_POINT('',(0.00582636763451729,-0.003,-0.00178841228646039));
#3286=CARTESIAN_POINT('',(0.00464184818564018,-0.005,-0.000975772695746235));
#3287=CARTESIAN_POINT('',(0.00464184818564018,-0.003,-0.000975772695746235));
#3288=CARTESIAN_POINT('',(0.00339362147151838,-0.005,-0.000208166931867348));
#3289=CARTESIAN_POINT('',(0.00339362147151838,-0.003,-0.000208166931867348));
#3290=CARTESIAN_POINT('',(0.0209468147697524,-0.003,-0.0299022986947318));
#3291=CARTESIAN_POINT('',(0.0208321642215529,-0.003,-0.0281458161847583));
#3292=CARTESIAN_POINT('',(0.0204219793949421,-0.003,-0.0247401277234219));
#3293=CARTESIAN_POINT('',(0.019258131798934,-0.003,-0.019957521913824));
#3294=CARTESIAN_POINT('',(0.017541251776847,-0.003,-0.0155086977512905));
#3295=CARTESIAN_POINT('',(0.015270601327895,-0.003,-0.0114046018057481));
#3296=CARTESIAN_POINT('',(0.012450543238471,-0.003,-0.00765670514711163));
#3297=CARTESIAN_POINT('',(0.00908976925707471,-0.003,-0.00427367223486367));
#3298=CARTESIAN_POINT('',(0.00519857402074967,-0.003,-0.00125929681207127));
#3299=CARTESIAN_POINT('',(0.00225682428952512,-0.003,0.00050509373610722));
#3300=CARTESIAN_POINT('',(0.000700070559660859,-0.003,0.0013266126833014));
#3301=CARTESIAN_POINT('',(0.0209468147697524,-0.005,-0.0299022986947318));
#3302=CARTESIAN_POINT('',(0.0208321642215529,-0.005,-0.0281458161847583));
#3303=CARTESIAN_POINT('',(0.0204219793949421,-0.005,-0.0247401277234219));
#3304=CARTESIAN_POINT('',(0.019258131798934,-0.005,-0.019957521913824));
#3305=CARTESIAN_POINT('',(0.017541251776847,-0.005,-0.0155086977512905));
#3306=CARTESIAN_POINT('',(0.015270601327895,-0.005,-0.0114046018057481));
#3307=CARTESIAN_POINT('',(0.012450543238471,-0.005,-0.00765670514711163));
#3308=CARTESIAN_POINT('',(0.00908976925707471,-0.005,-0.00427367223486367));
#3309=CARTESIAN_POINT('',(0.00519857402074967,-0.005,-0.00125929681207127));
#3310=CARTESIAN_POINT('',(0.00225682428952512,-0.005,0.00050509373610722));
#3311=CARTESIAN_POINT('',(0.000700070559660859,-0.005,0.0013266126833014));
#3312=CARTESIAN_POINT('',(-0.00264631470490735,-0.005,-0.00694636767728941));
#3313=CARTESIAN_POINT('',(-0.00264631470490735,-0.003,-0.00694636767728941));
#3314=CARTESIAN_POINT('',(-0.00178841228114171,-0.005,-0.00582636762757351));
#3315=CARTESIAN_POINT('',(-0.00178841228114171,-0.003,-0.00582636762757351));
#3316=CARTESIAN_POINT('',(-0.000975772685672461,-0.005,-0.00464184817095611));
#3317=CARTESIAN_POINT('',(-0.000975772685672461,-0.003,-0.00464184817095611));
#3318=CARTESIAN_POINT('',(-0.000208166917594249,-0.005,-0.00339362144830847));
#3319=CARTESIAN_POINT('',(-0.000208166917594249,-0.003,-0.00339362144830847));
#3320=CARTESIAN_POINT('',(-0.0026463147049067,-0.005,-0.00694636767728694));
#3321=CARTESIAN_POINT('',(-0.00264631470490736,-0.003,-0.00694636767728941));
#3322=CARTESIAN_POINT('',(-0.0026463147048305,-0.005,-0.00694636767714206));
#3323=CARTESIAN_POINT('',(-0.0299022986947318,-0.003,-0.0209468147697524));
#3324=CARTESIAN_POINT('',(-0.0281458161847583,-0.003,-0.0208321642215529));
#3325=CARTESIAN_POINT('',(-0.0247401277234219,-0.003,-0.0204219793949421));
#3326=CARTESIAN_POINT('',(-0.019957521913824,-0.003,-0.019258131798934));
#3327=CARTESIAN_POINT('',(-0.0155086977512905,-0.003,-0.017541251776847));
#3328=CARTESIAN_POINT('',(-0.0114046018057481,-0.003,-0.015270601327895));
#3329=CARTESIAN_POINT('',(-0.00765670514711163,-0.003,-0.012450543238471));
#3330=CARTESIAN_POINT('',(-0.00427367223486367,-0.003,-0.00908976925707471));
#3331=CARTESIAN_POINT('',(-0.00125929681207127,-0.003,-0.00519857402074967));
#3332=CARTESIAN_POINT('',(0.000505093736107221,-0.003,-0.00225682428952512));
#3333=CARTESIAN_POINT('',(0.0013266126833014,-0.003,-0.000700070559660859));
#3334=CARTESIAN_POINT('',(-0.0299022986947318,-0.005,-0.0209468147697524));
#3335=CARTESIAN_POINT('',(-0.0281458161847583,-0.005,-0.0208321642215529));
#3336=CARTESIAN_POINT('',(-0.0247401277234219,-0.005,-0.0204219793949421));
#3337=CARTESIAN_POINT('',(-0.019957521913824,-0.005,-0.019258131798934));
#3338=CARTESIAN_POINT('',(-0.0155086977512905,-0.005,-0.017541251776847));
#3339=CARTESIAN_POINT('',(-0.0114046018057481,-0.005,-0.015270601327895));
#3340=CARTESIAN_POINT('',(-0.00765670514711163,-0.005,-0.012450543238471));
#3341=CARTESIAN_POINT('',(-0.00427367223486367,-0.005,-0.00908976925707471));
#3342=CARTESIAN_POINT('',(-0.00125929681207127,-0.005,-0.00519857402074967));
#3343=CARTESIAN_POINT('',(0.000505093736107221,-0.005,-0.00225682428952512));
#3344=CARTESIAN_POINT('',(0.0013266126833014,-0.005,-0.000700070559660859));
#3345=CARTESIAN_POINT('',(-0.00694636767729213,-0.005,0.00264631470490944));
#3346=CARTESIAN_POINT('',(-0.00694636767729213,-0.003,0.00264631470490944));
#3347=CARTESIAN_POINT('',(-0.00582636762757543,-0.005,0.00178841228114303));
#3348=CARTESIAN_POINT('',(-0.00582636762757543,-0.003,0.00178841228114303));
#3349=CARTESIAN_POINT('',(-0.00464184817095712,-0.005,0.00097577268567308));
#3350=CARTESIAN_POINT('',(-0.00464184817095712,-0.003,0.00097577268567308));
#3351=CARTESIAN_POINT('',(-0.00339362144830847,-0.005,0.000208166917594247));
#3352=CARTESIAN_POINT('',(-0.00339362144830847,-0.003,0.000208166917594247));
#3353=CARTESIAN_POINT('',(-0.00694636767729213,-0.005,0.00264631470490943));
#3354=CARTESIAN_POINT('',(-0.00694636767728941,-0.003,0.00264631470490736));
#3355=CARTESIAN_POINT('',(-0.00694636767714204,-0.005,0.00264631470483049));
#3356=CARTESIAN_POINT('',(-0.0209468147697524,-0.003,0.0299022986947318));
#3357=CARTESIAN_POINT('',(-0.0208321642215529,-0.003,0.0281458161847583));
#3358=CARTESIAN_POINT('',(-0.0204219793949421,-0.003,0.0247401277234219));
#3359=CARTESIAN_POINT('',(-0.019258131798934,-0.003,0.019957521913824));
#3360=CARTESIAN_POINT('',(-0.017541251776847,-0.003,0.0155086977512905));
#3361=CARTESIAN_POINT('',(-0.015270601327895,-0.003,0.0114046018057481));
#3362=CARTESIAN_POINT('',(-0.012450543238471,-0.003,0.00765670514711163));
#3363=CARTESIAN_POINT('',(-0.00908976925707471,-0.003,0.00427367223486367));
#3364=CARTESIAN_POINT('',(-0.00519857402074967,-0.003,0.00125929681207127));
#3365=CARTESIAN_POINT('',(-0.00225682428952512,-0.003,-0.000505093736107221));
#3366=CARTESIAN_POINT('',(-0.000700070559660859,-0.003,-0.0013266126833014));
#3367=CARTESIAN_POINT('',(-0.0209468147697524,-0.005,0.0299022986947318));
#3368=CARTESIAN_POINT('',(-0.0208321642215529,-0.005,0.0281458161847583));
#3369=CARTESIAN_POINT('',(-0.0204219793949421,-0.005,0.0247401277234219));
#3370=CARTESIAN_POINT('',(-0.019258131798934,-0.005,0.019957521913824));
#3371=CARTESIAN_POINT('',(-0.017541251776847,-0.005,0.0155086977512905));
#3372=CARTESIAN_POINT('',(-0.015270601327895,-0.005,0.0114046018057481));
#3373=CARTESIAN_POINT('',(-0.012450543238471,-0.005,0.00765670514711163));
#3374=CARTESIAN_POINT('',(-0.00908976925707471,-0.005,0.00427367223486367));
#3375=CARTESIAN_POINT('',(-0.00519857402074967,-0.005,0.00125929681207127));
#3376=CARTESIAN_POINT('',(-0.00225682428952512,-0.005,-0.000505093736107221));
#3377=CARTESIAN_POINT('',(-0.000700070559660859,-0.005,-0.0013266126833014));
#3378=CARTESIAN_POINT('',(0.,-0.003,0.));
#3379=CARTESIAN_POINT('',(0.00735016243730655,-0.003,0.0113236527739598));
#3380=CARTESIAN_POINT('',(0.00735016243730655,-0.003,0.0093236527739598));
#3381=CARTESIAN_POINT('',(0.0113236527739598,-0.003,-0.00735016243730656));
#3382=CARTESIAN_POINT('',(0.0113236527739598,-0.003,-0.00935016243730656));
#3383=CARTESIAN_POINT('',(-0.00735016243730656,-0.003,-0.0113236527739598));
#3384=CARTESIAN_POINT('',(-0.00735016243730656,-0.003,-0.0133236527739598));
#3385=CARTESIAN_POINT('',(-0.0113236527739598,-0.003,0.00735016243730656));
#3386=CARTESIAN_POINT('',(-0.0113236527739598,-0.003,0.00535016243730656));
#3387=CARTESIAN_POINT('',(0.0113236527739598,-0.003,-0.00735016243730656));
#3388=CARTESIAN_POINT('',(0.01945,-0.003,-0.03));
#3389=CARTESIAN_POINT('',(0.,-0.003,1.01033360929657E-18));
#3390=CARTESIAN_POINT('',(-0.00735016243730656,-0.003,-0.0113236527739598));
#3391=CARTESIAN_POINT('',(-0.03,-0.003,-0.01945));
#3392=CARTESIAN_POINT('',(0.,-0.003,1.01033360929657E-18));
#3393=CARTESIAN_POINT('',(-0.0113236527739598,-0.003,0.00735016243730656));
#3394=CARTESIAN_POINT('',(-0.01945,-0.003,0.03));
#3395=CARTESIAN_POINT('',(0.,-0.003,1.01033360929657E-18));
#3396=CARTESIAN_POINT('',(0.00735016243730655,-0.003,0.0113236527739598));
#3397=CARTESIAN_POINT('',(0.03,-0.003,0.01945));
#3398=CARTESIAN_POINT('',(0.,-0.003,1.01033360929657E-18));
#3399=CARTESIAN_POINT('',(0.,-0.003,8.26636589424463E-19));
#3400=CARTESIAN_POINT('',(-0.00322006267707488,-0.003,-0.0131103469197313));
#3401=CARTESIAN_POINT('',(0.00827877498663718,-0.003,-0.0106635774822819));
#3402=CARTESIAN_POINT('',(0.0113236527739598,-0.003,-0.00735016243730656));
#3403=CARTESIAN_POINT('',(0.0301342094445653,-0.003,-0.0100439838770848));
#3404=CARTESIAN_POINT('',(0.0272766857932314,-0.003,-0.0103006845469917));
#3405=CARTESIAN_POINT('',(0.0216862192171015,-0.003,-0.0103200622348533));
#3406=CARTESIAN_POINT('',(0.013695483502978,-0.003,-0.00885225086674387));
#3407=CARTESIAN_POINT('',(0.00613152532076228,-0.003,-0.00588697447439664));
#3408=CARTESIAN_POINT('',(0.00139122090086572,-0.003,-0.00292332705266754));
#3409=CARTESIAN_POINT('',(-0.000901643129199625,-0.003,-0.00119876589356184));
#3410=CARTESIAN_POINT('',(0.0335559062801751,-0.003,-0.0260063261324406));
#3411=CARTESIAN_POINT('',(-0.00358815885986986,-0.003,-0.00885437573738544));
#3412=CARTESIAN_POINT('',(-0.00735016243730656,-0.003,-0.0113236527739598));
#3413=CARTESIAN_POINT('',(0.0113236527739598,-0.003,-0.00735016243730656));
#3414=CARTESIAN_POINT('',(0.00735016243730655,-0.003,0.0113236527739598));
#3415=CARTESIAN_POINT('',(0.00648836440278367,-0.003,0.00690694538635843));
#3416=CARTESIAN_POINT('',(0.0328702081082887,-0.003,-0.0161600299107566));
#3417=CARTESIAN_POINT('',(0.00517776537665857,-0.003,0.00531638593808637));
#3418=CARTESIAN_POINT('',(0.0100439838770848,-0.003,0.0301342094445653));
#3419=CARTESIAN_POINT('',(0.0103006845469917,-0.003,0.0272766857932314));
#3420=CARTESIAN_POINT('',(0.0103200622348533,-0.003,0.0216862192171015));
#3421=CARTESIAN_POINT('',(0.00885225086674386,-0.003,0.013695483502978));
#3422=CARTESIAN_POINT('',(0.00588697447439664,-0.003,0.00613152532076228));
#3423=CARTESIAN_POINT('',(0.00292332705266754,-0.003,0.00139122090086572));
#3424=CARTESIAN_POINT('',(0.00119876589356184,-0.003,-0.000901643129199624));
#3425=CARTESIAN_POINT('',(0.00735016243730655,-0.003,0.0113236527739598));
#3426=CARTESIAN_POINT('',(0.00322006267707488,-0.003,0.0131103469197313));
#3427=CARTESIAN_POINT('',(0.,-0.003,8.26636589424463E-19));
#3428=CARTESIAN_POINT('',(-0.00827877498663719,-0.003,0.0106635774822819));
#3429=CARTESIAN_POINT('',(-0.0113236527739598,-0.003,0.00735016243730656));
#3430=CARTESIAN_POINT('',(-0.00690694538635843,-0.003,0.00648836440278367));
#3431=CARTESIAN_POINT('',(0.0161600299107576,-0.003,0.03287020810829));
#3432=CARTESIAN_POINT('',(-0.00531638590643825,-0.003,0.00517776535207793));
#3433=CARTESIAN_POINT('',(-0.0301342094445653,-0.003,0.0100439838770848));
#3434=CARTESIAN_POINT('',(-0.0272766857932314,-0.003,0.0103006845469917));
#3435=CARTESIAN_POINT('',(-0.0216862192171015,-0.003,0.0103200622348533));
#3436=CARTESIAN_POINT('',(-0.013695483502978,-0.003,0.00885225086674386));
#3437=CARTESIAN_POINT('',(-0.00613152532076228,-0.003,0.00588697447439664));
#3438=CARTESIAN_POINT('',(-0.00139122090086572,-0.003,0.00292332705266754));
#3439=CARTESIAN_POINT('',(0.000901643129199625,-0.003,0.00119876589356184));
#3440=CARTESIAN_POINT('',(0.0299022986947318,-0.003,0.0209468147697524));
#3441=CARTESIAN_POINT('',(0.0281458161847583,-0.003,0.0208321642215529));
#3442=CARTESIAN_POINT('',(0.0247401277234219,-0.003,0.0204219793949421));
#3443=CARTESIAN_POINT('',(0.019957521913824,-0.003,0.019258131798934));
#3444=CARTESIAN_POINT('',(0.0155086977512905,-0.003,0.017541251776847));
#3445=CARTESIAN_POINT('',(0.0114046018057481,-0.003,0.015270601327895));
#3446=CARTESIAN_POINT('',(0.00765670514711163,-0.003,0.012450543238471));
#3447=CARTESIAN_POINT('',(0.00427367223486368,-0.003,0.00908976925707471));
#3448=CARTESIAN_POINT('',(0.00125929681207127,-0.003,0.00519857402074967));
#3449=CARTESIAN_POINT('',(-0.00050509373610722,-0.003,0.00225682428952512));
#3450=CARTESIAN_POINT('',(-0.0013266126833014,-0.003,0.000700070559660859));
#3451=CARTESIAN_POINT('',(-0.0113236527739598,-0.003,0.00735016243730656));
#3452=CARTESIAN_POINT('',(-0.00885437573738544,-0.003,0.00358815885986986));
#3453=CARTESIAN_POINT('',(-0.0131103469197313,-0.003,0.00322006267707488));
#3454=CARTESIAN_POINT('',(0.,-0.003,8.26636589424463E-19));
#3455=CARTESIAN_POINT('',(-0.0106635774822819,-0.003,-0.00827877498663719));
#3456=CARTESIAN_POINT('',(-0.00735016243730656,-0.003,-0.0113236527739598));
#3457=CARTESIAN_POINT('',(-0.00648836440278367,-0.003,-0.00690694538635843));
#3458=CARTESIAN_POINT('',(-0.0328702081082873,-0.003,0.0161600299107553));
#3459=CARTESIAN_POINT('',(-0.00517776535207792,-0.003,-0.00531638590643824));
#3460=CARTESIAN_POINT('',(-0.0100439838770848,-0.003,-0.0301342094445653));
#3461=CARTESIAN_POINT('',(-0.0103006845469917,-0.003,-0.0272766857932314));
#3462=CARTESIAN_POINT('',(-0.0103200622348533,-0.003,-0.0216862192171015));
#3463=CARTESIAN_POINT('',(-0.00885225086674387,-0.003,-0.013695483502978));
#3464=CARTESIAN_POINT('',(-0.00588697447439664,-0.003,-0.00613152532076228));
#3465=CARTESIAN_POINT('',(-0.00292332705266754,-0.003,-0.00139122090086572));
#3466=CARTESIAN_POINT('',(-0.00119876589356184,-0.003,0.000901643129199625));
#3467=CARTESIAN_POINT('',(-0.0260063261324408,-0.003,-0.0335559062801754));
#3468=CARTESIAN_POINT('',(0.00517776537343875,-0.005,0.00531638593980445));
#3469=CARTESIAN_POINT('',(0.00517776537343875,-0.003,0.00531638593980445));
#3470=CARTESIAN_POINT('',(0.00451139005218295,-0.005,0.00406754528686532));
#3471=CARTESIAN_POINT('',(0.00451139005218295,-0.003,0.00406754528686532));
#3472=CARTESIAN_POINT('',(0.00377983872221108,-0.005,0.00283876737435659));
#3473=CARTESIAN_POINT('',(0.00377983872221108,-0.003,0.00283876737435659));
#3474=CARTESIAN_POINT('',(0.00298365093779024,-0.005,0.00163028435600154));
#3475=CARTESIAN_POINT('',(0.00298365093779024,-0.003,0.00163028435600154));
#3476=CARTESIAN_POINT('',(0.00517776536343942,-0.005,0.00531638592106642));
#3477=CARTESIAN_POINT('',(0.00517776535207792,-0.005,0.00531638590643823));
#3478=CARTESIAN_POINT('',(0.0100439838770848,-0.005,0.0301342094445653));
#3479=CARTESIAN_POINT('',(0.0103006845469917,-0.005,0.0272766857932314));
#3480=CARTESIAN_POINT('',(0.0103200622348533,-0.005,0.0216862192171015));
#3481=CARTESIAN_POINT('',(0.00885225086674386,-0.005,0.013695483502978));
#3482=CARTESIAN_POINT('',(0.00588697447439664,-0.005,0.00613152532076228));
#3483=CARTESIAN_POINT('',(0.00292332705266754,-0.005,0.00139122090086572));
#3484=CARTESIAN_POINT('',(0.00119876589356184,-0.005,-0.000901643129199624));
#3485=CARTESIAN_POINT('',(0.0161600299107576,-0.0046,0.03287020810829));
#3486=CARTESIAN_POINT('',(-0.00690694538635843,-0.005,0.00648836440278367));
#3487=CARTESIAN_POINT('',(-0.00690694538635843,-0.005,0.00648836440278367));
#3488=CARTESIAN_POINT('',(0.0161600299107576,-0.005,0.03287020810829));
#3489=CARTESIAN_POINT('',(-0.00531638592102207,-0.005,0.00517776536341656));
#3490=CARTESIAN_POINT('',(-0.00531638592103587,-0.005,0.00517776536342392));
#3491=CARTESIAN_POINT('',(0.,-0.005,0.));
#3492=CARTESIAN_POINT('',(0.00735016243730655,-0.005,0.0113236527739598));
#3493=CARTESIAN_POINT('',(0.00735016243730655,-0.005,0.0138236527739598));
#3494=CARTESIAN_POINT('',(0.0113236527739598,-0.005,-0.00735016243730656));
#3495=CARTESIAN_POINT('',(0.0113236527739598,-0.005,-0.00485016243730656));
#3496=CARTESIAN_POINT('',(-0.00735016243730656,-0.005,-0.0113236527739598));
#3497=CARTESIAN_POINT('',(-0.00735016243730656,-0.005,-0.0088236527739598));
#3498=CARTESIAN_POINT('',(-0.0113236527739598,-0.005,0.00735016243730656));
#3499=CARTESIAN_POINT('',(-0.0113236527739598,-0.005,0.00985016243730656));
#3500=CARTESIAN_POINT('',(0.0113236527739598,-0.005,-0.00735016243730656));
#3501=CARTESIAN_POINT('',(0.00827877498663718,-0.005,-0.0106635774822819));
#3502=CARTESIAN_POINT('',(0.,-0.005,8.26636589424463E-19));
#3503=CARTESIAN_POINT('',(-0.00322006267707488,-0.005,-0.0131103469197313));
#3504=CARTESIAN_POINT('',(-0.00735016243730656,-0.005,-0.0113236527739598));
#3505=CARTESIAN_POINT('',(-0.00358815885986986,-0.005,-0.00885437573738544));
#3506=CARTESIAN_POINT('',(0.0335559062801751,-0.005,-0.0260063261324406));
#3507=CARTESIAN_POINT('',(-0.0100439838770848,-0.005,-0.0301342094445653));
#3508=CARTESIAN_POINT('',(-0.0103006845469917,-0.005,-0.0272766857932314));
#3509=CARTESIAN_POINT('',(-0.0103200622348533,-0.005,-0.0216862192171015));
#3510=CARTESIAN_POINT('',(-0.00885225086674387,-0.005,-0.013695483502978));
#3511=CARTESIAN_POINT('',(-0.00588697447439664,-0.005,-0.00613152532076228));
#3512=CARTESIAN_POINT('',(-0.00292332705266754,-0.005,-0.00139122090086572));
#3513=CARTESIAN_POINT('',(-0.00119876589356184,-0.005,0.000901643129199625));
#3514=CARTESIAN_POINT('',(-0.00517776536341657,-0.005,-0.00531638592102209));
#3515=CARTESIAN_POINT('',(-0.0328702081082873,-0.005,0.0161600299107553));
#3516=CARTESIAN_POINT('',(-0.00648836440278367,-0.005,-0.00690694538635843));
#3517=CARTESIAN_POINT('',(-0.00735016243730656,-0.005,-0.0113236527739598));
#3518=CARTESIAN_POINT('',(-0.0106635774822819,-0.005,-0.00827877498663718));
#3519=CARTESIAN_POINT('',(0.,-0.005,8.26636589424463E-19));
#3520=CARTESIAN_POINT('',(-0.0131103469197313,-0.005,0.00322006267707488));
#3521=CARTESIAN_POINT('',(-0.0113236527739598,-0.005,0.00735016243730656));
#3522=CARTESIAN_POINT('',(-0.00885437573738544,-0.005,0.00358815885986986));
#3523=CARTESIAN_POINT('',(-0.0260063261324408,-0.005,-0.0335559062801754));
#3524=CARTESIAN_POINT('',(-0.0301342094445653,-0.005,0.0100439838770848));
#3525=CARTESIAN_POINT('',(-0.0272766857932314,-0.005,0.0103006845469917));
#3526=CARTESIAN_POINT('',(-0.0216862192171015,-0.005,0.0103200622348533));
#3527=CARTESIAN_POINT('',(-0.013695483502978,-0.005,0.00885225086674386));
#3528=CARTESIAN_POINT('',(-0.00613152532076228,-0.005,0.00588697447439664));
#3529=CARTESIAN_POINT('',(-0.00139122090086572,-0.005,0.00292332705266754));
#3530=CARTESIAN_POINT('',(0.000901643129199625,-0.005,0.00119876589356184));
#3531=CARTESIAN_POINT('',(-0.0113236527739598,-0.005,0.00735016243730656));
#3532=CARTESIAN_POINT('',(-0.00827877498663718,-0.005,0.0106635774822819));
#3533=CARTESIAN_POINT('',(0.,-0.005,8.26636589424463E-19));
#3534=CARTESIAN_POINT('',(0.00322006267707488,-0.005,0.0131103469197313));
#3535=CARTESIAN_POINT('',(0.00735016243730655,-0.005,0.0113236527739598));
#3536=CARTESIAN_POINT('',(0.0299022986947318,-0.005,0.0209468147697524));
#3537=CARTESIAN_POINT('',(0.0281458161847583,-0.005,0.0208321642215529));
#3538=CARTESIAN_POINT('',(0.0247401277234219,-0.005,0.0204219793949421));
#3539=CARTESIAN_POINT('',(0.019957521913824,-0.005,0.019258131798934));
#3540=CARTESIAN_POINT('',(0.0155086977512905,-0.005,0.017541251776847));
#3541=CARTESIAN_POINT('',(0.0114046018057481,-0.005,0.015270601327895));
#3542=CARTESIAN_POINT('',(0.00765670514711163,-0.005,0.012450543238471));
#3543=CARTESIAN_POINT('',(0.00427367223486368,-0.005,0.00908976925707471));
#3544=CARTESIAN_POINT('',(0.00125929681207127,-0.005,0.00519857402074967));
#3545=CARTESIAN_POINT('',(-0.00050509373610722,-0.005,0.00225682428952512));
#3546=CARTESIAN_POINT('',(-0.0013266126833014,-0.005,0.000700070559660859));
#3547=CARTESIAN_POINT('',(0.0328702081082887,-0.005,-0.0161600299107566));
#3548=CARTESIAN_POINT('',(0.00648836440278367,-0.005,0.00690694538635843));
#3549=CARTESIAN_POINT('',(0.00735016243730655,-0.005,0.0113236527739598));
#3550=CARTESIAN_POINT('',(0.0113236527739598,-0.005,-0.00735016243730656));
#3551=CARTESIAN_POINT('',(0.0301342094445653,-0.005,-0.0100439838770848));
#3552=CARTESIAN_POINT('',(0.0272766857932314,-0.005,-0.0103006845469917));
#3553=CARTESIAN_POINT('',(0.0216862192171015,-0.005,-0.0103200622348533));
#3554=CARTESIAN_POINT('',(0.013695483502978,-0.005,-0.00885225086674387));
#3555=CARTESIAN_POINT('',(0.00613152532076228,-0.005,-0.00588697447439664));
#3556=CARTESIAN_POINT('',(0.00139122090086572,-0.005,-0.00292332705266754));
#3557=CARTESIAN_POINT('',(-0.000901643129199625,-0.005,-0.00119876589356184));
#3558=CARTESIAN_POINT('',(0.,-0.005,1.01033360929657E-18));
#3559=CARTESIAN_POINT('',(0.03,-0.005,0.01945));
#3560=CARTESIAN_POINT('',(0.00735016243730655,-0.005,0.0113236527739598));
#3561=CARTESIAN_POINT('',(0.,-0.005,1.01033360929657E-18));
#3562=CARTESIAN_POINT('',(-0.01945,-0.005,0.03));
#3563=CARTESIAN_POINT('',(-0.0113236527739598,-0.005,0.00735016243730656));
#3564=CARTESIAN_POINT('',(0.,-0.005,1.01033360929657E-18));
#3565=CARTESIAN_POINT('',(-0.03,-0.005,-0.01945));
#3566=CARTESIAN_POINT('',(-0.00735016243730656,-0.005,-0.0113236527739598));
#3567=CARTESIAN_POINT('',(0.,-0.005,1.01033360929657E-18));
#3568=CARTESIAN_POINT('',(0.01945,-0.005,-0.03));
#3569=CARTESIAN_POINT('',(0.0113236527739598,-0.005,-0.00735016243730656));
#3570=CARTESIAN_POINT('',(-0.0260063261324408,-0.0046,-0.0335559062801754));
#3571=CARTESIAN_POINT('',(-0.00885437573738544,-0.005,0.00358815885986986));
#3572=CARTESIAN_POINT('',(-0.00531638592103587,-0.005,0.00517776536342392));
#3573=CARTESIAN_POINT('',(-0.00531638592103587,-0.003,0.00517776536342392));
#3574=CARTESIAN_POINT('',(-0.00406754528232362,-0.005,0.00451139004899925));
#3575=CARTESIAN_POINT('',(-0.00406754528232362,-0.003,0.00451139004899925));
#3576=CARTESIAN_POINT('',(-0.0028387673835923,-0.005,0.00377983872732522));
#3577=CARTESIAN_POINT('',(-0.0028387673835923,-0.003,0.00377983872732522));
#3578=CARTESIAN_POINT('',(-0.00163028437855733,-0.005,0.00298365095265072));
#3579=CARTESIAN_POINT('',(-0.00163028437855733,-0.003,0.00298365095265072));
#3580=CARTESIAN_POINT('',(-0.0328702081082873,-0.0046,0.0161600299107553));
#3581=CARTESIAN_POINT('',(-0.00648836440278367,-0.005,-0.00690694538635843));
#3582=CARTESIAN_POINT('',(-0.00517776536344199,-0.005,-0.00531638592106973));
#3583=CARTESIAN_POINT('',(0.0335559062801751,-0.0046,-0.0260063261324406));
#3584=CARTESIAN_POINT('',(-0.00358815885986986,-0.005,-0.00885437573738544));
#3585=CARTESIAN_POINT('',(-0.00517776536344199,-0.005,-0.00531638592106973));
#3586=CARTESIAN_POINT('',(-0.00517776536344199,-0.003,-0.00531638592106973));
#3587=CARTESIAN_POINT('',(-0.00451139004901247,-0.005,-0.00406754528234583));
#3588=CARTESIAN_POINT('',(-0.00451139004901247,-0.003,-0.00406754528234583));
#3589=CARTESIAN_POINT('',(-0.00377983872733241,-0.005,-0.00283876738360322));
#3590=CARTESIAN_POINT('',(-0.00377983872733241,-0.003,-0.00283876738360322));
#3591=CARTESIAN_POINT('',(-0.00298365095265072,-0.005,-0.00163028437855732));
#3592=CARTESIAN_POINT('',(-0.00298365095265072,-0.003,-0.00163028437855732));
#3593=CARTESIAN_POINT('',(0.00531638592106973,-0.005,-0.00517776536344199));
#3594=CARTESIAN_POINT('',(0.00531638592106973,-0.003,-0.00517776536344199));
#3595=CARTESIAN_POINT('',(0.00406754528234583,-0.005,-0.00451139004901247));
#3596=CARTESIAN_POINT('',(0.00406754528234583,-0.003,-0.00451139004901247));
#3597=CARTESIAN_POINT('',(0.00283876738360322,-0.005,-0.00377983872733242));
#3598=CARTESIAN_POINT('',(0.00283876738360322,-0.003,-0.00377983872733242));
#3599=CARTESIAN_POINT('',(0.00163028437855732,-0.005,-0.00298365095265072));
#3600=CARTESIAN_POINT('',(0.00163028437855732,-0.003,-0.00298365095265072));
#3601=CARTESIAN_POINT('',(0.00264631470490943,-0.005,0.00694636767729212));
#3602=CARTESIAN_POINT('',(0.00264631470490943,-0.003,0.00694636767729212));
#3603=CARTESIAN_POINT('',(0.00178841228646039,-0.005,0.0058263676345173));
#3604=CARTESIAN_POINT('',(0.00178841228646039,-0.003,0.0058263676345173));
#3605=CARTESIAN_POINT('',(0.00097577269574623,-0.005,0.00464184818564017));
#3606=CARTESIAN_POINT('',(0.00097577269574623,-0.003,0.00464184818564017));
#3607=CARTESIAN_POINT('',(0.000208166931867346,-0.005,0.00339362147151838));
#3608=CARTESIAN_POINT('',(0.000208166931867346,-0.003,0.00339362147151838));
#3609=CARTESIAN_POINT('',(0.0328702081082887,-0.0046,-0.0161600299107566));
#3610=CARTESIAN_POINT('',(0.00648836440278367,-0.005,0.00690694538635843));
#3611=CARTESIAN_POINT('',(0.,-0.005,1.01033360929657E-18));
#3612=CARTESIAN_POINT('',(0.,-0.005,8.26636589424463E-19));
#3613=CARTESIAN_POINT('',(0.00827877498663718,-0.002998,-0.0106635774822819));
#3614=CARTESIAN_POINT('',(-0.00322006267707488,-0.004,-0.0131103469197313));
#3615=CARTESIAN_POINT('',(0.,-0.005,1.01033360929657E-18));
#3616=CARTESIAN_POINT('',(0.,-0.005,8.26636589424463E-19));
#3617=CARTESIAN_POINT('',(-0.0106635774822819,-0.004,-0.00827877498663718));
#3618=CARTESIAN_POINT('',(-0.0131103469197313,-0.004,0.00322006267707488));
#3619=CARTESIAN_POINT('',(0.,-0.005,1.01033360929657E-18));
#3620=CARTESIAN_POINT('',(0.,-0.005,8.26636589424463E-19));
#3621=CARTESIAN_POINT('',(0.00322006267707488,-0.004,0.0131103469197313));
#3622=CARTESIAN_POINT('',(-0.00827877498663718,-0.004,0.0106635774822819));
#3623=CARTESIAN_POINT('',(0.,-0.005,1.01033360929657E-18));
#3624=CARTESIAN_POINT('',(0.,-0.0329,7.59281015471359E-19));
#3625=CARTESIAN_POINT('',(0.,-0.0326333333333333,2.0818995585505E-19));
#3626=CARTESIAN_POINT('',(0.,-0.0326333333333333,-0.009));
#3627=CARTESIAN_POINT('',(0.,-0.0349,7.59281015471359E-19));
#3628=CARTESIAN_POINT('',(0.,-0.0349,-0.009));
#3629=CARTESIAN_POINT('',(0.,-0.0349,0.));
#3630=CARTESIAN_POINT('',(0.,-0.0483,3.06161699786838E-19));
#3631=CARTESIAN_POINT('',(0.,-0.0483,3.06161699786838E-19));
#3632=CARTESIAN_POINT('',(0.,-0.0483,-0.0016));
#3633=CARTESIAN_POINT('',(0.,-0.0493,3.06161699786838E-19));
#3634=CARTESIAN_POINT('',(0.,-0.0493,-0.0016));
#3635=CARTESIAN_POINT('',(0.,-0.0483,0.));
#3636=CARTESIAN_POINT('',(0.,-0.0493,0.));
#3637=CARTESIAN_POINT('',(0.,-0.0213,0.));
#3638=CARTESIAN_POINT('',(0.00855,-0.0213,0.03));
#3639=CARTESIAN_POINT('',(0.00855,-0.0213,0.03085));
#3640=CARTESIAN_POINT('',(-0.01945,-0.0213,0.03));
#3641=CARTESIAN_POINT('',(-0.01945,-0.0213,0.03));
#3642=CARTESIAN_POINT('',(-0.01945,-0.0213,0.028));
#3643=CARTESIAN_POINT('',(0.,-0.0213,0.));
#3644=CARTESIAN_POINT('',(-0.01945,-0.0213,0.03));
#3645=CARTESIAN_POINT('',(-0.01945,-0.0213,0.03085));
#3646=CARTESIAN_POINT('',(0.03,-0.0249,0.01945));
#3647=CARTESIAN_POINT('',(0.03,-0.0249,0.01945));
#3648=CARTESIAN_POINT('',(0.03,-0.0249,0.01745));
#3649=CARTESIAN_POINT('',(0.,-0.0249,0.));
#3650=CARTESIAN_POINT('',(0.03,-0.0249,0.01945));
#3651=CARTESIAN_POINT('',(0.03,-0.0249,0.0203));
#3652=CARTESIAN_POINT('',(0.,-0.0249,0.));
#3653=CARTESIAN_POINT('',(0.03,-0.0249,-0.00855));
#3654=CARTESIAN_POINT('',(0.03,-0.0249,-0.0077));
#3655=CARTESIAN_POINT('',(0.01945,-0.0285,-0.03));
#3656=CARTESIAN_POINT('',(0.01945,-0.0285,-0.03));
#3657=CARTESIAN_POINT('',(0.01945,-0.0285,-0.032));
#3658=CARTESIAN_POINT('',(0.,-0.0285,0.));
#3659=CARTESIAN_POINT('',(0.01945,-0.0285,-0.03));
#3660=CARTESIAN_POINT('',(0.01945,-0.0285,-0.02915));
#3661=CARTESIAN_POINT('',(0.,-0.0285,0.));
#3662=CARTESIAN_POINT('',(-0.00855,-0.0285,-0.03));
#3663=CARTESIAN_POINT('',(-0.00855,-0.0285,-0.02915));
#3664=CARTESIAN_POINT('',(-0.03,-0.0321,-0.01945));
#3665=CARTESIAN_POINT('',(-0.03,-0.0321,-0.01945));
#3666=CARTESIAN_POINT('',(-0.03,-0.0321,-0.02145));
#3667=CARTESIAN_POINT('',(0.,-0.0321,0.));
#3668=CARTESIAN_POINT('',(-0.03,-0.0321,-0.01945));
#3669=CARTESIAN_POINT('',(-0.03,-0.0321,-0.0186));
#3670=CARTESIAN_POINT('',(0.,-0.0321,0.));
#3671=CARTESIAN_POINT('',(-0.03,-0.0321,0.00855));
#3672=CARTESIAN_POINT('',(-0.03,-0.0321,0.0094));
#3673=CARTESIAN_POINT('',(0.,-0.0329,2.0818995585505E-19));
#3674=CARTESIAN_POINT('',(-0.02915,-0.0241,0.00855));
#3675=CARTESIAN_POINT('',(-0.03,-0.0241,0.00855));
#3676=CARTESIAN_POINT('',(-0.03,-0.0241,0.0094));
#3677=CARTESIAN_POINT('',(-0.03,-0.0321,0.00855));
#3678=CARTESIAN_POINT('',(-0.02915,-0.0241,-0.01945));
#3679=CARTESIAN_POINT('',(-0.03,-0.0241,-0.01945));
#3680=CARTESIAN_POINT('',(-0.03,-0.0241,-0.0186));
#3681=CARTESIAN_POINT('',(-0.03,-0.0321,-0.01945));
#3682=CARTESIAN_POINT('',(-0.0077,-0.0205,-0.03));
#3683=CARTESIAN_POINT('',(-0.00855,-0.0205,-0.03));
#3684=CARTESIAN_POINT('',(-0.00855,-0.0205,-0.02915));
#3685=CARTESIAN_POINT('',(-0.00855,-0.0285,-0.03));
#3686=CARTESIAN_POINT('',(0.0203,-0.0205,-0.03));
#3687=CARTESIAN_POINT('',(0.01945,-0.0205,-0.03));
#3688=CARTESIAN_POINT('',(0.01945,-0.0205,-0.02915));
#3689=CARTESIAN_POINT('',(0.01945,-0.0285,-0.03));
#3690=CARTESIAN_POINT('',(0.03085,-0.0169,-0.00855));
#3691=CARTESIAN_POINT('',(0.03,-0.0169,-0.00855));
#3692=CARTESIAN_POINT('',(0.03,-0.0169,-0.0077));
#3693=CARTESIAN_POINT('',(0.03,-0.0249,-0.00855));
#3694=CARTESIAN_POINT('',(0.03085,-0.0169,0.01945));
#3695=CARTESIAN_POINT('',(0.03,-0.0169,0.01945));
#3696=CARTESIAN_POINT('',(0.03,-0.0169,0.0203));
#3697=CARTESIAN_POINT('',(0.03,-0.0249,0.01945));
#3698=CARTESIAN_POINT('',(-0.0186,-0.0133,0.03));
#3699=CARTESIAN_POINT('',(-0.01945,-0.0133,0.03));
#3700=CARTESIAN_POINT('',(-0.01945,-0.0133,0.03085));
#3701=CARTESIAN_POINT('',(-0.01945,-0.0213,0.03));
#3702=CARTESIAN_POINT('',(0.0094,-0.0133,0.03));
#3703=CARTESIAN_POINT('',(0.00855,-0.0133,0.03));
#3704=CARTESIAN_POINT('',(0.00855,-0.0133,0.03085));
#3705=CARTESIAN_POINT('',(0.00855,-0.0213,0.03));
#3706=CARTESIAN_POINT('',(0.00734999999999985,-0.0063,0.03));
#3707=CARTESIAN_POINT('',(0.00734999999999985,-0.0093,0.03));
#3708=CARTESIAN_POINT('',(0.00734999999999985,-0.0063,0.03));
#3709=CARTESIAN_POINT('',(0.00855,-0.0063,0.03));
#3710=CARTESIAN_POINT('',(0.00855,-0.0093,0.03));
#3711=CARTESIAN_POINT('',(-0.03,-0.0171,0.00735));
#3712=CARTESIAN_POINT('',(-0.03,-0.0201,0.00735));
#3713=CARTESIAN_POINT('',(-0.03,-0.0171,0.00735));
#3714=CARTESIAN_POINT('',(-0.03,-0.0171,0.00855));
#3715=CARTESIAN_POINT('',(-0.03,-0.0201,0.00855));
#3716=CARTESIAN_POINT('',(-0.00735,-0.0135,-0.03));
#3717=CARTESIAN_POINT('',(-0.00735,-0.0165,-0.03));
#3718=CARTESIAN_POINT('',(-0.00735,-0.0135,-0.03));
#3719=CARTESIAN_POINT('',(-0.00855,-0.0135,-0.03));
#3720=CARTESIAN_POINT('',(-0.00855,-0.0165,-0.03));
#3721=CARTESIAN_POINT('',(0.03,-0.0099,-0.00735));
#3722=CARTESIAN_POINT('',(0.03,-0.0129,-0.00735));
#3723=CARTESIAN_POINT('',(0.03,-0.0099,-0.00735));
#3724=CARTESIAN_POINT('',(0.03,-0.0099,-0.00855));
#3725=CARTESIAN_POINT('',(0.03,-0.0129,-0.00855));
#3726=CARTESIAN_POINT('',(-0.0113236527739598,-0.002998,0.00735016243730656));
#3727=CARTESIAN_POINT('',(0.00735016243730655,-0.002998,0.0113236527739598));
#3728=CARTESIAN_POINT('',(-0.0113236527739598,-0.002998,0.00735016243730656));
#3729=CARTESIAN_POINT('',(-0.0113236527739598,-0.002998,0.00735016243730656));
#3730=CARTESIAN_POINT('',(-0.00735016243730656,-0.002998,-0.0113236527739598));
#3731=CARTESIAN_POINT('',(-0.00735016243730656,-0.002998,-0.0113236527739598));
#3732=CARTESIAN_POINT('',(-0.00735016243730656,-0.002998,-0.0113236527739598));
#3733=CARTESIAN_POINT('',(0.00735016243730655,-0.002998,0.0113236527739598));
#3734=CARTESIAN_POINT('',(0.00735016243730655,-0.002998,0.0113236527739598));
#3735=CARTESIAN_POINT('',(0.0113236527739598,-0.002998,-0.00735016243730656));
#3736=CARTESIAN_POINT('',(0.0113236527739598,-0.002998,-0.00735016243730656));
#3737=CARTESIAN_POINT('',(0.0113236527739598,-0.002998,-0.00735016243730656));
#3738=CARTESIAN_POINT('',(-0.0113236527739598,-0.005,0.00735016243730656));
#3739=CARTESIAN_POINT('',(-0.0113236527739598,-0.0045,0.00735016243730656));
#3740=CARTESIAN_POINT('',(-0.0113236527739598,-0.0045,0.00935016243730656));
#3741=CARTESIAN_POINT('',(-0.0113236527739598,-0.005,0.00735016243730656));
#3742=CARTESIAN_POINT('',(-0.00735016243730656,-0.005,-0.0113236527739598));
#3743=CARTESIAN_POINT('',(-0.00735016243730656,-0.0045,-0.0113236527739598));
#3744=CARTESIAN_POINT('',(-0.00735016243730656,-0.0045,-0.0093236527739598));
#3745=CARTESIAN_POINT('',(-0.00735016243730656,-0.005,-0.0113236527739598));
#3746=CARTESIAN_POINT('',(0.0113236527739598,-0.005,-0.00735016243730656));
#3747=CARTESIAN_POINT('',(0.0113236527739598,-0.0045,-0.00735016243730656));
#3748=CARTESIAN_POINT('',(0.0113236527739598,-0.0045,-0.00535016243730656));
#3749=CARTESIAN_POINT('',(0.0113236527739598,-0.005,-0.00735016243730656));
#3750=CARTESIAN_POINT('',(0.00735016243730655,-0.005,0.0113236527739598));
#3751=CARTESIAN_POINT('',(0.00735016243730655,-0.0045,0.0113236527739598));
#3752=CARTESIAN_POINT('',(0.00735016243730655,-0.0045,0.0133236527739598));
#3753=CARTESIAN_POINT('',(0.00735016243730655,-0.005,0.0113236527739598));
#3754=MECHANICAL_DESIGN_GEOMETRIC_PRESENTATION_REPRESENTATION('',(#1884),#3755);
#3755=(
GEOMETRIC_REPRESENTATION_CONTEXT(3)
GLOBAL_UNCERTAINTY_ASSIGNED_CONTEXT((#3756))
GLOBAL_UNIT_ASSIGNED_CONTEXT((#3759,#3758,#3757))
REPRESENTATION_CONTEXT('CenterAxle','TOP_LEVEL_ASSEMBLY_PART')
);
#3756=UNCERTAINTY_MEASURE_WITH_UNIT(LENGTH_MEASURE(2.E-05),#3759,'DISTANCE_ACCURACY_VALUE','Maximum Tolerance applied to model');
#3757=(
NAMED_UNIT(*)
SI_UNIT($,.STERADIAN.)
SOLID_ANGLE_UNIT()
);
#3758=(
NAMED_UNIT(*)
PLANE_ANGLE_UNIT()
SI_UNIT($,.RADIAN.)
);
#3759=(
LENGTH_UNIT()
NAMED_UNIT(*)
SI_UNIT($,.METRE.)
);
#3760=PRODUCT_DEFINITION_SHAPE('','',#3761);
#3761=PRODUCT_DEFINITION('','',#3763,#3762);
#3762=PRODUCT_DEFINITION_CONTEXT('',#3769,'design');
#3763=PRODUCT_DEFINITION_FORMATION_WITH_SPECIFIED_SOURCE('','',#3765,.NOT_KNOWN.);
#3764=PRODUCT_RELATED_PRODUCT_CATEGORY('','',(#3765));
#3765=PRODUCT('CenterAxle','CenterAxle','CenterAxle',(#3767));
#3766=PRODUCT_CATEGORY('','');
#3767=PRODUCT_CONTEXT('',#3769,'mechanical');
#3768=APPLICATION_PROTOCOL_DEFINITION('international standard','ap242_managed_model_based_3d_engineering',2020,#3769);
#3769=APPLICATION_CONTEXT('managed model based 3d engineering');
#3770=COMPOSITE_SHAPE_ASPECT('hole_callout.FNItzHYUNq6EFJj_2.JMD.2',$,#3760,$);
#3771=SHAPE_ASPECT('hole_callout.FNItzHYUNq6EFJj_2.JMD.2',$,#3760,.T.);
#3772=GEOMETRIC_ITEM_SPECIFIC_USAGE('','',#3771,#11,#1882);
#3773=SHAPE_ASPECT_RELATIONSHIP('','',#3770,#3771);
#3774=SHAPE_ASPECT('hole_callout.FNItzHYUNq6EFJj_2.JMD.2',$,#3760,.T.);
#3775=GEOMETRIC_ITEM_SPECIFIC_USAGE('','',#3774,#11,#1881);
#3776=SHAPE_ASPECT_RELATIONSHIP('','',#3770,#3774);
#3777=SHAPE_ASPECT('hole_callout.FNItzHYUNq6EFJj_2.JMD.2',$,#3760,.T.);
#3778=GEOMETRIC_ITEM_SPECIFIC_USAGE('','',#3777,#11,#1876);
#3779=SHAPE_ASPECT_RELATIONSHIP('','',#3770,#3777);
#3780=SHAPE_ASPECT('hole_callout.FNItzHYUNq6EFJj_2.JMD.2',$,#3760,.T.);
#3781=GEOMETRIC_ITEM_SPECIFIC_USAGE('','',#3780,#11,#1875);
#3782=SHAPE_ASPECT_RELATIONSHIP('','',#3770,#3780);
#3783=SHAPE_ASPECT('hole_callout.FNItzHYUNq6EFJj_2.JMD.2',$,#3760,.T.);
#3784=GEOMETRIC_ITEM_SPECIFIC_USAGE('','',#3783,#11,#1880);
#3785=SHAPE_ASPECT_RELATIONSHIP('','',#3770,#3783);
#3786=SHAPE_ASPECT('hole_callout.FNItzHYUNq6EFJj_2.JMD.2',$,#3760,.T.);
#3787=GEOMETRIC_ITEM_SPECIFIC_USAGE('','',#3786,#11,#1879);
#3788=SHAPE_ASPECT_RELATIONSHIP('','',#3770,#3786);
#3789=SHAPE_ASPECT('hole_callout.FNItzHYUNq6EFJj_2.JMD.2',$,#3760,.T.);
#3790=GEOMETRIC_ITEM_SPECIFIC_USAGE('','',#3789,#11,#1878);
#3791=SHAPE_ASPECT_RELATIONSHIP('','',#3770,#3789);
#3792=SHAPE_ASPECT('hole_callout.FNItzHYUNq6EFJj_2.JMD.2',$,#3760,.T.);
#3793=GEOMETRIC_ITEM_SPECIFIC_USAGE('','',#3792,#11,#1877);
#3794=SHAPE_ASPECT_RELATIONSHIP('','',#3770,#3792);
#3795=DIMENSIONAL_SIZE(#3770,'diameter');
#3796=(
LENGTH_UNIT()
NAMED_UNIT(*)
SI_UNIT(.MILLI.,.METRE.)
);
#3798=PRECISION_QUALIFIER(3);
#3797=(
LENGTH_MEASURE_WITH_UNIT()
MEASURE_REPRESENTATION_ITEM()
MEASURE_WITH_UNIT(POSITIVE_LENGTH_MEASURE(4.),#3796)
QUALIFIED_REPRESENTATION_ITEM((#3798))
REPRESENTATION_ITEM('nominal value')
);
#3799=COMPOUND_REPRESENTATION_ITEM('modifiers',SET_REPRESENTATION_ITEM((#3800)));
#3800=DESCRIPTIVE_REPRESENTATION_ITEM('dimensional note','diameter');
#3801=SHAPE_DIMENSION_REPRESENTATION('',(#3797,#3799),#3755);
#3802=DIMENSIONAL_CHARACTERISTIC_REPRESENTATION(#3795,#3801);
#3803=ANGULAR_SIZE(#3770,'angle',.EQUAL.);
#3805=(
NAMED_UNIT(*)
PLANE_ANGLE_UNIT()
SI_UNIT($,.RADIAN.)
);
#3806=LENGTH_MEASURE_WITH_UNIT(LENGTH_MEASURE(57.2957795130823),#3805);
#3804=(
CONVERSION_BASED_UNIT('degree',#3806)
NAMED_UNIT($)
PLANE_ANGLE_UNIT()
);
#3808=PRECISION_QUALIFIER(3);
#3807=(
MEASURE_REPRESENTATION_ITEM()
MEASURE_WITH_UNIT(PLANE_ANGLE_MEASURE(90.),#3804)
PLANE_ANGLE_MEASURE_WITH_UNIT()
QUALIFIED_REPRESENTATION_ITEM((#3808))
REPRESENTATION_ITEM('nominal value')
);
#3809=SHAPE_DIMENSION_REPRESENTATION('',(#3807),#3755);
#3810=DIMENSIONAL_CHARACTERISTIC_REPRESENTATION(#3803,#3809);
#3811=DIMENSIONAL_SIZE(#3770,'diameter');
#3812=(
LENGTH_UNIT()
NAMED_UNIT(*)
SI_UNIT(.MILLI.,.METRE.)
);
#3814=PRECISION_QUALIFIER(3);
#3813=(
LENGTH_MEASURE_WITH_UNIT()
MEASURE_REPRESENTATION_ITEM()
MEASURE_WITH_UNIT(POSITIVE_LENGTH_MEASURE(5.),#3812)
QUALIFIED_REPRESENTATION_ITEM((#3814))
REPRESENTATION_ITEM('nominal value')
);
#3815=COMPOUND_REPRESENTATION_ITEM('modifiers',SET_REPRESENTATION_ITEM((#3816,#3817)));
#3816=DESCRIPTIVE_REPRESENTATION_ITEM('dimensional note','countersink');
#3817=DESCRIPTIVE_REPRESENTATION_ITEM('dimensional note','diameter');
#3818=SHAPE_DIMENSION_REPRESENTATION('',(#3813,#3815),#3755);
#3819=DIMENSIONAL_CHARACTERISTIC_REPRESENTATION(#3811,#3818);
#3820=PRESENTATION_STYLE_ASSIGNMENT((NULL_STYLE(.NULL.)));
#3821=CARTESIAN_POINT('',(0.00735016243730655,-0.005,0.0113236527739598));
#3822=DIRECTION('',(0.,-1.,0.));
#3823=DIRECTION('',(1.,0.,0.));
#3824=AXIS2_PLACEMENT_3D('',#3821,#3822,#3823);
#3825=PLANE('',#3824);
#3826=ANNOTATION_PLANE('',(#3820),#3825,(#3853));
#3827=CARTESIAN_POINT('',(0.,0.,0.));
#3828=DIRECTION('',(0.,0.,1.));
#3829=DIRECTION('',(1.,0.,0.));
#3830=AXIS2_PLACEMENT_3D('',#3827,#3828,#3829);
#3831=CARTESIAN_POINT('',(0.,0.,0.));
#3832=DIRECTION('',(0.,0.,1.));
#3833=DIRECTION('',(1.,0.,0.));
#3834=AXIS2_PLACEMENT_3D('',#3831,#3832,#3833);
#3835=SHAPE_REPRESENTATION('',(#3834,#1892),#3755);
#3836=REPRESENTATION_MAP(#3830,#3835);
#3837=MAPPED_ITEM('',#3836,#3830);
#3838=PRESENTATION_STYLE_ASSIGNMENT((NULL_STYLE(.NULL.)));
#3839=STYLED_ITEM('',(#3838),#3837);
#3840=DRAUGHTING_MODEL('',(#3826,#3830,#3837,#3839,#3929,#3933,#3940,#3942),#3755);
#3841=DRAUGHTING_PRE_DEFINED_CURVE_FONT('continuous');
#3842=COLOUR_RGB('',0.,0.,0.);
#3843=CURVE_STYLE('',#3841,POSITIVE_LENGTH_MEASURE(0.02),#3842);
#3844=PRESENTATION_STYLE_ASSIGNMENT((#3843));
#3845=COORDINATES_LIST('coordinates',3648,((0.0091179,-0.0050000,0.0130914),(0.0105321,-0.0050000,0.0159198),(0.0119464,-0.0050000,0.0145056),(0.0255420,-0.0050000,0.0231138),(0.0256142,-0.0050000,0.0231646),(0.0292390,-0.0050000,0.0267915),(0.0255420,-0.0050000,0.0231138),(0.0292390,-0.0050000,0.0267915),(0.0292882,-0.0050000,0.0268613),(0.0255420,-0.0050000,0.0231138),(0.0292882,-0.0050000,0.0268613),(0.0293046,-0.0050000,0.0269439),(0.0255420,-0.0050000,0.0231138),(0.0293046,-0.0050000,0.0269439),(0.0292885,-0.0050000,0.0270264),(0.0255420,-0.0050000,0.0231138),(0.0292885,-0.0050000,0.0270264),(0.0292400,-0.0050000,0.0270963),(0.0255420,-0.0050000,0.0231138),(0.0292400,-0.0050000,0.0270963),(0.0291702,-0.0050000,0.0271439),(0.0255420,-0.0050000,0.0231138),(0.0291702,-0.0050000,0.0271439),(0.0290876,-0.0050000,0.0271598),(0.0255420,-0.0050000,0.0231138),(0.0290876,-0.0050000,0.0271598),(0.0290054,-0.0050000,0.0271442),(0.0255420,-0.0050000,0.0231138),(0.0290054,-0.0050000,0.0271442),(0.0289363,-0.0050000,0.0270973),(0.0255420,-0.0050000,0.0231138),(0.0289363,-0.0050000,0.0270973),(0.0254607,-0.0050000,0.0236228),(0.0255420,-0.0050000,0.0231138),(0.0254607,-0.0050000,0.0236228),(0.0219862,-0.0050000,0.0270973),(0.0255420,-0.0050000,0.0231138),(0.0219862,-0.0050000,0.0270973),(0.0219159,-0.0050000,0.0271442),(0.0255420,-0.0050000,0.0231138),(0.0219159,-0.0050000,0.0271442),(0.0218338,-0.0050000,0.0271598),(0.0255420,-0.0050000,0.0231138),(0.0218338,-0.0050000,0.0271598),(0.0217518,-0.0050000,0.0271439),(0.0255420,-0.0050000,0.0231138),(0.0217518,-0.0050000,0.0271439),(0.0216814,-0.0050000,0.0270963),(0.0255420,-0.0050000,0.0231138),(0.0216814,-0.0050000,0.0270963),(0.0216338,-0.0050000,0.0270264),(0.0255420,-0.0050000,0.0231138),(0.0216338,-0.0050000,0.0270264),(0.0216179,-0.0050000,0.0269439),(0.0255420,-0.0050000,0.0231138),(0.0216179,-0.0050000,0.0269439),(0.0216335,-0.0050000,0.0268613),(0.0255420,-0.0050000,0.0231138),(0.0216335,-0.0050000,0.0268613),(0.0216804,-0.0050000,0.0267915),(0.0255420,-0.0050000,0.0231138),(0.0216804,-0.0050000,0.0267915),(0.0253083,-0.0050000,0.0231646),(0.0255420,-0.0050000,0.0231138),(0.0253083,-0.0050000,0.0231646),(0.0253803,-0.0050000,0.0231138),(0.0255420,-0.0050000,0.0231138),(0.0253803,-0.0050000,0.0231138),(0.0254607,-0.0050000,0.0230968),(0.0311606,-0.0050000,0.0232752),(0.0312577,-0.0050000,0.0232345),(0.0313557,-0.0050000,0.0231992),(0.0311606,-0.0050000,0.0232752),(0.0313557,-0.0050000,0.0231992),(0.0314547,-0.0050000,0.0231694),(0.0311606,-0.0050000,0.0232752),(0.0314547,-0.0050000,0.0231694),(0.0315546,-0.0050000,0.0231450),(0.0311606,-0.0050000,0.0232752),(0.0315546,-0.0050000,0.0231450),(0.0316555,-0.0050000,0.0231260),(0.0311606,-0.0050000,0.0232752),(0.0316555,-0.0050000,0.0231260),(0.0317573,-0.0050000,0.0231124),(0.0311606,-0.0050000,0.0232752),(0.0317573,-0.0050000,0.0231124),(0.0318601,-0.0050000,0.0231043),(0.0311606,-0.0050000,0.0232752),(0.0318601,-0.0050000,0.0231043),(0.0319639,-0.0050000,0.0231016),(0.0311606,-0.0050000,0.0232752),(0.0319639,-0.0050000,0.0231016),(0.0320997,-0.0050000,0.0231059),(0.0311606,-0.0050000,0.0232752),(0.0320997,-0.0050000,0.0231059),(0.0322329,-0.0050000,0.0231189),(0.0311606,-0.0050000,0.0232752),(0.0322329,-0.0050000,0.0231189),(0.0323636,-0.0050000,0.0231404),(0.0311606,-0.0050000,0.0232752),(0.0323636,-0.0050000,0.0231404),(0.0324917,-0.0050000,0.0231706),(0.0311606,-0.0050000,0.0232752),(0.0324917,-0.0050000,0.0231706),(0.0326173,-0.0050000,0.0232095),(0.0311606,-0.0050000,0.0232752),(0.0326173,-0.0050000,0.0232095),(0.0327404,-0.0050000,0.0232570),(0.0311606,-0.0050000,0.0232752),(0.0327404,-0.0050000,0.0232570),(0.0328609,-0.0050000,0.0233131),(0.0311606,-0.0050000,0.0232752),(0.0328609,-0.0050000,0.0233131),(0.0329788,-0.0050000,0.0233778),(0.0311606,-0.0050000,0.0232752),(0.0329788,-0.0050000,0.0233778),(0.0330924,-0.0050000,0.0234502),(0.0311606,-0.0050000,0.0232752),(0.0330924,-0.0050000,0.0234502),(0.0331998,-0.0050000,0.0235288),(0.0311606,-0.0050000,0.0232752),(0.0331998,-0.0050000,0.0235288),(0.0333009,-0.0050000,0.0236135),(0.0311606,-0.0050000,0.0232752),(0.0333009,-0.0050000,0.0236135),(0.0333958,-0.0050000,0.0237043),(0.0311606,-0.0050000,0.0232752),(0.0333958,-0.0050000,0.0237043),(0.0334845,-0.0050000,0.0238013),(0.0334845,-0.0050000,0.0238013),(0.0335670,-0.0050000,0.0239045),(0.0336433,-0.0050000,0.0240138),(0.0334845,-0.0050000,0.0238013),(0.0336433,-0.0050000,0.0240138),(0.0337133,-0.0050000,0.0241292),(0.0334845,-0.0050000,0.0238013),(0.0337133,-0.0050000,0.0241292),(0.0337763,-0.0050000,0.0242490),(0.0334845,-0.0050000,0.0238013),(0.0337763,-0.0050000,0.0242490),(0.0338309,-0.0050000,0.0243713),(0.0334845,-0.0050000,0.0238013),(0.0338309,-0.0050000,0.0243713),(0.0338771,-0.0050000,0.0244960),(0.0334845,-0.0050000,0.0238013),(0.0338771,-0.0050000,0.0244960),(0.0339149,-0.0050000,0.0246232),(0.0334845,-0.0050000,0.0238013),(0.0339149,-0.0050000,0.0246232),(0.0339443,-0.0050000,0.0247529),(0.0334845,-0.0050000,0.0238013),(0.0339443,-0.0050000,0.0247529),(0.0339653,-0.0050000,0.0248851),(0.0334845,-0.0050000,0.0238013),(0.0339653,-0.0050000,0.0248851),(0.0339779,-0.0050000,0.0250197),(0.0334845,-0.0050000,0.0238013),(0.0339779,-0.0050000,0.0250197),(0.0339821,-0.0050000,0.0251569),(0.0334845,-0.0050000,0.0238013),(0.0339821,-0.0050000,0.0251569),(0.0339779,-0.0050000,0.0252885),(0.0334845,-0.0050000,0.0238013),(0.0339779,-0.0050000,0.0252885),(0.0339653,-0.0050000,0.0254193),(0.0334845,-0.0050000,0.0238013),(0.0339653,-0.0050000,0.0254193),(0.0339443,-0.0050000,0.0255494),(0.0334845,-0.0050000,0.0238013),(0.0339443,-0.0050000,0.0255494),(0.0339149,-0.0050000,0.0256786),(0.0334845,-0.0050000,0.0238013),(0.0339149,-0.0050000,0.0256786),(0.0338771,-0.0050000,0.0258071),(0.0334845,-0.0050000,0.0238013),(0.0338771,-0.0050000,0.0258071),(0.0338309,-0.0050000,0.0259347),(0.0338309,-0.0050000,0.0259347),(0.0334392,-0.0050000,0.0257933),(0.0334757,-0.0050000,0.0256954),(0.0338309,-0.0050000,0.0259347),(0.0334757,-0.0050000,0.0256954),(0.0335056,-0.0050000,0.0255942),(0.0338309,-0.0050000,0.0259347),(0.0335056,-0.0050000,0.0255942),(0.0335289,-0.0050000,0.0254898),(0.0338309,-0.0050000,0.0259347),(0.0335289,-0.0050000,0.0254898),(0.0335455,-0.0050000,0.0253821),(0.0338309,-0.0050000,0.0259347),(0.0335455,-0.0050000,0.0253821),(0.0335555,-0.0050000,0.0252711),(0.0338309,-0.0050000,0.0259347),(0.0335555,-0.0050000,0.0252711),(0.0335588,-0.0050000,0.0251569),(0.0338309,-0.0050000,0.0259347),(0.0335588,-0.0050000,0.0251569),(0.0335555,-0.0050000,0.0250468),(0.0334845,-0.0050000,0.0238013),(0.0338309,-0.0050000,0.0259347),(0.0335555,-0.0050000,0.0250468),(0.0334845,-0.0050000,0.0238013),(0.0335555,-0.0050000,0.0250468),(0.0335454,-0.0050000,0.0249390),(0.0334845,-0.0050000,0.0238013),(0.0335454,-0.0050000,0.0249390),(0.0335286,-0.0050000,0.0248333),(0.0334845,-0.0050000,0.0238013),(0.0335286,-0.0050000,0.0248333),(0.0335051,-0.0050000,0.0247298),(0.0334845,-0.0050000,0.0238013),(0.0335051,-0.0050000,0.0247298),(0.0334749,-0.0050000,0.0246285),(0.0334845,-0.0050000,0.0238013),(0.0334749,-0.0050000,0.0246285),(0.0334380,-0.0050000,0.0245294),(0.0334845,-0.0050000,0.0238013),(0.0334380,-0.0050000,0.0245294),(0.0333943,-0.0050000,0.0244325),(0.0334845,-0.0050000,0.0238013),(0.0333943,-0.0050000,0.0244325),(0.0333440,-0.0050000,0.0243377),(0.0334845,-0.0050000,0.0238013),(0.0333440,-0.0050000,0.0243377),(0.0332881,-0.0050000,0.0242465),(0.0334845,-0.0050000,0.0238013),(0.0332881,-0.0050000,0.0242465),(0.0332275,-0.0050000,0.0241602),(0.0334845,-0.0050000,0.0238013),(0.0332275,-0.0050000,0.0241602),(0.0331621,-0.0050000,0.0240788),(0.0334845,-0.0050000,0.0238013),(0.0331621,-0.0050000,0.0240788),(0.0330918,-0.0050000,0.0240022),(0.0334845,-0.0050000,0.0238013),(0.0330918,-0.0050000,0.0240022),(0.0330168,-0.0050000,0.0239306),(0.0334845,-0.0050000,0.0238013),(0.0330168,-0.0050000,0.0239306),(0.0329370,-0.0050000,0.0238639),(0.0334845,-0.0050000,0.0238013),(0.0329370,-0.0050000,0.0238639),(0.0328524,-0.0050000,0.0238020),(0.0334845,-0.0050000,0.0238013),(0.0328524,-0.0050000,0.0238020),(0.0327629,-0.0050000,0.0237451),(0.0334845,-0.0050000,0.0238013),(0.0327629,-0.0050000,0.0237451),(0.0326704,-0.0050000,0.0236940),(0.0334845,-0.0050000,0.0238013),(0.0326704,-0.0050000,0.0236940),(0.0325757,-0.0050000,0.0236497),(0.0334845,-0.0050000,0.0238013),(0.0325757,-0.0050000,0.0236497),(0.0324789,-0.0050000,0.0236122),(0.0334845,-0.0050000,0.0238013),(0.0324789,-0.0050000,0.0236122),(0.0323801,-0.0050000,0.0235815),(0.0311606,-0.0050000,0.0232752),(0.0334845,-0.0050000,0.0238013),(0.0323801,-0.0050000,0.0235815),(0.0311606,-0.0050000,0.0232752),(0.0323801,-0.0050000,0.0235815),(0.0322792,-0.0050000,0.0235577),(0.0311606,-0.0050000,0.0232752),(0.0322792,-0.0050000,0.0235577),(0.0321762,-0.0050000,0.0235407),(0.0311606,-0.0050000,0.0232752),(0.0321762,-0.0050000,0.0235407),(0.0320711,-0.0050000,0.0235304),(0.0311606,-0.0050000,0.0232752),(0.0320711,-0.0050000,0.0235304),(0.0319639,-0.0050000,0.0235270),(0.0311606,-0.0050000,0.0232752),(0.0319639,-0.0050000,0.0235270),(0.0318103,-0.0050000,0.0235341),(0.0311606,-0.0050000,0.0232752),(0.0318103,-0.0050000,0.0235341),(0.0316607,-0.0050000,0.0235553),(0.0311606,-0.0050000,0.0232752),(0.0316607,-0.0050000,0.0235553),(0.0315150,-0.0050000,0.0235907),(0.0311606,-0.0050000,0.0232752),(0.0315150,-0.0050000,0.0235907),(0.0313734,-0.0050000,0.0236403),(0.0311606,-0.0050000,0.0232752),(0.0313734,-0.0050000,0.0236403),(0.0329704,-0.0050000,0.0264237),(0.0305997,-0.0050000,0.0223004),(0.0311606,-0.0050000,0.0232752),(0.0329704,-0.0050000,0.0264237),(0.0333959,-0.0050000,0.0258879),(0.0334392,-0.0050000,0.0257933),(0.0338309,-0.0050000,0.0259347),(0.0333461,-0.0050000,0.0259792),(0.0333959,-0.0050000,0.0258879),(0.0338309,-0.0050000,0.0259347),(0.0332782,-0.0050000,0.0260832),(0.0333461,-0.0050000,0.0259792),(0.0338309,-0.0050000,0.0259347),(0.0331929,-0.0050000,0.0261919),(0.0332782,-0.0050000,0.0260832),(0.0338309,-0.0050000,0.0259347),(0.0331438,-0.0050000,0.0262481),(0.0331929,-0.0050000,0.0261919),(0.0338309,-0.0050000,0.0259347),(0.0330903,-0.0050000,0.0263054),(0.0331438,-0.0050000,0.0262481),(0.0338309,-0.0050000,0.0259347),(0.0330325,-0.0050000,0.0263640),(0.0330903,-0.0050000,0.0263054),(0.0338309,-0.0050000,0.0259347),(0.0329704,-0.0050000,0.0264237),(0.0330325,-0.0050000,0.0263640),(0.0338309,-0.0050000,0.0259347),(0.0329704,-0.0050000,0.0264237),(0.0338309,-0.0050000,0.0259347),(0.0337763,-0.0050000,0.0260616),(0.0329704,-0.0050000,0.0264237),(0.0337763,-0.0050000,0.0260616),(0.0337133,-0.0050000,0.0261877),(0.0329704,-0.0050000,0.0264237),(0.0337133,-0.0050000,0.0261877),(0.0336631,-0.0050000,0.0262744),(0.0329704,-0.0050000,0.0264237),(0.0336631,-0.0050000,0.0262744),(0.0336084,-0.0050000,0.0263578),(0.0329704,-0.0050000,0.0264237),(0.0336084,-0.0050000,0.0263578),(0.0335490,-0.0050000,0.0264379),(0.0329704,-0.0050000,0.0264237),(0.0335490,-0.0050000,0.0264379),(0.0334850,-0.0050000,0.0265147),(0.0329704,-0.0050000,0.0264237),(0.0334850,-0.0050000,0.0265147),(0.0334164,-0.0050000,0.0265882),(0.0329704,-0.0050000,0.0264237),(0.0334164,-0.0050000,0.0265882),(0.0333432,-0.0050000,0.0266584),(0.0329704,-0.0050000,0.0264237),(0.0333432,-0.0050000,0.0266584),(0.0332655,-0.0050000,0.0267253),(0.0329704,-0.0050000,0.0264237),(0.0332655,-0.0050000,0.0267253),(0.0331831,-0.0050000,0.0267888),(0.0329704,-0.0050000,0.0264237),(0.0331831,-0.0050000,0.0267888),(0.0337250,-0.0050000,0.0277413),(0.0305997,-0.0050000,0.0223004),(0.0329704,-0.0050000,0.0264237),(0.0337250,-0.0050000,0.0277413),(0.0305997,-0.0050000,0.0223004),(0.0337250,-0.0050000,0.0277413),(0.0337535,-0.0050000,0.0278450),(0.0305997,-0.0050000,0.0223004),(0.0337535,-0.0050000,0.0278450),(0.0337461,-0.0050000,0.0279054),(0.0305997,-0.0050000,0.0223004),(0.0337461,-0.0050000,0.0279054),(0.0337075,-0.0050000,0.0279805),(0.0305997,-0.0050000,0.0223004),(0.0337075,-0.0050000,0.0279805),(0.0336424,-0.0050000,0.0280345),(0.0305997,-0.0050000,0.0223004),(0.0336424,-0.0050000,0.0280345),(0.0335398,-0.0050000,0.0280652),(0.0305997,-0.0050000,0.0223004),(0.0335398,-0.0050000,0.0280652),(0.0334794,-0.0050000,0.0280578),(0.0305997,-0.0050000,0.0223004),(0.0334794,-0.0050000,0.0280578),(0.0334038,-0.0050000,0.0280191),(0.0305997,-0.0050000,0.0223004),(0.0334038,-0.0050000,0.0280191),(0.0333482,-0.0050000,0.0279540),(0.0305997,-0.0050000,0.0223004),(0.0333482,-0.0050000,0.0279540),(0.0328127,-0.0050000,0.0270259),(0.0328127,-0.0050000,0.0270259),(0.0327121,-0.0050000,0.0270703),(0.0326082,-0.0050000,0.0271088),(0.0328127,-0.0050000,0.0270259),(0.0326082,-0.0050000,0.0271088),(0.0325009,-0.0050000,0.0271413),(0.0328127,-0.0050000,0.0270259),(0.0325009,-0.0050000,0.0271413),(0.0323904,-0.0050000,0.0271680),(0.0328127,-0.0050000,0.0270259),(0.0323904,-0.0050000,0.0271680),(0.0322766,-0.0050000,0.0271887),(0.0328127,-0.0050000,0.0270259),(0.0322766,-0.0050000,0.0271887),(0.0321594,-0.0050000,0.0272035),(0.0328127,-0.0050000,0.0270259),(0.0321594,-0.0050000,0.0272035),(0.0320390,-0.0050000,0.0272124),(0.0328127,-0.0050000,0.0270259),(0.0320390,-0.0050000,0.0272124),(0.0319152,-0.0050000,0.0272153),(0.0328127,-0.0050000,0.0270259),(0.0319152,-0.0050000,0.0272153),(0.0317906,-0.0050000,0.0272110),(0.0328127,-0.0050000,0.0270259),(0.0317906,-0.0050000,0.0272110),(0.0316671,-0.0050000,0.0271980),(0.0328127,-0.0050000,0.0270259),(0.0316671,-0.0050000,0.0271980),(0.0315447,-0.0050000,0.0271763),(0.0328127,-0.0050000,0.0270259),(0.0315447,-0.0050000,0.0271763),(0.0314234,-0.0050000,0.0271460),(0.0328127,-0.0050000,0.0270259),(0.0314234,-0.0050000,0.0271460),(0.0313031,-0.0050000,0.0271070),(0.0328127,-0.0050000,0.0270259),(0.0313031,-0.0050000,0.0271070),(0.0311840,-0.0050000,0.0270594),(0.0328127,-0.0050000,0.0270259),(0.0311840,-0.0050000,0.0270594),(0.0310659,-0.0050000,0.0270030),(0.0328127,-0.0050000,0.0270259),(0.0310659,-0.0050000,0.0270030),(0.0309490,-0.0050000,0.0269380),(0.0328127,-0.0050000,0.0270259),(0.0309490,-0.0050000,0.0269380),(0.0308359,-0.0050000,0.0268659),(0.0328127,-0.0050000,0.0270259),(0.0308359,-0.0050000,0.0268659),(0.0307288,-0.0050000,0.0267875),(0.0328127,-0.0050000,0.0270259),(0.0307288,-0.0050000,0.0267875),(0.0306279,-0.0050000,0.0267029),(0.0328127,-0.0050000,0.0270259),(0.0306279,-0.0050000,0.0267029),(0.0305330,-0.0050000,0.0266121),(0.0328127,-0.0050000,0.0270259),(0.0305330,-0.0050000,0.0266121),(0.0304443,-0.0050000,0.0265150),(0.0304443,-0.0050000,0.0265150),(0.0303616,-0.0050000,0.0264118),(0.0302850,-0.0050000,0.0263023),(0.0304443,-0.0050000,0.0265150),(0.0302850,-0.0050000,0.0263023),(0.0302145,-0.0050000,0.0261866),(0.0304443,-0.0050000,0.0265150),(0.0302145,-0.0050000,0.0261866),(0.0301512,-0.0050000,0.0260668),(0.0304443,-0.0050000,0.0265150),(0.0301512,-0.0050000,0.0260668),(0.0300964,-0.0050000,0.0259445),(0.0304443,-0.0050000,0.0265150),(0.0300964,-0.0050000,0.0259445),(0.0300500,-0.0050000,0.0258196),(0.0304443,-0.0050000,0.0265150),(0.0300500,-0.0050000,0.0258196),(0.0300121,-0.0050000,0.0256921),(0.0304443,-0.0050000,0.0265150),(0.0300121,-0.0050000,0.0256921),(0.0299826,-0.0050000,0.0255621),(0.0304443,-0.0050000,0.0265150),(0.0299826,-0.0050000,0.0255621),(0.0299615,-0.0050000,0.0254296),(0.0304443,-0.0050000,0.0265150),(0.0299615,-0.0050000,0.0254296),(0.0299488,-0.0050000,0.0252945),(0.0304443,-0.0050000,0.0265150),(0.0299488,-0.0050000,0.0252945),(0.0299446,-0.0050000,0.0251569),(0.0304443,-0.0050000,0.0265150),(0.0299446,-0.0050000,0.0251569),(0.0299488,-0.0050000,0.0250188),(0.0304443,-0.0050000,0.0265150),(0.0299488,-0.0050000,0.0250188),(0.0299614,-0.0050000,0.0248835),(0.0304443,-0.0050000,0.0265150),(0.0299614,-0.0050000,0.0248835),(0.0299824,-0.0050000,0.0247509),(0.0304443,-0.0050000,0.0265150),(0.0299824,-0.0050000,0.0247509),(0.0300118,-0.0050000,0.0246211),(0.0304443,-0.0050000,0.0265150),(0.0300118,-0.0050000,0.0246211),(0.0300496,-0.0050000,0.0244940),(0.0304443,-0.0050000,0.0265150),(0.0300496,-0.0050000,0.0244940),(0.0300958,-0.0050000,0.0243697),(0.0304443,-0.0050000,0.0265150),(0.0300958,-0.0050000,0.0243697),(0.0301504,-0.0050000,0.0242481),(0.0304443,-0.0050000,0.0265150),(0.0301504,-0.0050000,0.0242481),(0.0302134,-0.0050000,0.0241292),(0.0302134,-0.0050000,0.0241292),(0.0305817,-0.0050000,0.0243377),(0.0305324,-0.0050000,0.0244325),(0.0302134,-0.0050000,0.0241292),(0.0305324,-0.0050000,0.0244325),(0.0304896,-0.0050000,0.0245293),(0.0302134,-0.0050000,0.0241292),(0.0304896,-0.0050000,0.0245293),(0.0304534,-0.0050000,0.0246284),(0.0302134,-0.0050000,0.0241292),(0.0304534,-0.0050000,0.0246284),(0.0304238,-0.0050000,0.0247296),(0.0302134,-0.0050000,0.0241292),(0.0304238,-0.0050000,0.0247296),(0.0304007,-0.0050000,0.0248329),(0.0302134,-0.0050000,0.0241292),(0.0304007,-0.0050000,0.0248329),(0.0303843,-0.0050000,0.0249384),(0.0302134,-0.0050000,0.0241292),(0.0303843,-0.0050000,0.0249384),(0.0303744,-0.0050000,0.0250460),(0.0302134,-0.0050000,0.0241292),(0.0303744,-0.0050000,0.0250460),(0.0303711,-0.0050000,0.0251558),(0.0302134,-0.0050000,0.0241292),(0.0303711,-0.0050000,0.0251558),(0.0303745,-0.0050000,0.0252656),(0.0304443,-0.0050000,0.0265150),(0.0302134,-0.0050000,0.0241292),(0.0303745,-0.0050000,0.0252656),(0.0304443,-0.0050000,0.0265150),(0.0303745,-0.0050000,0.0252656),(0.0303845,-0.0050000,0.0253734),(0.0304443,-0.0050000,0.0265150),(0.0303845,-0.0050000,0.0253734),(0.0304012,-0.0050000,0.0254790),(0.0304443,-0.0050000,0.0265150),(0.0304012,-0.0050000,0.0254790),(0.0304246,-0.0050000,0.0255826),(0.0304443,-0.0050000,0.0265150),(0.0304246,-0.0050000,0.0255826),(0.0304546,-0.0050000,0.0256841),(0.0304443,-0.0050000,0.0265150),(0.0304546,-0.0050000,0.0256841),(0.0304914,-0.0050000,0.0257835),(0.0304443,-0.0050000,0.0265150),(0.0304914,-0.0050000,0.0257835),(0.0305348,-0.0050000,0.0258808),(0.0304443,-0.0050000,0.0265150),(0.0305348,-0.0050000,0.0258808),(0.0305849,-0.0050000,0.0259760),(0.0304443,-0.0050000,0.0265150),(0.0305849,-0.0050000,0.0259760),(0.0306407,-0.0050000,0.0260680),(0.0304443,-0.0050000,0.0265150),(0.0306407,-0.0050000,0.0260680),(0.0307014,-0.0050000,0.0261549),(0.0304443,-0.0050000,0.0265150),(0.0307014,-0.0050000,0.0261549),(0.0307668,-0.0050000,0.0262368),(0.0304443,-0.0050000,0.0265150),(0.0307668,-0.0050000,0.0262368),(0.0308370,-0.0050000,0.0263136),(0.0304443,-0.0050000,0.0265150),(0.0308370,-0.0050000,0.0263136),(0.0309121,-0.0050000,0.0263855),(0.0304443,-0.0050000,0.0265150),(0.0309121,-0.0050000,0.0263855),(0.0309919,-0.0050000,0.0264523),(0.0304443,-0.0050000,0.0265150),(0.0309919,-0.0050000,0.0264523),(0.0310765,-0.0050000,0.0265140),(0.0304443,-0.0050000,0.0265150),(0.0310765,-0.0050000,0.0265140),(0.0311659,-0.0050000,0.0265708),(0.0304443,-0.0050000,0.0265150),(0.0311659,-0.0050000,0.0265708),(0.0312580,-0.0050000,0.0266219),(0.0304443,-0.0050000,0.0265150),(0.0312580,-0.0050000,0.0266219),(0.0313506,-0.0050000,0.0266662),(0.0304443,-0.0050000,0.0265150),(0.0313506,-0.0050000,0.0266662),(0.0314437,-0.0050000,0.0267037),(0.0304443,-0.0050000,0.0265150),(0.0314437,-0.0050000,0.0267037),(0.0315374,-0.0050000,0.0267343),(0.0304443,-0.0050000,0.0265150),(0.0315374,-0.0050000,0.0267343),(0.0316316,-0.0050000,0.0267582),(0.0328127,-0.0050000,0.0270259),(0.0304443,-0.0050000,0.0265150),(0.0316316,-0.0050000,0.0267582),(0.0328127,-0.0050000,0.0270259),(0.0316316,-0.0050000,0.0267582),(0.0317263,-0.0050000,0.0267752),(0.0328127,-0.0050000,0.0270259),(0.0317263,-0.0050000,0.0267752),(0.0318216,-0.0050000,0.0267854),(0.0328127,-0.0050000,0.0270259),(0.0318216,-0.0050000,0.0267854),(0.0319173,-0.0050000,0.0267888),(0.0328127,-0.0050000,0.0270259),(0.0319173,-0.0050000,0.0267888),(0.0319237,-0.0050000,0.0267888),(0.0328127,-0.0050000,0.0270259),(0.0319237,-0.0050000,0.0267888),(0.0320174,-0.0050000,0.0267867),(0.0328127,-0.0050000,0.0270259),(0.0320174,-0.0050000,0.0267867),(0.0321086,-0.0050000,0.0267805),(0.0328127,-0.0050000,0.0270259),(0.0321086,-0.0050000,0.0267805),(0.0321972,-0.0050000,0.0267701),(0.0328127,-0.0050000,0.0270259),(0.0321972,-0.0050000,0.0267701),(0.0322833,-0.0050000,0.0267555),(0.0328127,-0.0050000,0.0270259),(0.0322833,-0.0050000,0.0267555),(0.0323668,-0.0050000,0.0267367),(0.0328127,-0.0050000,0.0270259),(0.0323668,-0.0050000,0.0267367),(0.0324478,-0.0050000,0.0267138),(0.0328127,-0.0050000,0.0270259),(0.0324478,-0.0050000,0.0267138),(0.0325262,-0.0050000,0.0266867),(0.0328127,-0.0050000,0.0270259),(0.0325262,-0.0050000,0.0266867),(0.0326021,-0.0050000,0.0266555),(0.0305997,-0.0050000,0.0223004),(0.0328127,-0.0050000,0.0270259),(0.0326021,-0.0050000,0.0266555),(0.0305997,-0.0050000,0.0223004),(0.0326021,-0.0050000,0.0266555),(0.0309976,-0.0050000,0.0238604),(0.0305997,-0.0050000,0.0223004),(0.0309976,-0.0050000,0.0238604),(0.0308772,-0.0050000,0.0239633),(0.0306241,-0.0050000,0.0242684),(0.0305817,-0.0050000,0.0243377),(0.0302134,-0.0050000,0.0241292),(0.0306692,-0.0050000,0.0242019),(0.0306241,-0.0050000,0.0242684),(0.0302134,-0.0050000,0.0241292),(0.0307677,-0.0050000,0.0240771),(0.0306692,-0.0050000,0.0242019),(0.0302134,-0.0050000,0.0241292),(0.0308772,-0.0050000,0.0239633),(0.0307677,-0.0050000,0.0240771),(0.0302134,-0.0050000,0.0241292),(0.0308772,-0.0050000,0.0239633),(0.0302134,-0.0050000,0.0241292),(0.0302714,-0.0050000,0.0240342),(0.0308772,-0.0050000,0.0239633),(0.0302714,-0.0050000,0.0240342),(0.0303330,-0.0050000,0.0239432),(0.0308772,-0.0050000,0.0239633),(0.0303330,-0.0050000,0.0239432),(0.0303984,-0.0050000,0.0238564),(0.0308772,-0.0050000,0.0239633),(0.0303984,-0.0050000,0.0238564),(0.0304674,-0.0050000,0.0237736),(0.0308772,-0.0050000,0.0239633),(0.0304674,-0.0050000,0.0237736),(0.0305402,-0.0050000,0.0236950),(0.0308772,-0.0050000,0.0239633),(0.0305402,-0.0050000,0.0236950),(0.0306166,-0.0050000,0.0236204),(0.0308772,-0.0050000,0.0239633),(0.0306166,-0.0050000,0.0236204),(0.0306968,-0.0050000,0.0235500),(0.0308772,-0.0050000,0.0239633),(0.0306968,-0.0050000,0.0235500),(0.0307807,-0.0050000,0.0234836),(0.0305997,-0.0050000,0.0223004),(0.0308772,-0.0050000,0.0239633),(0.0307807,-0.0050000,0.0234836),(0.0305997,-0.0050000,0.0223004),(0.0307807,-0.0050000,0.0234836),(0.0302251,-0.0050000,0.0225132),(0.0305997,-0.0050000,0.0223004),(0.0302251,-0.0050000,0.0225132),(0.0301975,-0.0050000,0.0224116),(0.0305997,-0.0050000,0.0223004),(0.0301975,-0.0050000,0.0224116),(0.0302039,-0.0050000,0.0223512),(0.0305997,-0.0050000,0.0223004),(0.0302039,-0.0050000,0.0223512),(0.0302431,-0.0050000,0.0222742),(0.0305997,-0.0050000,0.0223004),(0.0302431,-0.0050000,0.0222742),(0.0303055,-0.0050000,0.0222189),(0.0305997,-0.0050000,0.0223004),(0.0303055,-0.0050000,0.0222189),(0.0304103,-0.0050000,0.0221914),(0.0305997,-0.0050000,0.0223004),(0.0304103,-0.0050000,0.0221914),(0.0304706,-0.0050000,0.0221988),(0.0305997,-0.0050000,0.0223004),(0.0304706,-0.0050000,0.0221988),(0.0305431,-0.0050000,0.0222343),(0.0345261,-0.0050000,0.0240784),(0.0345282,-0.0050000,0.0240297),(0.0345522,-0.0050000,0.0239377),(0.0345261,-0.0050000,0.0240784),(0.0345522,-0.0050000,0.0239377),(0.0345800,-0.0050000,0.0238513),(0.0345261,-0.0050000,0.0240784),(0.0345800,-0.0050000,0.0238513),(0.0346118,-0.0050000,0.0237708),(0.0345261,-0.0050000,0.0240784),(0.0346118,-0.0050000,0.0237708),(0.0346476,-0.0050000,0.0236961),(0.0345261,-0.0050000,0.0240784),(0.0346476,-0.0050000,0.0236961),(0.0346872,-0.0050000,0.0236272),(0.0345261,-0.0050000,0.0240784),(0.0346872,-0.0050000,0.0236272),(0.0347309,-0.0050000,0.0235640),(0.0345261,-0.0050000,0.0240784),(0.0347309,-0.0050000,0.0235640),(0.0348299,-0.0050000,0.0234551),(0.0345261,-0.0050000,0.0240784),(0.0348299,-0.0050000,0.0234551),(0.0349109,-0.0050000,0.0233856),(0.0345261,-0.0050000,0.0240784),(0.0349109,-0.0050000,0.0233856),(0.0349940,-0.0050000,0.0233254),(0.0345261,-0.0050000,0.0240784),(0.0349940,-0.0050000,0.0233254),(0.0350793,-0.0050000,0.0232745),(0.0345261,-0.0050000,0.0240784),(0.0350793,-0.0050000,0.0232745),(0.0351667,-0.0050000,0.0232328),(0.0345261,-0.0050000,0.0240784),(0.0351667,-0.0050000,0.0232328),(0.0352563,-0.0050000,0.0232004),(0.0345261,-0.0050000,0.0240784),(0.0352563,-0.0050000,0.0232004),(0.0353480,-0.0050000,0.0231773),(0.0345261,-0.0050000,0.0240784),(0.0353480,-0.0050000,0.0231773),(0.0354419,-0.0050000,0.0231634),(0.0345261,-0.0050000,0.0240784),(0.0354419,-0.0050000,0.0231634),(0.0355379,-0.0050000,0.0231587),(0.0345261,-0.0050000,0.0240784),(0.0355379,-0.0050000,0.0231587),(0.0356331,-0.0050000,0.0231634),(0.0345261,-0.0050000,0.0240784),(0.0356331,-0.0050000,0.0231634),(0.0357258,-0.0050000,0.0231776),(0.0345261,-0.0050000,0.0240784),(0.0357258,-0.0050000,0.0231776),(0.0358157,-0.0050000,0.0232012),(0.0345261,-0.0050000,0.0240784),(0.0358157,-0.0050000,0.0232012),(0.0359030,-0.0050000,0.0232341),(0.0359030,-0.0050000,0.0232341),(0.0359877,-0.0050000,0.0232766),(0.0360697,-0.0050000,0.0233284),(0.0359030,-0.0050000,0.0232341),(0.0360697,-0.0050000,0.0233284),(0.0361491,-0.0050000,0.0233897),(0.0359030,-0.0050000,0.0232341),(0.0361491,-0.0050000,0.0233897),(0.0362258,-0.0050000,0.0234604),(0.0359030,-0.0050000,0.0232341),(0.0362258,-0.0050000,0.0234604),(0.0363059,-0.0050000,0.0235486),(0.0359030,-0.0050000,0.0232341),(0.0363059,-0.0050000,0.0235486),(0.0363754,-0.0050000,0.0236435),(0.0359030,-0.0050000,0.0232341),(0.0363754,-0.0050000,0.0236435),(0.0364341,-0.0050000,0.0237449),(0.0359030,-0.0050000,0.0232341),(0.0364341,-0.0050000,0.0237449),(0.0364822,-0.0050000,0.0238530),(0.0359030,-0.0050000,0.0232341),(0.0364822,-0.0050000,0.0238530),(0.0365196,-0.0050000,0.0239677),(0.0359030,-0.0050000,0.0232341),(0.0365196,-0.0050000,0.0239677),(0.0365463,-0.0050000,0.0240890),(0.0359030,-0.0050000,0.0232341),(0.0365463,-0.0050000,0.0240890),(0.0365623,-0.0050000,0.0242169),(0.0359030,-0.0050000,0.0232341),(0.0365623,-0.0050000,0.0242169),(0.0365677,-0.0050000,0.0243515),(0.0359030,-0.0050000,0.0232341),(0.0365677,-0.0050000,0.0243515),(0.0365664,-0.0050000,0.0244548),(0.0359030,-0.0050000,0.0232341),(0.0365664,-0.0050000,0.0244548),(0.0365625,-0.0050000,0.0245540),(0.0359030,-0.0050000,0.0232341),(0.0365625,-0.0050000,0.0245540),(0.0365560,-0.0050000,0.0246492),(0.0359030,-0.0050000,0.0232341),(0.0365560,-0.0050000,0.0246492),(0.0365470,-0.0050000,0.0247403),(0.0359030,-0.0050000,0.0232341),(0.0365470,-0.0050000,0.0247403),(0.0365354,-0.0050000,0.0248275),(0.0359030,-0.0050000,0.0232341),(0.0365354,-0.0050000,0.0248275),(0.0365212,-0.0050000,0.0249105),(0.0359030,-0.0050000,0.0232341),(0.0365212,-0.0050000,0.0249105),(0.0365045,-0.0050000,0.0249895),(0.0359030,-0.0050000,0.0232341),(0.0365045,-0.0050000,0.0249895),(0.0364851,-0.0050000,0.0250645),(0.0359030,-0.0050000,0.0232341),(0.0364851,-0.0050000,0.0250645),(0.0364387,-0.0050000,0.0252024),(0.0364387,-0.0050000,0.0252024),(0.0363819,-0.0050000,0.0253240),(0.0363148,-0.0050000,0.0254295),(0.0364387,-0.0050000,0.0252024),(0.0363148,-0.0050000,0.0254295),(0.0362375,-0.0050000,0.0255188),(0.0364387,-0.0050000,0.0252024),(0.0362375,-0.0050000,0.0255188),(0.0361580,-0.0050000,0.0255883),(0.0364387,-0.0050000,0.0252024),(0.0361580,-0.0050000,0.0255883),(0.0360761,-0.0050000,0.0256485),(0.0364387,-0.0050000,0.0252024),(0.0360761,-0.0050000,0.0256485),(0.0359919,-0.0050000,0.0256994),(0.0364387,-0.0050000,0.0252024),(0.0359919,-0.0050000,0.0256994),(0.0359054,-0.0050000,0.0257411),(0.0364387,-0.0050000,0.0252024),(0.0359054,-0.0050000,0.0257411),(0.0358165,-0.0050000,0.0257735),(0.0364387,-0.0050000,0.0252024),(0.0358165,-0.0050000,0.0257735),(0.0357253,-0.0050000,0.0257966),(0.0364387,-0.0050000,0.0252024),(0.0357253,-0.0050000,0.0257966),(0.0356317,-0.0050000,0.0258105),(0.0364387,-0.0050000,0.0252024),(0.0356317,-0.0050000,0.0258105),(0.0355358,-0.0050000,0.0258152),(0.0364387,-0.0050000,0.0252024),(0.0355358,-0.0050000,0.0258152),(0.0354505,-0.0050000,0.0258119),(0.0364387,-0.0050000,0.0252024),(0.0354505,-0.0050000,0.0258119),(0.0353681,-0.0050000,0.0258021),(0.0364387,-0.0050000,0.0252024),(0.0353681,-0.0050000,0.0258021),(0.0352887,-0.0050000,0.0257858),(0.0364387,-0.0050000,0.0252024),(0.0352887,-0.0050000,0.0257858),(0.0352122,-0.0050000,0.0257630),(0.0364387,-0.0050000,0.0252024),(0.0352122,-0.0050000,0.0257630),(0.0350681,-0.0050000,0.0256979),(0.0364387,-0.0050000,0.0252024),(0.0350681,-0.0050000,0.0256979),(0.0349357,-0.0050000,0.0256067),(0.0349780,-0.0050000,0.0267846),(0.0362533,-0.0050000,0.0267846),(0.0363348,-0.0050000,0.0268005),(0.0349780,-0.0050000,0.0267846),(0.0363348,-0.0050000,0.0268005),(0.0364036,-0.0050000,0.0268481),(0.0349780,-0.0050000,0.0267846),(0.0364036,-0.0050000,0.0268481),(0.0364504,-0.0050000,0.0269174),(0.0349780,-0.0050000,0.0267846),(0.0364504,-0.0050000,0.0269174),(0.0364661,-0.0050000,0.0269984),(0.0349780,-0.0050000,0.0267846),(0.0364661,-0.0050000,0.0269984),(0.0364504,-0.0050000,0.0270791),(0.0349780,-0.0050000,0.0267846),(0.0364504,-0.0050000,0.0270791),(0.0364036,-0.0050000,0.0271476),(0.0349780,-0.0050000,0.0267846),(0.0364036,-0.0050000,0.0271476),(0.0363348,-0.0050000,0.0271952),(0.0349780,-0.0050000,0.0267846),(0.0363348,-0.0050000,0.0271952),(0.0362533,-0.0050000,0.0272111),(0.0349780,-0.0050000,0.0267846),(0.0362533,-0.0050000,0.0272111),(0.0347812,-0.0050000,0.0272111),(0.0349357,-0.0050000,0.0256067),(0.0349780,-0.0050000,0.0267846),(0.0347812,-0.0050000,0.0272111),(0.0349357,-0.0050000,0.0256067),(0.0347812,-0.0050000,0.0272111),(0.0347008,-0.0050000,0.0271971),(0.0349357,-0.0050000,0.0256067),(0.0347008,-0.0050000,0.0271971),(0.0346309,-0.0050000,0.0271550),(0.0349357,-0.0050000,0.0256067),(0.0346309,-0.0050000,0.0271550),(0.0345833,-0.0050000,0.0270899),(0.0349357,-0.0050000,0.0256067),(0.0345833,-0.0050000,0.0270899),(0.0345674,-0.0050000,0.0270111),(0.0349357,-0.0050000,0.0256067),(0.0345674,-0.0050000,0.0270111),(0.0344870,-0.0050000,0.0249463),(0.0349357,-0.0050000,0.0256067),(0.0344870,-0.0050000,0.0249463),(0.0345002,-0.0050000,0.0248669),(0.0349357,-0.0050000,0.0256067),(0.0345002,-0.0050000,0.0248669),(0.0345399,-0.0050000,0.0247960),(0.0349357,-0.0050000,0.0256067),(0.0345399,-0.0050000,0.0247960),(0.0346050,-0.0050000,0.0247420),(0.0349357,-0.0050000,0.0256067),(0.0346050,-0.0050000,0.0247420),(0.0346881,-0.0050000,0.0247240),(0.0349357,-0.0050000,0.0256067),(0.0346881,-0.0050000,0.0247240),(0.0347693,-0.0050000,0.0247375),(0.0349357,-0.0050000,0.0256067),(0.0347693,-0.0050000,0.0247375),(0.0348415,-0.0050000,0.0247780),(0.0349357,-0.0050000,0.0256067),(0.0348415,-0.0050000,0.0247780),(0.0349040,-0.0050000,0.0248796),(0.0349357,-0.0050000,0.0256067),(0.0349040,-0.0050000,0.0248796),(0.0349380,-0.0050000,0.0249647),(0.0349357,-0.0050000,0.0256067),(0.0349380,-0.0050000,0.0249647),(0.0349870,-0.0050000,0.0250487),(0.0349357,-0.0050000,0.0256067),(0.0349870,-0.0050000,0.0250487),(0.0350512,-0.0050000,0.0251314),(0.0349357,-0.0050000,0.0256067),(0.0350512,-0.0050000,0.0251314),(0.0351304,-0.0050000,0.0252130),(0.0349357,-0.0050000,0.0256067),(0.0351304,-0.0050000,0.0252130),(0.0352260,-0.0050000,0.0252907),(0.0349357,-0.0050000,0.0256067),(0.0352260,-0.0050000,0.0252907),(0.0353254,-0.0050000,0.0253463),(0.0349357,-0.0050000,0.0256067),(0.0353254,-0.0050000,0.0253463),(0.0354287,-0.0050000,0.0253796),(0.0349357,-0.0050000,0.0256067),(0.0354287,-0.0050000,0.0253796),(0.0355358,-0.0050000,0.0253908),(0.0349357,-0.0050000,0.0256067),(0.0355358,-0.0050000,0.0253908),(0.0356423,-0.0050000,0.0253796),(0.0364387,-0.0050000,0.0252024),(0.0349357,-0.0050000,0.0256067),(0.0356423,-0.0050000,0.0253796),(0.0364387,-0.0050000,0.0252024),(0.0356423,-0.0050000,0.0253796),(0.0357448,-0.0050000,0.0253463),(0.0364387,-0.0050000,0.0252024),(0.0357448,-0.0050000,0.0253463),(0.0358434,-0.0050000,0.0252907),(0.0364387,-0.0050000,0.0252024),(0.0358434,-0.0050000,0.0252907),(0.0359379,-0.0050000,0.0252130),(0.0364387,-0.0050000,0.0252024),(0.0359379,-0.0050000,0.0252130),(0.0360282,-0.0050000,0.0250844),(0.0364387,-0.0050000,0.0252024),(0.0360282,-0.0050000,0.0250844),(0.0360637,-0.0050000,0.0249983),(0.0364387,-0.0050000,0.0252024),(0.0360637,-0.0050000,0.0249983),(0.0360927,-0.0050000,0.0248976),(0.0364387,-0.0050000,0.0252024),(0.0360927,-0.0050000,0.0248976),(0.0361153,-0.0050000,0.0247824),(0.0364387,-0.0050000,0.0252024),(0.0361153,-0.0050000,0.0247824),(0.0361314,-0.0050000,0.0246526),(0.0364387,-0.0050000,0.0252024),(0.0361314,-0.0050000,0.0246526),(0.0361411,-0.0050000,0.0245082),(0.0364387,-0.0050000,0.0252024),(0.0361411,-0.0050000,0.0245082),(0.0361443,-0.0050000,0.0243494),(0.0364387,-0.0050000,0.0252024),(0.0361443,-0.0050000,0.0243494),(0.0361409,-0.0050000,0.0242579),(0.0364387,-0.0050000,0.0252024),(0.0361409,-0.0050000,0.0242579),(0.0361306,-0.0050000,0.0241714),(0.0364387,-0.0050000,0.0252024),(0.0361306,-0.0050000,0.0241714),(0.0361134,-0.0050000,0.0240899),(0.0359030,-0.0050000,0.0232341),(0.0364387,-0.0050000,0.0252024),(0.0361134,-0.0050000,0.0240899),(0.0359030,-0.0050000,0.0232341),(0.0361134,-0.0050000,0.0240899),(0.0360893,-0.0050000,0.0240133),(0.0359030,-0.0050000,0.0232341),(0.0360893,-0.0050000,0.0240133),(0.0360205,-0.0050000,0.0238751),(0.0359030,-0.0050000,0.0232341),(0.0360205,-0.0050000,0.0238751),(0.0359242,-0.0050000,0.0237567),(0.0359030,-0.0050000,0.0232341),(0.0359242,-0.0050000,0.0237567),(0.0358329,-0.0050000,0.0236808),(0.0359030,-0.0050000,0.0232341),(0.0358329,-0.0050000,0.0236808),(0.0357369,-0.0050000,0.0236265),(0.0359030,-0.0050000,0.0232341),(0.0357369,-0.0050000,0.0236265),(0.0356361,-0.0050000,0.0235940),(0.0359030,-0.0050000,0.0232341),(0.0356361,-0.0050000,0.0235940),(0.0355305,-0.0050000,0.0235831),(0.0359030,-0.0050000,0.0232341),(0.0355305,-0.0050000,0.0235831),(0.0354279,-0.0050000,0.0235944),(0.0359030,-0.0050000,0.0232341),(0.0354279,-0.0050000,0.0235944),(0.0353254,-0.0050000,0.0236281),(0.0359030,-0.0050000,0.0232341),(0.0353254,-0.0050000,0.0236281),(0.0352231,-0.0050000,0.0236843),(0.0345261,-0.0050000,0.0240784),(0.0359030,-0.0050000,0.0232341),(0.0352231,-0.0050000,0.0236843),(0.0345261,-0.0050000,0.0240784),(0.0352231,-0.0050000,0.0236843),(0.0351209,-0.0050000,0.0237630),(0.0345261,-0.0050000,0.0240784),(0.0351209,-0.0050000,0.0237630),(0.0350188,-0.0050000,0.0239059),(0.0345261,-0.0050000,0.0240784),(0.0350188,-0.0050000,0.0239059),(0.0349792,-0.0050000,0.0240059),(0.0345261,-0.0050000,0.0240784),(0.0349792,-0.0050000,0.0240059),(0.0349473,-0.0050000,0.0241250),(0.0345261,-0.0050000,0.0240784),(0.0349473,-0.0050000,0.0241250),(0.0349033,-0.0050000,0.0241977),(0.0345261,-0.0050000,0.0240784),(0.0349033,-0.0050000,0.0241977),(0.0348547,-0.0050000,0.0242496),(0.0345261,-0.0050000,0.0240784),(0.0348547,-0.0050000,0.0242496),(0.0347441,-0.0050000,0.0242912),(0.0345261,-0.0050000,0.0240784),(0.0347441,-0.0050000,0.0242912),(0.0347367,-0.0050000,0.0242912),(0.0345261,-0.0050000,0.0240784),(0.0347367,-0.0050000,0.0242912),(0.0346629,-0.0050000,0.0242755),(0.0345261,-0.0050000,0.0240784),(0.0346629,-0.0050000,0.0242755),(0.0346031,-0.0050000,0.0242348),(0.0468950,-0.0050000,0.0238254),(0.0469003,-0.0050000,0.0239578),(0.0469003,-0.0050000,0.0256479),(0.0468950,-0.0050000,0.0238254),(0.0469003,-0.0050000,0.0256479),(0.0468950,-0.0050000,0.0257786),(0.0468950,-0.0050000,0.0238254),(0.0468950,-0.0050000,0.0257786),(0.0468791,-0.0050000,0.0259032),(0.0468950,-0.0050000,0.0238254),(0.0468791,-0.0050000,0.0259032),(0.0468526,-0.0050000,0.0260218),(0.0468950,-0.0050000,0.0238254),(0.0468526,-0.0050000,0.0260218),(0.0468154,-0.0050000,0.0261345),(0.0468950,-0.0050000,0.0238254),(0.0468154,-0.0050000,0.0261345),(0.0467676,-0.0050000,0.0262412),(0.0468950,-0.0050000,0.0238254),(0.0467676,-0.0050000,0.0262412),(0.0467093,-0.0050000,0.0263419),(0.0468950,-0.0050000,0.0238254),(0.0467093,-0.0050000,0.0263419),(0.0466402,-0.0050000,0.0264366),(0.0468950,-0.0050000,0.0238254),(0.0466402,-0.0050000,0.0264366),(0.0465606,-0.0050000,0.0265253),(0.0468950,-0.0050000,0.0238254),(0.0465606,-0.0050000,0.0265253),(0.0464839,-0.0050000,0.0265970),(0.0468950,-0.0050000,0.0238254),(0.0464839,-0.0050000,0.0265970),(0.0464042,-0.0050000,0.0266591),(0.0468950,-0.0050000,0.0238254),(0.0464042,-0.0050000,0.0266591),(0.0463214,-0.0050000,0.0267117),(0.0463214,-0.0050000,0.0267117),(0.0462354,-0.0050000,0.0267547),(0.0461465,-0.0050000,0.0267881),(0.0463214,-0.0050000,0.0267117),(0.0461465,-0.0050000,0.0267881),(0.0460544,-0.0050000,0.0268120),(0.0463214,-0.0050000,0.0267117),(0.0460544,-0.0050000,0.0268120),(0.0459593,-0.0050000,0.0268264),(0.0463214,-0.0050000,0.0267117),(0.0459593,-0.0050000,0.0268264),(0.0458611,-0.0050000,0.0268312),(0.0463214,-0.0050000,0.0267117),(0.0458611,-0.0050000,0.0268312),(0.0457640,-0.0050000,0.0268264),(0.0463214,-0.0050000,0.0267117),(0.0457640,-0.0050000,0.0268264),(0.0456696,-0.0050000,0.0268120),(0.0463214,-0.0050000,0.0267117),(0.0456696,-0.0050000,0.0268120),(0.0455778,-0.0050000,0.0267881),(0.0463214,-0.0050000,0.0267117),(0.0455778,-0.0050000,0.0267881),(0.0454888,-0.0050000,0.0267547),(0.0463214,-0.0050000,0.0267117),(0.0454888,-0.0050000,0.0267547),(0.0454024,-0.0050000,0.0267117),(0.0463214,-0.0050000,0.0267117),(0.0454024,-0.0050000,0.0267117),(0.0453187,-0.0050000,0.0266591),(0.0463214,-0.0050000,0.0267117),(0.0453187,-0.0050000,0.0266591),(0.0452377,-0.0050000,0.0265970),(0.0463214,-0.0050000,0.0267117),(0.0452377,-0.0050000,0.0265970),(0.0451594,-0.0050000,0.0265253),(0.0463214,-0.0050000,0.0267117),(0.0451594,-0.0050000,0.0265253),(0.0450798,-0.0050000,0.0264383),(0.0463214,-0.0050000,0.0267117),(0.0450798,-0.0050000,0.0264383),(0.0450108,-0.0050000,0.0263451),(0.0463214,-0.0050000,0.0267117),(0.0450108,-0.0050000,0.0263451),(0.0449524,-0.0050000,0.0262457),(0.0463214,-0.0050000,0.0267117),(0.0449524,-0.0050000,0.0262457),(0.0449046,-0.0050000,0.0261401),(0.0463214,-0.0050000,0.0267117),(0.0449046,-0.0050000,0.0261401),(0.0448674,-0.0050000,0.0260282),(0.0448674,-0.0050000,0.0260282),(0.0448409,-0.0050000,0.0259101),(0.0448250,-0.0050000,0.0257859),(0.0448674,-0.0050000,0.0260282),(0.0448250,-0.0050000,0.0257859),(0.0448197,-0.0050000,0.0256553),(0.0448674,-0.0050000,0.0260282),(0.0448197,-0.0050000,0.0256553),(0.0448197,-0.0050000,0.0256479),(0.0448674,-0.0050000,0.0260282),(0.0448197,-0.0050000,0.0256479),(0.0448197,-0.0050000,0.0239535),(0.0448674,-0.0050000,0.0260282),(0.0448197,-0.0050000,0.0239535),(0.0448250,-0.0050000,0.0238222),(0.0448674,-0.0050000,0.0260282),(0.0448250,-0.0050000,0.0238222),(0.0448409,-0.0050000,0.0236971),(0.0448674,-0.0050000,0.0260282),(0.0448409,-0.0050000,0.0236971),(0.0448674,-0.0050000,0.0235782),(0.0448674,-0.0050000,0.0260282),(0.0448674,-0.0050000,0.0235782),(0.0449046,-0.0050000,0.0234654),(0.0448674,-0.0050000,0.0260282),(0.0449046,-0.0050000,0.0234654),(0.0449524,-0.0050000,0.0233588),(0.0448674,-0.0050000,0.0260282),(0.0449524,-0.0050000,0.0233588),(0.0450108,-0.0050000,0.0232584),(0.0448674,-0.0050000,0.0260282),(0.0450108,-0.0050000,0.0232584),(0.0450798,-0.0050000,0.0231642),(0.0448674,-0.0050000,0.0260282),(0.0450798,-0.0050000,0.0231642),(0.0451594,-0.0050000,0.0230762),(0.0451594,-0.0050000,0.0230762),(0.0454631,-0.0050000,0.0233725),(0.0453691,-0.0050000,0.0234889),(0.0451594,-0.0050000,0.0230762),(0.0453691,-0.0050000,0.0234889),(0.0453020,-0.0050000,0.0236252),(0.0451594,-0.0050000,0.0230762),(0.0453020,-0.0050000,0.0236252),(0.0452617,-0.0050000,0.0237815),(0.0448674,-0.0050000,0.0260282),(0.0451594,-0.0050000,0.0230762),(0.0452617,-0.0050000,0.0237815),(0.0448674,-0.0050000,0.0260282),(0.0452617,-0.0050000,0.0237815),(0.0452516,-0.0050000,0.0238671),(0.0448674,-0.0050000,0.0260282),(0.0452516,-0.0050000,0.0238671),(0.0452483,-0.0050000,0.0239578),(0.0448674,-0.0050000,0.0260282),(0.0452483,-0.0050000,0.0239578),(0.0452483,-0.0050000,0.0256553),(0.0448674,-0.0050000,0.0260282),(0.0452483,-0.0050000,0.0256553),(0.0452516,-0.0050000,0.0257436),(0.0448674,-0.0050000,0.0260282),(0.0452516,-0.0050000,0.0257436),(0.0452616,-0.0050000,0.0258271),(0.0448674,-0.0050000,0.0260282),(0.0452616,-0.0050000,0.0258271),(0.0452782,-0.0050000,0.0259056),(0.0448674,-0.0050000,0.0260282),(0.0452782,-0.0050000,0.0259056),(0.0453015,-0.0050000,0.0259792),(0.0448674,-0.0050000,0.0260282),(0.0453015,-0.0050000,0.0259792),(0.0453679,-0.0050000,0.0261118),(0.0448674,-0.0050000,0.0260282),(0.0453679,-0.0050000,0.0261118),(0.0454610,-0.0050000,0.0262247),(0.0448674,-0.0050000,0.0260282),(0.0454610,-0.0050000,0.0262247),(0.0455563,-0.0050000,0.0263034),(0.0448674,-0.0050000,0.0260282),(0.0455563,-0.0050000,0.0263034),(0.0456547,-0.0050000,0.0263597),(0.0463214,-0.0050000,0.0267117),(0.0448674,-0.0050000,0.0260282),(0.0456547,-0.0050000,0.0263597),(0.0463214,-0.0050000,0.0267117),(0.0456547,-0.0050000,0.0263597),(0.0457563,-0.0050000,0.0263934),(0.0463214,-0.0050000,0.0267117),(0.0457563,-0.0050000,0.0263934),(0.0458611,-0.0050000,0.0264046),(0.0463214,-0.0050000,0.0267117),(0.0458611,-0.0050000,0.0264046),(0.0459701,-0.0050000,0.0263934),(0.0463214,-0.0050000,0.0267117),(0.0459701,-0.0050000,0.0263934),(0.0460730,-0.0050000,0.0263597),(0.0463214,-0.0050000,0.0267117),(0.0460730,-0.0050000,0.0263597),(0.0461696,-0.0050000,0.0263034),(0.0463214,-0.0050000,0.0267117),(0.0461696,-0.0050000,0.0263034),(0.0462601,-0.0050000,0.0262247),(0.0463214,-0.0050000,0.0267117),(0.0462601,-0.0050000,0.0262247),(0.0463531,-0.0050000,0.0261061),(0.0463214,-0.0050000,0.0267117),(0.0463531,-0.0050000,0.0261061),(0.0464196,-0.0050000,0.0259705),(0.0463214,-0.0050000,0.0267117),(0.0464196,-0.0050000,0.0259705),(0.0464595,-0.0050000,0.0258177),(0.0468950,-0.0050000,0.0238254),(0.0463214,-0.0050000,0.0267117),(0.0464595,-0.0050000,0.0258177),(0.0468950,-0.0050000,0.0238254),(0.0464595,-0.0050000,0.0258177),(0.0464695,-0.0050000,0.0257350),(0.0468950,-0.0050000,0.0238254),(0.0464695,-0.0050000,0.0257350),(0.0464728,-0.0050000,0.0256479),(0.0468950,-0.0050000,0.0238254),(0.0464728,-0.0050000,0.0256479),(0.0464728,-0.0050000,0.0239578),(0.0468950,-0.0050000,0.0238254),(0.0464728,-0.0050000,0.0239578),(0.0464695,-0.0050000,0.0238681),(0.0468950,-0.0050000,0.0238254),(0.0464695,-0.0050000,0.0238681),(0.0464595,-0.0050000,0.0237834),(0.0468950,-0.0050000,0.0238254),(0.0464595,-0.0050000,0.0237834),(0.0464429,-0.0050000,0.0237034),(0.0468950,-0.0050000,0.0238254),(0.0464429,-0.0050000,0.0237034),(0.0464196,-0.0050000,0.0236284),(0.0468950,-0.0050000,0.0238254),(0.0464196,-0.0050000,0.0236284),(0.0463531,-0.0050000,0.0234928),(0.0468950,-0.0050000,0.0238254),(0.0463531,-0.0050000,0.0234928),(0.0462601,-0.0050000,0.0233768),(0.0468950,-0.0050000,0.0238254),(0.0462601,-0.0050000,0.0233768),(0.0461688,-0.0050000,0.0232990),(0.0455547,-0.0050000,0.0232966),(0.0454631,-0.0050000,0.0233725),(0.0451594,-0.0050000,0.0230762),(0.0456515,-0.0050000,0.0232423),(0.0455547,-0.0050000,0.0232966),(0.0451594,-0.0050000,0.0230762),(0.0457536,-0.0050000,0.0232098),(0.0456515,-0.0050000,0.0232423),(0.0451594,-0.0050000,0.0230762),(0.0458611,-0.0050000,0.0231990),(0.0457536,-0.0050000,0.0232098),(0.0451594,-0.0050000,0.0230762),(0.0459693,-0.0050000,0.0232101),(0.0458611,-0.0050000,0.0231990),(0.0451594,-0.0050000,0.0230762),(0.0459693,-0.0050000,0.0232101),(0.0451594,-0.0050000,0.0230762),(0.0452363,-0.0050000,0.0230055),(0.0459693,-0.0050000,0.0232101),(0.0452363,-0.0050000,0.0230055),(0.0453161,-0.0050000,0.0229442),(0.0460719,-0.0050000,0.0232434),(0.0459693,-0.0050000,0.0232101),(0.0453161,-0.0050000,0.0229442),(0.0460719,-0.0050000,0.0232434),(0.0453161,-0.0050000,0.0229442),(0.0453989,-0.0050000,0.0228924),(0.0460719,-0.0050000,0.0232434),(0.0453989,-0.0050000,0.0228924),(0.0454846,-0.0050000,0.0228500),(0.0461688,-0.0050000,0.0232990),(0.0460719,-0.0050000,0.0232434),(0.0454846,-0.0050000,0.0228500),(0.0461688,-0.0050000,0.0232990),(0.0454846,-0.0050000,0.0228500),(0.0455732,-0.0050000,0.0228170),(0.0468950,-0.0050000,0.0238254),(0.0461688,-0.0050000,0.0232990),(0.0455732,-0.0050000,0.0228170),(0.0468950,-0.0050000,0.0238254),(0.0455732,-0.0050000,0.0228170),(0.0456648,-0.0050000,0.0227934),(0.0468950,-0.0050000,0.0238254),(0.0456648,-0.0050000,0.0227934),(0.0457593,-0.0050000,0.0227793),(0.0468950,-0.0050000,0.0238254),(0.0457593,-0.0050000,0.0227793),(0.0458568,-0.0050000,0.0227746),(0.0468950,-0.0050000,0.0238254),(0.0458568,-0.0050000,0.0227746),(0.0459560,-0.0050000,0.0227792),(0.0468950,-0.0050000,0.0238254),(0.0459560,-0.0050000,0.0227792),(0.0460519,-0.0050000,0.0227931),(0.0468950,-0.0050000,0.0238254),(0.0460519,-0.0050000,0.0227931),(0.0461445,-0.0050000,0.0228162),(0.0468950,-0.0050000,0.0238254),(0.0461445,-0.0050000,0.0228162),(0.0462339,-0.0050000,0.0228486),(0.0468950,-0.0050000,0.0238254),(0.0462339,-0.0050000,0.0228486),(0.0463199,-0.0050000,0.0228903),(0.0468950,-0.0050000,0.0238254),(0.0463199,-0.0050000,0.0228903),(0.0464027,-0.0050000,0.0229412),(0.0468950,-0.0050000,0.0238254),(0.0464027,-0.0050000,0.0229412),(0.0464823,-0.0050000,0.0230014),(0.0468950,-0.0050000,0.0238254),(0.0464823,-0.0050000,0.0230014),(0.0465585,-0.0050000,0.0230709),(0.0468950,-0.0050000,0.0238254),(0.0465585,-0.0050000,0.0230709),(0.0466386,-0.0050000,0.0231602),(0.0468950,-0.0050000,0.0238254),(0.0466386,-0.0050000,0.0231602),(0.0467081,-0.0050000,0.0232557),(0.0468950,-0.0050000,0.0238254),(0.0467081,-0.0050000,0.0232557),(0.0467668,-0.0050000,0.0233573),(0.0468950,-0.0050000,0.0238254),(0.0467668,-0.0050000,0.0233573),(0.0468149,-0.0050000,0.0234651),(0.0468950,-0.0050000,0.0238254),(0.0468149,-0.0050000,0.0234651),(0.0468523,-0.0050000,0.0235791),(0.0468950,-0.0050000,0.0238254),(0.0468523,-0.0050000,0.0235791),(0.0468790,-0.0050000,0.0236991),(0.0421157,-0.0050000,0.0257713),(0.0421103,-0.0050000,0.0256363),(0.0421116,-0.0050000,0.0255330),(0.0421157,-0.0050000,0.0257713),(0.0421116,-0.0050000,0.0255330),(0.0421156,-0.0050000,0.0254338),(0.0421157,-0.0050000,0.0257713),(0.0421156,-0.0050000,0.0254338),(0.0421221,-0.0050000,0.0253387),(0.0421157,-0.0050000,0.0257713),(0.0421221,-0.0050000,0.0253387),(0.0421313,-0.0050000,0.0252476),(0.0421157,-0.0050000,0.0257713),(0.0421313,-0.0050000,0.0252476),(0.0421431,-0.0050000,0.0251606),(0.0421157,-0.0050000,0.0257713),(0.0421431,-0.0050000,0.0251606),(0.0421575,-0.0050000,0.0250777),(0.0421157,-0.0050000,0.0257713),(0.0421575,-0.0050000,0.0250777),(0.0421745,-0.0050000,0.0249988),(0.0421157,-0.0050000,0.0257713),(0.0421745,-0.0050000,0.0249988),(0.0421942,-0.0050000,0.0249240),(0.0421157,-0.0050000,0.0257713),(0.0421942,-0.0050000,0.0249240),(0.0422414,-0.0050000,0.0247867),(0.0421157,-0.0050000,0.0257713),(0.0422414,-0.0050000,0.0247867),(0.0422990,-0.0050000,0.0246655),(0.0421157,-0.0050000,0.0257713),(0.0422990,-0.0050000,0.0246655),(0.0423672,-0.0050000,0.0245607),(0.0421157,-0.0050000,0.0257713),(0.0423672,-0.0050000,0.0245607),(0.0424458,-0.0050000,0.0244721),(0.0421157,-0.0050000,0.0257713),(0.0424458,-0.0050000,0.0244721),(0.0425241,-0.0050000,0.0244017),(0.0421157,-0.0050000,0.0257713),(0.0425241,-0.0050000,0.0244017),(0.0426049,-0.0050000,0.0243406),(0.0421157,-0.0050000,0.0257713),(0.0426049,-0.0050000,0.0243406),(0.0426883,-0.0050000,0.0242890),(0.0421157,-0.0050000,0.0257713),(0.0426883,-0.0050000,0.0242890),(0.0427742,-0.0050000,0.0242467),(0.0421157,-0.0050000,0.0257713),(0.0427742,-0.0050000,0.0242467),(0.0428626,-0.0050000,0.0242138),(0.0421157,-0.0050000,0.0257713),(0.0428626,-0.0050000,0.0242138),(0.0429536,-0.0050000,0.0241903),(0.0421157,-0.0050000,0.0257713),(0.0429536,-0.0050000,0.0241903),(0.0430472,-0.0050000,0.0241763),(0.0430472,-0.0050000,0.0241763),(0.0431433,-0.0050000,0.0241716),(0.0432324,-0.0050000,0.0241751),(0.0430472,-0.0050000,0.0241763),(0.0432324,-0.0050000,0.0241751),(0.0433182,-0.0050000,0.0241856),(0.0430472,-0.0050000,0.0241763),(0.0433182,-0.0050000,0.0241856),(0.0434006,-0.0050000,0.0242031),(0.0430472,-0.0050000,0.0241763),(0.0434006,-0.0050000,0.0242031),(0.0434798,-0.0050000,0.0242277),(0.0430472,-0.0050000,0.0241763),(0.0434798,-0.0050000,0.0242277),(0.0435557,-0.0050000,0.0242592),(0.0430472,-0.0050000,0.0241763),(0.0435557,-0.0050000,0.0242592),(0.0436282,-0.0050000,0.0242978),(0.0430472,-0.0050000,0.0241763),(0.0436282,-0.0050000,0.0242978),(0.0436975,-0.0050000,0.0243433),(0.0430472,-0.0050000,0.0241763),(0.0436975,-0.0050000,0.0243433),(0.0437634,-0.0050000,0.0243959),(0.0426519,-0.0050000,0.0234966),(0.0425845,-0.0050000,0.0236382),(0.0425014,-0.0050000,0.0237318),(0.0426519,-0.0050000,0.0234966),(0.0425014,-0.0050000,0.0237318),(0.0423855,-0.0050000,0.0237842),(0.0427464,-0.0050000,0.0233768),(0.0426519,-0.0050000,0.0234966),(0.0423855,-0.0050000,0.0237842),(0.0427464,-0.0050000,0.0233768),(0.0423855,-0.0050000,0.0237842),(0.0423099,-0.0050000,0.0237535),(0.0427464,-0.0050000,0.0233768),(0.0423099,-0.0050000,0.0237535),(0.0422492,-0.0050000,0.0237077),(0.0428396,-0.0050000,0.0232990),(0.0427464,-0.0050000,0.0233768),(0.0422492,-0.0050000,0.0237077),(0.0428396,-0.0050000,0.0232990),(0.0422492,-0.0050000,0.0237077),(0.0421728,-0.0050000,0.0235715),(0.0429382,-0.0050000,0.0232434),(0.0428396,-0.0050000,0.0232990),(0.0421728,-0.0050000,0.0235715),(0.0429382,-0.0050000,0.0232434),(0.0421728,-0.0050000,0.0235715),(0.0421802,-0.0050000,0.0234995),(0.0429382,-0.0050000,0.0232434),(0.0421802,-0.0050000,0.0234995),(0.0422288,-0.0050000,0.0233818),(0.0430423,-0.0050000,0.0232101),(0.0429382,-0.0050000,0.0232434),(0.0422288,-0.0050000,0.0233818),(0.0430423,-0.0050000,0.0232101),(0.0422288,-0.0050000,0.0233818),(0.0422900,-0.0050000,0.0232720),(0.0431517,-0.0050000,0.0231990),(0.0430423,-0.0050000,0.0232101),(0.0422900,-0.0050000,0.0232720),(0.0431517,-0.0050000,0.0231990),(0.0422900,-0.0050000,0.0232720),(0.0423637,-0.0050000,0.0231701),(0.0431517,-0.0050000,0.0231990),(0.0423637,-0.0050000,0.0231701),(0.0424501,-0.0050000,0.0230762),(0.0432463,-0.0050000,0.0232107),(0.0431517,-0.0050000,0.0231990),(0.0424501,-0.0050000,0.0230762),(0.0432463,-0.0050000,0.0232107),(0.0424501,-0.0050000,0.0230762),(0.0425270,-0.0050000,0.0230055),(0.0432463,-0.0050000,0.0232107),(0.0425270,-0.0050000,0.0230055),(0.0426070,-0.0050000,0.0229442),(0.0433470,-0.0050000,0.0232458),(0.0432463,-0.0050000,0.0232107),(0.0426070,-0.0050000,0.0229442),(0.0433470,-0.0050000,0.0232458),(0.0426070,-0.0050000,0.0229442),(0.0426901,-0.0050000,0.0228924),(0.0433470,-0.0050000,0.0232458),(0.0426901,-0.0050000,0.0228924),(0.0427763,-0.0050000,0.0228500),(0.0434538,-0.0050000,0.0233043),(0.0433470,-0.0050000,0.0232458),(0.0427763,-0.0050000,0.0228500),(0.0434538,-0.0050000,0.0233043),(0.0427763,-0.0050000,0.0228500),(0.0428655,-0.0050000,0.0228170),(0.0435666,-0.0050000,0.0233863),(0.0434538,-0.0050000,0.0233043),(0.0428655,-0.0050000,0.0228170),(0.0435666,-0.0050000,0.0233863),(0.0428655,-0.0050000,0.0228170),(0.0429579,-0.0050000,0.0227934),(0.0435666,-0.0050000,0.0233863),(0.0429579,-0.0050000,0.0227934),(0.0430533,-0.0050000,0.0227793),(0.0436527,-0.0050000,0.0234843),(0.0435666,-0.0050000,0.0233863),(0.0430533,-0.0050000,0.0227793),(0.0436527,-0.0050000,0.0234843),(0.0430533,-0.0050000,0.0227793),(0.0431517,-0.0050000,0.0227746),(0.0436527,-0.0050000,0.0234843),(0.0431517,-0.0050000,0.0227746),(0.0432366,-0.0050000,0.0227791),(0.0436527,-0.0050000,0.0234843),(0.0432366,-0.0050000,0.0227791),(0.0433219,-0.0050000,0.0227927),(0.0437142,-0.0050000,0.0236122),(0.0436527,-0.0050000,0.0234843),(0.0433219,-0.0050000,0.0227927),(0.0437142,-0.0050000,0.0236122),(0.0433219,-0.0050000,0.0227927),(0.0434075,-0.0050000,0.0228153),(0.0437142,-0.0050000,0.0236122),(0.0434075,-0.0050000,0.0228153),(0.0434936,-0.0050000,0.0228471),(0.0437142,-0.0050000,0.0236122),(0.0434936,-0.0050000,0.0228471),(0.0435800,-0.0050000,0.0228878),(0.0437358,-0.0050000,0.0236874),(0.0437142,-0.0050000,0.0236122),(0.0435800,-0.0050000,0.0228878),(0.0437358,-0.0050000,0.0236874),(0.0435800,-0.0050000,0.0228878),(0.0436669,-0.0050000,0.0229377),(0.0437511,-0.0050000,0.0237701),(0.0437358,-0.0050000,0.0236874),(0.0436669,-0.0050000,0.0229377),(0.0437604,-0.0050000,0.0238602),(0.0437511,-0.0050000,0.0237701),(0.0436669,-0.0050000,0.0229377),(0.0437604,-0.0050000,0.0238602),(0.0436669,-0.0050000,0.0229377),(0.0437541,-0.0050000,0.0229966),(0.0437634,-0.0050000,0.0239578),(0.0437604,-0.0050000,0.0238602),(0.0437541,-0.0050000,0.0229966),(0.0437634,-0.0050000,0.0239578),(0.0437541,-0.0050000,0.0229966),(0.0438418,-0.0050000,0.0230645),(0.0437634,-0.0050000,0.0243959),(0.0437634,-0.0050000,0.0239578),(0.0438418,-0.0050000,0.0230645),(0.0437634,-0.0050000,0.0243959),(0.0438418,-0.0050000,0.0230645),(0.0439236,-0.0050000,0.0231423),(0.0437634,-0.0050000,0.0243959),(0.0439236,-0.0050000,0.0231423),(0.0439946,-0.0050000,0.0232295),(0.0437634,-0.0050000,0.0243959),(0.0439946,-0.0050000,0.0232295),(0.0440546,-0.0050000,0.0233262),(0.0437634,-0.0050000,0.0243959),(0.0440546,-0.0050000,0.0233262),(0.0441037,-0.0050000,0.0234323),(0.0437634,-0.0050000,0.0243959),(0.0441037,-0.0050000,0.0234323),(0.0441419,-0.0050000,0.0235479),(0.0437634,-0.0050000,0.0243959),(0.0441419,-0.0050000,0.0235479),(0.0441692,-0.0050000,0.0236730),(0.0437634,-0.0050000,0.0243959),(0.0441692,-0.0050000,0.0236730),(0.0441856,-0.0050000,0.0238075),(0.0437634,-0.0050000,0.0243959),(0.0441856,-0.0050000,0.0238075),(0.0441910,-0.0050000,0.0239514),(0.0437634,-0.0050000,0.0243959),(0.0441910,-0.0050000,0.0239514),(0.0441910,-0.0050000,0.0252680),(0.0430472,-0.0050000,0.0241763),(0.0437634,-0.0050000,0.0243959),(0.0441910,-0.0050000,0.0252680),(0.0441910,-0.0050000,0.0252680),(0.0437952,-0.0050000,0.0252564),(0.0437797,-0.0050000,0.0251334),(0.0441910,-0.0050000,0.0252680),(0.0437797,-0.0050000,0.0251334),(0.0437333,-0.0050000,0.0250121),(0.0441910,-0.0050000,0.0252680),(0.0437333,-0.0050000,0.0250121),(0.0436559,-0.0050000,0.0248926),(0.0430472,-0.0050000,0.0241763),(0.0441910,-0.0050000,0.0252680),(0.0436559,-0.0050000,0.0248926),(0.0430472,-0.0050000,0.0241763),(0.0436559,-0.0050000,0.0248926),(0.0435475,-0.0050000,0.0247748),(0.0430472,-0.0050000,0.0241763),(0.0435475,-0.0050000,0.0247748),(0.0434520,-0.0050000,0.0246961),(0.0430472,-0.0050000,0.0241763),(0.0434520,-0.0050000,0.0246961),(0.0433528,-0.0050000,0.0246399),(0.0430472,-0.0050000,0.0241763),(0.0433528,-0.0050000,0.0246399),(0.0432499,-0.0050000,0.0246061),(0.0430472,-0.0050000,0.0241763),(0.0432499,-0.0050000,0.0246061),(0.0431433,-0.0050000,0.0245949),(0.0430472,-0.0050000,0.0241763),(0.0431433,-0.0050000,0.0245949),(0.0430371,-0.0050000,0.0246061),(0.0430472,-0.0050000,0.0241763),(0.0430371,-0.0050000,0.0246061),(0.0429345,-0.0050000,0.0246399),(0.0430472,-0.0050000,0.0241763),(0.0429345,-0.0050000,0.0246399),(0.0428355,-0.0050000,0.0246961),(0.0430472,-0.0050000,0.0241763),(0.0428355,-0.0050000,0.0246961),(0.0427400,-0.0050000,0.0247748),(0.0430472,-0.0050000,0.0241763),(0.0427400,-0.0050000,0.0247748),(0.0426521,-0.0050000,0.0249037),(0.0421157,-0.0050000,0.0257713),(0.0430472,-0.0050000,0.0241763),(0.0426521,-0.0050000,0.0249037),(0.0421157,-0.0050000,0.0257713),(0.0426521,-0.0050000,0.0249037),(0.0426175,-0.0050000,0.0249897),(0.0421157,-0.0050000,0.0257713),(0.0426175,-0.0050000,0.0249897),(0.0425892,-0.0050000,0.0250902),(0.0421157,-0.0050000,0.0257713),(0.0425892,-0.0050000,0.0250902),(0.0425672,-0.0050000,0.0252051),(0.0421157,-0.0050000,0.0257713),(0.0425672,-0.0050000,0.0252051),(0.0425515,-0.0050000,0.0253344),(0.0421157,-0.0050000,0.0257713),(0.0425515,-0.0050000,0.0253344),(0.0425421,-0.0050000,0.0254781),(0.0421157,-0.0050000,0.0257713),(0.0425421,-0.0050000,0.0254781),(0.0425390,-0.0050000,0.0256363),(0.0421157,-0.0050000,0.0257713),(0.0425390,-0.0050000,0.0256363),(0.0425423,-0.0050000,0.0257277),(0.0421157,-0.0050000,0.0257713),(0.0425423,-0.0050000,0.0257277),(0.0425524,-0.0050000,0.0258141),(0.0421157,-0.0050000,0.0257713),(0.0425524,-0.0050000,0.0258141),(0.0425692,-0.0050000,0.0258955),(0.0421157,-0.0050000,0.0257713),(0.0425692,-0.0050000,0.0258955),(0.0425927,-0.0050000,0.0259718),(0.0421157,-0.0050000,0.0257713),(0.0425927,-0.0050000,0.0259718),(0.0426598,-0.0050000,0.0261094),(0.0421157,-0.0050000,0.0257713),(0.0426598,-0.0050000,0.0261094),(0.0427538,-0.0050000,0.0262268),(0.0421157,-0.0050000,0.0257713),(0.0427538,-0.0050000,0.0262268),(0.0428451,-0.0050000,0.0263046),(0.0437943,-0.0050000,0.0253476),(0.0437952,-0.0050000,0.0252564),(0.0441910,-0.0050000,0.0252680),(0.0437915,-0.0050000,0.0254347),(0.0437943,-0.0050000,0.0253476),(0.0441910,-0.0050000,0.0252680),(0.0437803,-0.0050000,0.0255967),(0.0437915,-0.0050000,0.0254347),(0.0441910,-0.0050000,0.0252680),(0.0437617,-0.0050000,0.0257423),(0.0437803,-0.0050000,0.0255967),(0.0441910,-0.0050000,0.0252680),(0.0437357,-0.0050000,0.0258715),(0.0437617,-0.0050000,0.0257423),(0.0441910,-0.0050000,0.0252680),(0.0437022,-0.0050000,0.0259844),(0.0437357,-0.0050000,0.0258715),(0.0441910,-0.0050000,0.0252680),(0.0436613,-0.0050000,0.0260809),(0.0437022,-0.0050000,0.0259844),(0.0441910,-0.0050000,0.0252680),(0.0436129,-0.0050000,0.0261610),(0.0436613,-0.0050000,0.0260809),(0.0441910,-0.0050000,0.0252680),(0.0436129,-0.0050000,0.0261610),(0.0441910,-0.0050000,0.0252680),(0.0441897,-0.0050000,0.0253834),(0.0436129,-0.0050000,0.0261610),(0.0441897,-0.0050000,0.0253834),(0.0441857,-0.0050000,0.0254940),(0.0436129,-0.0050000,0.0261610),(0.0441857,-0.0050000,0.0254940),(0.0441790,-0.0050000,0.0255998),(0.0435571,-0.0050000,0.0262247),(0.0436129,-0.0050000,0.0261610),(0.0441790,-0.0050000,0.0255998),(0.0435571,-0.0050000,0.0262247),(0.0441790,-0.0050000,0.0255998),(0.0441696,-0.0050000,0.0257007),(0.0435571,-0.0050000,0.0262247),(0.0441696,-0.0050000,0.0257007),(0.0441576,-0.0050000,0.0257967),(0.0434604,-0.0050000,0.0263034),(0.0435571,-0.0050000,0.0262247),(0.0441576,-0.0050000,0.0257967),(0.0434604,-0.0050000,0.0263034),(0.0441576,-0.0050000,0.0257967),(0.0441429,-0.0050000,0.0258879),(0.0434604,-0.0050000,0.0263034),(0.0441429,-0.0050000,0.0258879),(0.0441256,-0.0050000,0.0259742),(0.0433600,-0.0050000,0.0263597),(0.0434604,-0.0050000,0.0263034),(0.0441256,-0.0050000,0.0259742),(0.0433600,-0.0050000,0.0263597),(0.0441256,-0.0050000,0.0259742),(0.0441056,-0.0050000,0.0260557),(0.0433600,-0.0050000,0.0263597),(0.0441056,-0.0050000,0.0260557),(0.0440829,-0.0050000,0.0261323),(0.0432556,-0.0050000,0.0263934),(0.0433600,-0.0050000,0.0263597),(0.0440829,-0.0050000,0.0261323),(0.0432556,-0.0050000,0.0263934),(0.0440829,-0.0050000,0.0261323),(0.0440575,-0.0050000,0.0262040),(0.0432556,-0.0050000,0.0263934),(0.0440575,-0.0050000,0.0262040),(0.0439987,-0.0050000,0.0263330),(0.0431475,-0.0050000,0.0264046),(0.0432556,-0.0050000,0.0263934),(0.0439987,-0.0050000,0.0263330),(0.0431475,-0.0050000,0.0264046),(0.0439987,-0.0050000,0.0263330),(0.0439293,-0.0050000,0.0264426),(0.0431475,-0.0050000,0.0264046),(0.0439293,-0.0050000,0.0264426),(0.0438492,-0.0050000,0.0265327),(0.0430419,-0.0050000,0.0263935),(0.0431475,-0.0050000,0.0264046),(0.0438492,-0.0050000,0.0265327),(0.0430419,-0.0050000,0.0263935),(0.0438492,-0.0050000,0.0265327),(0.0437696,-0.0050000,0.0266027),(0.0430419,-0.0050000,0.0263935),(0.0437696,-0.0050000,0.0266027),(0.0436874,-0.0050000,0.0266633),(0.0429411,-0.0050000,0.0263602),(0.0430419,-0.0050000,0.0263935),(0.0436874,-0.0050000,0.0266633),(0.0429411,-0.0050000,0.0263602),(0.0436874,-0.0050000,0.0266633),(0.0436026,-0.0050000,0.0267146),(0.0429411,-0.0050000,0.0263602),(0.0436026,-0.0050000,0.0267146),(0.0435153,-0.0050000,0.0267565),(0.0428451,-0.0050000,0.0263046),(0.0429411,-0.0050000,0.0263602),(0.0435153,-0.0050000,0.0267565),(0.0428451,-0.0050000,0.0263046),(0.0435153,-0.0050000,0.0267565),(0.0434253,-0.0050000,0.0267892),(0.0421157,-0.0050000,0.0257713),(0.0428451,-0.0050000,0.0263046),(0.0434253,-0.0050000,0.0267892),(0.0421157,-0.0050000,0.0257713),(0.0434253,-0.0050000,0.0267892),(0.0433328,-0.0050000,0.0268125),(0.0421157,-0.0050000,0.0257713),(0.0433328,-0.0050000,0.0268125),(0.0432378,-0.0050000,0.0268265),(0.0421157,-0.0050000,0.0257713),(0.0432378,-0.0050000,0.0268265),(0.0431401,-0.0050000,0.0268312),(0.0421157,-0.0050000,0.0257713),(0.0431401,-0.0050000,0.0268312),(0.0430449,-0.0050000,0.0268264),(0.0421157,-0.0050000,0.0257713),(0.0430449,-0.0050000,0.0268264),(0.0429523,-0.0050000,0.0268122),(0.0421157,-0.0050000,0.0257713),(0.0429523,-0.0050000,0.0268122),(0.0428624,-0.0050000,0.0267884),(0.0421157,-0.0050000,0.0257713),(0.0428624,-0.0050000,0.0267884),(0.0427752,-0.0050000,0.0267552),(0.0421157,-0.0050000,0.0257713),(0.0427752,-0.0050000,0.0267552),(0.0426907,-0.0050000,0.0267125),(0.0421157,-0.0050000,0.0257713),(0.0426907,-0.0050000,0.0267125),(0.0426089,-0.0050000,0.0266603),(0.0421157,-0.0050000,0.0257713),(0.0426089,-0.0050000,0.0266603),(0.0425297,-0.0050000,0.0265986),(0.0421157,-0.0050000,0.0257713),(0.0425297,-0.0050000,0.0265986),(0.0424532,-0.0050000,0.0265274),(0.0421157,-0.0050000,0.0257713),(0.0424532,-0.0050000,0.0265274),(0.0423729,-0.0050000,0.0264396),(0.0421157,-0.0050000,0.0257713),(0.0423729,-0.0050000,0.0264396),(0.0423032,-0.0050000,0.0263451),(0.0421157,-0.0050000,0.0257713),(0.0423032,-0.0050000,0.0263451),(0.0422443,-0.0050000,0.0262438),(0.0421157,-0.0050000,0.0257713),(0.0422443,-0.0050000,0.0262438),(0.0421961,-0.0050000,0.0261358),(0.0421157,-0.0050000,0.0257713),(0.0421961,-0.0050000,0.0261358),(0.0421585,-0.0050000,0.0260211),(0.0421157,-0.0050000,0.0257713),(0.0421585,-0.0050000,0.0260211),(0.0421318,-0.0050000,0.0258996),(0.0400138,-0.0050000,0.0251622),(0.0388771,-0.0050000,0.0267380),(0.0388147,-0.0050000,0.0267938),(0.0400138,-0.0050000,0.0251622),(0.0388147,-0.0050000,0.0267938),(0.0387353,-0.0050000,0.0268216),(0.0400138,-0.0050000,0.0251622),(0.0387353,-0.0050000,0.0268216),(0.0387014,-0.0050000,0.0268269),(0.0400138,-0.0050000,0.0251622),(0.0387014,-0.0050000,0.0268269),(0.0385808,-0.0050000,0.0267846),(0.0400138,-0.0050000,0.0251622),(0.0385808,-0.0050000,0.0267846),(0.0385210,-0.0050000,0.0267214),(0.0400138,-0.0050000,0.0251622),(0.0385210,-0.0050000,0.0267214),(0.0384898,-0.0050000,0.0266459),(0.0400138,-0.0050000,0.0251622),(0.0384898,-0.0050000,0.0266459),(0.0384877,-0.0050000,0.0266110),(0.0400138,-0.0050000,0.0251622),(0.0384877,-0.0050000,0.0266110),(0.0385300,-0.0050000,0.0264904),(0.0400138,-0.0050000,0.0251622),(0.0385300,-0.0050000,0.0264904),(0.0397492,-0.0050000,0.0248013),(0.0400138,-0.0050000,0.0251622),(0.0397492,-0.0050000,0.0248013),(0.0385300,-0.0050000,0.0231111),(0.0400138,-0.0050000,0.0251622),(0.0385300,-0.0050000,0.0231111),(0.0384877,-0.0050000,0.0229905),(0.0411504,-0.0050000,0.0267380),(0.0400138,-0.0050000,0.0251622),(0.0384877,-0.0050000,0.0229905),(0.0411504,-0.0050000,0.0267380),(0.0384877,-0.0050000,0.0229905),(0.0384898,-0.0050000,0.0229555),(0.0411504,-0.0050000,0.0267380),(0.0384898,-0.0050000,0.0229555),(0.0385197,-0.0050000,0.0228754),(0.0411504,-0.0050000,0.0267380),(0.0385197,-0.0050000,0.0228754),(0.0385755,-0.0050000,0.0228148),(0.0411504,-0.0050000,0.0267380),(0.0385755,-0.0050000,0.0228148),(0.0387014,-0.0050000,0.0227746),(0.0411504,-0.0050000,0.0267380),(0.0387014,-0.0050000,0.0227746),(0.0387353,-0.0050000,0.0227777),(0.0411504,-0.0050000,0.0267380),(0.0387353,-0.0050000,0.0227777),(0.0388142,-0.0050000,0.0228060),(0.0411504,-0.0050000,0.0267380),(0.0388142,-0.0050000,0.0228060),(0.0388750,-0.0050000,0.0228635),(0.0411504,-0.0050000,0.0267380),(0.0388750,-0.0050000,0.0228635),(0.0400138,-0.0050000,0.0244351),(0.0400138,-0.0050000,0.0244351),(0.0411504,-0.0050000,0.0228635),(0.0412129,-0.0050000,0.0228060),(0.0400138,-0.0050000,0.0244351),(0.0412129,-0.0050000,0.0228060),(0.0412944,-0.0050000,0.0227777),(0.0400138,-0.0050000,0.0244351),(0.0412944,-0.0050000,0.0227777),(0.0413282,-0.0050000,0.0227746),(0.0400138,-0.0050000,0.0244351),(0.0413282,-0.0050000,0.0227746),(0.0414531,-0.0050000,0.0228148),(0.0400138,-0.0050000,0.0244351),(0.0414531,-0.0050000,0.0228148),(0.0415084,-0.0050000,0.0228754),(0.0400138,-0.0050000,0.0244351),(0.0415084,-0.0050000,0.0228754),(0.0415346,-0.0050000,0.0229555),(0.0400138,-0.0050000,0.0244351),(0.0415346,-0.0050000,0.0229555),(0.0415367,-0.0050000,0.0229905),(0.0400138,-0.0050000,0.0244351),(0.0415367,-0.0050000,0.0229905),(0.0414976,-0.0050000,0.0231111),(0.0400138,-0.0050000,0.0244351),(0.0414976,-0.0050000,0.0231111),(0.0402773,-0.0050000,0.0248013),(0.0411504,-0.0050000,0.0267380),(0.0400138,-0.0050000,0.0244351),(0.0402773,-0.0050000,0.0248013),(0.0411504,-0.0050000,0.0267380),(0.0402773,-0.0050000,0.0248013),(0.0414976,-0.0050000,0.0264904),(0.0411504,-0.0050000,0.0267380),(0.0414976,-0.0050000,0.0264904),(0.0415420,-0.0050000,0.0266110),(0.0411504,-0.0050000,0.0267380),(0.0415420,-0.0050000,0.0266110),(0.0415367,-0.0050000,0.0266459),(0.0411504,-0.0050000,0.0267380),(0.0415367,-0.0050000,0.0266459),(0.0415079,-0.0050000,0.0267214),(0.0411504,-0.0050000,0.0267380),(0.0415079,-0.0050000,0.0267214),(0.0414489,-0.0050000,0.0267846),(0.0411504,-0.0050000,0.0267380),(0.0414489,-0.0050000,0.0267846),(0.0413282,-0.0050000,0.0268269),(0.0411504,-0.0050000,0.0267380),(0.0413282,-0.0050000,0.0268269),(0.0412944,-0.0050000,0.0268216),(0.0411504,-0.0050000,0.0267380),(0.0412944,-0.0050000,0.0268216),(0.0412129,-0.0050000,0.0267938),(0.0479636,-0.0050000,0.0272746),(0.0478941,-0.0050000,0.0272111),(0.0478309,-0.0050000,0.0271416),(0.0479636,-0.0050000,0.0272746),(0.0478309,-0.0050000,0.0271416),(0.0477761,-0.0050000,0.0270686),(0.0479636,-0.0050000,0.0272746),(0.0477761,-0.0050000,0.0270686),(0.0477297,-0.0050000,0.0269921),(0.0479636,-0.0050000,0.0272746),(0.0477297,-0.0050000,0.0269921),(0.0476917,-0.0050000,0.0269121),(0.0479636,-0.0050000,0.0272746),(0.0476917,-0.0050000,0.0269121),(0.0476622,-0.0050000,0.0268286),(0.0479636,-0.0050000,0.0272746),(0.0476622,-0.0050000,0.0268286),(0.0476411,-0.0050000,0.0267416),(0.0479636,-0.0050000,0.0272746),(0.0476411,-0.0050000,0.0267416),(0.0476285,-0.0050000,0.0266511),(0.0479636,-0.0050000,0.0272746),(0.0476285,-0.0050000,0.0266511),(0.0476242,-0.0050000,0.0265570),(0.0479636,-0.0050000,0.0272746),(0.0476242,-0.0050000,0.0265570),(0.0476285,-0.0050000,0.0264630),(0.0479636,-0.0050000,0.0272746),(0.0476285,-0.0050000,0.0264630),(0.0476411,-0.0050000,0.0263725),(0.0479636,-0.0050000,0.0272746),(0.0476411,-0.0050000,0.0263725),(0.0476622,-0.0050000,0.0262855),(0.0479636,-0.0050000,0.0272746),(0.0476622,-0.0050000,0.0262855),(0.0476917,-0.0050000,0.0262020),(0.0479636,-0.0050000,0.0272746),(0.0476917,-0.0050000,0.0262020),(0.0477297,-0.0050000,0.0261220),(0.0479636,-0.0050000,0.0272746),(0.0477297,-0.0050000,0.0261220),(0.0477761,-0.0050000,0.0260455),(0.0479636,-0.0050000,0.0272746),(0.0477761,-0.0050000,0.0260455),(0.0478309,-0.0050000,0.0259725),(0.0479636,-0.0050000,0.0272746),(0.0478309,-0.0050000,0.0259725),(0.0478941,-0.0050000,0.0259030),(0.0478941,-0.0050000,0.0259030),(0.0482000,-0.0050000,0.0262078),(0.0481375,-0.0050000,0.0262835),(0.0478941,-0.0050000,0.0259030),(0.0481375,-0.0050000,0.0262835),(0.0480928,-0.0050000,0.0263668),(0.0478941,-0.0050000,0.0259030),(0.0480928,-0.0050000,0.0263668),(0.0480660,-0.0050000,0.0264576),(0.0479636,-0.0050000,0.0272746),(0.0478941,-0.0050000,0.0259030),(0.0480660,-0.0050000,0.0264576),(0.0479636,-0.0050000,0.0272746),(0.0480660,-0.0050000,0.0264576),(0.0480571,-0.0050000,0.0265560),(0.0479636,-0.0050000,0.0272746),(0.0480571,-0.0050000,0.0265560),(0.0480660,-0.0050000,0.0266548),(0.0479636,-0.0050000,0.0272746),(0.0480660,-0.0050000,0.0266548),(0.0480928,-0.0050000,0.0267460),(0.0479636,-0.0050000,0.0272746),(0.0480928,-0.0050000,0.0267460),(0.0481375,-0.0050000,0.0268294),(0.0479636,-0.0050000,0.0272746),(0.0481375,-0.0050000,0.0268294),(0.0482000,-0.0050000,0.0269052),(0.0479636,-0.0050000,0.0272746),(0.0482000,-0.0050000,0.0269052),(0.0482757,-0.0050000,0.0269682),(0.0479636,-0.0050000,0.0272746),(0.0482757,-0.0050000,0.0269682),(0.0483590,-0.0050000,0.0270132),(0.0479636,-0.0050000,0.0272746),(0.0483590,-0.0050000,0.0270132),(0.0484498,-0.0050000,0.0270402),(0.0479636,-0.0050000,0.0272746),(0.0484498,-0.0050000,0.0270402),(0.0485482,-0.0050000,0.0270492),(0.0479636,-0.0050000,0.0272746),(0.0485482,-0.0050000,0.0270492),(0.0486469,-0.0050000,0.0270402),(0.0479636,-0.0050000,0.0272746),(0.0486469,-0.0050000,0.0270402),(0.0487379,-0.0050000,0.0270132),(0.0482757,-0.0050000,0.0261453),(0.0482000,-0.0050000,0.0262078),(0.0478941,-0.0050000,0.0259030),(0.0483590,-0.0050000,0.0261006),(0.0482757,-0.0050000,0.0261453),(0.0478941,-0.0050000,0.0259030),(0.0484498,-0.0050000,0.0260738),(0.0483590,-0.0050000,0.0261006),(0.0478941,-0.0050000,0.0259030),(0.0485482,-0.0050000,0.0260649),(0.0484498,-0.0050000,0.0260738),(0.0478941,-0.0050000,0.0259030),(0.0486469,-0.0050000,0.0260738),(0.0485482,-0.0050000,0.0260649),(0.0478941,-0.0050000,0.0259030),(0.0486469,-0.0050000,0.0260738),(0.0478941,-0.0050000,0.0259030),(0.0479636,-0.0050000,0.0258395),(0.0487379,-0.0050000,0.0261006),(0.0486469,-0.0050000,0.0260738),(0.0479636,-0.0050000,0.0258395),(0.0487379,-0.0050000,0.0261006),(0.0479636,-0.0050000,0.0258395),(0.0480366,-0.0050000,0.0257845),(0.0487379,-0.0050000,0.0261006),(0.0480366,-0.0050000,0.0257845),(0.0481131,-0.0050000,0.0257379),(0.0488210,-0.0050000,0.0261453),(0.0487379,-0.0050000,0.0261006),(0.0481131,-0.0050000,0.0257379),(0.0488210,-0.0050000,0.0261453),(0.0481131,-0.0050000,0.0257379),(0.0481931,-0.0050000,0.0256998),(0.0488210,-0.0050000,0.0261453),(0.0481931,-0.0050000,0.0256998),(0.0482766,-0.0050000,0.0256702),(0.0488964,-0.0050000,0.0262078),(0.0488210,-0.0050000,0.0261453),(0.0482766,-0.0050000,0.0256702),(0.0488964,-0.0050000,0.0262078),(0.0482766,-0.0050000,0.0256702),(0.0483636,-0.0050000,0.0256490),(0.0488964,-0.0050000,0.0262078),(0.0483636,-0.0050000,0.0256490),(0.0484541,-0.0050000,0.0256363),(0.0489593,-0.0050000,0.0262835),(0.0488964,-0.0050000,0.0262078),(0.0484541,-0.0050000,0.0256363),(0.0489593,-0.0050000,0.0262835),(0.0484541,-0.0050000,0.0256363),(0.0485482,-0.0050000,0.0256321),(0.0489593,-0.0050000,0.0262835),(0.0485482,-0.0050000,0.0256321),(0.0486424,-0.0050000,0.0256363),(0.0490043,-0.0050000,0.0263668),(0.0489593,-0.0050000,0.0262835),(0.0486424,-0.0050000,0.0256363),(0.0490043,-0.0050000,0.0263668),(0.0486424,-0.0050000,0.0256363),(0.0487331,-0.0050000,0.0256490),(0.0490043,-0.0050000,0.0263668),(0.0487331,-0.0050000,0.0256490),(0.0488202,-0.0050000,0.0256702),(0.0490313,-0.0050000,0.0264576),(0.0490043,-0.0050000,0.0263668),(0.0488202,-0.0050000,0.0256702),(0.0490313,-0.0050000,0.0264576),(0.0488202,-0.0050000,0.0256702),(0.0489038,-0.0050000,0.0256998),(0.0490313,-0.0050000,0.0264576),(0.0489038,-0.0050000,0.0256998),(0.0489837,-0.0050000,0.0257379),(0.0490403,-0.0050000,0.0265560),(0.0490313,-0.0050000,0.0264576),(0.0489837,-0.0050000,0.0257379),(0.0490403,-0.0050000,0.0265560),(0.0489837,-0.0050000,0.0257379),(0.0490601,-0.0050000,0.0257845),(0.0490403,-0.0050000,0.0265560),(0.0490601,-0.0050000,0.0257845),(0.0491330,-0.0050000,0.0258395),(0.0490313,-0.0050000,0.0266548),(0.0490403,-0.0050000,0.0265560),(0.0491330,-0.0050000,0.0258395),(0.0490313,-0.0050000,0.0266548),(0.0491330,-0.0050000,0.0258395),(0.0492022,-0.0050000,0.0259030),(0.0490313,-0.0050000,0.0266548),(0.0492022,-0.0050000,0.0259030),(0.0492657,-0.0050000,0.0259725),(0.0490043,-0.0050000,0.0267460),(0.0490313,-0.0050000,0.0266548),(0.0492657,-0.0050000,0.0259725),(0.0490043,-0.0050000,0.0267460),(0.0492657,-0.0050000,0.0259725),(0.0493208,-0.0050000,0.0260455),(0.0490043,-0.0050000,0.0267460),(0.0493208,-0.0050000,0.0260455),(0.0493673,-0.0050000,0.0261220),(0.0489593,-0.0050000,0.0268294),(0.0490043,-0.0050000,0.0267460),(0.0493673,-0.0050000,0.0261220),(0.0489593,-0.0050000,0.0268294),(0.0493673,-0.0050000,0.0261220),(0.0494054,-0.0050000,0.0262020),(0.0489593,-0.0050000,0.0268294),(0.0494054,-0.0050000,0.0262020),(0.0494351,-0.0050000,0.0262855),(0.0488964,-0.0050000,0.0269052),(0.0489593,-0.0050000,0.0268294),(0.0494351,-0.0050000,0.0262855),(0.0488964,-0.0050000,0.0269052),(0.0494351,-0.0050000,0.0262855),(0.0494562,-0.0050000,0.0263725),(0.0488964,-0.0050000,0.0269052),(0.0494562,-0.0050000,0.0263725),(0.0494689,-0.0050000,0.0264630),(0.0488210,-0.0050000,0.0269682),(0.0488964,-0.0050000,0.0269052),(0.0494689,-0.0050000,0.0264630),(0.0488210,-0.0050000,0.0269682),(0.0494689,-0.0050000,0.0264630),(0.0494732,-0.0050000,0.0265570),(0.0488210,-0.0050000,0.0269682),(0.0494732,-0.0050000,0.0265570),(0.0494689,-0.0050000,0.0266511),(0.0487379,-0.0050000,0.0270132),(0.0488210,-0.0050000,0.0269682),(0.0494689,-0.0050000,0.0266511),(0.0487379,-0.0050000,0.0270132),(0.0494689,-0.0050000,0.0266511),(0.0494562,-0.0050000,0.0267416),(0.0487379,-0.0050000,0.0270132),(0.0494562,-0.0050000,0.0267416),(0.0494351,-0.0050000,0.0268286),(0.0479636,-0.0050000,0.0272746),(0.0487379,-0.0050000,0.0270132),(0.0494351,-0.0050000,0.0268286),(0.0479636,-0.0050000,0.0272746),(0.0494351,-0.0050000,0.0268286),(0.0494054,-0.0050000,0.0269121),(0.0479636,-0.0050000,0.0272746),(0.0494054,-0.0050000,0.0269121),(0.0493673,-0.0050000,0.0269921),(0.0479636,-0.0050000,0.0272746),(0.0493673,-0.0050000,0.0269921),(0.0493208,-0.0050000,0.0270686),(0.0479636,-0.0050000,0.0272746),(0.0493208,-0.0050000,0.0270686),(0.0492657,-0.0050000,0.0271416),(0.0479636,-0.0050000,0.0272746),(0.0492657,-0.0050000,0.0271416),(0.0492022,-0.0050000,0.0272111),(0.0479636,-0.0050000,0.0272746),(0.0492022,-0.0050000,0.0272111),(0.0491330,-0.0050000,0.0272746),(0.0479636,-0.0050000,0.0272746),(0.0491330,-0.0050000,0.0272746),(0.0490601,-0.0050000,0.0273296),(0.0479636,-0.0050000,0.0272746),(0.0490601,-0.0050000,0.0273296),(0.0489837,-0.0050000,0.0273762),(0.0479636,-0.0050000,0.0272746),(0.0489837,-0.0050000,0.0273762),(0.0489038,-0.0050000,0.0274143),(0.0479636,-0.0050000,0.0272746),(0.0489038,-0.0050000,0.0274143),(0.0488202,-0.0050000,0.0274439),(0.0479636,-0.0050000,0.0272746),(0.0488202,-0.0050000,0.0274439),(0.0487331,-0.0050000,0.0274651),(0.0479636,-0.0050000,0.0272746),(0.0487331,-0.0050000,0.0274651),(0.0486424,-0.0050000,0.0274778),(0.0479636,-0.0050000,0.0272746),(0.0486424,-0.0050000,0.0274778),(0.0485482,-0.0050000,0.0274820),(0.0479636,-0.0050000,0.0272746),(0.0485482,-0.0050000,0.0274820),(0.0484541,-0.0050000,0.0274778),(0.0479636,-0.0050000,0.0272746),(0.0484541,-0.0050000,0.0274778),(0.0483636,-0.0050000,0.0274651),(0.0479636,-0.0050000,0.0272746),(0.0483636,-0.0050000,0.0274651),(0.0482766,-0.0050000,0.0274439),(0.0479636,-0.0050000,0.0272746),(0.0482766,-0.0050000,0.0274439),(0.0481931,-0.0050000,0.0274143),(0.0479636,-0.0050000,0.0272746),(0.0481931,-0.0050000,0.0274143),(0.0481131,-0.0050000,0.0273762),(0.0479636,-0.0050000,0.0272746),(0.0481131,-0.0050000,0.0273762),(0.0480366,-0.0050000,0.0273296),(0.0258817,-0.0050000,0.0299489),(0.0259787,-0.0050000,0.0299082),(0.0260767,-0.0050000,0.0298730),(0.0258817,-0.0050000,0.0299489),(0.0260767,-0.0050000,0.0298730),(0.0261757,-0.0050000,0.0298431),(0.0258817,-0.0050000,0.0299489),(0.0261757,-0.0050000,0.0298431),(0.0262756,-0.0050000,0.0298187),(0.0258817,-0.0050000,0.0299489),(0.0262756,-0.0050000,0.0298187),(0.0263765,-0.0050000,0.0297997),(0.0258817,-0.0050000,0.0299489),(0.0263765,-0.0050000,0.0297997),(0.0264784,-0.0050000,0.0297862),(0.0258817,-0.0050000,0.0299489),(0.0264784,-0.0050000,0.0297862),(0.0265812,-0.0050000,0.0297780),(0.0258817,-0.0050000,0.0299489),(0.0265812,-0.0050000,0.0297780),(0.0266849,-0.0050000,0.0297753),(0.0258817,-0.0050000,0.0299489),(0.0266849,-0.0050000,0.0297753),(0.0268207,-0.0050000,0.0297797),(0.0258817,-0.0050000,0.0299489),(0.0268207,-0.0050000,0.0297797),(0.0269540,-0.0050000,0.0297926),(0.0258817,-0.0050000,0.0299489),(0.0269540,-0.0050000,0.0297926),(0.0270846,-0.0050000,0.0298142),(0.0258817,-0.0050000,0.0299489),(0.0270846,-0.0050000,0.0298142),(0.0272128,-0.0050000,0.0298444),(0.0258817,-0.0050000,0.0299489),(0.0272128,-0.0050000,0.0298444),(0.0273384,-0.0050000,0.0298832),(0.0258817,-0.0050000,0.0299489),(0.0273384,-0.0050000,0.0298832),(0.0274614,-0.0050000,0.0299307),(0.0258817,-0.0050000,0.0299489),(0.0274614,-0.0050000,0.0299307),(0.0275819,-0.0050000,0.0299868),(0.0258817,-0.0050000,0.0299489),(0.0275819,-0.0050000,0.0299868),(0.0276999,-0.0050000,0.0300516),(0.0258817,-0.0050000,0.0299489),(0.0276999,-0.0050000,0.0300516),(0.0278135,-0.0050000,0.0301240),(0.0258817,-0.0050000,0.0299489),(0.0278135,-0.0050000,0.0301240),(0.0279208,-0.0050000,0.0302025),(0.0258817,-0.0050000,0.0299489),(0.0279208,-0.0050000,0.0302025),(0.0280219,-0.0050000,0.0302872),(0.0258817,-0.0050000,0.0299489),(0.0280219,-0.0050000,0.0302872),(0.0281169,-0.0050000,0.0303781),(0.0258817,-0.0050000,0.0299489),(0.0281169,-0.0050000,0.0303781),(0.0282056,-0.0050000,0.0304751),(0.0282056,-0.0050000,0.0304751),(0.0282880,-0.0050000,0.0305782),(0.0283643,-0.0050000,0.0306875),(0.0282056,-0.0050000,0.0304751),(0.0283643,-0.0050000,0.0306875),(0.0284344,-0.0050000,0.0308030),(0.0282056,-0.0050000,0.0304751),(0.0284344,-0.0050000,0.0308030),(0.0284974,-0.0050000,0.0309228),(0.0282056,-0.0050000,0.0304751),(0.0284974,-0.0050000,0.0309228),(0.0285520,-0.0050000,0.0310450),(0.0282056,-0.0050000,0.0304751),(0.0285520,-0.0050000,0.0310450),(0.0285982,-0.0050000,0.0311697),(0.0282056,-0.0050000,0.0304751),(0.0285982,-0.0050000,0.0311697),(0.0286360,-0.0050000,0.0312970),(0.0282056,-0.0050000,0.0304751),(0.0286360,-0.0050000,0.0312970),(0.0286654,-0.0050000,0.0314267),(0.0282056,-0.0050000,0.0304751),(0.0286654,-0.0050000,0.0314267),(0.0286864,-0.0050000,0.0315588),(0.0282056,-0.0050000,0.0304751),(0.0286864,-0.0050000,0.0315588),(0.0286990,-0.0050000,0.0316935),(0.0282056,-0.0050000,0.0304751),(0.0286990,-0.0050000,0.0316935),(0.0287032,-0.0050000,0.0318306),(0.0282056,-0.0050000,0.0304751),(0.0287032,-0.0050000,0.0318306),(0.0286990,-0.0050000,0.0319622),(0.0282056,-0.0050000,0.0304751),(0.0286990,-0.0050000,0.0319622),(0.0286864,-0.0050000,0.0320931),(0.0282056,-0.0050000,0.0304751),(0.0286864,-0.0050000,0.0320931),(0.0286654,-0.0050000,0.0322231),(0.0282056,-0.0050000,0.0304751),(0.0286654,-0.0050000,0.0322231),(0.0286360,-0.0050000,0.0323524),(0.0282056,-0.0050000,0.0304751),(0.0286360,-0.0050000,0.0323524),(0.0285982,-0.0050000,0.0324808),(0.0282056,-0.0050000,0.0304751),(0.0285982,-0.0050000,0.0324808),(0.0285520,-0.0050000,0.0326085),(0.0285520,-0.0050000,0.0326085),(0.0281602,-0.0050000,0.0324670),(0.0281968,-0.0050000,0.0323691),(0.0285520,-0.0050000,0.0326085),(0.0281968,-0.0050000,0.0323691),(0.0282267,-0.0050000,0.0322680),(0.0285520,-0.0050000,0.0326085),(0.0282267,-0.0050000,0.0322680),(0.0282499,-0.0050000,0.0321635),(0.0285520,-0.0050000,0.0326085),(0.0282499,-0.0050000,0.0321635),(0.0282666,-0.0050000,0.0320558),(0.0285520,-0.0050000,0.0326085),(0.0282666,-0.0050000,0.0320558),(0.0282765,-0.0050000,0.0319449),(0.0285520,-0.0050000,0.0326085),(0.0282765,-0.0050000,0.0319449),(0.0282798,-0.0050000,0.0318306),(0.0285520,-0.0050000,0.0326085),(0.0282798,-0.0050000,0.0318306),(0.0282765,-0.0050000,0.0317206),(0.0282056,-0.0050000,0.0304751),(0.0285520,-0.0050000,0.0326085),(0.0282765,-0.0050000,0.0317206),(0.0282056,-0.0050000,0.0304751),(0.0282765,-0.0050000,0.0317206),(0.0282664,-0.0050000,0.0316127),(0.0282056,-0.0050000,0.0304751),(0.0282664,-0.0050000,0.0316127),(0.0282496,-0.0050000,0.0315071),(0.0282056,-0.0050000,0.0304751),(0.0282496,-0.0050000,0.0315071),(0.0282261,-0.0050000,0.0314036),(0.0282056,-0.0050000,0.0304751),(0.0282261,-0.0050000,0.0314036),(0.0281959,-0.0050000,0.0313023),(0.0282056,-0.0050000,0.0304751),(0.0281959,-0.0050000,0.0313023),(0.0281590,-0.0050000,0.0312032),(0.0282056,-0.0050000,0.0304751),(0.0281590,-0.0050000,0.0312032),(0.0281154,-0.0050000,0.0311062),(0.0282056,-0.0050000,0.0304751),(0.0281154,-0.0050000,0.0311062),(0.0280650,-0.0050000,0.0310115),(0.0282056,-0.0050000,0.0304751),(0.0280650,-0.0050000,0.0310115),(0.0280092,-0.0050000,0.0309203),(0.0282056,-0.0050000,0.0304751),(0.0280092,-0.0050000,0.0309203),(0.0279485,-0.0050000,0.0308339),(0.0282056,-0.0050000,0.0304751),(0.0279485,-0.0050000,0.0308339),(0.0278831,-0.0050000,0.0307525),(0.0282056,-0.0050000,0.0304751),(0.0278831,-0.0050000,0.0307525),(0.0278129,-0.0050000,0.0306760),(0.0282056,-0.0050000,0.0304751),(0.0278129,-0.0050000,0.0306760),(0.0277378,-0.0050000,0.0306043),(0.0282056,-0.0050000,0.0304751),(0.0277378,-0.0050000,0.0306043),(0.0276580,-0.0050000,0.0305376),(0.0282056,-0.0050000,0.0304751),(0.0276580,-0.0050000,0.0305376),(0.0275734,-0.0050000,0.0304758),(0.0282056,-0.0050000,0.0304751),(0.0275734,-0.0050000,0.0304758),(0.0274840,-0.0050000,0.0304188),(0.0282056,-0.0050000,0.0304751),(0.0274840,-0.0050000,0.0304188),(0.0273914,-0.0050000,0.0303677),(0.0282056,-0.0050000,0.0304751),(0.0273914,-0.0050000,0.0303677),(0.0272967,-0.0050000,0.0303234),(0.0282056,-0.0050000,0.0304751),(0.0272967,-0.0050000,0.0303234),(0.0272000,-0.0050000,0.0302859),(0.0282056,-0.0050000,0.0304751),(0.0272000,-0.0050000,0.0302859),(0.0271011,-0.0050000,0.0302553),(0.0258817,-0.0050000,0.0299489),(0.0282056,-0.0050000,0.0304751),(0.0271011,-0.0050000,0.0302553),(0.0258817,-0.0050000,0.0299489),(0.0271011,-0.0050000,0.0302553),(0.0270002,-0.0050000,0.0302314),(0.0258817,-0.0050000,0.0299489),(0.0270002,-0.0050000,0.0302314),(0.0268972,-0.0050000,0.0302144),(0.0258817,-0.0050000,0.0299489),(0.0268972,-0.0050000,0.0302144),(0.0267921,-0.0050000,0.0302042),(0.0258817,-0.0050000,0.0299489),(0.0267921,-0.0050000,0.0302042),(0.0266849,-0.0050000,0.0302008),(0.0258817,-0.0050000,0.0299489),(0.0266849,-0.0050000,0.0302008),(0.0265313,-0.0050000,0.0302079),(0.0258817,-0.0050000,0.0299489),(0.0265313,-0.0050000,0.0302079),(0.0263817,-0.0050000,0.0302291),(0.0258817,-0.0050000,0.0299489),(0.0263817,-0.0050000,0.0302291),(0.0262361,-0.0050000,0.0302645),(0.0258817,-0.0050000,0.0299489),(0.0262361,-0.0050000,0.0302645),(0.0260944,-0.0050000,0.0303140),(0.0258817,-0.0050000,0.0299489),(0.0260944,-0.0050000,0.0303140),(0.0276914,-0.0050000,0.0330974),(0.0253207,-0.0050000,0.0289742),(0.0258817,-0.0050000,0.0299489),(0.0276914,-0.0050000,0.0330974),(0.0281170,-0.0050000,0.0325616),(0.0281602,-0.0050000,0.0324670),(0.0285520,-0.0050000,0.0326085),(0.0280671,-0.0050000,0.0326529),(0.0281170,-0.0050000,0.0325616),(0.0285520,-0.0050000,0.0326085),(0.0279992,-0.0050000,0.0327569),(0.0280671,-0.0050000,0.0326529),(0.0285520,-0.0050000,0.0326085),(0.0279139,-0.0050000,0.0328657),(0.0279992,-0.0050000,0.0327569),(0.0285520,-0.0050000,0.0326085),(0.0278648,-0.0050000,0.0329218),(0.0279139,-0.0050000,0.0328657),(0.0285520,-0.0050000,0.0326085),(0.0278113,-0.0050000,0.0329792),(0.0278648,-0.0050000,0.0329218),(0.0285520,-0.0050000,0.0326085),(0.0277535,-0.0050000,0.0330377),(0.0278113,-0.0050000,0.0329792),(0.0285520,-0.0050000,0.0326085),(0.0276914,-0.0050000,0.0330974),(0.0277535,-0.0050000,0.0330377),(0.0285520,-0.0050000,0.0326085),(0.0276914,-0.0050000,0.0330974),(0.0285520,-0.0050000,0.0326085),(0.0284974,-0.0050000,0.0327354),(0.0276914,-0.0050000,0.0330974),(0.0284974,-0.0050000,0.0327354),(0.0284344,-0.0050000,0.0328614),(0.0276914,-0.0050000,0.0330974),(0.0284344,-0.0050000,0.0328614),(0.0283842,-0.0050000,0.0329482),(0.0276914,-0.0050000,0.0330974),(0.0283842,-0.0050000,0.0329482),(0.0283294,-0.0050000,0.0330316),(0.0276914,-0.0050000,0.0330974),(0.0283294,-0.0050000,0.0330316),(0.0282700,-0.0050000,0.0331117),(0.0276914,-0.0050000,0.0330974),(0.0282700,-0.0050000,0.0331117),(0.0282060,-0.0050000,0.0331885),(0.0276914,-0.0050000,0.0330974),(0.0282060,-0.0050000,0.0331885),(0.0281375,-0.0050000,0.0332619),(0.0276914,-0.0050000,0.0330974),(0.0281375,-0.0050000,0.0332619),(0.0280643,-0.0050000,0.0333321),(0.0276914,-0.0050000,0.0330974),(0.0280643,-0.0050000,0.0333321),(0.0279865,-0.0050000,0.0333990),(0.0276914,-0.0050000,0.0330974),(0.0279865,-0.0050000,0.0333990),(0.0279041,-0.0050000,0.0334626),(0.0276914,-0.0050000,0.0330974),(0.0279041,-0.0050000,0.0334626),(0.0284460,-0.0050000,0.0344151),(0.0253207,-0.0050000,0.0289742),(0.0276914,-0.0050000,0.0330974),(0.0284460,-0.0050000,0.0344151),(0.0253207,-0.0050000,0.0289742),(0.0284460,-0.0050000,0.0344151),(0.0284746,-0.0050000,0.0345188),(0.0253207,-0.0050000,0.0289742),(0.0284746,-0.0050000,0.0345188),(0.0284672,-0.0050000,0.0345791),(0.0253207,-0.0050000,0.0289742),(0.0284672,-0.0050000,0.0345791),(0.0284285,-0.0050000,0.0346543),(0.0253207,-0.0050000,0.0289742),(0.0284285,-0.0050000,0.0346543),(0.0283635,-0.0050000,0.0347082),(0.0253207,-0.0050000,0.0289742),(0.0283635,-0.0050000,0.0347082),(0.0282608,-0.0050000,0.0347389),(0.0253207,-0.0050000,0.0289742),(0.0282608,-0.0050000,0.0347389),(0.0282005,-0.0050000,0.0347315),(0.0253207,-0.0050000,0.0289742),(0.0282005,-0.0050000,0.0347315),(0.0281248,-0.0050000,0.0346929),(0.0253207,-0.0050000,0.0289742),(0.0281248,-0.0050000,0.0346929),(0.0280692,-0.0050000,0.0346278),(0.0253207,-0.0050000,0.0289742),(0.0280692,-0.0050000,0.0346278),(0.0275337,-0.0050000,0.0336996),(0.0275337,-0.0050000,0.0336996),(0.0274331,-0.0050000,0.0337440),(0.0273292,-0.0050000,0.0337825),(0.0275337,-0.0050000,0.0336996),(0.0273292,-0.0050000,0.0337825),(0.0272220,-0.0050000,0.0338151),(0.0275337,-0.0050000,0.0336996),(0.0272220,-0.0050000,0.0338151),(0.0271114,-0.0050000,0.0338417),(0.0275337,-0.0050000,0.0336996),(0.0271114,-0.0050000,0.0338417),(0.0269976,-0.0050000,0.0338624),(0.0275337,-0.0050000,0.0336996),(0.0269976,-0.0050000,0.0338624),(0.0268805,-0.0050000,0.0338772),(0.0275337,-0.0050000,0.0336996),(0.0268805,-0.0050000,0.0338772),(0.0267600,-0.0050000,0.0338861),(0.0275337,-0.0050000,0.0336996),(0.0267600,-0.0050000,0.0338861),(0.0266363,-0.0050000,0.0338891),(0.0275337,-0.0050000,0.0336996),(0.0266363,-0.0050000,0.0338891),(0.0265117,-0.0050000,0.0338847),(0.0275337,-0.0050000,0.0336996),(0.0265117,-0.0050000,0.0338847),(0.0263881,-0.0050000,0.0338717),(0.0275337,-0.0050000,0.0336996),(0.0263881,-0.0050000,0.0338717),(0.0262657,-0.0050000,0.0338501),(0.0275337,-0.0050000,0.0336996),(0.0262657,-0.0050000,0.0338501),(0.0261444,-0.0050000,0.0338198),(0.0275337,-0.0050000,0.0336996),(0.0261444,-0.0050000,0.0338198),(0.0260242,-0.0050000,0.0337808),(0.0275337,-0.0050000,0.0336996),(0.0260242,-0.0050000,0.0337808),(0.0259050,-0.0050000,0.0337331),(0.0275337,-0.0050000,0.0336996),(0.0259050,-0.0050000,0.0337331),(0.0257870,-0.0050000,0.0336768),(0.0275337,-0.0050000,0.0336996),(0.0257870,-0.0050000,0.0336768),(0.0256700,-0.0050000,0.0336118),(0.0275337,-0.0050000,0.0336996),(0.0256700,-0.0050000,0.0336118),(0.0255569,-0.0050000,0.0335396),(0.0275337,-0.0050000,0.0336996),(0.0255569,-0.0050000,0.0335396),(0.0254499,-0.0050000,0.0334612),(0.0275337,-0.0050000,0.0336996),(0.0254499,-0.0050000,0.0334612),(0.0253489,-0.0050000,0.0333766),(0.0275337,-0.0050000,0.0336996),(0.0253489,-0.0050000,0.0333766),(0.0252541,-0.0050000,0.0332858),(0.0275337,-0.0050000,0.0336996),(0.0252541,-0.0050000,0.0332858),(0.0251653,-0.0050000,0.0331888),(0.0251653,-0.0050000,0.0331888),(0.0250826,-0.0050000,0.0330855),(0.0250060,-0.0050000,0.0329761),(0.0251653,-0.0050000,0.0331888),(0.0250060,-0.0050000,0.0329761),(0.0249355,-0.0050000,0.0328604),(0.0251653,-0.0050000,0.0331888),(0.0249355,-0.0050000,0.0328604),(0.0248723,-0.0050000,0.0327406),(0.0251653,-0.0050000,0.0331888),(0.0248723,-0.0050000,0.0327406),(0.0248174,-0.0050000,0.0326182),(0.0251653,-0.0050000,0.0331888),(0.0248174,-0.0050000,0.0326182),(0.0247711,-0.0050000,0.0324933),(0.0251653,-0.0050000,0.0331888),(0.0247711,-0.0050000,0.0324933),(0.0247331,-0.0050000,0.0323659),(0.0251653,-0.0050000,0.0331888),(0.0247331,-0.0050000,0.0323659),(0.0247036,-0.0050000,0.0322359),(0.0251653,-0.0050000,0.0331888),(0.0247036,-0.0050000,0.0322359),(0.0246825,-0.0050000,0.0321033),(0.0251653,-0.0050000,0.0331888),(0.0246825,-0.0050000,0.0321033),(0.0246699,-0.0050000,0.0319683),(0.0251653,-0.0050000,0.0331888),(0.0246699,-0.0050000,0.0319683),(0.0246656,-0.0050000,0.0318306),(0.0251653,-0.0050000,0.0331888),(0.0246656,-0.0050000,0.0318306),(0.0246698,-0.0050000,0.0316926),(0.0251653,-0.0050000,0.0331888),(0.0246698,-0.0050000,0.0316926),(0.0246824,-0.0050000,0.0315572),(0.0251653,-0.0050000,0.0331888),(0.0246824,-0.0050000,0.0315572),(0.0247034,-0.0050000,0.0314247),(0.0251653,-0.0050000,0.0331888),(0.0247034,-0.0050000,0.0314247),(0.0247328,-0.0050000,0.0312948),(0.0251653,-0.0050000,0.0331888),(0.0247328,-0.0050000,0.0312948),(0.0247706,-0.0050000,0.0311678),(0.0251653,-0.0050000,0.0331888),(0.0247706,-0.0050000,0.0311678),(0.0248168,-0.0050000,0.0310434),(0.0251653,-0.0050000,0.0331888),(0.0248168,-0.0050000,0.0310434),(0.0248715,-0.0050000,0.0309218),(0.0251653,-0.0050000,0.0331888),(0.0248715,-0.0050000,0.0309218),(0.0249345,-0.0050000,0.0308030),(0.0249345,-0.0050000,0.0308030),(0.0253028,-0.0050000,0.0310115),(0.0252534,-0.0050000,0.0311062),(0.0249345,-0.0050000,0.0308030),(0.0252534,-0.0050000,0.0311062),(0.0252106,-0.0050000,0.0312031),(0.0249345,-0.0050000,0.0308030),(0.0252106,-0.0050000,0.0312031),(0.0251744,-0.0050000,0.0313021),(0.0249345,-0.0050000,0.0308030),(0.0251744,-0.0050000,0.0313021),(0.0251448,-0.0050000,0.0314033),(0.0249345,-0.0050000,0.0308030),(0.0251448,-0.0050000,0.0314033),(0.0251218,-0.0050000,0.0315067),(0.0249345,-0.0050000,0.0308030),(0.0251218,-0.0050000,0.0315067),(0.0251053,-0.0050000,0.0316121),(0.0249345,-0.0050000,0.0308030),(0.0251053,-0.0050000,0.0316121),(0.0250954,-0.0050000,0.0317198),(0.0249345,-0.0050000,0.0308030),(0.0250954,-0.0050000,0.0317198),(0.0250921,-0.0050000,0.0318296),(0.0249345,-0.0050000,0.0308030),(0.0250921,-0.0050000,0.0318296),(0.0250955,-0.0050000,0.0319394),(0.0251653,-0.0050000,0.0331888),(0.0249345,-0.0050000,0.0308030),(0.0250955,-0.0050000,0.0319394),(0.0251653,-0.0050000,0.0331888),(0.0250955,-0.0050000,0.0319394),(0.0251055,-0.0050000,0.0320471),(0.0251653,-0.0050000,0.0331888),(0.0251055,-0.0050000,0.0320471),(0.0251222,-0.0050000,0.0321528),(0.0251653,-0.0050000,0.0331888),(0.0251222,-0.0050000,0.0321528),(0.0251456,-0.0050000,0.0322563),(0.0251653,-0.0050000,0.0331888),(0.0251456,-0.0050000,0.0322563),(0.0251757,-0.0050000,0.0323578),(0.0251653,-0.0050000,0.0331888),(0.0251757,-0.0050000,0.0323578),(0.0252124,-0.0050000,0.0324572),(0.0251653,-0.0050000,0.0331888),(0.0252124,-0.0050000,0.0324572),(0.0252558,-0.0050000,0.0325545),(0.0251653,-0.0050000,0.0331888),(0.0252558,-0.0050000,0.0325545),(0.0253059,-0.0050000,0.0326498),(0.0251653,-0.0050000,0.0331888),(0.0253059,-0.0050000,0.0326498),(0.0253618,-0.0050000,0.0327417),(0.0251653,-0.0050000,0.0331888),(0.0253618,-0.0050000,0.0327417),(0.0254224,-0.0050000,0.0328286),(0.0251653,-0.0050000,0.0331888),(0.0254224,-0.0050000,0.0328286),(0.0254878,-0.0050000,0.0329105),(0.0251653,-0.0050000,0.0331888),(0.0254878,-0.0050000,0.0329105),(0.0255581,-0.0050000,0.0329874),(0.0251653,-0.0050000,0.0331888),(0.0255581,-0.0050000,0.0329874),(0.0256331,-0.0050000,0.0330592),(0.0251653,-0.0050000,0.0331888),(0.0256331,-0.0050000,0.0330592),(0.0257129,-0.0050000,0.0331260),(0.0251653,-0.0050000,0.0331888),(0.0257129,-0.0050000,0.0331260),(0.0257975,-0.0050000,0.0331878),(0.0251653,-0.0050000,0.0331888),(0.0257975,-0.0050000,0.0331878),(0.0258870,-0.0050000,0.0332446),(0.0251653,-0.0050000,0.0331888),(0.0258870,-0.0050000,0.0332446),(0.0259790,-0.0050000,0.0332957),(0.0251653,-0.0050000,0.0331888),(0.0259790,-0.0050000,0.0332957),(0.0260716,-0.0050000,0.0333399),(0.0251653,-0.0050000,0.0331888),(0.0260716,-0.0050000,0.0333399),(0.0261648,-0.0050000,0.0333774),(0.0251653,-0.0050000,0.0331888),(0.0261648,-0.0050000,0.0333774),(0.0262584,-0.0050000,0.0334081),(0.0251653,-0.0050000,0.0331888),(0.0262584,-0.0050000,0.0334081),(0.0263526,-0.0050000,0.0334319),(0.0275337,-0.0050000,0.0336996),(0.0251653,-0.0050000,0.0331888),(0.0263526,-0.0050000,0.0334319),(0.0275337,-0.0050000,0.0336996),(0.0263526,-0.0050000,0.0334319),(0.0264473,-0.0050000,0.0334489),(0.0275337,-0.0050000,0.0336996),(0.0264473,-0.0050000,0.0334489),(0.0265426,-0.0050000,0.0334592),(0.0275337,-0.0050000,0.0336996),(0.0265426,-0.0050000,0.0334592),(0.0266384,-0.0050000,0.0334626),(0.0275337,-0.0050000,0.0336996),(0.0266384,-0.0050000,0.0334626),(0.0266447,-0.0050000,0.0334626),(0.0275337,-0.0050000,0.0336996),(0.0266447,-0.0050000,0.0334626),(0.0267384,-0.0050000,0.0334605),(0.0275337,-0.0050000,0.0336996),(0.0267384,-0.0050000,0.0334605),(0.0268296,-0.0050000,0.0334542),(0.0275337,-0.0050000,0.0336996),(0.0268296,-0.0050000,0.0334542),(0.0269182,-0.0050000,0.0334438),(0.0275337,-0.0050000,0.0336996),(0.0269182,-0.0050000,0.0334438),(0.0270043,-0.0050000,0.0334292),(0.0275337,-0.0050000,0.0336996),(0.0270043,-0.0050000,0.0334292),(0.0270878,-0.0050000,0.0334105),(0.0275337,-0.0050000,0.0336996),(0.0270878,-0.0050000,0.0334105),(0.0271688,-0.0050000,0.0333876),(0.0275337,-0.0050000,0.0336996),(0.0271688,-0.0050000,0.0333876),(0.0272472,-0.0050000,0.0333605),(0.0275337,-0.0050000,0.0336996),(0.0272472,-0.0050000,0.0333605),(0.0273231,-0.0050000,0.0333292),(0.0253207,-0.0050000,0.0289742),(0.0275337,-0.0050000,0.0336996),(0.0273231,-0.0050000,0.0333292),(0.0253207,-0.0050000,0.0289742),(0.0273231,-0.0050000,0.0333292),(0.0257187,-0.0050000,0.0305342),(0.0253207,-0.0050000,0.0289742),(0.0257187,-0.0050000,0.0305342),(0.0255982,-0.0050000,0.0306370),(0.0253451,-0.0050000,0.0309422),(0.0253028,-0.0050000,0.0310115),(0.0249345,-0.0050000,0.0308030),(0.0253903,-0.0050000,0.0308757),(0.0253451,-0.0050000,0.0309422),(0.0249345,-0.0050000,0.0308030),(0.0254888,-0.0050000,0.0307509),(0.0253903,-0.0050000,0.0308757),(0.0249345,-0.0050000,0.0308030),(0.0255982,-0.0050000,0.0306370),(0.0254888,-0.0050000,0.0307509),(0.0249345,-0.0050000,0.0308030),(0.0255982,-0.0050000,0.0306370),(0.0249345,-0.0050000,0.0308030),(0.0249924,-0.0050000,0.0307079),(0.0255982,-0.0050000,0.0306370),(0.0249924,-0.0050000,0.0307079),(0.0250540,-0.0050000,0.0306170),(0.0255982,-0.0050000,0.0306370),(0.0250540,-0.0050000,0.0306170),(0.0251194,-0.0050000,0.0305301),(0.0255982,-0.0050000,0.0306370),(0.0251194,-0.0050000,0.0305301),(0.0251885,-0.0050000,0.0304474),(0.0255982,-0.0050000,0.0306370),(0.0251885,-0.0050000,0.0304474),(0.0252612,-0.0050000,0.0303687),(0.0255982,-0.0050000,0.0306370),(0.0252612,-0.0050000,0.0303687),(0.0253377,-0.0050000,0.0302942),(0.0255982,-0.0050000,0.0306370),(0.0253377,-0.0050000,0.0302942),(0.0254178,-0.0050000,0.0302237),(0.0255982,-0.0050000,0.0306370),(0.0254178,-0.0050000,0.0302237),(0.0255017,-0.0050000,0.0301574),(0.0253207,-0.0050000,0.0289742),(0.0255982,-0.0050000,0.0306370),(0.0255017,-0.0050000,0.0301574),(0.0253207,-0.0050000,0.0289742),(0.0255017,-0.0050000,0.0301574),(0.0249461,-0.0050000,0.0291869),(0.0253207,-0.0050000,0.0289742),(0.0249461,-0.0050000,0.0291869),(0.0249186,-0.0050000,0.0290853),(0.0253207,-0.0050000,0.0289742),(0.0249186,-0.0050000,0.0290853),(0.0249249,-0.0050000,0.0290250),(0.0253207,-0.0050000,0.0289742),(0.0249249,-0.0050000,0.0290250),(0.0249641,-0.0050000,0.0289480),(0.0253207,-0.0050000,0.0289742),(0.0249641,-0.0050000,0.0289480),(0.0250265,-0.0050000,0.0288927),(0.0253207,-0.0050000,0.0289742),(0.0250265,-0.0050000,0.0288927),(0.0251313,-0.0050000,0.0288652),(0.0253207,-0.0050000,0.0289742),(0.0251313,-0.0050000,0.0288652),(0.0251916,-0.0050000,0.0288726),(0.0253207,-0.0050000,0.0289742),(0.0251916,-0.0050000,0.0288726),(0.0252641,-0.0050000,0.0289080),(0.0308728,-0.0050000,0.0314972),(0.0304674,-0.0050000,0.0314972),(0.0297774,-0.0050000,0.0314835),(0.0311151,-0.0050000,0.0314972),(0.0308728,-0.0050000,0.0314972),(0.0297774,-0.0050000,0.0314835),(0.0304674,-0.0050000,0.0328329),(0.0304674,-0.0050000,0.0314972),(0.0308728,-0.0050000,0.0314972),(0.0304674,-0.0050000,0.0328329),(0.0308728,-0.0050000,0.0314972),(0.0308728,-0.0050000,0.0336848),(0.0297774,-0.0050000,0.0314835),(0.0304674,-0.0050000,0.0328329),(0.0308728,-0.0050000,0.0336848),(0.0297774,-0.0050000,0.0314835),(0.0308728,-0.0050000,0.0336848),(0.0308630,-0.0050000,0.0337597),(0.0297774,-0.0050000,0.0314835),(0.0308630,-0.0050000,0.0337597),(0.0308336,-0.0050000,0.0338171),(0.0297774,-0.0050000,0.0314835),(0.0308336,-0.0050000,0.0338171),(0.0307246,-0.0050000,0.0338912),(0.0297774,-0.0050000,0.0314835),(0.0307246,-0.0050000,0.0338912),(0.0306643,-0.0050000,0.0338986),(0.0297774,-0.0050000,0.0314835),(0.0306643,-0.0050000,0.0338986),(0.0305881,-0.0050000,0.0338891),(0.0297774,-0.0050000,0.0314835),(0.0305881,-0.0050000,0.0338891),(0.0304812,-0.0050000,0.0338055),(0.0297774,-0.0050000,0.0314835),(0.0304812,-0.0050000,0.0338055),(0.0292038,-0.0050000,0.0313861),(0.0311151,-0.0050000,0.0314972),(0.0297774,-0.0050000,0.0314835),(0.0292038,-0.0050000,0.0313861),(0.0311151,-0.0050000,0.0314972),(0.0292038,-0.0050000,0.0313861),(0.0291688,-0.0050000,0.0312591),(0.0311151,-0.0050000,0.0314972),(0.0291688,-0.0050000,0.0312591),(0.0291942,-0.0050000,0.0311713),(0.0311151,-0.0050000,0.0314972),(0.0291942,-0.0050000,0.0311713),(0.0292712,-0.0050000,0.0310967),(0.0311151,-0.0050000,0.0314972),(0.0292712,-0.0050000,0.0310967),(0.0293816,-0.0050000,0.0310718),(0.0311151,-0.0050000,0.0314972),(0.0293816,-0.0050000,0.0310718),(0.0304463,-0.0050000,0.0310718),(0.0304463,-0.0050000,0.0310718),(0.0304463,-0.0050000,0.0300600),(0.0304619,-0.0050000,0.0299767),(0.0304463,-0.0050000,0.0310718),(0.0304619,-0.0050000,0.0299767),(0.0305087,-0.0050000,0.0299087),(0.0304463,-0.0050000,0.0310718),(0.0305087,-0.0050000,0.0299087),(0.0305775,-0.0050000,0.0298626),(0.0304463,-0.0050000,0.0310718),(0.0305775,-0.0050000,0.0298626),(0.0306590,-0.0050000,0.0298473),(0.0304463,-0.0050000,0.0310718),(0.0306590,-0.0050000,0.0298473),(0.0307413,-0.0050000,0.0298626),(0.0304463,-0.0050000,0.0310718),(0.0307413,-0.0050000,0.0298626),(0.0308103,-0.0050000,0.0299087),(0.0304463,-0.0050000,0.0310718),(0.0308103,-0.0050000,0.0299087),(0.0308572,-0.0050000,0.0299767),(0.0304463,-0.0050000,0.0310718),(0.0308572,-0.0050000,0.0299767),(0.0308728,-0.0050000,0.0300600),(0.0304463,-0.0050000,0.0310718),(0.0308728,-0.0050000,0.0300600),(0.0308728,-0.0050000,0.0310718),(0.0311151,-0.0050000,0.0314972),(0.0304463,-0.0050000,0.0310718),(0.0308728,-0.0050000,0.0310718),(0.0311151,-0.0050000,0.0314972),(0.0308728,-0.0050000,0.0310718),(0.0311151,-0.0050000,0.0310718),(0.0311151,-0.0050000,0.0314972),(0.0311151,-0.0050000,0.0310718),(0.0311987,-0.0050000,0.0310874),(0.0311151,-0.0050000,0.0314972),(0.0311987,-0.0050000,0.0310874),(0.0312675,-0.0050000,0.0311342),(0.0311151,-0.0050000,0.0314972),(0.0312675,-0.0050000,0.0311342),(0.0313136,-0.0050000,0.0312030),(0.0311151,-0.0050000,0.0314972),(0.0313136,-0.0050000,0.0312030),(0.0313289,-0.0050000,0.0312845),(0.0311151,-0.0050000,0.0314972),(0.0313289,-0.0050000,0.0312845),(0.0313136,-0.0050000,0.0313660),(0.0311151,-0.0050000,0.0314972),(0.0313136,-0.0050000,0.0313660),(0.0312675,-0.0050000,0.0314348),(0.0311151,-0.0050000,0.0314972),(0.0312675,-0.0050000,0.0314348),(0.0311987,-0.0050000,0.0314816),(0.0417166,-0.0050000,0.0316152),(0.0430988,-0.0050000,0.0298256),(0.0431710,-0.0050000,0.0297637),(0.0417166,-0.0050000,0.0316152),(0.0431710,-0.0050000,0.0297637),(0.0432629,-0.0050000,0.0297431),(0.0417166,-0.0050000,0.0316152),(0.0432629,-0.0050000,0.0297431),(0.0433951,-0.0050000,0.0297886),(0.0417166,-0.0050000,0.0316152),(0.0433951,-0.0050000,0.0297886),(0.0434594,-0.0050000,0.0298621),(0.0417166,-0.0050000,0.0316152),(0.0434594,-0.0050000,0.0298621),(0.0434809,-0.0050000,0.0299579),(0.0417166,-0.0050000,0.0316152),(0.0434809,-0.0050000,0.0299579),(0.0434364,-0.0050000,0.0300902),(0.0417166,-0.0050000,0.0316152),(0.0434364,-0.0050000,0.0300902),(0.0422606,-0.0050000,0.0316152),(0.0422606,-0.0050000,0.0316152),(0.0423463,-0.0050000,0.0316152),(0.0424656,-0.0050000,0.0316204),(0.0417166,-0.0050000,0.0316152),(0.0422606,-0.0050000,0.0316152),(0.0424656,-0.0050000,0.0316204),(0.0408530,-0.0050000,0.0316152),(0.0417166,-0.0050000,0.0316152),(0.0424656,-0.0050000,0.0316204),(0.0408530,-0.0050000,0.0316152),(0.0424656,-0.0050000,0.0316204),(0.0425794,-0.0050000,0.0316357),(0.0408530,-0.0050000,0.0316152),(0.0425794,-0.0050000,0.0316357),(0.0426877,-0.0050000,0.0316612),(0.0408530,-0.0050000,0.0316152),(0.0426877,-0.0050000,0.0316612),(0.0427906,-0.0050000,0.0316970),(0.0408530,-0.0050000,0.0316152),(0.0427906,-0.0050000,0.0316970),(0.0428880,-0.0050000,0.0317430),(0.0408530,-0.0050000,0.0316152),(0.0428880,-0.0050000,0.0317430),(0.0429799,-0.0050000,0.0317992),(0.0408530,-0.0050000,0.0316152),(0.0429799,-0.0050000,0.0317992),(0.0430665,-0.0050000,0.0318656),(0.0408530,-0.0050000,0.0316152),(0.0430665,-0.0050000,0.0318656),(0.0431475,-0.0050000,0.0319423),(0.0408530,-0.0050000,0.0316152),(0.0431475,-0.0050000,0.0319423),(0.0432239,-0.0050000,0.0320320),(0.0408530,-0.0050000,0.0316152),(0.0432239,-0.0050000,0.0320320),(0.0432901,-0.0050000,0.0321244),(0.0408530,-0.0050000,0.0316152),(0.0432901,-0.0050000,0.0321244),(0.0433461,-0.0050000,0.0322196),(0.0433461,-0.0050000,0.0322196),(0.0433920,-0.0050000,0.0323175),(0.0429964,-0.0050000,0.0324667),(0.0433461,-0.0050000,0.0322196),(0.0429964,-0.0050000,0.0324667),(0.0429319,-0.0050000,0.0323491),(0.0433461,-0.0050000,0.0322196),(0.0429319,-0.0050000,0.0323491),(0.0428416,-0.0050000,0.0322428),(0.0433461,-0.0050000,0.0322196),(0.0428416,-0.0050000,0.0322428),(0.0427317,-0.0050000,0.0321549),(0.0433461,-0.0050000,0.0322196),(0.0427317,-0.0050000,0.0321549),(0.0426125,-0.0050000,0.0320920),(0.0433461,-0.0050000,0.0322196),(0.0426125,-0.0050000,0.0320920),(0.0424841,-0.0050000,0.0320543),(0.0408530,-0.0050000,0.0316152),(0.0433461,-0.0050000,0.0322196),(0.0424841,-0.0050000,0.0320543),(0.0408530,-0.0050000,0.0316152),(0.0424841,-0.0050000,0.0320543),(0.0423463,-0.0050000,0.0320418),(0.0408530,-0.0050000,0.0316152),(0.0423463,-0.0050000,0.0320418),(0.0408530,-0.0050000,0.0320418),(0.0430351,-0.0050000,0.0325957),(0.0429964,-0.0050000,0.0324667),(0.0433920,-0.0050000,0.0323175),(0.0430480,-0.0050000,0.0327360),(0.0430351,-0.0050000,0.0325957),(0.0433920,-0.0050000,0.0323175),(0.0430351,-0.0050000,0.0328751),(0.0430480,-0.0050000,0.0327360),(0.0433920,-0.0050000,0.0323175),(0.0429964,-0.0050000,0.0330033),(0.0430351,-0.0050000,0.0328751),(0.0433920,-0.0050000,0.0323175),(0.0429319,-0.0050000,0.0331206),(0.0429964,-0.0050000,0.0330033),(0.0433920,-0.0050000,0.0323175),(0.0429319,-0.0050000,0.0331206),(0.0433920,-0.0050000,0.0323175),(0.0434276,-0.0050000,0.0324180),(0.0429319,-0.0050000,0.0331206),(0.0434276,-0.0050000,0.0324180),(0.0434531,-0.0050000,0.0325213),(0.0428416,-0.0050000,0.0332271),(0.0429319,-0.0050000,0.0331206),(0.0434531,-0.0050000,0.0325213),(0.0428416,-0.0050000,0.0332271),(0.0434531,-0.0050000,0.0325213),(0.0434684,-0.0050000,0.0326273),(0.0428416,-0.0050000,0.0332271),(0.0434684,-0.0050000,0.0326273),(0.0434735,-0.0050000,0.0327360),(0.0427345,-0.0050000,0.0333151),(0.0428416,-0.0050000,0.0332271),(0.0434735,-0.0050000,0.0327360),(0.0427345,-0.0050000,0.0333151),(0.0434735,-0.0050000,0.0327360),(0.0434684,-0.0050000,0.0328486),(0.0427345,-0.0050000,0.0333151),(0.0434684,-0.0050000,0.0328486),(0.0434531,-0.0050000,0.0329573),(0.0426173,-0.0050000,0.0333779),(0.0427345,-0.0050000,0.0333151),(0.0434531,-0.0050000,0.0329573),(0.0426173,-0.0050000,0.0333779),(0.0434531,-0.0050000,0.0329573),(0.0434276,-0.0050000,0.0330622),(0.0426173,-0.0050000,0.0333779),(0.0434276,-0.0050000,0.0330622),(0.0433920,-0.0050000,0.0331631),(0.0424900,-0.0050000,0.0334156),(0.0426173,-0.0050000,0.0333779),(0.0433920,-0.0050000,0.0331631),(0.0424900,-0.0050000,0.0334156),(0.0433920,-0.0050000,0.0331631),(0.0433461,-0.0050000,0.0332601),(0.0424900,-0.0050000,0.0334156),(0.0433461,-0.0050000,0.0332601),(0.0432901,-0.0050000,0.0333532),(0.0423527,-0.0050000,0.0334282),(0.0424900,-0.0050000,0.0334156),(0.0432901,-0.0050000,0.0333532),(0.0423527,-0.0050000,0.0334282),(0.0432901,-0.0050000,0.0333532),(0.0432239,-0.0050000,0.0334424),(0.0408530,-0.0050000,0.0334282),(0.0423527,-0.0050000,0.0334282),(0.0432239,-0.0050000,0.0334424),(0.0408530,-0.0050000,0.0334282),(0.0432239,-0.0050000,0.0334424),(0.0431475,-0.0050000,0.0335277),(0.0408530,-0.0050000,0.0334282),(0.0431475,-0.0050000,0.0335277),(0.0430604,-0.0050000,0.0336058),(0.0408530,-0.0050000,0.0334282),(0.0430604,-0.0050000,0.0336058),(0.0429696,-0.0050000,0.0336735),(0.0408530,-0.0050000,0.0334282),(0.0429696,-0.0050000,0.0336735),(0.0428751,-0.0050000,0.0337308),(0.0408530,-0.0050000,0.0334282),(0.0428751,-0.0050000,0.0337308),(0.0427768,-0.0050000,0.0337777),(0.0408530,-0.0050000,0.0334282),(0.0427768,-0.0050000,0.0337777),(0.0426748,-0.0050000,0.0338142),(0.0408530,-0.0050000,0.0334282),(0.0426748,-0.0050000,0.0338142),(0.0425691,-0.0050000,0.0338402),(0.0408530,-0.0050000,0.0334282),(0.0425691,-0.0050000,0.0338402),(0.0424596,-0.0050000,0.0338558),(0.0408530,-0.0050000,0.0334282),(0.0424596,-0.0050000,0.0338558),(0.0423463,-0.0050000,0.0338610),(0.0408530,-0.0050000,0.0334282),(0.0423463,-0.0050000,0.0338610),(0.0406403,-0.0050000,0.0338610),(0.0408530,-0.0050000,0.0320418),(0.0408530,-0.0050000,0.0334282),(0.0406403,-0.0050000,0.0338610),(0.0408530,-0.0050000,0.0316152),(0.0408530,-0.0050000,0.0320418),(0.0406403,-0.0050000,0.0338610),(0.0408530,-0.0050000,0.0316152),(0.0406403,-0.0050000,0.0338610),(0.0405543,-0.0050000,0.0338444),(0.0408530,-0.0050000,0.0316152),(0.0405543,-0.0050000,0.0338444),(0.0404826,-0.0050000,0.0337944),(0.0408530,-0.0050000,0.0316152),(0.0404826,-0.0050000,0.0337944),(0.0404405,-0.0050000,0.0337200),(0.0408530,-0.0050000,0.0316152),(0.0404405,-0.0050000,0.0337200),(0.0404265,-0.0050000,0.0336409),(0.0408530,-0.0050000,0.0316152),(0.0404265,-0.0050000,0.0336409),(0.0404265,-0.0050000,0.0300140),(0.0408530,-0.0050000,0.0316152),(0.0404265,-0.0050000,0.0300140),(0.0404494,-0.0050000,0.0299306),(0.0408530,-0.0050000,0.0316152),(0.0404494,-0.0050000,0.0299306),(0.0404927,-0.0050000,0.0298711),(0.0408530,-0.0050000,0.0316152),(0.0404927,-0.0050000,0.0298711),(0.0406403,-0.0050000,0.0298235),(0.0408530,-0.0050000,0.0316152),(0.0406403,-0.0050000,0.0298235),(0.0407143,-0.0050000,0.0298354),(0.0408530,-0.0050000,0.0316152),(0.0407143,-0.0050000,0.0298354),(0.0407744,-0.0050000,0.0298711),(0.0408530,-0.0050000,0.0316152),(0.0407744,-0.0050000,0.0298711),(0.0408530,-0.0050000,0.0300140),(0.0394645,-0.0050000,0.0316205),(0.0394624,-0.0050000,0.0300140),(0.0394785,-0.0050000,0.0299320),(0.0394645,-0.0050000,0.0316205),(0.0394785,-0.0050000,0.0299320),(0.0395269,-0.0050000,0.0298637),(0.0394645,-0.0050000,0.0316205),(0.0395269,-0.0050000,0.0298637),(0.0395957,-0.0050000,0.0298177),(0.0394645,-0.0050000,0.0316205),(0.0395957,-0.0050000,0.0298177),(0.0396730,-0.0050000,0.0298023),(0.0394645,-0.0050000,0.0316205),(0.0396730,-0.0050000,0.0298023),(0.0397558,-0.0050000,0.0298177),(0.0394645,-0.0050000,0.0316205),(0.0397558,-0.0050000,0.0298177),(0.0398243,-0.0050000,0.0298637),(0.0394645,-0.0050000,0.0316205),(0.0398243,-0.0050000,0.0298637),(0.0398704,-0.0050000,0.0299320),(0.0394645,-0.0050000,0.0316205),(0.0398704,-0.0050000,0.0299320),(0.0398857,-0.0050000,0.0300140),(0.0394645,-0.0050000,0.0316205),(0.0398857,-0.0050000,0.0300140),(0.0398857,-0.0050000,0.0336409),(0.0394645,-0.0050000,0.0316205),(0.0398857,-0.0050000,0.0336409),(0.0398704,-0.0050000,0.0337224),(0.0394645,-0.0050000,0.0316205),(0.0398704,-0.0050000,0.0337224),(0.0398243,-0.0050000,0.0337912),(0.0394645,-0.0050000,0.0316205),(0.0398243,-0.0050000,0.0337912),(0.0397569,-0.0050000,0.0338388),(0.0394645,-0.0050000,0.0316205),(0.0397569,-0.0050000,0.0338388),(0.0396772,-0.0050000,0.0338547),(0.0394645,-0.0050000,0.0316205),(0.0396772,-0.0050000,0.0338547),(0.0395952,-0.0050000,0.0338383),(0.0394645,-0.0050000,0.0316205),(0.0395952,-0.0050000,0.0338383),(0.0395248,-0.0050000,0.0337891),(0.0394645,-0.0050000,0.0316205),(0.0395248,-0.0050000,0.0337891),(0.0394780,-0.0050000,0.0337245),(0.0394645,-0.0050000,0.0316205),(0.0394780,-0.0050000,0.0337245),(0.0394624,-0.0050000,0.0336409),(0.0394645,-0.0050000,0.0316205),(0.0394624,-0.0050000,0.0336409),(0.0394624,-0.0050000,0.0320418),(0.0372632,-0.0050000,0.0316205),(0.0394645,-0.0050000,0.0316205),(0.0394624,-0.0050000,0.0320418),(0.0372632,-0.0050000,0.0316205),(0.0394624,-0.0050000,0.0320418),(0.0372695,-0.0050000,0.0320418),(0.0372632,-0.0050000,0.0316205),(0.0372695,-0.0050000,0.0320418),(0.0372695,-0.0050000,0.0336409),(0.0372632,-0.0050000,0.0316205),(0.0372695,-0.0050000,0.0336409),(0.0372531,-0.0050000,0.0337224),(0.0372632,-0.0050000,0.0316205),(0.0372531,-0.0050000,0.0337224),(0.0372039,-0.0050000,0.0337912),(0.0372632,-0.0050000,0.0316205),(0.0372039,-0.0050000,0.0337912),(0.0371343,-0.0050000,0.0338388),(0.0372632,-0.0050000,0.0316205),(0.0371343,-0.0050000,0.0338388),(0.0370568,-0.0050000,0.0338547),(0.0372632,-0.0050000,0.0316205),(0.0370568,-0.0050000,0.0338547),(0.0369745,-0.0050000,0.0338388),(0.0372632,-0.0050000,0.0316205),(0.0369745,-0.0050000,0.0338388),(0.0369033,-0.0050000,0.0337912),(0.0372632,-0.0050000,0.0316205),(0.0369033,-0.0050000,0.0337912),(0.0368549,-0.0050000,0.0337224),(0.0372632,-0.0050000,0.0316205),(0.0368549,-0.0050000,0.0337224),(0.0368388,-0.0050000,0.0336409),(0.0372632,-0.0050000,0.0316205),(0.0368388,-0.0050000,0.0336409),(0.0368388,-0.0050000,0.0300140),(0.0372632,-0.0050000,0.0316205),(0.0368388,-0.0050000,0.0300140),(0.0368544,-0.0050000,0.0299320),(0.0372632,-0.0050000,0.0316205),(0.0368544,-0.0050000,0.0299320),(0.0369012,-0.0050000,0.0298637),(0.0372632,-0.0050000,0.0316205),(0.0369012,-0.0050000,0.0298637),(0.0369708,-0.0050000,0.0298177),(0.0372632,-0.0050000,0.0316205),(0.0369708,-0.0050000,0.0298177),(0.0370526,-0.0050000,0.0298023),(0.0372632,-0.0050000,0.0316205),(0.0370526,-0.0050000,0.0298023),(0.0371303,-0.0050000,0.0298174),(0.0372632,-0.0050000,0.0316205),(0.0371303,-0.0050000,0.0298174),(0.0372028,-0.0050000,0.0298626),(0.0372632,-0.0050000,0.0316205),(0.0372028,-0.0050000,0.0298626),(0.0372481,-0.0050000,0.0299275),(0.0372632,-0.0050000,0.0316205),(0.0372481,-0.0050000,0.0299275),(0.0372632,-0.0050000,0.0300140),(0.0444450,-0.0050000,0.0313327),(0.0444450,-0.0050000,0.0336409),(0.0444297,-0.0050000,0.0337224),(0.0444450,-0.0050000,0.0313327),(0.0444297,-0.0050000,0.0337224),(0.0443836,-0.0050000,0.0337912),(0.0444450,-0.0050000,0.0313327),(0.0443836,-0.0050000,0.0337912),(0.0443162,-0.0050000,0.0338388),(0.0444500,-0.0050000,0.0312202),(0.0444450,-0.0050000,0.0313327),(0.0443162,-0.0050000,0.0338388),(0.0444500,-0.0050000,0.0312202),(0.0443162,-0.0050000,0.0338388),(0.0442365,-0.0050000,0.0338547),(0.0444500,-0.0050000,0.0312202),(0.0442365,-0.0050000,0.0338547),(0.0441532,-0.0050000,0.0338383),(0.0444500,-0.0050000,0.0312202),(0.0441532,-0.0050000,0.0338383),(0.0440788,-0.0050000,0.0337891),(0.0444500,-0.0050000,0.0312202),(0.0440788,-0.0050000,0.0337891),(0.0440336,-0.0050000,0.0337245),(0.0444500,-0.0050000,0.0312202),(0.0440336,-0.0050000,0.0337245),(0.0440185,-0.0050000,0.0336409),(0.0444500,-0.0050000,0.0312202),(0.0440185,-0.0050000,0.0336409),(0.0440185,-0.0050000,0.0313327),(0.0444500,-0.0050000,0.0312202),(0.0440185,-0.0050000,0.0313327),(0.0440254,-0.0050000,0.0311776),(0.0444500,-0.0050000,0.0312202),(0.0440254,-0.0050000,0.0311776),(0.0440463,-0.0050000,0.0310282),(0.0444500,-0.0050000,0.0312202),(0.0440463,-0.0050000,0.0310282),(0.0440810,-0.0050000,0.0308846),(0.0444500,-0.0050000,0.0312202),(0.0440810,-0.0050000,0.0308846),(0.0441296,-0.0050000,0.0307466),(0.0444500,-0.0050000,0.0312202),(0.0441296,-0.0050000,0.0307466),(0.0441921,-0.0050000,0.0306144),(0.0444500,-0.0050000,0.0312202),(0.0441921,-0.0050000,0.0306144),(0.0442685,-0.0050000,0.0304879),(0.0444500,-0.0050000,0.0312202),(0.0442685,-0.0050000,0.0304879),(0.0443588,-0.0050000,0.0303672),(0.0444500,-0.0050000,0.0312202),(0.0443588,-0.0050000,0.0303672),(0.0444630,-0.0050000,0.0302521),(0.0444500,-0.0050000,0.0312202),(0.0444630,-0.0050000,0.0302521),(0.0445756,-0.0050000,0.0301467),(0.0445756,-0.0050000,0.0301467),(0.0446943,-0.0050000,0.0300553),(0.0448190,-0.0050000,0.0299780),(0.0445756,-0.0050000,0.0301467),(0.0448190,-0.0050000,0.0299780),(0.0449498,-0.0050000,0.0299148),(0.0445756,-0.0050000,0.0301467),(0.0449498,-0.0050000,0.0299148),(0.0450868,-0.0050000,0.0298656),(0.0445756,-0.0050000,0.0301467),(0.0450868,-0.0050000,0.0298656),(0.0452298,-0.0050000,0.0298304),(0.0445756,-0.0050000,0.0301467),(0.0452298,-0.0050000,0.0298304),(0.0453789,-0.0050000,0.0298094),(0.0445756,-0.0050000,0.0301467),(0.0453789,-0.0050000,0.0298094),(0.0455340,-0.0050000,0.0298023),(0.0445756,-0.0050000,0.0301467),(0.0455340,-0.0050000,0.0298023),(0.0456894,-0.0050000,0.0298094),(0.0445756,-0.0050000,0.0301467),(0.0456894,-0.0050000,0.0298094),(0.0458392,-0.0050000,0.0298304),(0.0445756,-0.0050000,0.0301467),(0.0458392,-0.0050000,0.0298304),(0.0459833,-0.0050000,0.0298656),(0.0445756,-0.0050000,0.0301467),(0.0459833,-0.0050000,0.0298656),(0.0461217,-0.0050000,0.0299148),(0.0445756,-0.0050000,0.0301467),(0.0461217,-0.0050000,0.0299148),(0.0462544,-0.0050000,0.0299780),(0.0445756,-0.0050000,0.0301467),(0.0462544,-0.0050000,0.0299780),(0.0463816,-0.0050000,0.0300553),(0.0445756,-0.0050000,0.0301467),(0.0463816,-0.0050000,0.0300553),(0.0465030,-0.0050000,0.0301467),(0.0445756,-0.0050000,0.0301467),(0.0465030,-0.0050000,0.0301467),(0.0466188,-0.0050000,0.0302521),(0.0466188,-0.0050000,0.0302521),(0.0467235,-0.0050000,0.0303658),(0.0468142,-0.0050000,0.0304857),(0.0466188,-0.0050000,0.0302521),(0.0468142,-0.0050000,0.0304857),(0.0468910,-0.0050000,0.0306119),(0.0466188,-0.0050000,0.0302521),(0.0468910,-0.0050000,0.0306119),(0.0469538,-0.0050000,0.0307442),(0.0466188,-0.0050000,0.0302521),(0.0469538,-0.0050000,0.0307442),(0.0470026,-0.0050000,0.0308828),(0.0466188,-0.0050000,0.0302521),(0.0470026,-0.0050000,0.0308828),(0.0470375,-0.0050000,0.0310276),(0.0466188,-0.0050000,0.0302521),(0.0470375,-0.0050000,0.0310276),(0.0470585,-0.0050000,0.0311786),(0.0466188,-0.0050000,0.0302521),(0.0470585,-0.0050000,0.0311786),(0.0470654,-0.0050000,0.0313358),(0.0466188,-0.0050000,0.0302521),(0.0470654,-0.0050000,0.0313358),(0.0470654,-0.0050000,0.0336409),(0.0466188,-0.0050000,0.0302521),(0.0470654,-0.0050000,0.0336409),(0.0470501,-0.0050000,0.0337224),(0.0466188,-0.0050000,0.0302521),(0.0470501,-0.0050000,0.0337224),(0.0470041,-0.0050000,0.0337912),(0.0466188,-0.0050000,0.0302521),(0.0470041,-0.0050000,0.0337912),(0.0469358,-0.0050000,0.0338388),(0.0466188,-0.0050000,0.0302521),(0.0469358,-0.0050000,0.0338388),(0.0468538,-0.0050000,0.0338547),(0.0466188,-0.0050000,0.0302521),(0.0468538,-0.0050000,0.0338547),(0.0467718,-0.0050000,0.0338388),(0.0466188,-0.0050000,0.0302521),(0.0467718,-0.0050000,0.0338388),(0.0467035,-0.0050000,0.0337912),(0.0467035,-0.0050000,0.0337912),(0.0466575,-0.0050000,0.0337224),(0.0466421,-0.0050000,0.0336409),(0.0467035,-0.0050000,0.0337912),(0.0466421,-0.0050000,0.0336409),(0.0466421,-0.0050000,0.0313358),(0.0466188,-0.0050000,0.0302521),(0.0467035,-0.0050000,0.0337912),(0.0466421,-0.0050000,0.0313358),(0.0466188,-0.0050000,0.0302521),(0.0466421,-0.0050000,0.0313358),(0.0466370,-0.0050000,0.0312238),(0.0466188,-0.0050000,0.0302521),(0.0466370,-0.0050000,0.0312238),(0.0466217,-0.0050000,0.0311158),(0.0466188,-0.0050000,0.0302521),(0.0466217,-0.0050000,0.0311158),(0.0465961,-0.0050000,0.0310119),(0.0466188,-0.0050000,0.0302521),(0.0465961,-0.0050000,0.0310119),(0.0465604,-0.0050000,0.0309120),(0.0466188,-0.0050000,0.0302521),(0.0465604,-0.0050000,0.0309120),(0.0465144,-0.0050000,0.0308161),(0.0466188,-0.0050000,0.0302521),(0.0465144,-0.0050000,0.0308161),(0.0464582,-0.0050000,0.0307243),(0.0466188,-0.0050000,0.0302521),(0.0464582,-0.0050000,0.0307243),(0.0463917,-0.0050000,0.0306365),(0.0466188,-0.0050000,0.0302521),(0.0463917,-0.0050000,0.0306365),(0.0463151,-0.0050000,0.0305527),(0.0466188,-0.0050000,0.0302521),(0.0463151,-0.0050000,0.0305527),(0.0462332,-0.0050000,0.0304763),(0.0466188,-0.0050000,0.0302521),(0.0462332,-0.0050000,0.0304763),(0.0461469,-0.0050000,0.0304101),(0.0466188,-0.0050000,0.0302521),(0.0461469,-0.0050000,0.0304101),(0.0460561,-0.0050000,0.0303540),(0.0466188,-0.0050000,0.0302521),(0.0460561,-0.0050000,0.0303540),(0.0459608,-0.0050000,0.0303082),(0.0466188,-0.0050000,0.0302521),(0.0459608,-0.0050000,0.0303082),(0.0458611,-0.0050000,0.0302726),(0.0466188,-0.0050000,0.0302521),(0.0458611,-0.0050000,0.0302726),(0.0457569,-0.0050000,0.0302471),(0.0466188,-0.0050000,0.0302521),(0.0457569,-0.0050000,0.0302471),(0.0456482,-0.0050000,0.0302318),(0.0445756,-0.0050000,0.0301467),(0.0466188,-0.0050000,0.0302521),(0.0456482,-0.0050000,0.0302318),(0.0445756,-0.0050000,0.0301467),(0.0456482,-0.0050000,0.0302318),(0.0455351,-0.0050000,0.0302267),(0.0445756,-0.0050000,0.0301467),(0.0455351,-0.0050000,0.0302267),(0.0454240,-0.0050000,0.0302318),(0.0445756,-0.0050000,0.0301467),(0.0454240,-0.0050000,0.0302318),(0.0453170,-0.0050000,0.0302470),(0.0445756,-0.0050000,0.0301467),(0.0453170,-0.0050000,0.0302470),(0.0452143,-0.0050000,0.0302723),(0.0445756,-0.0050000,0.0301467),(0.0452143,-0.0050000,0.0302723),(0.0451157,-0.0050000,0.0303077),(0.0445756,-0.0050000,0.0301467),(0.0451157,-0.0050000,0.0303077),(0.0450214,-0.0050000,0.0303532),(0.0445756,-0.0050000,0.0301467),(0.0450214,-0.0050000,0.0303532),(0.0449313,-0.0050000,0.0304089),(0.0445756,-0.0050000,0.0301467),(0.0449313,-0.0050000,0.0304089),(0.0448453,-0.0050000,0.0304747),(0.0445756,-0.0050000,0.0301467),(0.0448453,-0.0050000,0.0304747),(0.0447636,-0.0050000,0.0305506),(0.0445756,-0.0050000,0.0301467),(0.0447636,-0.0050000,0.0305506),(0.0446889,-0.0050000,0.0306336),(0.0445756,-0.0050000,0.0301467),(0.0446889,-0.0050000,0.0306336),(0.0446242,-0.0050000,0.0307209),(0.0445756,-0.0050000,0.0301467),(0.0446242,-0.0050000,0.0307209),(0.0445694,-0.0050000,0.0308124),(0.0445756,-0.0050000,0.0301467),(0.0445694,-0.0050000,0.0308124),(0.0445247,-0.0050000,0.0309080),(0.0445756,-0.0050000,0.0301467),(0.0445247,-0.0050000,0.0309080),(0.0444898,-0.0050000,0.0310079),(0.0445756,-0.0050000,0.0301467),(0.0444898,-0.0050000,0.0310079),(0.0444649,-0.0050000,0.0311119),(0.0444500,-0.0050000,0.0312202),(0.0445756,-0.0050000,0.0301467),(0.0444649,-0.0050000,0.0311119),(0.0362427,-0.0050000,0.0334814),(0.0362958,-0.0050000,0.0336409),(0.0362808,-0.0050000,0.0337208),(0.0362427,-0.0050000,0.0334814),(0.0362808,-0.0050000,0.0337208),(0.0362355,-0.0050000,0.0337891),(0.0362427,-0.0050000,0.0334814),(0.0362355,-0.0050000,0.0337891),(0.0361673,-0.0050000,0.0338383),(0.0362427,-0.0050000,0.0334814),(0.0361673,-0.0050000,0.0338383),(0.0360831,-0.0050000,0.0338547),(0.0362427,-0.0050000,0.0334814),(0.0360831,-0.0050000,0.0338547),(0.0334627,-0.0050000,0.0338547),(0.0362427,-0.0050000,0.0334814),(0.0334627,-0.0050000,0.0338547),(0.0333696,-0.0050000,0.0338343),(0.0362427,-0.0050000,0.0334814),(0.0333696,-0.0050000,0.0338343),(0.0332955,-0.0050000,0.0337732),(0.0362427,-0.0050000,0.0334814),(0.0332955,-0.0050000,0.0337732),(0.0332489,-0.0050000,0.0336409),(0.0362427,-0.0050000,0.0334814),(0.0332489,-0.0050000,0.0336409),(0.0332489,-0.0050000,0.0336250),(0.0362427,-0.0050000,0.0334814),(0.0332489,-0.0050000,0.0336250),(0.0333092,-0.0050000,0.0334959),(0.0362427,-0.0050000,0.0334814),(0.0333092,-0.0050000,0.0334959),(0.0333804,-0.0050000,0.0334451),(0.0362427,-0.0050000,0.0334814),(0.0333804,-0.0050000,0.0334451),(0.0334627,-0.0050000,0.0334282),(0.0362427,-0.0050000,0.0334814),(0.0334627,-0.0050000,0.0334282),(0.0345623,-0.0050000,0.0334282),(0.0345623,-0.0050000,0.0334282),(0.0345623,-0.0050000,0.0300140),(0.0345776,-0.0050000,0.0299320),(0.0345623,-0.0050000,0.0334282),(0.0345776,-0.0050000,0.0299320),(0.0346237,-0.0050000,0.0298637),(0.0345623,-0.0050000,0.0334282),(0.0346237,-0.0050000,0.0298637),(0.0346919,-0.0050000,0.0298177),(0.0345623,-0.0050000,0.0334282),(0.0346919,-0.0050000,0.0298177),(0.0347740,-0.0050000,0.0298023),(0.0345623,-0.0050000,0.0334282),(0.0347740,-0.0050000,0.0298023),(0.0348560,-0.0050000,0.0298177),(0.0345623,-0.0050000,0.0334282),(0.0348560,-0.0050000,0.0298177),(0.0349242,-0.0050000,0.0298637),(0.0345623,-0.0050000,0.0334282),(0.0349242,-0.0050000,0.0298637),(0.0349703,-0.0050000,0.0299320),(0.0345623,-0.0050000,0.0334282),(0.0349703,-0.0050000,0.0299320),(0.0349856,-0.0050000,0.0300140),(0.0345623,-0.0050000,0.0334282),(0.0349856,-0.0050000,0.0300140),(0.0349856,-0.0050000,0.0334282),(0.0362427,-0.0050000,0.0334814),(0.0345623,-0.0050000,0.0334282),(0.0349856,-0.0050000,0.0334282),(0.0362427,-0.0050000,0.0334814),(0.0349856,-0.0050000,0.0334282),(0.0360831,-0.0050000,0.0334282),(0.0362427,-0.0050000,0.0334814),(0.0360831,-0.0050000,0.0334282),(0.0361762,-0.0050000,0.0334415)));
#3846=COMPLEX_TRIANGULATED_SURFACE_SET('surface set',#3845,3648,(),(),(),((1,2,3),(4,5,6),(7,8,9),(10,11,12),(13,14,15),(16,17,18),(19,20,21),(22,23,24),(25,26,27),(28,29,30),(31,32,33),(34,35,36),(37,38,39),(40,41,42),(43,44,45),(46,47,48),(49,50,51),(52,53,54),(55,56,57),(58,59,60),(61,62,63),(64,65,66),(67,68,69),(70,71,72),(73,74,75),(76,77,78),(79,80,81),(82,83,84),(85,86,87),(88,89,90),(91,92,93),(94,95,96),(97,98,99),(100,101,102),(103,104,105),(106,107,108),(109,110,111),(112,113,114),(115,116,117),(118,119,120),(121,122,123),(124,125,126),(127,128,129),(130,131,132),(133,134,135),(136,137,138),(139,140,141),(142,143,144),(145,146,147),(148,149,150),(151,152,153),(154,155,156),(157,158,159),(160,161,162),(163,164,165),(166,167,168),(169,170,171),(172,173,174),(175,176,177),(178,179,180),(181,182,183),(184,185,186),(187,188,189),(190,191,192),(193,194,195),(196,197,198),(199,200,201),(202,203,204),(205,206,207),(208,209,210),(211,212,213),(214,215,216),(217,218,219),(220,221,222),(223,224,225),(226,227,228),(229,230,231),(232,233,234),(235,236,237),(238,239,240),(241,242,243),(244,245,246),(247,248,249),(250,251,252),(253,254,255),(256,257,258),(259,260,261),(262,263,264),(265,266,267),(268,269,270),(271,272,273),(274,275,276),(277,278,279),(280,281,282),(283,284,285),(286,287,288),(289,290,291),(292,293,294),(295,296,297),(298,299,300),(301,302,303),(304,305,306),(307,308,309),(310,311,312),(313,314,315),(316,317,318),(319,320,321),(322,323,324),(325,326,327),(328,329,330),(331,332,333),(334,335,336),(337,338,339),(340,341,342),(343,344,345),(346,347,348),(349,350,351),(352,353,354),(355,356,357),(358,359,360),(361,362,363),(364,365,366),(367,368,369),(370,371,372),(373,374,375),(376,377,378),(379,380,381),(382,383,384),(385,386,387),(388,389,390),(391,392,393),(394,395,396),(397,398,399),(400,401,402),(403,404,405),(406,407,408),(409,410,411),(412,413,414),(415,416,417),(418,419,420),(421,422,423),(424,425,426),(427,428,429),(430,431,432),(433,434,435),(436,437,438),(439,440,441),(442,443,444),(445,446,447),(448,449,450),(451,452,453),(454,455,456),(457,458,459),(460,461,462),(463,464,465),(466,467,468),(469,470,471),(472,473,474),(475,476,477),(478,479,480),(481,482,483),(484,485,486),(487,488,489),(490,491,492),(493,494,495),(496,497,498),(499,500,501),(502,503,504),(505,506,507),(508,509,510),(511,512,513),(514,515,516),(517,518,519),(520,521,522),(523,524,525),(526,527,528),(529,530,531),(532,533,534),(535,536,537),(538,539,540),(541,542,543),(544,545,546),(547,548,549),(550,551,552),(553,554,555),(556,557,558),(559,560,561),(562,563,564),(565,566,567),(568,569,570),(571,572,573),(574,575,576),(577,578,579),(580,581,582),(583,584,585),(586,587,588),(589,590,591),(592,593,594),(595,596,597),(598,599,600),(601,602,603),(604,605,606),(607,608,609),(610,611,612),(613,614,615),(616,617,618),(619,620,621),(622,623,624),(625,626,627),(628,629,630),(631,632,633),(634,635,636),(637,638,639),(640,641,642),(643,644,645),(646,647,648),(649,650,651),(652,653,654),(655,656,657),(658,659,660),(661,662,663),(664,665,666),(667,668,669),(670,671,672),(673,674,675),(676,677,678),(679,680,681),(682,683,684),(685,686,687),(688,689,690),(691,692,693),(694,695,696),(697,698,699),(700,701,702),(703,704,705),(706,707,708),(709,710,711),(712,713,714),(715,716,717),(718,719,720),(721,722,723),(724,725,726),(727,728,729),(730,731,732),(733,734,735),(736,737,738),(739,740,741),(742,743,744),(745,746,747),(748,749,750),(751,752,753),(754,755,756),(757,758,759),(760,761,762),(763,764,765),(766,767,768),(769,770,771),(772,773,774),(775,776,777),(778,779,780),(781,782,783),(784,785,786),(787,788,789),(790,791,792),(793,794,795),(796,797,798),(799,800,801),(802,803,804),(805,806,807),(808,809,810),(811,812,813),(814,815,816),(817,818,819),(820,821,822),(823,824,825),(826,827,828),(829,830,831),(832,833,834),(835,836,837),(838,839,840),(841,842,843),(844,845,846),(847,848,849),(850,851,852),(853,854,855),(856,857,858),(859,860,861),(862,863,864),(865,866,867),(868,869,870),(871,872,873),(874,875,876),(877,878,879),(880,881,882),(883,884,885),(886,887,888),(889,890,891),(892,893,894),(895,896,897),(898,899,900),(901,902,903),(904,905,906),(907,908,909),(910,911,912),(913,914,915),(916,917,918),(919,920,921),(922,923,924),(925,926,927),(928,929,930),(931,932,933),(934,935,936),(937,938,939),(940,941,942),(943,944,945),(946,947,948),(949,950,951),(952,953,954),(955,956,957),(958,959,960),(961,962,963),(964,965,966),(967,968,969),(970,971,972),(973,974,975),(976,977,978),(979,980,981),(982,983,984),(985,986,987),(988,989,990),(991,992,993),(994,995,996),(997,998,999),(1000,1001,1002),(1003,1004,1005),(1006,1007,1008),(1009,1010,1011),(1012,1013,1014),(1015,1016,1017),(1018,1019,1020),(1021,1022,1023),(1024,1025,1026),(1027,1028,1029),(1030,1031,1032),(1033,1034,1035),(1036,1037,1038),(1039,1040,1041),(1042,1043,1044),(1045,1046,1047),(1048,1049,1050),(1051,1052,1053),(1054,1055,1056),(1057,1058,1059),(1060,1061,1062),(1063,1064,1065),(1066,1067,1068),(1069,1070,1071),(1072,1073,1074),(1075,1076,1077),(1078,1079,1080),(1081,1082,1083),(1084,1085,1086),(1087,1088,1089),(1090,1091,1092),(1093,1094,1095),(1096,1097,1098),(1099,1100,1101),(1102,1103,1104),(1105,1106,1107),(1108,1109,1110),(1111,1112,1113),(1114,1115,1116),(1117,1118,1119),(1120,1121,1122),(1123,1124,1125),(1126,1127,1128),(1129,1130,1131),(1132,1133,1134),(1135,1136,1137),(1138,1139,1140),(1141,1142,1143),(1144,1145,1146),(1147,1148,1149),(1150,1151,1152),(1153,1154,1155),(1156,1157,1158),(1159,1160,1161),(1162,1163,1164),(1165,1166,1167),(1168,1169,1170),(1171,1172,1173),(1174,1175,1176),(1177,1178,1179),(1180,1181,1182),(1183,1184,1185),(1186,1187,1188),(1189,1190,1191),(1192,1193,1194),(1195,1196,1197),(1198,1199,1200),(1201,1202,1203),(1204,1205,1206),(1207,1208,1209),(1210,1211,1212),(1213,1214,1215),(1216,1217,1218),(1219,1220,1221),(1222,1223,1224),(1225,1226,1227),(1228,1229,1230),(1231,1232,1233),(1234,1235,1236),(1237,1238,1239),(1240,1241,1242),(1243,1244,1245),(1246,1247,1248),(1249,1250,1251),(1252,1253,1254),(1255,1256,1257),(1258,1259,1260),(1261,1262,1263),(1264,1265,1266),(1267,1268,1269),(1270,1271,1272),(1273,1274,1275),(1276,1277,1278),(1279,1280,1281),(1282,1283,1284),(1285,1286,1287),(1288,1289,1290),(1291,1292,1293),(1294,1295,1296),(1297,1298,1299),(1300,1301,1302),(1303,1304,1305),(1306,1307,1308),(1309,1310,1311),(1312,1313,1314),(1315,1316,1317),(1318,1319,1320),(1321,1322,1323),(1324,1325,1326),(1327,1328,1329),(1330,1331,1332),(1333,1334,1335),(1336,1337,1338),(1339,1340,1341),(1342,1343,1344),(1345,1346,1347),(1348,1349,1350),(1351,1352,1353),(1354,1355,1356),(1357,1358,1359),(1360,1361,1362),(1363,1364,1365),(1366,1367,1368),(1369,1370,1371),(1372,1373,1374),(1375,1376,1377),(1378,1379,1380),(1381,1382,1383),(1384,1385,1386),(1387,1388,1389),(1390,1391,1392),(1393,1394,1395),(1396,1397,1398),(1399,1400,1401),(1402,1403,1404),(1405,1406,1407),(1408,1409,1410),(1411,1412,1413),(1414,1415,1416),(1417,1418,1419),(1420,1421,1422),(1423,1424,1425),(1426,1427,1428),(1429,1430,1431),(1432,1433,1434),(1435,1436,1437),(1438,1439,1440),(1441,1442,1443),(1444,1445,1446),(1447,1448,1449),(1450,1451,1452),(1453,1454,1455),(1456,1457,1458),(1459,1460,1461),(1462,1463,1464),(1465,1466,1467),(1468,1469,1470),(1471,1472,1473),(1474,1475,1476),(1477,1478,1479),(1480,1481,1482),(1483,1484,1485),(1486,1487,1488),(1489,1490,1491),(1492,1493,1494),(1495,1496,1497),(1498,1499,1500),(1501,1502,1503),(1504,1505,1506),(1507,1508,1509),(1510,1511,1512),(1513,1514,1515),(1516,1517,1518),(1519,1520,1521),(1522,1523,1524),(1525,1526,1527),(1528,1529,1530),(1531,1532,1533),(1534,1535,1536),(1537,1538,1539),(1540,1541,1542),(1543,1544,1545),(1546,1547,1548),(1549,1550,1551),(1552,1553,1554),(1555,1556,1557),(1558,1559,1560),(1561,1562,1563),(1564,1565,1566),(1567,1568,1569),(1570,1571,1572),(1573,1574,1575),(1576,1577,1578),(1579,1580,1581),(1582,1583,1584),(1585,1586,1587),(1588,1589,1590),(1591,1592,1593),(1594,1595,1596),(1597,1598,1599),(1600,1601,1602),(1603,1604,1605),(1606,1607,1608),(1609,1610,1611),(1612,1613,1614),(1615,1616,1617),(1618,1619,1620),(1621,1622,1623),(1624,1625,1626),(1627,1628,1629),(1630,1631,1632),(1633,1634,1635),(1636,1637,1638),(1639,1640,1641),(1642,1643,1644),(1645,1646,1647),(1648,1649,1650),(1651,1652,1653),(1654,1655,1656),(1657,1658,1659),(1660,1661,1662),(1663,1664,1665),(1666,1667,1668),(1669,1670,1671),(1672,1673,1674),(1675,1676,1677),(1678,1679,1680),(1681,1682,1683),(1684,1685,1686),(1687,1688,1689),(1690,1691,1692),(1693,1694,1695),(1696,1697,1698),(1699,1700,1701),(1702,1703,1704),(1705,1706,1707),(1708,1709,1710),(1711,1712,1713),(1714,1715,1716),(1717,1718,1719),(1720,1721,1722),(1723,1724,1725),(1726,1727,1728),(1729,1730,1731),(1732,1733,1734),(1735,1736,1737),(1738,1739,1740),(1741,1742,1743),(1744,1745,1746),(1747,1748,1749),(1750,1751,1752),(1753,1754,1755),(1756,1757,1758),(1759,1760,1761),(1762,1763,1764),(1765,1766,1767),(1768,1769,1770),(1771,1772,1773),(1774,1775,1776),(1777,1778,1779),(1780,1781,1782),(1783,1784,1785),(1786,1787,1788),(1789,1790,1791),(1792,1793,1794),(1795,1796,1797),(1798,1799,1800),(1801,1802,1803),(1804,1805,1806),(1807,1808,1809),(1810,1811,1812),(1813,1814,1815),(1816,1817,1818),(1819,1820,1821),(1822,1823,1824),(1825,1826,1827),(1828,1829,1830),(1831,1832,1833),(1834,1835,1836),(1837,1838,1839),(1840,1841,1842),(1843,1844,1845),(1846,1847,1848),(1849,1850,1851),(1852,1853,1854),(1855,1856,1857),(1858,1859,1860),(1861,1862,1863),(1864,1865,1866),(1867,1868,1869),(1870,1871,1872),(1873,1874,1875),(1876,1877,1878),(1879,1880,1881),(1882,1883,1884),(1885,1886,1887),(1888,1889,1890),(1891,1892,1893),(1894,1895,1896),(1897,1898,1899),(1900,1901,1902),(1903,1904,1905),(1906,1907,1908),(1909,1910,1911),(1912,1913,1914),(1915,1916,1917),(1918,1919,1920),(1921,1922,1923),(1924,1925,1926),(1927,1928,1929),(1930,1931,1932),(1933,1934,1935),(1936,1937,1938),(1939,1940,1941),(1942,1943,1944),(1945,1946,1947),(1948,1949,1950),(1951,1952,1953),(1954,1955,1956),(1957,1958,1959),(1960,1961,1962),(1963,1964,1965),(1966,1967,1968),(1969,1970,1971),(1972,1973,1974),(1975,1976,1977),(1978,1979,1980),(1981,1982,1983),(1984,1985,1986),(1987,1988,1989),(1990,1991,1992),(1993,1994,1995),(1996,1997,1998),(1999,2000,2001),(2002,2003,2004),(2005,2006,2007),(2008,2009,2010),(2011,2012,2013),(2014,2015,2016),(2017,2018,2019),(2020,2021,2022),(2023,2024,2025),(2026,2027,2028),(2029,2030,2031),(2032,2033,2034),(2035,2036,2037),(2038,2039,2040),(2041,2042,2043),(2044,2045,2046),(2047,2048,2049),(2050,2051,2052),(2053,2054,2055),(2056,2057,2058),(2059,2060,2061),(2062,2063,2064),(2065,2066,2067),(2068,2069,2070),(2071,2072,2073),(2074,2075,2076),(2077,2078,2079),(2080,2081,2082),(2083,2084,2085),(2086,2087,2088),(2089,2090,2091),(2092,2093,2094),(2095,2096,2097),(2098,2099,2100),(2101,2102,2103),(2104,2105,2106),(2107,2108,2109),(2110,2111,2112),(2113,2114,2115),(2116,2117,2118),(2119,2120,2121),(2122,2123,2124),(2125,2126,2127),(2128,2129,2130),(2131,2132,2133),(2134,2135,2136),(2137,2138,2139),(2140,2141,2142),(2143,2144,2145),(2146,2147,2148),(2149,2150,2151),(2152,2153,2154),(2155,2156,2157),(2158,2159,2160),(2161,2162,2163),(2164,2165,2166),(2167,2168,2169),(2170,2171,2172),(2173,2174,2175),(2176,2177,2178),(2179,2180,2181),(2182,2183,2184),(2185,2186,2187),(2188,2189,2190),(2191,2192,2193),(2194,2195,2196),(2197,2198,2199),(2200,2201,2202),(2203,2204,2205),(2206,2207,2208),(2209,2210,2211),(2212,2213,2214),(2215,2216,2217),(2218,2219,2220),(2221,2222,2223),(2224,2225,2226),(2227,2228,2229),(2230,2231,2232),(2233,2234,2235),(2236,2237,2238),(2239,2240,2241),(2242,2243,2244),(2245,2246,2247),(2248,2249,2250),(2251,2252,2253),(2254,2255,2256),(2257,2258,2259),(2260,2261,2262),(2263,2264,2265),(2266,2267,2268),(2269,2270,2271),(2272,2273,2274),(2275,2276,2277),(2278,2279,2280),(2281,2282,2283),(2284,2285,2286),(2287,2288,2289),(2290,2291,2292),(2293,2294,2295),(2296,2297,2298),(2299,2300,2301),(2302,2303,2304),(2305,2306,2307),(2308,2309,2310),(2311,2312,2313),(2314,2315,2316),(2317,2318,2319),(2320,2321,2322),(2323,2324,2325),(2326,2327,2328),(2329,2330,2331),(2332,2333,2334),(2335,2336,2337),(2338,2339,2340),(2341,2342,2343),(2344,2345,2346),(2347,2348,2349),(2350,2351,2352),(2353,2354,2355),(2356,2357,2358),(2359,2360,2361),(2362,2363,2364),(2365,2366,2367),(2368,2369,2370),(2371,2372,2373),(2374,2375,2376),(2377,2378,2379),(2380,2381,2382),(2383,2384,2385),(2386,2387,2388),(2389,2390,2391),(2392,2393,2394),(2395,2396,2397),(2398,2399,2400),(2401,2402,2403),(2404,2405,2406),(2407,2408,2409),(2410,2411,2412),(2413,2414,2415),(2416,2417,2418),(2419,2420,2421),(2422,2423,2424),(2425,2426,2427),(2428,2429,2430),(2431,2432,2433),(2434,2435,2436),(2437,2438,2439),(2440,2441,2442),(2443,2444,2445),(2446,2447,2448),(2449,2450,2451),(2452,2453,2454),(2455,2456,2457),(2458,2459,2460),(2461,2462,2463),(2464,2465,2466),(2467,2468,2469),(2470,2471,2472),(2473,2474,2475),(2476,2477,2478),(2479,2480,2481),(2482,2483,2484),(2485,2486,2487),(2488,2489,2490),(2491,2492,2493),(2494,2495,2496),(2497,2498,2499),(2500,2501,2502),(2503,2504,2505),(2506,2507,2508),(2509,2510,2511),(2512,2513,2514),(2515,2516,2517),(2518,2519,2520),(2521,2522,2523),(2524,2525,2526),(2527,2528,2529),(2530,2531,2532),(2533,2534,2535),(2536,2537,2538),(2539,2540,2541),(2542,2543,2544),(2545,2546,2547),(2548,2549,2550),(2551,2552,2553),(2554,2555,2556),(2557,2558,2559),(2560,2561,2562),(2563,2564,2565),(2566,2567,2568),(2569,2570,2571),(2572,2573,2574),(2575,2576,2577),(2578,2579,2580),(2581,2582,2583),(2584,2585,2586),(2587,2588,2589),(2590,2591,2592),(2593,2594,2595),(2596,2597,2598),(2599,2600,2601),(2602,2603,2604),(2605,2606,2607),(2608,2609,2610),(2611,2612,2613),(2614,2615,2616),(2617,2618,2619),(2620,2621,2622),(2623,2624,2625),(2626,2627,2628),(2629,2630,2631),(2632,2633,2634),(2635,2636,2637),(2638,2639,2640),(2641,2642,2643),(2644,2645,2646),(2647,2648,2649),(2650,2651,2652),(2653,2654,2655),(2656,2657,2658),(2659,2660,2661),(2662,2663,2664),(2665,2666,2667),(2668,2669,2670),(2671,2672,2673),(2674,2675,2676),(2677,2678,2679),(2680,2681,2682),(2683,2684,2685),(2686,2687,2688),(2689,2690,2691),(2692,2693,2694),(2695,2696,2697),(2698,2699,2700),(2701,2702,2703),(2704,2705,2706),(2707,2708,2709),(2710,2711,2712),(2713,2714,2715),(2716,2717,2718),(2719,2720,2721),(2722,2723,2724),(2725,2726,2727),(2728,2729,2730),(2731,2732,2733),(2734,2735,2736),(2737,2738,2739),(2740,2741,2742),(2743,2744,2745),(2746,2747,2748),(2749,2750,2751),(2752,2753,2754),(2755,2756,2757),(2758,2759,2760),(2761,2762,2763),(2764,2765,2766),(2767,2768,2769),(2770,2771,2772),(2773,2774,2775),(2776,2777,2778),(2779,2780,2781),(2782,2783,2784),(2785,2786,2787),(2788,2789,2790),(2791,2792,2793),(2794,2795,2796),(2797,2798,2799),(2800,2801,2802),(2803,2804,2805),(2806,2807,2808),(2809,2810,2811),(2812,2813,2814),(2815,2816,2817),(2818,2819,2820),(2821,2822,2823),(2824,2825,2826),(2827,2828,2829),(2830,2831,2832),(2833,2834,2835),(2836,2837,2838),(2839,2840,2841),(2842,2843,2844),(2845,2846,2847),(2848,2849,2850),(2851,2852,2853),(2854,2855,2856),(2857,2858,2859),(2860,2861,2862),(2863,2864,2865),(2866,2867,2868),(2869,2870,2871),(2872,2873,2874),(2875,2876,2877),(2878,2879,2880),(2881,2882,2883),(2884,2885,2886),(2887,2888,2889),(2890,2891,2892),(2893,2894,2895),(2896,2897,2898),(2899,2900,2901),(2902,2903,2904),(2905,2906,2907),(2908,2909,2910),(2911,2912,2913),(2914,2915,2916),(2917,2918,2919),(2920,2921,2922),(2923,2924,2925),(2926,2927,2928),(2929,2930,2931),(2932,2933,2934),(2935,2936,2937),(2938,2939,2940),(2941,2942,2943),(2944,2945,2946),(2947,2948,2949),(2950,2951,2952),(2953,2954,2955),(2956,2957,2958),(2959,2960,2961),(2962,2963,2964),(2965,2966,2967),(2968,2969,2970),(2971,2972,2973),(2974,2975,2976),(2977,2978,2979),(2980,2981,2982),(2983,2984,2985),(2986,2987,2988),(2989,2990,2991),(2992,2993,2994),(2995,2996,2997),(2998,2999,3000),(3001,3002,3003),(3004,3005,3006),(3007,3008,3009),(3010,3011,3012),(3013,3014,3015),(3016,3017,3018),(3019,3020,3021),(3022,3023,3024),(3025,3026,3027),(3028,3029,3030),(3031,3032,3033),(3034,3035,3036),(3037,3038,3039),(3040,3041,3042),(3043,3044,3045),(3046,3047,3048),(3049,3050,3051),(3052,3053,3054),(3055,3056,3057),(3058,3059,3060),(3061,3062,3063),(3064,3065,3066),(3067,3068,3069),(3070,3071,3072),(3073,3074,3075),(3076,3077,3078),(3079,3080,3081),(3082,3083,3084),(3085,3086,3087),(3088,3089,3090),(3091,3092,3093),(3094,3095,3096),(3097,3098,3099),(3100,3101,3102),(3103,3104,3105),(3106,3107,3108),(3109,3110,3111),(3112,3113,3114),(3115,3116,3117),(3118,3119,3120),(3121,3122,3123),(3124,3125,3126),(3127,3128,3129),(3130,3131,3132),(3133,3134,3135),(3136,3137,3138),(3139,3140,3141),(3142,3143,3144),(3145,3146,3147),(3148,3149,3150),(3151,3152,3153),(3154,3155,3156),(3157,3158,3159),(3160,3161,3162),(3163,3164,3165),(3166,3167,3168),(3169,3170,3171),(3172,3173,3174),(3175,3176,3177),(3178,3179,3180),(3181,3182,3183),(3184,3185,3186),(3187,3188,3189),(3190,3191,3192),(3193,3194,3195),(3196,3197,3198),(3199,3200,3201),(3202,3203,3204),(3205,3206,3207),(3208,3209,3210),(3211,3212,3213),(3214,3215,3216),(3217,3218,3219),(3220,3221,3222),(3223,3224,3225),(3226,3227,3228),(3229,3230,3231),(3232,3233,3234),(3235,3236,3237),(3238,3239,3240),(3241,3242,3243),(3244,3245,3246),(3247,3248,3249),(3250,3251,3252),(3253,3254,3255),(3256,3257,3258),(3259,3260,3261),(3262,3263,3264),(3265,3266,3267),(3268,3269,3270),(3271,3272,3273),(3274,3275,3276),(3277,3278,3279),(3280,3281,3282),(3283,3284,3285),(3286,3287,3288),(3289,3290,3291),(3292,3293,3294),(3295,3296,3297),(3298,3299,3300),(3301,3302,3303),(3304,3305,3306),(3307,3308,3309),(3310,3311,3312),(3313,3314,3315),(3316,3317,3318),(3319,3320,3321),(3322,3323,3324),(3325,3326,3327),(3328,3329,3330),(3331,3332,3333),(3334,3335,3336),(3337,3338,3339),(3340,3341,3342),(3343,3344,3345),(3346,3347,3348),(3349,3350,3351),(3352,3353,3354),(3355,3356,3357),(3358,3359,3360),(3361,3362,3363),(3364,3365,3366),(3367,3368,3369),(3370,3371,3372),(3373,3374,3375),(3376,3377,3378),(3379,3380,3381),(3382,3383,3384),(3385,3386,3387),(3388,3389,3390),(3391,3392,3393),(3394,3395,3396),(3397,3398,3399),(3400,3401,3402),(3403,3404,3405),(3406,3407,3408),(3409,3410,3411),(3412,3413,3414),(3415,3416,3417),(3418,3419,3420),(3421,3422,3423),(3424,3425,3426),(3427,3428,3429),(3430,3431,3432),(3433,3434,3435),(3436,3437,3438),(3439,3440,3441),(3442,3443,3444),(3445,3446,3447),(3448,3449,3450),(3451,3452,3453),(3454,3455,3456),(3457,3458,3459),(3460,3461,3462),(3463,3464,3465),(3466,3467,3468),(3469,3470,3471),(3472,3473,3474),(3475,3476,3477),(3478,3479,3480),(3481,3482,3483),(3484,3485,3486),(3487,3488,3489),(3490,3491,3492),(3493,3494,3495),(3496,3497,3498),(3499,3500,3501),(3502,3503,3504),(3505,3506,3507),(3508,3509,3510),(3511,3512,3513),(3514,3515,3516),(3517,3518,3519),(3520,3521,3522),(3523,3524,3525),(3526,3527,3528),(3529,3530,3531),(3532,3533,3534),(3535,3536,3537),(3538,3539,3540),(3541,3542,3543),(3544,3545,3546),(3547,3548,3549),(3550,3551,3552),(3553,3554,3555),(3556,3557,3558),(3559,3560,3561),(3562,3563,3564),(3565,3566,3567),(3568,3569,3570),(3571,3572,3573),(3574,3575,3576),(3577,3578,3579),(3580,3581,3582),(3583,3584,3585),(3586,3587,3588),(3589,3590,3591),(3592,3593,3594),(3595,3596,3597),(3598,3599,3600),(3601,3602,3603),(3604,3605,3606),(3607,3608,3609),(3610,3611,3612),(3613,3614,3615),(3616,3617,3618),(3619,3620,3621),(3622,3623,3624),(3625,3626,3627),(3628,3629,3630),(3631,3632,3633),(3634,3635,3636),(3637,3638,3639),(3640,3641,3642),(3643,3644,3645),(3646,3647,3648)));
#3847=TESSELLATED_GEOMETRIC_SET('hole callout',(#3846));
#3848=COORDINATES_LIST('coordinates',5,((0.0216179,-0.0050000,0.0205914),(0.0501132,-0.0050000,0.0205914),(0.0091179,-0.0050000,0.0130914),(0.0166179,-0.0050000,0.0205914),(0.0216179,-0.0050000,0.0205914)));
#3849=TESSELLATED_CURVE_SET('curve set',#3848,((1,2),(3,4,5)));
#3850=TESSELLATED_GEOMETRIC_SET('hole callout',(#3849));
#3851=TESSELLATED_ANNOTATION_OCCURRENCE('hole callout',(#3844),#3847);
#3852=TESSELLATED_ANNOTATION_OCCURRENCE('hole callout',(#3844),#3850);
#3853=DRAUGHTING_CALLOUT('hole callout',(#3851,#3852));
#3854=DRAUGHTING_MODEL_ITEM_ASSOCIATION('','',#3795,#3840,#3853);
#3855=DRAUGHTING_MODEL_ITEM_ASSOCIATION('','',#3803,#3840,#3853);
#3856=DRAUGHTING_MODEL_ITEM_ASSOCIATION('','',#3811,#3840,#3853);
#3857=DRAUGHTING_MODEL_ITEM_ASSOCIATION('','',#3770,#3840,#3853);
#3858=COMPOSITE_SHAPE_ASPECT('hole_callout.FWVHX9Xxz9lnVQK_2.JMD.1',$,#3760,$);
#3859=SHAPE_ASPECT('hole_callout.FWVHX9Xxz9lnVQK_2.JMD.1',$,#3760,.T.);
#3860=GEOMETRIC_ITEM_SPECIFIC_USAGE('','',#3859,#11,#1850);
#3861=SHAPE_ASPECT_RELATIONSHIP('','',#3858,#3859);
#3862=SHAPE_ASPECT('hole_callout.FWVHX9Xxz9lnVQK_2.JMD.1',$,#3760,.T.);
#3863=GEOMETRIC_ITEM_SPECIFIC_USAGE('','',#3862,#11,#1849);
#3864=SHAPE_ASPECT_RELATIONSHIP('','',#3858,#3862);
#3865=SHAPE_ASPECT('hole_callout.FWVHX9Xxz9lnVQK_2.JMD.1',$,#3760,.T.);
#3866=GEOMETRIC_ITEM_SPECIFIC_USAGE('','',#3865,#11,#1848);
#3867=SHAPE_ASPECT_RELATIONSHIP('','',#3858,#3865);
#3868=SHAPE_ASPECT('hole_callout.FWVHX9Xxz9lnVQK_2.JMD.1',$,#3760,.T.);
#3869=GEOMETRIC_ITEM_SPECIFIC_USAGE('','',#3868,#11,#1847);
#3870=SHAPE_ASPECT_RELATIONSHIP('','',#3858,#3868);
#3871=SHAPE_ASPECT('hole_callout.FWVHX9Xxz9lnVQK_2.JMD.1',$,#3760,.T.);
#3872=GEOMETRIC_ITEM_SPECIFIC_USAGE('','',#3871,#11,#1838);
#3873=SHAPE_ASPECT_RELATIONSHIP('','',#3858,#3871);
#3874=SHAPE_ASPECT('hole_callout.FWVHX9Xxz9lnVQK_2.JMD.1',$,#3760,.T.);
#3875=GEOMETRIC_ITEM_SPECIFIC_USAGE('','',#3874,#11,#1837);
#3876=SHAPE_ASPECT_RELATIONSHIP('','',#3858,#3874);
#3877=SHAPE_ASPECT('hole_callout.FWVHX9Xxz9lnVQK_2.JMD.1',$,#3760,.T.);
#3878=GEOMETRIC_ITEM_SPECIFIC_USAGE('','',#3877,#11,#1836);
#3879=SHAPE_ASPECT_RELATIONSHIP('','',#3858,#3877);
#3880=SHAPE_ASPECT('hole_callout.FWVHX9Xxz9lnVQK_2.JMD.1',$,#3760,.T.);
#3881=GEOMETRIC_ITEM_SPECIFIC_USAGE('','',#3880,#11,#1835);
#3882=SHAPE_ASPECT_RELATIONSHIP('','',#3858,#3880);
#3883=SHAPE_ASPECT('hole_callout.FWVHX9Xxz9lnVQK_2.JMD.1',$,#3760,.T.);
#3884=GEOMETRIC_ITEM_SPECIFIC_USAGE('','',#3883,#11,#1840);
#3885=SHAPE_ASPECT_RELATIONSHIP('','',#3858,#3883);
#3886=SHAPE_ASPECT('hole_callout.FWVHX9Xxz9lnVQK_2.JMD.1',$,#3760,.T.);
#3887=GEOMETRIC_ITEM_SPECIFIC_USAGE('','',#3886,#11,#1839);
#3888=SHAPE_ASPECT_RELATIONSHIP('','',#3858,#3886);
#3889=SHAPE_ASPECT('hole_callout.FWVHX9Xxz9lnVQK_2.JMD.1',$,#3760,.T.);
#3890=GEOMETRIC_ITEM_SPECIFIC_USAGE('','',#3889,#11,#1842);
#3891=SHAPE_ASPECT_RELATIONSHIP('','',#3858,#3889);
#3892=SHAPE_ASPECT('hole_callout.FWVHX9Xxz9lnVQK_2.JMD.1',$,#3760,.T.);
#3893=GEOMETRIC_ITEM_SPECIFIC_USAGE('','',#3892,#11,#1841);
#3894=SHAPE_ASPECT_RELATIONSHIP('','',#3858,#3892);
#3895=SHAPE_ASPECT('hole_callout.FWVHX9Xxz9lnVQK_2.JMD.1',$,#3760,.T.);
#3896=GEOMETRIC_ITEM_SPECIFIC_USAGE('','',#3895,#11,#1844);
#3897=SHAPE_ASPECT_RELATIONSHIP('','',#3858,#3895);
#3898=SHAPE_ASPECT('hole_callout.FWVHX9Xxz9lnVQK_2.JMD.1',$,#3760,.T.);
#3899=GEOMETRIC_ITEM_SPECIFIC_USAGE('','',#3898,#11,#1843);
#3900=SHAPE_ASPECT_RELATIONSHIP('','',#3858,#3898);
#3901=SHAPE_ASPECT('hole_callout.FWVHX9Xxz9lnVQK_2.JMD.1',$,#3760,.T.);
#3902=GEOMETRIC_ITEM_SPECIFIC_USAGE('','',#3901,#11,#1846);
#3903=SHAPE_ASPECT_RELATIONSHIP('','',#3858,#3901);
#3904=SHAPE_ASPECT('hole_callout.FWVHX9Xxz9lnVQK_2.JMD.1',$,#3760,.T.);
#3905=GEOMETRIC_ITEM_SPECIFIC_USAGE('','',#3904,#11,#1845);
#3906=SHAPE_ASPECT_RELATIONSHIP('','',#3858,#3904);
#3907=DIMENSIONAL_SIZE(#3858,'depth');
#3908=(
LENGTH_UNIT()
NAMED_UNIT(*)
SI_UNIT(.MILLI.,.METRE.)
);
#3910=PRECISION_QUALIFIER(3);
#3909=(
LENGTH_MEASURE_WITH_UNIT()
MEASURE_REPRESENTATION_ITEM()
MEASURE_WITH_UNIT(POSITIVE_LENGTH_MEASURE(8.),#3908)
QUALIFIED_REPRESENTATION_ITEM((#3910))
REPRESENTATION_ITEM('nominal value')
);
#3911=COMPOUND_REPRESENTATION_ITEM('modifiers',SET_REPRESENTATION_ITEM((#3912)));
#3912=DESCRIPTIVE_REPRESENTATION_ITEM('dimensional note','depth');
#3913=SHAPE_DIMENSION_REPRESENTATION('',(#3909,#3911),#3755);
#3914=DIMENSIONAL_CHARACTERISTIC_REPRESENTATION(#3907,#3913);
#3915=DIMENSIONAL_SIZE(#3858,'diameter');
#3916=(
LENGTH_UNIT()
NAMED_UNIT(*)
SI_UNIT(.MILLI.,.METRE.)
);
#3918=PRECISION_QUALIFIER(3);
#3917=(
LENGTH_MEASURE_WITH_UNIT()
MEASURE_REPRESENTATION_ITEM()
MEASURE_WITH_UNIT(POSITIVE_LENGTH_MEASURE(1.7),#3916)
QUALIFIED_REPRESENTATION_ITEM((#3918))
REPRESENTATION_ITEM('nominal value')
);
#3919=COMPOUND_REPRESENTATION_ITEM('modifiers',SET_REPRESENTATION_ITEM((#3920)));
#3920=DESCRIPTIVE_REPRESENTATION_ITEM('dimensional note','diameter');
#3921=SHAPE_DIMENSION_REPRESENTATION('',(#3917,#3919),#3755);
#3922=DIMENSIONAL_CHARACTERISTIC_REPRESENTATION(#3915,#3921);
#3923=PRESENTATION_STYLE_ASSIGNMENT((NULL_STYLE(.NULL.)));
#3924=CARTESIAN_POINT('',(0.00855,-0.0213,0.03));
#3925=DIRECTION('',(0.,-1.,0.));
#3926=DIRECTION('',(1.,0.,0.));
#3927=AXIS2_PLACEMENT_3D('',#3924,#3925,#3926);
#3928=PLANE('',#3927);
#3929=ANNOTATION_PLANE('',(#3923),#3928,(#3955));
#3930=CARTESIAN_POINT('',(0.,0.,0.));
#3931=DIRECTION('',(0.,0.,1.));
#3932=DIRECTION('',(1.,0.,0.));
#3933=AXIS2_PLACEMENT_3D('',#3930,#3931,#3932);
#3934=CARTESIAN_POINT('',(0.,0.,0.));
#3935=DIRECTION('',(0.,0.,1.));
#3936=DIRECTION('',(1.,0.,0.));
#3937=AXIS2_PLACEMENT_3D('',#3934,#3935,#3936);
#3938=SHAPE_REPRESENTATION('',(#3937,#1892),#3755);
#3939=REPRESENTATION_MAP(#3933,#3938);
#3940=MAPPED_ITEM('',#3939,#3933);
#3941=PRESENTATION_STYLE_ASSIGNMENT((NULL_STYLE(.NULL.)));
#3942=STYLED_ITEM('',(#3941),#3940);
#3943=DRAUGHTING_PRE_DEFINED_CURVE_FONT('continuous');
#3944=COLOUR_RGB('',0.,0.,0.);
#3945=CURVE_STYLE('',#3943,POSITIVE_LENGTH_MEASURE(0.02),#3944);
#3946=PRESENTATION_STYLE_ASSIGNMENT((#3945));
#3947=COORDINATES_LIST('coordinates',1449,((0.0091510,-0.0213000,0.0306010),(0.0105653,-0.0213000,0.0334295),(0.0119795,-0.0213000,0.0320153),(0.0179171,-0.0213000,0.0358348),(0.0180141,-0.0213000,0.0357941),(0.0181121,-0.0213000,0.0357588),(0.0179171,-0.0213000,0.0358348),(0.0181121,-0.0213000,0.0357588),(0.0182111,-0.0213000,0.0357290),(0.0179171,-0.0213000,0.0358348),(0.0182111,-0.0213000,0.0357290),(0.0183110,-0.0213000,0.0357046),(0.0179171,-0.0213000,0.0358348),(0.0183110,-0.0213000,0.0357046),(0.0184119,-0.0213000,0.0356856),(0.0179171,-0.0213000,0.0358348),(0.0184119,-0.0213000,0.0356856),(0.0185138,-0.0213000,0.0356721),(0.0179171,-0.0213000,0.0358348),(0.0185138,-0.0213000,0.0356721),(0.0186166,-0.0213000,0.0356639),(0.0179171,-0.0213000,0.0358348),(0.0186166,-0.0213000,0.0356639),(0.0187203,-0.0213000,0.0356612),(0.0179171,-0.0213000,0.0358348),(0.0187203,-0.0213000,0.0356612),(0.0188561,-0.0213000,0.0356655),(0.0179171,-0.0213000,0.0358348),(0.0188561,-0.0213000,0.0356655),(0.0189894,-0.0213000,0.0356785),(0.0179171,-0.0213000,0.0358348),(0.0189894,-0.0213000,0.0356785),(0.0191200,-0.0213000,0.0357001),(0.0179171,-0.0213000,0.0358348),(0.0191200,-0.0213000,0.0357001),(0.0192482,-0.0213000,0.0357303),(0.0179171,-0.0213000,0.0358348),(0.0192482,-0.0213000,0.0357303),(0.0193738,-0.0213000,0.0357691),(0.0179171,-0.0213000,0.0358348),(0.0193738,-0.0213000,0.0357691),(0.0194968,-0.0213000,0.0358166),(0.0179171,-0.0213000,0.0358348),(0.0194968,-0.0213000,0.0358166),(0.0196173,-0.0213000,0.0358727),(0.0179171,-0.0213000,0.0358348),(0.0196173,-0.0213000,0.0358727),(0.0197353,-0.0213000,0.0359374),(0.0179171,-0.0213000,0.0358348),(0.0197353,-0.0213000,0.0359374),(0.0198489,-0.0213000,0.0360098),(0.0179171,-0.0213000,0.0358348),(0.0198489,-0.0213000,0.0360098),(0.0199562,-0.0213000,0.0360884),(0.0179171,-0.0213000,0.0358348),(0.0199562,-0.0213000,0.0360884),(0.0200573,-0.0213000,0.0361731),(0.0179171,-0.0213000,0.0358348),(0.0200573,-0.0213000,0.0361731),(0.0201523,-0.0213000,0.0362639),(0.0179171,-0.0213000,0.0358348),(0.0201523,-0.0213000,0.0362639),(0.0202410,-0.0213000,0.0363609),(0.0202410,-0.0213000,0.0363609),(0.0203235,-0.0213000,0.0364641),(0.0203997,-0.0213000,0.0365734),(0.0202410,-0.0213000,0.0363609),(0.0203997,-0.0213000,0.0365734),(0.0204698,-0.0213000,0.0366888),(0.0202410,-0.0213000,0.0363609),(0.0204698,-0.0213000,0.0366888),(0.0205328,-0.0213000,0.0368086),(0.0202410,-0.0213000,0.0363609),(0.0205328,-0.0213000,0.0368086),(0.0205874,-0.0213000,0.0369309),(0.0202410,-0.0213000,0.0363609),(0.0205874,-0.0213000,0.0369309),(0.0206336,-0.0213000,0.0370556),(0.0202410,-0.0213000,0.0363609),(0.0206336,-0.0213000,0.0370556),(0.0206714,-0.0213000,0.0371828),(0.0202410,-0.0213000,0.0363609),(0.0206714,-0.0213000,0.0371828),(0.0207008,-0.0213000,0.0373125),(0.0202410,-0.0213000,0.0363609),(0.0207008,-0.0213000,0.0373125),(0.0207218,-0.0213000,0.0374447),(0.0202410,-0.0213000,0.0363609),(0.0207218,-0.0213000,0.0374447),(0.0207344,-0.0213000,0.0375794),(0.0202410,-0.0213000,0.0363609),(0.0207344,-0.0213000,0.0375794),(0.0207386,-0.0213000,0.0377165),(0.0202410,-0.0213000,0.0363609),(0.0207386,-0.0213000,0.0377165),(0.0207344,-0.0213000,0.0378481),(0.0202410,-0.0213000,0.0363609),(0.0207344,-0.0213000,0.0378481),(0.0207218,-0.0213000,0.0379790),(0.0202410,-0.0213000,0.0363609),(0.0207218,-0.0213000,0.0379790),(0.0207008,-0.0213000,0.0381090),(0.0202410,-0.0213000,0.0363609),(0.0207008,-0.0213000,0.0381090),(0.0206714,-0.0213000,0.0382382),(0.0202410,-0.0213000,0.0363609),(0.0206714,-0.0213000,0.0382382),(0.0206336,-0.0213000,0.0383667),(0.0202410,-0.0213000,0.0363609),(0.0206336,-0.0213000,0.0383667),(0.0205874,-0.0213000,0.0384944),(0.0205874,-0.0213000,0.0384944),(0.0201956,-0.0213000,0.0383529),(0.0202322,-0.0213000,0.0382550),(0.0205874,-0.0213000,0.0384944),(0.0202322,-0.0213000,0.0382550),(0.0202621,-0.0213000,0.0381538),(0.0205874,-0.0213000,0.0384944),(0.0202621,-0.0213000,0.0381538),(0.0202853,-0.0213000,0.0380494),(0.0205874,-0.0213000,0.0384944),(0.0202853,-0.0213000,0.0380494),(0.0203020,-0.0213000,0.0379417),(0.0205874,-0.0213000,0.0384944),(0.0203020,-0.0213000,0.0379417),(0.0203119,-0.0213000,0.0378307),(0.0205874,-0.0213000,0.0384944),(0.0203119,-0.0213000,0.0378307),(0.0203152,-0.0213000,0.0377165),(0.0205874,-0.0213000,0.0384944),(0.0203152,-0.0213000,0.0377165),(0.0203119,-0.0213000,0.0376065),(0.0202410,-0.0213000,0.0363609),(0.0205874,-0.0213000,0.0384944),(0.0203119,-0.0213000,0.0376065),(0.0202410,-0.0213000,0.0363609),(0.0203119,-0.0213000,0.0376065),(0.0203018,-0.0213000,0.0374986),(0.0202410,-0.0213000,0.0363609),(0.0203018,-0.0213000,0.0374986),(0.0202850,-0.0213000,0.0373929),(0.0202410,-0.0213000,0.0363609),(0.0202850,-0.0213000,0.0373929),(0.0202615,-0.0213000,0.0372895),(0.0202410,-0.0213000,0.0363609),(0.0202615,-0.0213000,0.0372895),(0.0202313,-0.0213000,0.0371882),(0.0202410,-0.0213000,0.0363609),(0.0202313,-0.0213000,0.0371882),(0.0201944,-0.0213000,0.0370890),(0.0202410,-0.0213000,0.0363609),(0.0201944,-0.0213000,0.0370890),(0.0201508,-0.0213000,0.0369921),(0.0202410,-0.0213000,0.0363609),(0.0201508,-0.0213000,0.0369921),(0.0201004,-0.0213000,0.0368973),(0.0202410,-0.0213000,0.0363609),(0.0201004,-0.0213000,0.0368973),(0.0200446,-0.0213000,0.0368061),(0.0202410,-0.0213000,0.0363609),(0.0200446,-0.0213000,0.0368061),(0.0199839,-0.0213000,0.0367198),(0.0202410,-0.0213000,0.0363609),(0.0199839,-0.0213000,0.0367198),(0.0199185,-0.0213000,0.0366384),(0.0202410,-0.0213000,0.0363609),(0.0199185,-0.0213000,0.0366384),(0.0198483,-0.0213000,0.0365618),(0.0202410,-0.0213000,0.0363609),(0.0198483,-0.0213000,0.0365618),(0.0197732,-0.0213000,0.0364902),(0.0202410,-0.0213000,0.0363609),(0.0197732,-0.0213000,0.0364902),(0.0196934,-0.0213000,0.0364235),(0.0202410,-0.0213000,0.0363609),(0.0196934,-0.0213000,0.0364235),(0.0196088,-0.0213000,0.0363616),(0.0202410,-0.0213000,0.0363609),(0.0196088,-0.0213000,0.0363616),(0.0195194,-0.0213000,0.0363047),(0.0202410,-0.0213000,0.0363609),(0.0195194,-0.0213000,0.0363047),(0.0194268,-0.0213000,0.0362536),(0.0202410,-0.0213000,0.0363609),(0.0194268,-0.0213000,0.0362536),(0.0193321,-0.0213000,0.0362093),(0.0202410,-0.0213000,0.0363609),(0.0193321,-0.0213000,0.0362093),(0.0192354,-0.0213000,0.0361718),(0.0202410,-0.0213000,0.0363609),(0.0192354,-0.0213000,0.0361718),(0.0191365,-0.0213000,0.0361412),(0.0179171,-0.0213000,0.0358348),(0.0202410,-0.0213000,0.0363609),(0.0191365,-0.0213000,0.0361412),(0.0179171,-0.0213000,0.0358348),(0.0191365,-0.0213000,0.0361412),(0.0190356,-0.0213000,0.0361173),(0.0179171,-0.0213000,0.0358348),(0.0190356,-0.0213000,0.0361173),(0.0189326,-0.0213000,0.0361003),(0.0179171,-0.0213000,0.0358348),(0.0189326,-0.0213000,0.0361003),(0.0188275,-0.0213000,0.0360901),(0.0179171,-0.0213000,0.0358348),(0.0188275,-0.0213000,0.0360901),(0.0187203,-0.0213000,0.0360867),(0.0179171,-0.0213000,0.0358348),(0.0187203,-0.0213000,0.0360867),(0.0185668,-0.0213000,0.0360937),(0.0179171,-0.0213000,0.0358348),(0.0185668,-0.0213000,0.0360937),(0.0184171,-0.0213000,0.0361150),(0.0179171,-0.0213000,0.0358348),(0.0184171,-0.0213000,0.0361150),(0.0182715,-0.0213000,0.0361504),(0.0179171,-0.0213000,0.0358348),(0.0182715,-0.0213000,0.0361504),(0.0181298,-0.0213000,0.0361999),(0.0179171,-0.0213000,0.0358348),(0.0181298,-0.0213000,0.0361999),(0.0197268,-0.0213000,0.0389833),(0.0173561,-0.0213000,0.0348600),(0.0179171,-0.0213000,0.0358348),(0.0197268,-0.0213000,0.0389833),(0.0201524,-0.0213000,0.0384475),(0.0201956,-0.0213000,0.0383529),(0.0205874,-0.0213000,0.0384944),(0.0201025,-0.0213000,0.0385388),(0.0201524,-0.0213000,0.0384475),(0.0205874,-0.0213000,0.0384944),(0.0200346,-0.0213000,0.0386428),(0.0201025,-0.0213000,0.0385388),(0.0205874,-0.0213000,0.0384944),(0.0199493,-0.0213000,0.0387515),(0.0200346,-0.0213000,0.0386428),(0.0205874,-0.0213000,0.0384944),(0.0199002,-0.0213000,0.0388077),(0.0199493,-0.0213000,0.0387515),(0.0205874,-0.0213000,0.0384944),(0.0198467,-0.0213000,0.0388650),(0.0199002,-0.0213000,0.0388077),(0.0205874,-0.0213000,0.0384944),(0.0197889,-0.0213000,0.0389236),(0.0198467,-0.0213000,0.0388650),(0.0205874,-0.0213000,0.0384944),(0.0197268,-0.0213000,0.0389833),(0.0197889,-0.0213000,0.0389236),(0.0205874,-0.0213000,0.0384944),(0.0197268,-0.0213000,0.0389833),(0.0205874,-0.0213000,0.0384944),(0.0205328,-0.0213000,0.0386212),(0.0197268,-0.0213000,0.0389833),(0.0205328,-0.0213000,0.0386212),(0.0204698,-0.0213000,0.0387473),(0.0197268,-0.0213000,0.0389833),(0.0204698,-0.0213000,0.0387473),(0.0204196,-0.0213000,0.0388340),(0.0197268,-0.0213000,0.0389833),(0.0204196,-0.0213000,0.0388340),(0.0203648,-0.0213000,0.0389174),(0.0197268,-0.0213000,0.0389833),(0.0203648,-0.0213000,0.0389174),(0.0203054,-0.0213000,0.0389975),(0.0197268,-0.0213000,0.0389833),(0.0203054,-0.0213000,0.0389975),(0.0202414,-0.0213000,0.0390743),(0.0197268,-0.0213000,0.0389833),(0.0202414,-0.0213000,0.0390743),(0.0201729,-0.0213000,0.0391478),(0.0197268,-0.0213000,0.0389833),(0.0201729,-0.0213000,0.0391478),(0.0200997,-0.0213000,0.0392180),(0.0197268,-0.0213000,0.0389833),(0.0200997,-0.0213000,0.0392180),(0.0200219,-0.0213000,0.0392849),(0.0197268,-0.0213000,0.0389833),(0.0200219,-0.0213000,0.0392849),(0.0199395,-0.0213000,0.0393484),(0.0197268,-0.0213000,0.0389833),(0.0199395,-0.0213000,0.0393484),(0.0204814,-0.0213000,0.0403009),(0.0173561,-0.0213000,0.0348600),(0.0197268,-0.0213000,0.0389833),(0.0204814,-0.0213000,0.0403009),(0.0173561,-0.0213000,0.0348600),(0.0204814,-0.0213000,0.0403009),(0.0205100,-0.0213000,0.0404047),(0.0173561,-0.0213000,0.0348600),(0.0205100,-0.0213000,0.0404047),(0.0205026,-0.0213000,0.0404650),(0.0173561,-0.0213000,0.0348600),(0.0205026,-0.0213000,0.0404650),(0.0204639,-0.0213000,0.0405401),(0.0173561,-0.0213000,0.0348600),(0.0204639,-0.0213000,0.0405401),(0.0203989,-0.0213000,0.0405941),(0.0173561,-0.0213000,0.0348600),(0.0203989,-0.0213000,0.0405941),(0.0202962,-0.0213000,0.0406248),(0.0173561,-0.0213000,0.0348600),(0.0202962,-0.0213000,0.0406248),(0.0202359,-0.0213000,0.0406174),(0.0173561,-0.0213000,0.0348600),(0.0202359,-0.0213000,0.0406174),(0.0201602,-0.0213000,0.0405788),(0.0173561,-0.0213000,0.0348600),(0.0201602,-0.0213000,0.0405788),(0.0201046,-0.0213000,0.0405137),(0.0173561,-0.0213000,0.0348600),(0.0201046,-0.0213000,0.0405137),(0.0195691,-0.0213000,0.0395855),(0.0195691,-0.0213000,0.0395855),(0.0194685,-0.0213000,0.0396299),(0.0193646,-0.0213000,0.0396684),(0.0195691,-0.0213000,0.0395855),(0.0193646,-0.0213000,0.0396684),(0.0192574,-0.0213000,0.0397009),(0.0195691,-0.0213000,0.0395855),(0.0192574,-0.0213000,0.0397009),(0.0191468,-0.0213000,0.0397276),(0.0195691,-0.0213000,0.0395855),(0.0191468,-0.0213000,0.0397276),(0.0190330,-0.0213000,0.0397483),(0.0195691,-0.0213000,0.0395855),(0.0190330,-0.0213000,0.0397483),(0.0189159,-0.0213000,0.0397631),(0.0195691,-0.0213000,0.0395855),(0.0189159,-0.0213000,0.0397631),(0.0187954,-0.0213000,0.0397720),(0.0195691,-0.0213000,0.0395855),(0.0187954,-0.0213000,0.0397720),(0.0186717,-0.0213000,0.0397749),(0.0195691,-0.0213000,0.0395855),(0.0186717,-0.0213000,0.0397749),(0.0185471,-0.0213000,0.0397706),(0.0195691,-0.0213000,0.0395855),(0.0185471,-0.0213000,0.0397706),(0.0184235,-0.0213000,0.0397576),(0.0195691,-0.0213000,0.0395855),(0.0184235,-0.0213000,0.0397576),(0.0183011,-0.0213000,0.0397360),(0.0195691,-0.0213000,0.0395855),(0.0183011,-0.0213000,0.0397360),(0.0181798,-0.0213000,0.0397056),(0.0195691,-0.0213000,0.0395855),(0.0181798,-0.0213000,0.0397056),(0.0180596,-0.0213000,0.0396666),(0.0195691,-0.0213000,0.0395855),(0.0180596,-0.0213000,0.0396666),(0.0179404,-0.0213000,0.0396190),(0.0195691,-0.0213000,0.0395855),(0.0179404,-0.0213000,0.0396190),(0.0178224,-0.0213000,0.0395627),(0.0195691,-0.0213000,0.0395855),(0.0178224,-0.0213000,0.0395627),(0.0177054,-0.0213000,0.0394977),(0.0195691,-0.0213000,0.0395855),(0.0177054,-0.0213000,0.0394977),(0.0175923,-0.0213000,0.0394255),(0.0195691,-0.0213000,0.0395855),(0.0175923,-0.0213000,0.0394255),(0.0174853,-0.0213000,0.0393471),(0.0195691,-0.0213000,0.0395855),(0.0174853,-0.0213000,0.0393471),(0.0173843,-0.0213000,0.0392625),(0.0195691,-0.0213000,0.0395855),(0.0173843,-0.0213000,0.0392625),(0.0172895,-0.0213000,0.0391717),(0.0195691,-0.0213000,0.0395855),(0.0172895,-0.0213000,0.0391717),(0.0172007,-0.0213000,0.0390747),(0.0172007,-0.0213000,0.0390747),(0.0171180,-0.0213000,0.0389714),(0.0170414,-0.0213000,0.0388619),(0.0172007,-0.0213000,0.0390747),(0.0170414,-0.0213000,0.0388619),(0.0169709,-0.0213000,0.0387462),(0.0172007,-0.0213000,0.0390747),(0.0169709,-0.0213000,0.0387462),(0.0169077,-0.0213000,0.0386264),(0.0172007,-0.0213000,0.0390747),(0.0169077,-0.0213000,0.0386264),(0.0168528,-0.0213000,0.0385041),(0.0172007,-0.0213000,0.0390747),(0.0168528,-0.0213000,0.0385041),(0.0168065,-0.0213000,0.0383792),(0.0172007,-0.0213000,0.0390747),(0.0168065,-0.0213000,0.0383792),(0.0167685,-0.0213000,0.0382517),(0.0172007,-0.0213000,0.0390747),(0.0167685,-0.0213000,0.0382517),(0.0167390,-0.0213000,0.0381217),(0.0172007,-0.0213000,0.0390747),(0.0167390,-0.0213000,0.0381217),(0.0167179,-0.0213000,0.0379892),(0.0172007,-0.0213000,0.0390747),(0.0167179,-0.0213000,0.0379892),(0.0167053,-0.0213000,0.0378541),(0.0172007,-0.0213000,0.0390747),(0.0167053,-0.0213000,0.0378541),(0.0167010,-0.0213000,0.0377165),(0.0172007,-0.0213000,0.0390747),(0.0167010,-0.0213000,0.0377165),(0.0167052,-0.0213000,0.0375784),(0.0172007,-0.0213000,0.0390747),(0.0167052,-0.0213000,0.0375784),(0.0167178,-0.0213000,0.0374431),(0.0172007,-0.0213000,0.0390747),(0.0167178,-0.0213000,0.0374431),(0.0167388,-0.0213000,0.0373105),(0.0172007,-0.0213000,0.0390747),(0.0167388,-0.0213000,0.0373105),(0.0167682,-0.0213000,0.0371807),(0.0172007,-0.0213000,0.0390747),(0.0167682,-0.0213000,0.0371807),(0.0168060,-0.0213000,0.0370536),(0.0172007,-0.0213000,0.0390747),(0.0168060,-0.0213000,0.0370536),(0.0168523,-0.0213000,0.0369293),(0.0172007,-0.0213000,0.0390747),(0.0168523,-0.0213000,0.0369293),(0.0169069,-0.0213000,0.0368077),(0.0172007,-0.0213000,0.0390747),(0.0169069,-0.0213000,0.0368077),(0.0169699,-0.0213000,0.0366888),(0.0169699,-0.0213000,0.0366888),(0.0173382,-0.0213000,0.0368973),(0.0172888,-0.0213000,0.0369921),(0.0169699,-0.0213000,0.0366888),(0.0172888,-0.0213000,0.0369921),(0.0172460,-0.0213000,0.0370890),(0.0169699,-0.0213000,0.0366888),(0.0172460,-0.0213000,0.0370890),(0.0172098,-0.0213000,0.0371880),(0.0169699,-0.0213000,0.0366888),(0.0172098,-0.0213000,0.0371880),(0.0171802,-0.0213000,0.0372892),(0.0169699,-0.0213000,0.0366888),(0.0171802,-0.0213000,0.0372892),(0.0171572,-0.0213000,0.0373925),(0.0169699,-0.0213000,0.0366888),(0.0171572,-0.0213000,0.0373925),(0.0171407,-0.0213000,0.0374980),(0.0169699,-0.0213000,0.0366888),(0.0171407,-0.0213000,0.0374980),(0.0171308,-0.0213000,0.0376056),(0.0169699,-0.0213000,0.0366888),(0.0171308,-0.0213000,0.0376056),(0.0171275,-0.0213000,0.0377154),(0.0169699,-0.0213000,0.0366888),(0.0171275,-0.0213000,0.0377154),(0.0171309,-0.0213000,0.0378253),(0.0172007,-0.0213000,0.0390747),(0.0169699,-0.0213000,0.0366888),(0.0171309,-0.0213000,0.0378253),(0.0172007,-0.0213000,0.0390747),(0.0171309,-0.0213000,0.0378253),(0.0171409,-0.0213000,0.0379330),(0.0172007,-0.0213000,0.0390747),(0.0171409,-0.0213000,0.0379330),(0.0171576,-0.0213000,0.0380386),(0.0172007,-0.0213000,0.0390747),(0.0171576,-0.0213000,0.0380386),(0.0171810,-0.0213000,0.0381422),(0.0172007,-0.0213000,0.0390747),(0.0171810,-0.0213000,0.0381422),(0.0172111,-0.0213000,0.0382437),(0.0172007,-0.0213000,0.0390747),(0.0172111,-0.0213000,0.0382437),(0.0172478,-0.0213000,0.0383431),(0.0172007,-0.0213000,0.0390747),(0.0172478,-0.0213000,0.0383431),(0.0172912,-0.0213000,0.0384404),(0.0172007,-0.0213000,0.0390747),(0.0172912,-0.0213000,0.0384404),(0.0173413,-0.0213000,0.0385356),(0.0172007,-0.0213000,0.0390747),(0.0173413,-0.0213000,0.0385356),(0.0173972,-0.0213000,0.0386276),(0.0172007,-0.0213000,0.0390747),(0.0173972,-0.0213000,0.0386276),(0.0174578,-0.0213000,0.0387145),(0.0172007,-0.0213000,0.0390747),(0.0174578,-0.0213000,0.0387145),(0.0175233,-0.0213000,0.0387964),(0.0172007,-0.0213000,0.0390747),(0.0175233,-0.0213000,0.0387964),(0.0175935,-0.0213000,0.0388732),(0.0172007,-0.0213000,0.0390747),(0.0175935,-0.0213000,0.0388732),(0.0176685,-0.0213000,0.0389451),(0.0172007,-0.0213000,0.0390747),(0.0176685,-0.0213000,0.0389451),(0.0177483,-0.0213000,0.0390119),(0.0172007,-0.0213000,0.0390747),(0.0177483,-0.0213000,0.0390119),(0.0178329,-0.0213000,0.0390737),(0.0172007,-0.0213000,0.0390747),(0.0178329,-0.0213000,0.0390737),(0.0179224,-0.0213000,0.0391304),(0.0172007,-0.0213000,0.0390747),(0.0179224,-0.0213000,0.0391304),(0.0180144,-0.0213000,0.0391815),(0.0172007,-0.0213000,0.0390747),(0.0180144,-0.0213000,0.0391815),(0.0181070,-0.0213000,0.0392258),(0.0172007,-0.0213000,0.0390747),(0.0181070,-0.0213000,0.0392258),(0.0182002,-0.0213000,0.0392633),(0.0172007,-0.0213000,0.0390747),(0.0182002,-0.0213000,0.0392633),(0.0182938,-0.0213000,0.0392939),(0.0172007,-0.0213000,0.0390747),(0.0182938,-0.0213000,0.0392939),(0.0183880,-0.0213000,0.0393178),(0.0195691,-0.0213000,0.0395855),(0.0172007,-0.0213000,0.0390747),(0.0183880,-0.0213000,0.0393178),(0.0195691,-0.0213000,0.0395855),(0.0183880,-0.0213000,0.0393178),(0.0184827,-0.0213000,0.0393348),(0.0195691,-0.0213000,0.0395855),(0.0184827,-0.0213000,0.0393348),(0.0185780,-0.0213000,0.0393450),(0.0195691,-0.0213000,0.0395855),(0.0185780,-0.0213000,0.0393450),(0.0186738,-0.0213000,0.0393484),(0.0195691,-0.0213000,0.0395855),(0.0186738,-0.0213000,0.0393484),(0.0186801,-0.0213000,0.0393484),(0.0195691,-0.0213000,0.0395855),(0.0186801,-0.0213000,0.0393484),(0.0187738,-0.0213000,0.0393464),(0.0195691,-0.0213000,0.0395855),(0.0187738,-0.0213000,0.0393464),(0.0188650,-0.0213000,0.0393401),(0.0195691,-0.0213000,0.0395855),(0.0188650,-0.0213000,0.0393401),(0.0189536,-0.0213000,0.0393297),(0.0195691,-0.0213000,0.0395855),(0.0189536,-0.0213000,0.0393297),(0.0190397,-0.0213000,0.0393151),(0.0195691,-0.0213000,0.0395855),(0.0190397,-0.0213000,0.0393151),(0.0191232,-0.0213000,0.0392964),(0.0195691,-0.0213000,0.0395855),(0.0191232,-0.0213000,0.0392964),(0.0192042,-0.0213000,0.0392734),(0.0195691,-0.0213000,0.0395855),(0.0192042,-0.0213000,0.0392734),(0.0192826,-0.0213000,0.0392463),(0.0195691,-0.0213000,0.0395855),(0.0192826,-0.0213000,0.0392463),(0.0193585,-0.0213000,0.0392151),(0.0173561,-0.0213000,0.0348600),(0.0195691,-0.0213000,0.0395855),(0.0193585,-0.0213000,0.0392151),(0.0173561,-0.0213000,0.0348600),(0.0193585,-0.0213000,0.0392151),(0.0177541,-0.0213000,0.0364200),(0.0173561,-0.0213000,0.0348600),(0.0177541,-0.0213000,0.0364200),(0.0176336,-0.0213000,0.0365229),(0.0173805,-0.0213000,0.0368281),(0.0173382,-0.0213000,0.0368973),(0.0169699,-0.0213000,0.0366888),(0.0174257,-0.0213000,0.0367615),(0.0173805,-0.0213000,0.0368281),(0.0169699,-0.0213000,0.0366888),(0.0175242,-0.0213000,0.0366367),(0.0174257,-0.0213000,0.0367615),(0.0169699,-0.0213000,0.0366888),(0.0176336,-0.0213000,0.0365229),(0.0175242,-0.0213000,0.0366367),(0.0169699,-0.0213000,0.0366888),(0.0176336,-0.0213000,0.0365229),(0.0169699,-0.0213000,0.0366888),(0.0170278,-0.0213000,0.0365938),(0.0176336,-0.0213000,0.0365229),(0.0170278,-0.0213000,0.0365938),(0.0170894,-0.0213000,0.0365028),(0.0176336,-0.0213000,0.0365229),(0.0170894,-0.0213000,0.0365028),(0.0171548,-0.0213000,0.0364160),(0.0176336,-0.0213000,0.0365229),(0.0171548,-0.0213000,0.0364160),(0.0172239,-0.0213000,0.0363332),(0.0176336,-0.0213000,0.0365229),(0.0172239,-0.0213000,0.0363332),(0.0172966,-0.0213000,0.0362546),(0.0176336,-0.0213000,0.0365229),(0.0172966,-0.0213000,0.0362546),(0.0173731,-0.0213000,0.0361801),(0.0176336,-0.0213000,0.0365229),(0.0173731,-0.0213000,0.0361801),(0.0174533,-0.0213000,0.0361096),(0.0176336,-0.0213000,0.0365229),(0.0174533,-0.0213000,0.0361096),(0.0175371,-0.0213000,0.0360433),(0.0173561,-0.0213000,0.0348600),(0.0176336,-0.0213000,0.0365229),(0.0175371,-0.0213000,0.0360433),(0.0173561,-0.0213000,0.0348600),(0.0175371,-0.0213000,0.0360433),(0.0169815,-0.0213000,0.0350728),(0.0173561,-0.0213000,0.0348600),(0.0169815,-0.0213000,0.0350728),(0.0169540,-0.0213000,0.0349712),(0.0173561,-0.0213000,0.0348600),(0.0169540,-0.0213000,0.0349712),(0.0169603,-0.0213000,0.0349108),(0.0173561,-0.0213000,0.0348600),(0.0169603,-0.0213000,0.0349108),(0.0169995,-0.0213000,0.0348339),(0.0173561,-0.0213000,0.0348600),(0.0169995,-0.0213000,0.0348339),(0.0170619,-0.0213000,0.0347786),(0.0173561,-0.0213000,0.0348600),(0.0170619,-0.0213000,0.0347786),(0.0171667,-0.0213000,0.0347510),(0.0173561,-0.0213000,0.0348600),(0.0171667,-0.0213000,0.0347510),(0.0172270,-0.0213000,0.0347584),(0.0173561,-0.0213000,0.0348600),(0.0172270,-0.0213000,0.0347584),(0.0172995,-0.0213000,0.0347939),(0.0264324,-0.0213000,0.0393442),(0.0256641,-0.0213000,0.0359755),(0.0256619,-0.0213000,0.0359268),(0.0264324,-0.0213000,0.0393442),(0.0256619,-0.0213000,0.0359268),(0.0256916,-0.0213000,0.0358178),(0.0264324,-0.0213000,0.0393442),(0.0256916,-0.0213000,0.0358178),(0.0257479,-0.0213000,0.0357557),(0.0264324,-0.0213000,0.0393442),(0.0257479,-0.0213000,0.0357557),(0.0258239,-0.0213000,0.0357215),(0.0264324,-0.0213000,0.0393442),(0.0258239,-0.0213000,0.0357215),(0.0258747,-0.0213000,0.0357184),(0.0264324,-0.0213000,0.0393442),(0.0258747,-0.0213000,0.0357184),(0.0259858,-0.0213000,0.0357490),(0.0264324,-0.0213000,0.0393442),(0.0259858,-0.0213000,0.0357490),(0.0260472,-0.0213000,0.0358065),(0.0264324,-0.0213000,0.0393442),(0.0260472,-0.0213000,0.0358065),(0.0260789,-0.0213000,0.0358856),(0.0264324,-0.0213000,0.0393442),(0.0260789,-0.0213000,0.0358856),(0.0269076,-0.0213000,0.0395114),(0.0250481,-0.0213000,0.0393442),(0.0264324,-0.0213000,0.0393442),(0.0269076,-0.0213000,0.0395114),(0.0250481,-0.0213000,0.0393442),(0.0269076,-0.0213000,0.0395114),(0.0269118,-0.0213000,0.0395622),(0.0250481,-0.0213000,0.0393442),(0.0269118,-0.0213000,0.0395622),(0.0268663,-0.0213000,0.0396913),(0.0250481,-0.0213000,0.0393442),(0.0268663,-0.0213000,0.0396913),(0.0267917,-0.0213000,0.0397509),(0.0250481,-0.0213000,0.0393442),(0.0267917,-0.0213000,0.0397509),(0.0266991,-0.0213000,0.0397707),(0.0250481,-0.0213000,0.0393442),(0.0266991,-0.0213000,0.0397707),(0.0250481,-0.0213000,0.0397707),(0.0250481,-0.0213000,0.0393442),(0.0250481,-0.0213000,0.0397707),(0.0249666,-0.0213000,0.0397548),(0.0250481,-0.0213000,0.0393442),(0.0249666,-0.0213000,0.0397548),(0.0248978,-0.0213000,0.0397072),(0.0250481,-0.0213000,0.0393442),(0.0248978,-0.0213000,0.0397072),(0.0248510,-0.0213000,0.0396387),(0.0250481,-0.0213000,0.0393442),(0.0248510,-0.0213000,0.0396387),(0.0248354,-0.0213000,0.0395580),(0.0250481,-0.0213000,0.0393442),(0.0248354,-0.0213000,0.0395580),(0.0248510,-0.0213000,0.0394770),(0.0250481,-0.0213000,0.0393442),(0.0248510,-0.0213000,0.0394770),(0.0248978,-0.0213000,0.0394077),(0.0250481,-0.0213000,0.0393442),(0.0248978,-0.0213000,0.0394077),(0.0249666,-0.0213000,0.0393601),(0.0225790,-0.0213000,0.0397771),(0.0224615,-0.0213000,0.0397305),(0.0218541,-0.0213000,0.0392288),(0.0225790,-0.0213000,0.0397771),(0.0218541,-0.0213000,0.0392288),(0.0217964,-0.0213000,0.0391611),(0.0225790,-0.0213000,0.0397771),(0.0217964,-0.0213000,0.0391611),(0.0217715,-0.0213000,0.0390891),(0.0225790,-0.0213000,0.0397771),(0.0217715,-0.0213000,0.0390891),(0.0217715,-0.0213000,0.0390553),(0.0225790,-0.0213000,0.0397771),(0.0217715,-0.0213000,0.0390553),(0.0218054,-0.0213000,0.0389272),(0.0225790,-0.0213000,0.0397771),(0.0218054,-0.0213000,0.0389272),(0.0218646,-0.0213000,0.0388703),(0.0225790,-0.0213000,0.0397771),(0.0218646,-0.0213000,0.0388703),(0.0219451,-0.0213000,0.0388415),(0.0225790,-0.0213000,0.0397771),(0.0219451,-0.0213000,0.0388415),(0.0219864,-0.0213000,0.0388394),(0.0225790,-0.0213000,0.0397771),(0.0219864,-0.0213000,0.0388394),(0.0221017,-0.0213000,0.0388764),(0.0225790,-0.0213000,0.0397771),(0.0221017,-0.0213000,0.0388764),(0.0223726,-0.0213000,0.0391156),(0.0225790,-0.0213000,0.0397771),(0.0223726,-0.0213000,0.0391156),(0.0223726,-0.0213000,0.0359300),(0.0225790,-0.0213000,0.0397771),(0.0223726,-0.0213000,0.0359300),(0.0223880,-0.0213000,0.0358480),(0.0225790,-0.0213000,0.0397771),(0.0223880,-0.0213000,0.0358480),(0.0224340,-0.0213000,0.0357797),(0.0225790,-0.0213000,0.0397771),(0.0224340,-0.0213000,0.0357797),(0.0225023,-0.0213000,0.0357337),(0.0225790,-0.0213000,0.0397771),(0.0225023,-0.0213000,0.0357337),(0.0225843,-0.0213000,0.0357184),(0.0225790,-0.0213000,0.0397771),(0.0225843,-0.0213000,0.0357184),(0.0226671,-0.0213000,0.0357337),(0.0225790,-0.0213000,0.0397771),(0.0226671,-0.0213000,0.0357337),(0.0227357,-0.0213000,0.0357797),(0.0225790,-0.0213000,0.0397771),(0.0227357,-0.0213000,0.0357797),(0.0227817,-0.0213000,0.0358480),(0.0225790,-0.0213000,0.0397771),(0.0227817,-0.0213000,0.0358480),(0.0227970,-0.0213000,0.0359300),(0.0225790,-0.0213000,0.0397771),(0.0227970,-0.0213000,0.0359300),(0.0227970,-0.0213000,0.0395569),(0.0225790,-0.0213000,0.0397771),(0.0227970,-0.0213000,0.0395569),(0.0227687,-0.0213000,0.0396702),(0.0225790,-0.0213000,0.0397771),(0.0227687,-0.0213000,0.0396702),(0.0226838,-0.0213000,0.0397453),(0.0237823,-0.0213000,0.0357488),(0.0238554,-0.0213000,0.0356422),(0.0239620,-0.0213000,0.0355691),(0.0237823,-0.0213000,0.0357488),(0.0239620,-0.0213000,0.0355691),(0.0240871,-0.0213000,0.0355448),(0.0237823,-0.0213000,0.0357488),(0.0240871,-0.0213000,0.0355448),(0.0242120,-0.0213000,0.0355691),(0.0237823,-0.0213000,0.0357488),(0.0242120,-0.0213000,0.0355691),(0.0243179,-0.0213000,0.0356422),(0.0237823,-0.0213000,0.0357488),(0.0243179,-0.0213000,0.0356422),(0.0243909,-0.0213000,0.0357488),(0.0237823,-0.0213000,0.0357488),(0.0243909,-0.0213000,0.0357488),(0.0244152,-0.0213000,0.0358739),(0.0237823,-0.0213000,0.0357488),(0.0244152,-0.0213000,0.0358739),(0.0243909,-0.0213000,0.0359991),(0.0237823,-0.0213000,0.0357488),(0.0243909,-0.0213000,0.0359991),(0.0243179,-0.0213000,0.0361057),(0.0237823,-0.0213000,0.0357488),(0.0243179,-0.0213000,0.0361057),(0.0242120,-0.0213000,0.0361787),(0.0237823,-0.0213000,0.0357488),(0.0242120,-0.0213000,0.0361787),(0.0240871,-0.0213000,0.0362031),(0.0237823,-0.0213000,0.0357488),(0.0240871,-0.0213000,0.0362031),(0.0239620,-0.0213000,0.0361787),(0.0237823,-0.0213000,0.0357488),(0.0239620,-0.0213000,0.0361787),(0.0238554,-0.0213000,0.0361057),(0.0237823,-0.0213000,0.0357488),(0.0238554,-0.0213000,0.0361057),(0.0237823,-0.0213000,0.0359991),(0.0237823,-0.0213000,0.0357488),(0.0237823,-0.0213000,0.0359991),(0.0237580,-0.0213000,0.0358739),(0.0343392,-0.0213000,0.0395282),(0.0342770,-0.0213000,0.0394622),(0.0342209,-0.0213000,0.0393896),(0.0343392,-0.0213000,0.0395282),(0.0342209,-0.0213000,0.0393896),(0.0341723,-0.0213000,0.0393125),(0.0343392,-0.0213000,0.0395282),(0.0341723,-0.0213000,0.0393125),(0.0341312,-0.0213000,0.0392308),(0.0343392,-0.0213000,0.0395282),(0.0341312,-0.0213000,0.0392308),(0.0340976,-0.0213000,0.0391447),(0.0343392,-0.0213000,0.0395282),(0.0340976,-0.0213000,0.0391447),(0.0340714,-0.0213000,0.0390541),(0.0343392,-0.0213000,0.0395282),(0.0340714,-0.0213000,0.0390541),(0.0340527,-0.0213000,0.0389590),(0.0343392,-0.0213000,0.0395282),(0.0340527,-0.0213000,0.0389590),(0.0340415,-0.0213000,0.0388594),(0.0343392,-0.0213000,0.0395282),(0.0340415,-0.0213000,0.0388594),(0.0340378,-0.0213000,0.0387552),(0.0343392,-0.0213000,0.0395282),(0.0340378,-0.0213000,0.0387552),(0.0340415,-0.0213000,0.0386510),(0.0343392,-0.0213000,0.0395282),(0.0340415,-0.0213000,0.0386510),(0.0340527,-0.0213000,0.0385507),(0.0343392,-0.0213000,0.0395282),(0.0340527,-0.0213000,0.0385507),(0.0340713,-0.0213000,0.0384541),(0.0343392,-0.0213000,0.0395282),(0.0340713,-0.0213000,0.0384541),(0.0340973,-0.0213000,0.0383613),(0.0343392,-0.0213000,0.0395282),(0.0340973,-0.0213000,0.0383613),(0.0341308,-0.0213000,0.0382723),(0.0343392,-0.0213000,0.0395282),(0.0341308,-0.0213000,0.0382723),(0.0341717,-0.0213000,0.0381871),(0.0341717,-0.0213000,0.0381871),(0.0345323,-0.0213000,0.0384092),(0.0344939,-0.0213000,0.0385118),(0.0341717,-0.0213000,0.0381871),(0.0344939,-0.0213000,0.0385118),(0.0344709,-0.0213000,0.0386272),(0.0343392,-0.0213000,0.0395282),(0.0341717,-0.0213000,0.0381871),(0.0344709,-0.0213000,0.0386272),(0.0343392,-0.0213000,0.0395282),(0.0344709,-0.0213000,0.0386272),(0.0344632,-0.0213000,0.0387552),(0.0343392,-0.0213000,0.0395282),(0.0344632,-0.0213000,0.0387552),(0.0344710,-0.0213000,0.0388807),(0.0343392,-0.0213000,0.0395282),(0.0344710,-0.0213000,0.0388807),(0.0344942,-0.0213000,0.0389915),(0.0343392,-0.0213000,0.0395282),(0.0344942,-0.0213000,0.0389915),(0.0345329,-0.0213000,0.0390876),(0.0343392,-0.0213000,0.0395282),(0.0345329,-0.0213000,0.0390876),(0.0345871,-0.0213000,0.0391691),(0.0343392,-0.0213000,0.0395282),(0.0345871,-0.0213000,0.0391691),(0.0346536,-0.0213000,0.0392339),(0.0343392,-0.0213000,0.0395282),(0.0346536,-0.0213000,0.0392339),(0.0347294,-0.0213000,0.0392802),(0.0343392,-0.0213000,0.0395282),(0.0347294,-0.0213000,0.0392802),(0.0348145,-0.0213000,0.0393080),(0.0343392,-0.0213000,0.0395282),(0.0348145,-0.0213000,0.0393080),(0.0349088,-0.0213000,0.0393172),(0.0343392,-0.0213000,0.0395282),(0.0349088,-0.0213000,0.0393172),(0.0350031,-0.0213000,0.0393080),(0.0343392,-0.0213000,0.0395282),(0.0350031,-0.0213000,0.0393080),(0.0350882,-0.0213000,0.0392802),(0.0345860,-0.0213000,0.0383192),(0.0345323,-0.0213000,0.0384092),(0.0341717,-0.0213000,0.0381871),(0.0346487,-0.0213000,0.0382544),(0.0345860,-0.0213000,0.0383192),(0.0341717,-0.0213000,0.0381871),(0.0347183,-0.0213000,0.0382081),(0.0346487,-0.0213000,0.0382544),(0.0341717,-0.0213000,0.0381871),(0.0347948,-0.0213000,0.0381803),(0.0347183,-0.0213000,0.0382081),(0.0341717,-0.0213000,0.0381871),(0.0348781,-0.0213000,0.0381710),(0.0347948,-0.0213000,0.0381803),(0.0341717,-0.0213000,0.0381871),(0.0348781,-0.0213000,0.0381710),(0.0341717,-0.0213000,0.0381871),(0.0342201,-0.0213000,0.0381057),(0.0349405,-0.0213000,0.0381710),(0.0348781,-0.0213000,0.0381710),(0.0342201,-0.0213000,0.0381057),(0.0349405,-0.0213000,0.0381710),(0.0342201,-0.0213000,0.0381057),(0.0342759,-0.0213000,0.0380282),(0.0350254,-0.0213000,0.0381803),(0.0349405,-0.0213000,0.0381710),(0.0342759,-0.0213000,0.0380282),(0.0350254,-0.0213000,0.0381803),(0.0342759,-0.0213000,0.0380282),(0.0343246,-0.0213000,0.0379795),(0.0350254,-0.0213000,0.0381803),(0.0343246,-0.0213000,0.0379795),(0.0342394,-0.0213000,0.0379033),(0.0350254,-0.0213000,0.0381803),(0.0342394,-0.0213000,0.0379033),(0.0341553,-0.0213000,0.0378102),(0.0351022,-0.0213000,0.0382081),(0.0350254,-0.0213000,0.0381803),(0.0341553,-0.0213000,0.0378102),(0.0351022,-0.0213000,0.0382081),(0.0341553,-0.0213000,0.0378102),(0.0340880,-0.0213000,0.0377178),(0.0351022,-0.0213000,0.0382081),(0.0340880,-0.0213000,0.0377178),(0.0340298,-0.0213000,0.0376202),(0.0351022,-0.0213000,0.0382081),(0.0340298,-0.0213000,0.0376202),(0.0339805,-0.0213000,0.0375173),(0.0351022,-0.0213000,0.0382081),(0.0339805,-0.0213000,0.0375173),(0.0339402,-0.0213000,0.0374090),(0.0351709,-0.0213000,0.0382544),(0.0351022,-0.0213000,0.0382081),(0.0339402,-0.0213000,0.0374090),(0.0351709,-0.0213000,0.0382544),(0.0339402,-0.0213000,0.0374090),(0.0339088,-0.0213000,0.0372955),(0.0351709,-0.0213000,0.0382544),(0.0339088,-0.0213000,0.0372955),(0.0338864,-0.0213000,0.0371767),(0.0351709,-0.0213000,0.0382544),(0.0338864,-0.0213000,0.0371767),(0.0338729,-0.0213000,0.0370527),(0.0351709,-0.0213000,0.0382544),(0.0338729,-0.0213000,0.0370527),(0.0338684,-0.0213000,0.0369233),(0.0338684,-0.0213000,0.0369233),(0.0338730,-0.0213000,0.0367952),(0.0338865,-0.0213000,0.0366724),(0.0338684,-0.0213000,0.0369233),(0.0338865,-0.0213000,0.0366724),(0.0339091,-0.0213000,0.0365548),(0.0338684,-0.0213000,0.0369233),(0.0339091,-0.0213000,0.0365548),(0.0339407,-0.0213000,0.0364425),(0.0338684,-0.0213000,0.0369233),(0.0339407,-0.0213000,0.0364425),(0.0339813,-0.0213000,0.0363355),(0.0338684,-0.0213000,0.0369233),(0.0339813,-0.0213000,0.0363355),(0.0340310,-0.0213000,0.0362337),(0.0338684,-0.0213000,0.0369233),(0.0340310,-0.0213000,0.0362337),(0.0340897,-0.0213000,0.0361372),(0.0338684,-0.0213000,0.0369233),(0.0340897,-0.0213000,0.0361372),(0.0341574,-0.0213000,0.0360459),(0.0338684,-0.0213000,0.0369233),(0.0341574,-0.0213000,0.0360459),(0.0342321,-0.0213000,0.0359636),(0.0338684,-0.0213000,0.0369233),(0.0342321,-0.0213000,0.0359636),(0.0343123,-0.0213000,0.0358922),(0.0338684,-0.0213000,0.0369233),(0.0343123,-0.0213000,0.0358922),(0.0343980,-0.0213000,0.0358318),(0.0338684,-0.0213000,0.0369233),(0.0343980,-0.0213000,0.0358318),(0.0344892,-0.0213000,0.0357824),(0.0338684,-0.0213000,0.0369233),(0.0344892,-0.0213000,0.0357824),(0.0345858,-0.0213000,0.0357440),(0.0338684,-0.0213000,0.0369233),(0.0345858,-0.0213000,0.0357440),(0.0346880,-0.0213000,0.0357165),(0.0338684,-0.0213000,0.0369233),(0.0346880,-0.0213000,0.0357165),(0.0347956,-0.0213000,0.0357000),(0.0338684,-0.0213000,0.0369233),(0.0347956,-0.0213000,0.0357000),(0.0349088,-0.0213000,0.0356945),(0.0338684,-0.0213000,0.0369233),(0.0349088,-0.0213000,0.0356945),(0.0350222,-0.0213000,0.0357000),(0.0350222,-0.0213000,0.0357000),(0.0351300,-0.0213000,0.0357165),(0.0352322,-0.0213000,0.0357440),(0.0350222,-0.0213000,0.0357000),(0.0352322,-0.0213000,0.0357440),(0.0353289,-0.0213000,0.0357824),(0.0350222,-0.0213000,0.0357000),(0.0353289,-0.0213000,0.0357824),(0.0354201,-0.0213000,0.0358318),(0.0350222,-0.0213000,0.0357000),(0.0354201,-0.0213000,0.0358318),(0.0355057,-0.0213000,0.0358922),(0.0350222,-0.0213000,0.0357000),(0.0355057,-0.0213000,0.0358922),(0.0355857,-0.0213000,0.0359636),(0.0350222,-0.0213000,0.0357000),(0.0355857,-0.0213000,0.0359636),(0.0356602,-0.0213000,0.0360459),(0.0350222,-0.0213000,0.0357000),(0.0356602,-0.0213000,0.0360459),(0.0357279,-0.0213000,0.0361372),(0.0350222,-0.0213000,0.0357000),(0.0357279,-0.0213000,0.0361372),(0.0357866,-0.0213000,0.0362337),(0.0350222,-0.0213000,0.0357000),(0.0357866,-0.0213000,0.0362337),(0.0358363,-0.0213000,0.0363355),(0.0350222,-0.0213000,0.0357000),(0.0358363,-0.0213000,0.0363355),(0.0358769,-0.0213000,0.0364425),(0.0350222,-0.0213000,0.0357000),(0.0358769,-0.0213000,0.0364425),(0.0359085,-0.0213000,0.0365548),(0.0350222,-0.0213000,0.0357000),(0.0359085,-0.0213000,0.0365548),(0.0359311,-0.0213000,0.0366724),(0.0350222,-0.0213000,0.0357000),(0.0359311,-0.0213000,0.0366724),(0.0359446,-0.0213000,0.0367952),(0.0350222,-0.0213000,0.0357000),(0.0359446,-0.0213000,0.0367952),(0.0359491,-0.0213000,0.0369233),(0.0350222,-0.0213000,0.0357000),(0.0359491,-0.0213000,0.0369233),(0.0359447,-0.0213000,0.0370527),(0.0350222,-0.0213000,0.0357000),(0.0359447,-0.0213000,0.0370527),(0.0359312,-0.0213000,0.0371767),(0.0350222,-0.0213000,0.0357000),(0.0359312,-0.0213000,0.0371767),(0.0359088,-0.0213000,0.0372955),(0.0359088,-0.0213000,0.0372955),(0.0358774,-0.0213000,0.0374090),(0.0358371,-0.0213000,0.0375173),(0.0359088,-0.0213000,0.0372955),(0.0358371,-0.0213000,0.0375173),(0.0357878,-0.0213000,0.0376202),(0.0359088,-0.0213000,0.0372955),(0.0357878,-0.0213000,0.0376202),(0.0354239,-0.0213000,0.0374005),(0.0359088,-0.0213000,0.0372955),(0.0354239,-0.0213000,0.0374005),(0.0354782,-0.0213000,0.0372596),(0.0359088,-0.0213000,0.0372955),(0.0354782,-0.0213000,0.0372596),(0.0355107,-0.0213000,0.0371005),(0.0359088,-0.0213000,0.0372955),(0.0355107,-0.0213000,0.0371005),(0.0355189,-0.0213000,0.0370141),(0.0359088,-0.0213000,0.0372955),(0.0355189,-0.0213000,0.0370141),(0.0355216,-0.0213000,0.0369233),(0.0359088,-0.0213000,0.0372955),(0.0355216,-0.0213000,0.0369233),(0.0355188,-0.0213000,0.0368326),(0.0359088,-0.0213000,0.0372955),(0.0355188,-0.0213000,0.0368326),(0.0355105,-0.0213000,0.0367468),(0.0359088,-0.0213000,0.0372955),(0.0355105,-0.0213000,0.0367468),(0.0354966,-0.0213000,0.0366659),(0.0359088,-0.0213000,0.0372955),(0.0354966,-0.0213000,0.0366659),(0.0354771,-0.0213000,0.0365899),(0.0359088,-0.0213000,0.0372955),(0.0354771,-0.0213000,0.0365899),(0.0354216,-0.0213000,0.0364526),(0.0350222,-0.0213000,0.0357000),(0.0359088,-0.0213000,0.0372955),(0.0354216,-0.0213000,0.0364526),(0.0350222,-0.0213000,0.0357000),(0.0354216,-0.0213000,0.0364526),(0.0353438,-0.0213000,0.0363348),(0.0350222,-0.0213000,0.0357000),(0.0353438,-0.0213000,0.0363348),(0.0352503,-0.0213000,0.0362408),(0.0350222,-0.0213000,0.0357000),(0.0352503,-0.0213000,0.0362408),(0.0351467,-0.0213000,0.0361737),(0.0350222,-0.0213000,0.0357000),(0.0351467,-0.0213000,0.0361737),(0.0350328,-0.0213000,0.0361334),(0.0350222,-0.0213000,0.0357000),(0.0350328,-0.0213000,0.0361334),(0.0349088,-0.0213000,0.0361200),(0.0350222,-0.0213000,0.0357000),(0.0349088,-0.0213000,0.0361200),(0.0347848,-0.0213000,0.0361334),(0.0350222,-0.0213000,0.0357000),(0.0347848,-0.0213000,0.0361334),(0.0346709,-0.0213000,0.0361737),(0.0350222,-0.0213000,0.0357000),(0.0346709,-0.0213000,0.0361737),(0.0345673,-0.0213000,0.0362408),(0.0338684,-0.0213000,0.0369233),(0.0350222,-0.0213000,0.0357000),(0.0345673,-0.0213000,0.0362408),(0.0338684,-0.0213000,0.0369233),(0.0345673,-0.0213000,0.0362408),(0.0344738,-0.0213000,0.0363348),(0.0338684,-0.0213000,0.0369233),(0.0344738,-0.0213000,0.0363348),(0.0343965,-0.0213000,0.0364526),(0.0338684,-0.0213000,0.0369233),(0.0343965,-0.0213000,0.0364526),(0.0343413,-0.0213000,0.0365899),(0.0338684,-0.0213000,0.0369233),(0.0343413,-0.0213000,0.0365899),(0.0343081,-0.0213000,0.0367468),(0.0338684,-0.0213000,0.0369233),(0.0343081,-0.0213000,0.0367468),(0.0342998,-0.0213000,0.0368326),(0.0338684,-0.0213000,0.0369233),(0.0342998,-0.0213000,0.0368326),(0.0342971,-0.0213000,0.0369233),(0.0338684,-0.0213000,0.0369233),(0.0342971,-0.0213000,0.0369233),(0.0342998,-0.0213000,0.0370141),(0.0338684,-0.0213000,0.0369233),(0.0342998,-0.0213000,0.0370141),(0.0343079,-0.0213000,0.0371005),(0.0338684,-0.0213000,0.0369233),(0.0343079,-0.0213000,0.0371005),(0.0343215,-0.0213000,0.0371823),(0.0338684,-0.0213000,0.0369233),(0.0343215,-0.0213000,0.0371823),(0.0343405,-0.0213000,0.0372596),(0.0338684,-0.0213000,0.0369233),(0.0343405,-0.0213000,0.0372596),(0.0343947,-0.0213000,0.0374005),(0.0338684,-0.0213000,0.0369233),(0.0343947,-0.0213000,0.0374005),(0.0344706,-0.0213000,0.0375233),(0.0338684,-0.0213000,0.0369233),(0.0344706,-0.0213000,0.0375233),(0.0345631,-0.0213000,0.0376206),(0.0351709,-0.0213000,0.0382544),(0.0338684,-0.0213000,0.0369233),(0.0345631,-0.0213000,0.0376206),(0.0351709,-0.0213000,0.0382544),(0.0345631,-0.0213000,0.0376206),(0.0346670,-0.0213000,0.0376900),(0.0352316,-0.0213000,0.0383192),(0.0351709,-0.0213000,0.0382544),(0.0346670,-0.0213000,0.0376900),(0.0352316,-0.0213000,0.0383192),(0.0346670,-0.0213000,0.0376900),(0.0347822,-0.0213000,0.0377317),(0.0352316,-0.0213000,0.0383192),(0.0347822,-0.0213000,0.0377317),(0.0349088,-0.0213000,0.0377456),(0.0352853,-0.0213000,0.0384092),(0.0352316,-0.0213000,0.0383192),(0.0349088,-0.0213000,0.0377456),(0.0352853,-0.0213000,0.0384092),(0.0349088,-0.0213000,0.0377456),(0.0350359,-0.0213000,0.0377317),(0.0353237,-0.0213000,0.0385118),(0.0352853,-0.0213000,0.0384092),(0.0350359,-0.0213000,0.0377317),(0.0353237,-0.0213000,0.0385118),(0.0350359,-0.0213000,0.0377317),(0.0351514,-0.0213000,0.0376900),(0.0353237,-0.0213000,0.0385118),(0.0351514,-0.0213000,0.0376900),(0.0352555,-0.0213000,0.0376206),(0.0353467,-0.0213000,0.0386272),(0.0353237,-0.0213000,0.0385118),(0.0352555,-0.0213000,0.0376206),(0.0353467,-0.0213000,0.0386272),(0.0352555,-0.0213000,0.0376206),(0.0353480,-0.0213000,0.0375233),(0.0353543,-0.0213000,0.0387552),(0.0353467,-0.0213000,0.0386272),(0.0353480,-0.0213000,0.0375233),(0.0353543,-0.0213000,0.0387552),(0.0353480,-0.0213000,0.0375233),(0.0354239,-0.0213000,0.0374005),(0.0354239,-0.0213000,0.0374005),(0.0357878,-0.0213000,0.0376202),(0.0357295,-0.0213000,0.0377178),(0.0354239,-0.0213000,0.0374005),(0.0357295,-0.0213000,0.0377178),(0.0356623,-0.0213000,0.0378102),(0.0354239,-0.0213000,0.0374005),(0.0356623,-0.0213000,0.0378102),(0.0355785,-0.0213000,0.0379033),(0.0354239,-0.0213000,0.0374005),(0.0355785,-0.0213000,0.0379033),(0.0354940,-0.0213000,0.0379795),(0.0353543,-0.0213000,0.0387552),(0.0354239,-0.0213000,0.0374005),(0.0354940,-0.0213000,0.0379795),(0.0353466,-0.0213000,0.0388807),(0.0353543,-0.0213000,0.0387552),(0.0354940,-0.0213000,0.0379795),(0.0353466,-0.0213000,0.0388807),(0.0354940,-0.0213000,0.0379795),(0.0355417,-0.0213000,0.0380282),(0.0353234,-0.0213000,0.0389915),(0.0353466,-0.0213000,0.0388807),(0.0355417,-0.0213000,0.0380282),(0.0353234,-0.0213000,0.0389915),(0.0355417,-0.0213000,0.0380282),(0.0355977,-0.0213000,0.0381057),(0.0353234,-0.0213000,0.0389915),(0.0355977,-0.0213000,0.0381057),(0.0356463,-0.0213000,0.0381871),(0.0353234,-0.0213000,0.0389915),(0.0356463,-0.0213000,0.0381871),(0.0356874,-0.0213000,0.0382723),(0.0352847,-0.0213000,0.0390876),(0.0353234,-0.0213000,0.0389915),(0.0356874,-0.0213000,0.0382723),(0.0352847,-0.0213000,0.0390876),(0.0356874,-0.0213000,0.0382723),(0.0357211,-0.0213000,0.0383613),(0.0352847,-0.0213000,0.0390876),(0.0357211,-0.0213000,0.0383613),(0.0357472,-0.0213000,0.0384541),(0.0352305,-0.0213000,0.0391691),(0.0352847,-0.0213000,0.0390876),(0.0357472,-0.0213000,0.0384541),(0.0352305,-0.0213000,0.0391691),(0.0357472,-0.0213000,0.0384541),(0.0357659,-0.0213000,0.0385507),(0.0352305,-0.0213000,0.0391691),(0.0357659,-0.0213000,0.0385507),(0.0357771,-0.0213000,0.0386510),(0.0351640,-0.0213000,0.0392339),(0.0352305,-0.0213000,0.0391691),(0.0357771,-0.0213000,0.0386510),(0.0351640,-0.0213000,0.0392339),(0.0357771,-0.0213000,0.0386510),(0.0357809,-0.0213000,0.0387552),(0.0351640,-0.0213000,0.0392339),(0.0357809,-0.0213000,0.0387552),(0.0357771,-0.0213000,0.0388594),(0.0351640,-0.0213000,0.0392339),(0.0357771,-0.0213000,0.0388594),(0.0357658,-0.0213000,0.0389590),(0.0350882,-0.0213000,0.0392802),(0.0351640,-0.0213000,0.0392339),(0.0357658,-0.0213000,0.0389590),(0.0350882,-0.0213000,0.0392802),(0.0357658,-0.0213000,0.0389590),(0.0357471,-0.0213000,0.0390541),(0.0350882,-0.0213000,0.0392802),(0.0357471,-0.0213000,0.0390541),(0.0357208,-0.0213000,0.0391447),(0.0343392,-0.0213000,0.0395282),(0.0350882,-0.0213000,0.0392802),(0.0357208,-0.0213000,0.0391447),(0.0343392,-0.0213000,0.0395282),(0.0357208,-0.0213000,0.0391447),(0.0356870,-0.0213000,0.0392308),(0.0343392,-0.0213000,0.0395282),(0.0356870,-0.0213000,0.0392308),(0.0356457,-0.0213000,0.0393125),(0.0343392,-0.0213000,0.0395282),(0.0356457,-0.0213000,0.0393125),(0.0355969,-0.0213000,0.0393896),(0.0343392,-0.0213000,0.0395282),(0.0355969,-0.0213000,0.0393896),(0.0355406,-0.0213000,0.0394622),(0.0343392,-0.0213000,0.0395282),(0.0355406,-0.0213000,0.0394622),(0.0354784,-0.0213000,0.0395282),(0.0343392,-0.0213000,0.0395282),(0.0354784,-0.0213000,0.0395282),(0.0354114,-0.0213000,0.0395854),(0.0343392,-0.0213000,0.0395282),(0.0354114,-0.0213000,0.0395854),(0.0353396,-0.0213000,0.0396338),(0.0343392,-0.0213000,0.0395282),(0.0353396,-0.0213000,0.0396338),(0.0352631,-0.0213000,0.0396733),(0.0343392,-0.0213000,0.0395282),(0.0352631,-0.0213000,0.0396733),(0.0351817,-0.0213000,0.0397041),(0.0343392,-0.0213000,0.0395282),(0.0351817,-0.0213000,0.0397041),(0.0350955,-0.0213000,0.0397261),(0.0343392,-0.0213000,0.0395282),(0.0350955,-0.0213000,0.0397261),(0.0350046,-0.0213000,0.0397393),(0.0343392,-0.0213000,0.0395282),(0.0350046,-0.0213000,0.0397393),(0.0349088,-0.0213000,0.0397437),(0.0343392,-0.0213000,0.0395282),(0.0349088,-0.0213000,0.0397437),(0.0348130,-0.0213000,0.0397393),(0.0343392,-0.0213000,0.0395282),(0.0348130,-0.0213000,0.0397393),(0.0347221,-0.0213000,0.0397261),(0.0343392,-0.0213000,0.0395282),(0.0347221,-0.0213000,0.0397261),(0.0346359,-0.0213000,0.0397041),(0.0343392,-0.0213000,0.0395282),(0.0346359,-0.0213000,0.0397041),(0.0345545,-0.0213000,0.0396733),(0.0343392,-0.0213000,0.0395282),(0.0345545,-0.0213000,0.0396733),(0.0344779,-0.0213000,0.0396338),(0.0343392,-0.0213000,0.0395282),(0.0344779,-0.0213000,0.0396338),(0.0344061,-0.0213000,0.0395854),(0.0306448,-0.0213000,0.0357686),(0.0307442,-0.0213000,0.0356596),(0.0308575,-0.0213000,0.0356321),(0.0306448,-0.0213000,0.0357686),(0.0308575,-0.0213000,0.0356321),(0.0309586,-0.0213000,0.0356575),(0.0306448,-0.0213000,0.0357686),(0.0309586,-0.0213000,0.0356575),(0.0310353,-0.0213000,0.0357337),(0.0306448,-0.0213000,0.0357686),(0.0310353,-0.0213000,0.0357337),(0.0310427,-0.0213000,0.0357401),(0.0306448,-0.0213000,0.0357686),(0.0310427,-0.0213000,0.0357401),(0.0322884,-0.0213000,0.0379075),(0.0306448,-0.0213000,0.0357686),(0.0322884,-0.0213000,0.0379075),(0.0323159,-0.0213000,0.0380144),(0.0306448,-0.0213000,0.0357686),(0.0323159,-0.0213000,0.0380144),(0.0322881,-0.0213000,0.0381237),(0.0306448,-0.0213000,0.0357686),(0.0322881,-0.0213000,0.0381237),(0.0322047,-0.0213000,0.0382017),(0.0306448,-0.0213000,0.0357686),(0.0322047,-0.0213000,0.0382017),(0.0320979,-0.0213000,0.0382314),(0.0306448,-0.0213000,0.0357686),(0.0320979,-0.0213000,0.0382314),(0.0319891,-0.0213000,0.0382036),(0.0306448,-0.0213000,0.0357686),(0.0319891,-0.0213000,0.0382036),(0.0319126,-0.0213000,0.0381202),(0.0306448,-0.0213000,0.0357686),(0.0319126,-0.0213000,0.0381202),(0.0310702,-0.0213000,0.0366545),(0.0306448,-0.0213000,0.0357686),(0.0310702,-0.0213000,0.0366545),(0.0310702,-0.0213000,0.0392622),(0.0310702,-0.0213000,0.0392622),(0.0326567,-0.0213000,0.0392622),(0.0327416,-0.0213000,0.0392781),(0.0310702,-0.0213000,0.0392622),(0.0327416,-0.0213000,0.0392781),(0.0328122,-0.0213000,0.0393257),(0.0310702,-0.0213000,0.0392622),(0.0328122,-0.0213000,0.0393257),(0.0328599,-0.0213000,0.0393953),(0.0310702,-0.0213000,0.0392622),(0.0328599,-0.0213000,0.0393953),(0.0328757,-0.0213000,0.0394770),(0.0310702,-0.0213000,0.0392622),(0.0328757,-0.0213000,0.0394770),(0.0328599,-0.0213000,0.0395590),(0.0310702,-0.0213000,0.0392622),(0.0328599,-0.0213000,0.0395590),(0.0328122,-0.0213000,0.0396294),(0.0310702,-0.0213000,0.0392622),(0.0328122,-0.0213000,0.0396294),(0.0327416,-0.0213000,0.0396786),(0.0310702,-0.0213000,0.0392622),(0.0327416,-0.0213000,0.0396786),(0.0326567,-0.0213000,0.0396950),(0.0310702,-0.0213000,0.0392622),(0.0326567,-0.0213000,0.0396950),(0.0308501,-0.0213000,0.0396950),(0.0306448,-0.0213000,0.0357686),(0.0310702,-0.0213000,0.0392622),(0.0308501,-0.0213000,0.0396950),(0.0308501,-0.0213000,0.0396950),(0.0290446,-0.0213000,0.0396950),(0.0289618,-0.0213000,0.0396786),(0.0308501,-0.0213000,0.0396950),(0.0289618,-0.0213000,0.0396786),(0.0288932,-0.0213000,0.0396294),(0.0308501,-0.0213000,0.0396950),(0.0288932,-0.0213000,0.0396294),(0.0288472,-0.0213000,0.0395590),(0.0308501,-0.0213000,0.0396950),(0.0288472,-0.0213000,0.0395590),(0.0288318,-0.0213000,0.0394770),(0.0308501,-0.0213000,0.0396950),(0.0288318,-0.0213000,0.0394770),(0.0288472,-0.0213000,0.0393953),(0.0308501,-0.0213000,0.0396950),(0.0288472,-0.0213000,0.0393953),(0.0288932,-0.0213000,0.0393257),(0.0308501,-0.0213000,0.0396950),(0.0288932,-0.0213000,0.0393257),(0.0289618,-0.0213000,0.0392781),(0.0308501,-0.0213000,0.0396950),(0.0289618,-0.0213000,0.0392781),(0.0290446,-0.0213000,0.0392622),(0.0308501,-0.0213000,0.0396950),(0.0290446,-0.0213000,0.0392622),(0.0306374,-0.0213000,0.0392622),(0.0306448,-0.0213000,0.0357686),(0.0308501,-0.0213000,0.0396950),(0.0306374,-0.0213000,0.0392622),(0.0306448,-0.0213000,0.0357686),(0.0306374,-0.0213000,0.0392622),(0.0306374,-0.0213000,0.0366502),(0.0306448,-0.0213000,0.0357686),(0.0306374,-0.0213000,0.0366502),(0.0297812,-0.0213000,0.0381393),(0.0306448,-0.0213000,0.0357686),(0.0297812,-0.0213000,0.0381393),(0.0297015,-0.0213000,0.0382187),(0.0306448,-0.0213000,0.0357686),(0.0297015,-0.0213000,0.0382187),(0.0295938,-0.0213000,0.0382451),(0.0306448,-0.0213000,0.0357686),(0.0295938,-0.0213000,0.0382451),(0.0294827,-0.0213000,0.0382176),(0.0306448,-0.0213000,0.0357686),(0.0294827,-0.0213000,0.0382176),(0.0294010,-0.0213000,0.0381380),(0.0306448,-0.0213000,0.0357686),(0.0294010,-0.0213000,0.0381380),(0.0293737,-0.0213000,0.0380282),(0.0306448,-0.0213000,0.0357686),(0.0293737,-0.0213000,0.0380282),(0.0294055,-0.0213000,0.0379192)));
#3948=COMPLEX_TRIANGULATED_SURFACE_SET('surface set',#3947,1449,(),(),(),((1,2,3),(4,5,6),(7,8,9),(10,11,12),(13,14,15),(16,17,18),(19,20,21),(22,23,24),(25,26,27),(28,29,30),(31,32,33),(34,35,36),(37,38,39),(40,41,42),(43,44,45),(46,47,48),(49,50,51),(52,53,54),(55,56,57),(58,59,60),(61,62,63),(64,65,66),(67,68,69),(70,71,72),(73,74,75),(76,77,78),(79,80,81),(82,83,84),(85,86,87),(88,89,90),(91,92,93),(94,95,96),(97,98,99),(100,101,102),(103,104,105),(106,107,108),(109,110,111),(112,113,114),(115,116,117),(118,119,120),(121,122,123),(124,125,126),(127,128,129),(130,131,132),(133,134,135),(136,137,138),(139,140,141),(142,143,144),(145,146,147),(148,149,150),(151,152,153),(154,155,156),(157,158,159),(160,161,162),(163,164,165),(166,167,168),(169,170,171),(172,173,174),(175,176,177),(178,179,180),(181,182,183),(184,185,186),(187,188,189),(190,191,192),(193,194,195),(196,197,198),(199,200,201),(202,203,204),(205,206,207),(208,209,210),(211,212,213),(214,215,216),(217,218,219),(220,221,222),(223,224,225),(226,227,228),(229,230,231),(232,233,234),(235,236,237),(238,239,240),(241,242,243),(244,245,246),(247,248,249),(250,251,252),(253,254,255),(256,257,258),(259,260,261),(262,263,264),(265,266,267),(268,269,270),(271,272,273),(274,275,276),(277,278,279),(280,281,282),(283,284,285),(286,287,288),(289,290,291),(292,293,294),(295,296,297),(298,299,300),(301,302,303),(304,305,306),(307,308,309),(310,311,312),(313,314,315),(316,317,318),(319,320,321),(322,323,324),(325,326,327),(328,329,330),(331,332,333),(334,335,336),(337,338,339),(340,341,342),(343,344,345),(346,347,348),(349,350,351),(352,353,354),(355,356,357),(358,359,360),(361,362,363),(364,365,366),(367,368,369),(370,371,372),(373,374,375),(376,377,378),(379,380,381),(382,383,384),(385,386,387),(388,389,390),(391,392,393),(394,395,396),(397,398,399),(400,401,402),(403,404,405),(406,407,408),(409,410,411),(412,413,414),(415,416,417),(418,419,420),(421,422,423),(424,425,426),(427,428,429),(430,431,432),(433,434,435),(436,437,438),(439,440,441),(442,443,444),(445,446,447),(448,449,450),(451,452,453),(454,455,456),(457,458,459),(460,461,462),(463,464,465),(466,467,468),(469,470,471),(472,473,474),(475,476,477),(478,479,480),(481,482,483),(484,485,486),(487,488,489),(490,491,492),(493,494,495),(496,497,498),(499,500,501),(502,503,504),(505,506,507),(508,509,510),(511,512,513),(514,515,516),(517,518,519),(520,521,522),(523,524,525),(526,527,528),(529,530,531),(532,533,534),(535,536,537),(538,539,540),(541,542,543),(544,545,546),(547,548,549),(550,551,552),(553,554,555),(556,557,558),(559,560,561),(562,563,564),(565,566,567),(568,569,570),(571,572,573),(574,575,576),(577,578,579),(580,581,582),(583,584,585),(586,587,588),(589,590,591),(592,593,594),(595,596,597),(598,599,600),(601,602,603),(604,605,606),(607,608,609),(610,611,612),(613,614,615),(616,617,618),(619,620,621),(622,623,624),(625,626,627),(628,629,630),(631,632,633),(634,635,636),(637,638,639),(640,641,642),(643,644,645),(646,647,648),(649,650,651),(652,653,654),(655,656,657),(658,659,660),(661,662,663),(664,665,666),(667,668,669),(670,671,672),(673,674,675),(676,677,678),(679,680,681),(682,683,684),(685,686,687),(688,689,690),(691,692,693),(694,695,696),(697,698,699),(700,701,702),(703,704,705),(706,707,708),(709,710,711),(712,713,714),(715,716,717),(718,719,720),(721,722,723),(724,725,726),(727,728,729),(730,731,732),(733,734,735),(736,737,738),(739,740,741),(742,743,744),(745,746,747),(748,749,750),(751,752,753),(754,755,756),(757,758,759),(760,761,762),(763,764,765),(766,767,768),(769,770,771),(772,773,774),(775,776,777),(778,779,780),(781,782,783),(784,785,786),(787,788,789),(790,791,792),(793,794,795),(796,797,798),(799,800,801),(802,803,804),(805,806,807),(808,809,810),(811,812,813),(814,815,816),(817,818,819),(820,821,822),(823,824,825),(826,827,828),(829,830,831),(832,833,834),(835,836,837),(838,839,840),(841,842,843),(844,845,846),(847,848,849),(850,851,852),(853,854,855),(856,857,858),(859,860,861),(862,863,864),(865,866,867),(868,869,870),(871,872,873),(874,875,876),(877,878,879),(880,881,882),(883,884,885),(886,887,888),(889,890,891),(892,893,894),(895,896,897),(898,899,900),(901,902,903),(904,905,906),(907,908,909),(910,911,912),(913,914,915),(916,917,918),(919,920,921),(922,923,924),(925,926,927),(928,929,930),(931,932,933),(934,935,936),(937,938,939),(940,941,942),(943,944,945),(946,947,948),(949,950,951),(952,953,954),(955,956,957),(958,959,960),(961,962,963),(964,965,966),(967,968,969),(970,971,972),(973,974,975),(976,977,978),(979,980,981),(982,983,984),(985,986,987),(988,989,990),(991,992,993),(994,995,996),(997,998,999),(1000,1001,1002),(1003,1004,1005),(1006,1007,1008),(1009,1010,1011),(1012,1013,1014),(1015,1016,1017),(1018,1019,1020),(1021,1022,1023),(1024,1025,1026),(1027,1028,1029),(1030,1031,1032),(1033,1034,1035),(1036,1037,1038),(1039,1040,1041),(1042,1043,1044),(1045,1046,1047),(1048,1049,1050),(1051,1052,1053),(1054,1055,1056),(1057,1058,1059),(1060,1061,1062),(1063,1064,1065),(1066,1067,1068),(1069,1070,1071),(1072,1073,1074),(1075,1076,1077),(1078,1079,1080),(1081,1082,1083),(1084,1085,1086),(1087,1088,1089),(1090,1091,1092),(1093,1094,1095),(1096,1097,1098),(1099,1100,1101),(1102,1103,1104),(1105,1106,1107),(1108,1109,1110),(1111,1112,1113),(1114,1115,1116),(1117,1118,1119),(1120,1121,1122),(1123,1124,1125),(1126,1127,1128),(1129,1130,1131),(1132,1133,1134),(1135,1136,1137),(1138,1139,1140),(1141,1142,1143),(1144,1145,1146),(1147,1148,1149),(1150,1151,1152),(1153,1154,1155),(1156,1157,1158),(1159,1160,1161),(1162,1163,1164),(1165,1166,1167),(1168,1169,1170),(1171,1172,1173),(1174,1175,1176),(1177,1178,1179),(1180,1181,1182),(1183,1184,1185),(1186,1187,1188),(1189,1190,1191),(1192,1193,1194),(1195,1196,1197),(1198,1199,1200),(1201,1202,1203),(1204,1205,1206),(1207,1208,1209),(1210,1211,1212),(1213,1214,1215),(1216,1217,1218),(1219,1220,1221),(1222,1223,1224),(1225,1226,1227),(1228,1229,1230),(1231,1232,1233),(1234,1235,1236),(1237,1238,1239),(1240,1241,1242),(1243,1244,1245),(1246,1247,1248),(1249,1250,1251),(1252,1253,1254),(1255,1256,1257),(1258,1259,1260),(1261,1262,1263),(1264,1265,1266),(1267,1268,1269),(1270,1271,1272),(1273,1274,1275),(1276,1277,1278),(1279,1280,1281),(1282,1283,1284),(1285,1286,1287),(1288,1289,1290),(1291,1292,1293),(1294,1295,1296),(1297,1298,1299),(1300,1301,1302),(1303,1304,1305),(1306,1307,1308),(1309,1310,1311),(1312,1313,1314),(1315,1316,1317),(1318,1319,1320),(1321,1322,1323),(1324,1325,1326),(1327,1328,1329),(1330,1331,1332),(1333,1334,1335),(1336,1337,1338),(1339,1340,1341),(1342,1343,1344),(1345,1346,1347),(1348,1349,1350),(1351,1352,1353),(1354,1355,1356),(1357,1358,1359),(1360,1361,1362),(1363,1364,1365),(1366,1367,1368),(1369,1370,1371),(1372,1373,1374),(1375,1376,1377),(1378,1379,1380),(1381,1382,1383),(1384,1385,1386),(1387,1388,1389),(1390,1391,1392),(1393,1394,1395),(1396,1397,1398),(1399,1400,1401),(1402,1403,1404),(1405,1406,1407),(1408,1409,1410),(1411,1412,1413),(1414,1415,1416),(1417,1418,1419),(1420,1421,1422),(1423,1424,1425),(1426,1427,1428),(1429,1430,1431),(1432,1433,1434),(1435,1436,1437),(1438,1439,1440),(1441,1442,1443),(1444,1445,1446),(1447,1448,1449)));
#3949=TESSELLATED_GEOMETRIC_SET('hole callout',(#3948));
#3950=COORDINATES_LIST('coordinates',5,((0.0167010,-0.0213000,0.0331510),(0.0365891,-0.0213000,0.0331510),(0.0091510,-0.0213000,0.0306010),(0.0117010,-0.0213000,0.0331510),(0.0167010,-0.0213000,0.0331510)));
#3951=TESSELLATED_CURVE_SET('curve set',#3950,((1,2),(3,4,5)));
#3952=TESSELLATED_GEOMETRIC_SET('hole callout',(#3951));
#3953=TESSELLATED_ANNOTATION_OCCURRENCE('hole callout',(#3946),#3949);
#3954=TESSELLATED_ANNOTATION_OCCURRENCE('hole callout',(#3946),#3952);
#3955=DRAUGHTING_CALLOUT('hole callout',(#3953,#3954));
#3956=DRAUGHTING_MODEL_ITEM_ASSOCIATION('','',#3907,#3840,#3955);
#3957=DRAUGHTING_MODEL_ITEM_ASSOCIATION('','',#3915,#3840,#3955);
#3958=DRAUGHTING_MODEL_ITEM_ASSOCIATION('','',#3858,#3840,#3955);
ENDSEC;
END-ISO-10303-21;
