ISO-10303-21;
HEADER;
/*Generated by software containing ST-Developer
 * from STEP Tools, Inc. (www.steptools.com) 
 */
/*OPTION: using custom renumber hook */
/*description */
/*implementation_level */
FILE_DESCRIPTION(('STEP AP242 Edition 2','STEP AP242 Edition 2''CAx-IF Rec.Pracs.---Representation and Presentation of Product Manufa
cturing Information (PMI)---4.0---2014-10-13','STEP AP242 Edition 2''CAx-IF Rec.Pracs.---Representation and Presentation of Product Manufa
cturing Information (PMI)---4.0---2014-10-13''CAx-IF Rec.Pracs.---3D Tessellated Geometry---0.4---2014-09-14','STEP AP242 Edition 2''CAx-IF Rec.Pracs.---Representation and Presentation of Product Manufa
cturing Information (PMI)---4.0---2014-10-13''CAx-IF Rec.Pracs.---3D Tessellated Geometry---0.4---2014-09-14''2;1','STEP AP242 Edition 2''CAx-IF Rec.Pracs.---Representation and Presentation of Product Manufa
cturing Information (PMI)---4.0---2014-10-13''CAx-IF Rec.Pracs.---3D Tessellated Geometry---0.4---2014-09-14''2;1''CAx-IF Rec.Pracs.---User Defined Attributes---1.5---2016-08-15'),'2;1');
/*name */
/*time_stamp */
/*author */
/*organization */
/*preprocessor_version */
/*originating_system */
/*authorisation */
FILE_NAME('/vol/tmp/translate-16475823372558400931/Servo gear - Spur gear (40 teeth).step','2026-03-24T04:36:42',(''),(''),'ST-DEVELOPER v20','ONSHAPE BY PTC INC, 1.212','  ');
FILE_SCHEMA(('AP242_MANAGED_MODEL_BASED_3D_ENGINEERING_MIM_LF { 1 0 10303 442 3 1 4 }'));
ENDSEC;
DATA;
#10=SHAPE_REPRESENTATION_RELATIONSHIP('','',#4741,#11);
#11=ADVANCED_BREP_SHAPE_REPRESENTATION('',(#4739),#12865);
#12=B_SPLINE_SURFACE_WITH_KNOTS('',3,1,((#11915,#11916),(#11917,#11918),(#11919,#11920),(#11921,#11922)),.SURF_OF_LINEAR_EXTRUSION.,.F.,.F.,.F.,(4,4),(2,2),(0.204912676160435,0.995740144140239),(0.,1.),.PIECEWISE_BEZIER_KNOTS.);
#13=B_SPLINE_SURFACE_WITH_KNOTS('',3,1,((#11924,#11925),(#11926,#11927),(#11928,#11929),(#11930,#11931)),.SURF_OF_LINEAR_EXTRUSION.,.F.,.F.,.F.,(4,4),(2,2),(0.204912676160464,0.995740144140239),(0.,1.),.PIECEWISE_BEZIER_KNOTS.);
#14=B_SPLINE_SURFACE_WITH_KNOTS('',3,1,((#11938,#11939),(#11940,#11941),(#11942,#11943),(#11944,#11945)),.SURF_OF_LINEAR_EXTRUSION.,.F.,.F.,.F.,(4,4),(2,2),(0.204912676160442,0.995740144140239),(0.,1.),.PIECEWISE_BEZIER_KNOTS.);
#15=B_SPLINE_SURFACE_WITH_KNOTS('',3,1,((#11947,#11948),(#11949,#11950),(#11951,#11952),(#11953,#11954)),.SURF_OF_LINEAR_EXTRUSION.,.F.,.F.,.F.,(4,4),(2,2),(0.204912676160466,0.995740144140239),(0.,1.),.PIECEWISE_BEZIER_KNOTS.);
#16=B_SPLINE_SURFACE_WITH_KNOTS('',3,1,((#11961,#11962),(#11963,#11964),(#11965,#11966),(#11967,#11968)),.SURF_OF_LINEAR_EXTRUSION.,.F.,.F.,.F.,(4,4),(2,2),(0.204912676160411,0.995740144140239),(0.,1.),.PIECEWISE_BEZIER_KNOTS.);
#17=B_SPLINE_SURFACE_WITH_KNOTS('',3,1,((#11970,#11971),(#11972,#11973),(#11974,#11975),(#11976,#11977)),.SURF_OF_LINEAR_EXTRUSION.,.F.,.F.,.F.,(4,4),(2,2),(0.20491267616046,0.995740144140239),(0.,1.),.PIECEWISE_BEZIER_KNOTS.);
#18=B_SPLINE_SURFACE_WITH_KNOTS('',3,1,((#11984,#11985),(#11986,#11987),(#11988,#11989),(#11990,#11991)),.SURF_OF_LINEAR_EXTRUSION.,.F.,.F.,.F.,(4,4),(2,2),(0.204912676160439,0.995740144140239),(0.,1.),.PIECEWISE_BEZIER_KNOTS.);
#19=B_SPLINE_SURFACE_WITH_KNOTS('',3,1,((#11993,#11994),(#11995,#11996),(#11997,#11998),(#11999,#12000)),.SURF_OF_LINEAR_EXTRUSION.,.F.,.F.,.F.,(4,4),(2,2),(0.204912676160458,0.995740144140239),(0.,1.),.PIECEWISE_BEZIER_KNOTS.);
#20=B_SPLINE_SURFACE_WITH_KNOTS('',3,1,((#12007,#12008),(#12009,#12010),(#12011,#12012),(#12013,#12014)),.SURF_OF_LINEAR_EXTRUSION.,.F.,.F.,.F.,(4,4),(2,2),(0.204912676160431,0.995740144140239),(0.,1.),.PIECEWISE_BEZIER_KNOTS.);
#21=B_SPLINE_SURFACE_WITH_KNOTS('',3,1,((#12016,#12017),(#12018,#12019),(#12020,#12021),(#12022,#12023)),.SURF_OF_LINEAR_EXTRUSION.,.F.,.F.,.F.,(4,4),(2,2),(0.204912676160461,0.995740144140239),(0.,1.),.PIECEWISE_BEZIER_KNOTS.);
#22=B_SPLINE_SURFACE_WITH_KNOTS('',3,1,((#12030,#12031),(#12032,#12033),(#12034,#12035),(#12036,#12037)),.SURF_OF_LINEAR_EXTRUSION.,.F.,.F.,.F.,(4,4),(2,2),(0.204912676160426,0.995740144140239),(0.,1.),.PIECEWISE_BEZIER_KNOTS.);
#23=B_SPLINE_SURFACE_WITH_KNOTS('',3,1,((#12039,#12040),(#12041,#12042),(#12043,#12044),(#12045,#12046)),.SURF_OF_LINEAR_EXTRUSION.,.F.,.F.,.F.,(4,4),(2,2),(0.204912676160454,0.995740144140239),(0.,1.),.PIECEWISE_BEZIER_KNOTS.);
#24=B_SPLINE_SURFACE_WITH_KNOTS('',3,1,((#12053,#12054),(#12055,#12056),(#12057,#12058),(#12059,#12060)),.SURF_OF_LINEAR_EXTRUSION.,.F.,.F.,.F.,(4,4),(2,2),(0.204912676160426,0.995740144140239),(0.,1.),.PIECEWISE_BEZIER_KNOTS.);
#25=B_SPLINE_SURFACE_WITH_KNOTS('',3,1,((#12062,#12063),(#12064,#12065),(#12066,#12067),(#12068,#12069)),.SURF_OF_LINEAR_EXTRUSION.,.F.,.F.,.F.,(4,4),(2,2),(0.204912676160454,0.995740144140239),(0.,1.),.PIECEWISE_BEZIER_KNOTS.);
#26=B_SPLINE_SURFACE_WITH_KNOTS('',3,1,((#12076,#12077),(#12078,#12079),(#12080,#12081),(#12082,#12083)),.SURF_OF_LINEAR_EXTRUSION.,.F.,.F.,.F.,(4,4),(2,2),(0.20491267616043,0.995740144140239),(0.,1.),.PIECEWISE_BEZIER_KNOTS.);
#27=B_SPLINE_SURFACE_WITH_KNOTS('',3,1,((#12085,#12086),(#12087,#12088),(#12089,#12090),(#12091,#12092)),.SURF_OF_LINEAR_EXTRUSION.,.F.,.F.,.F.,(4,4),(2,2),(0.204912676160458,0.995740144140239),(0.,1.),.PIECEWISE_BEZIER_KNOTS.);
#28=B_SPLINE_SURFACE_WITH_KNOTS('',3,1,((#12099,#12100),(#12101,#12102),(#12103,#12104),(#12105,#12106)),.SURF_OF_LINEAR_EXTRUSION.,.F.,.F.,.F.,(4,4),(2,2),(0.204912676160411,0.995740144140239),(0.,1.),.PIECEWISE_BEZIER_KNOTS.);
#29=B_SPLINE_SURFACE_WITH_KNOTS('',3,1,((#12108,#12109),(#12110,#12111),(#12112,#12113),(#12114,#12115)),.SURF_OF_LINEAR_EXTRUSION.,.F.,.F.,.F.,(4,4),(2,2),(0.20491267616046,0.995740144140239),(0.,1.),.PIECEWISE_BEZIER_KNOTS.);
#30=B_SPLINE_SURFACE_WITH_KNOTS('',3,1,((#12122,#12123),(#12124,#12125),(#12126,#12127),(#12128,#12129)),.SURF_OF_LINEAR_EXTRUSION.,.F.,.F.,.F.,(4,4),(2,2),(0.204912676160435,0.995740144140239),(0.,1.),.PIECEWISE_BEZIER_KNOTS.);
#31=B_SPLINE_SURFACE_WITH_KNOTS('',3,1,((#12131,#12132),(#12133,#12134),(#12135,#12136),(#12137,#12138)),.SURF_OF_LINEAR_EXTRUSION.,.F.,.F.,.F.,(4,4),(2,2),(0.20491267616046,0.995740144140239),(0.,1.),.PIECEWISE_BEZIER_KNOTS.);
#32=B_SPLINE_SURFACE_WITH_KNOTS('',3,1,((#12145,#12146),(#12147,#12148),(#12149,#12150),(#12151,#12152)),.SURF_OF_LINEAR_EXTRUSION.,.F.,.F.,.F.,(4,4),(2,2),(0.204912676160424,0.995740144140239),(0.,1.),.PIECEWISE_BEZIER_KNOTS.);
#33=B_SPLINE_SURFACE_WITH_KNOTS('',3,1,((#12154,#12155),(#12156,#12157),(#12158,#12159),(#12160,#12161)),.SURF_OF_LINEAR_EXTRUSION.,.F.,.F.,.F.,(4,4),(2,2),(0.204912676160458,0.995740144140239),(0.,1.),.PIECEWISE_BEZIER_KNOTS.);
#34=B_SPLINE_SURFACE_WITH_KNOTS('',3,1,((#12168,#12169),(#12170,#12171),(#12172,#12173),(#12174,#12175)),.SURF_OF_LINEAR_EXTRUSION.,.F.,.F.,.F.,(4,4),(2,2),(0.204912676160418,0.995740144140239),(0.,1.),.PIECEWISE_BEZIER_KNOTS.);
#35=B_SPLINE_SURFACE_WITH_KNOTS('',3,1,((#12177,#12178),(#12179,#12180),(#12181,#12182),(#12183,#12184)),.SURF_OF_LINEAR_EXTRUSION.,.F.,.F.,.F.,(4,4),(2,2),(0.204912676160459,0.995740144140239),(0.,1.),.PIECEWISE_BEZIER_KNOTS.);
#36=B_SPLINE_SURFACE_WITH_KNOTS('',3,1,((#12191,#12192),(#12193,#12194),(#12195,#12196),(#12197,#12198)),.SURF_OF_LINEAR_EXTRUSION.,.F.,.F.,.F.,(4,4),(2,2),(0.204912676160426,0.995740144140239),(0.,1.),.PIECEWISE_BEZIER_KNOTS.);
#37=B_SPLINE_SURFACE_WITH_KNOTS('',3,1,((#12200,#12201),(#12202,#12203),(#12204,#12205),(#12206,#12207)),.SURF_OF_LINEAR_EXTRUSION.,.F.,.F.,.F.,(4,4),(2,2),(0.204912676160461,0.995740144140239),(0.,1.),.PIECEWISE_BEZIER_KNOTS.);
#38=B_SPLINE_SURFACE_WITH_KNOTS('',3,1,((#12214,#12215),(#12216,#12217),(#12218,#12219),(#12220,#12221)),.SURF_OF_LINEAR_EXTRUSION.,.F.,.F.,.F.,(4,4),(2,2),(0.204912676160431,0.995740144140239),(0.,1.),.PIECEWISE_BEZIER_KNOTS.);
#39=B_SPLINE_SURFACE_WITH_KNOTS('',3,1,((#12223,#12224),(#12225,#12226),(#12227,#12228),(#12229,#12230)),.SURF_OF_LINEAR_EXTRUSION.,.F.,.F.,.F.,(4,4),(2,2),(0.204912676160461,0.995740144140239),(0.,1.),.PIECEWISE_BEZIER_KNOTS.);
#40=B_SPLINE_SURFACE_WITH_KNOTS('',3,1,((#12237,#12238),(#12239,#12240),(#12241,#12242),(#12243,#12244)),.SURF_OF_LINEAR_EXTRUSION.,.F.,.F.,.F.,(4,4),(2,2),(0.204912676160433,0.995740144140239),(0.,1.),.PIECEWISE_BEZIER_KNOTS.);
#41=B_SPLINE_SURFACE_WITH_KNOTS('',3,1,((#12246,#12247),(#12248,#12249),(#12250,#12251),(#12252,#12253)),.SURF_OF_LINEAR_EXTRUSION.,.F.,.F.,.F.,(4,4),(2,2),(0.20491267616044,0.995740144140239),(0.,1.),.PIECEWISE_BEZIER_KNOTS.);
#42=B_SPLINE_SURFACE_WITH_KNOTS('',3,1,((#12260,#12261),(#12262,#12263),(#12264,#12265),(#12266,#12267)),.SURF_OF_LINEAR_EXTRUSION.,.F.,.F.,.F.,(4,4),(2,2),(0.204912676160437,0.995740144140239),(0.,1.),.PIECEWISE_BEZIER_KNOTS.);
#43=B_SPLINE_SURFACE_WITH_KNOTS('',3,1,((#12269,#12270),(#12271,#12272),(#12273,#12274),(#12275,#12276)),.SURF_OF_LINEAR_EXTRUSION.,.F.,.F.,.F.,(4,4),(2,2),(0.204912676160471,0.995740144140239),(0.,1.),.PIECEWISE_BEZIER_KNOTS.);
#44=B_SPLINE_SURFACE_WITH_KNOTS('',3,1,((#12283,#12284),(#12285,#12286),(#12287,#12288),(#12289,#12290)),.SURF_OF_LINEAR_EXTRUSION.,.F.,.F.,.F.,(4,4),(2,2),(0.204912676160442,0.995740144140239),(0.,1.),.PIECEWISE_BEZIER_KNOTS.);
#45=B_SPLINE_SURFACE_WITH_KNOTS('',3,1,((#12292,#12293),(#12294,#12295),(#12296,#12297),(#12298,#12299)),.SURF_OF_LINEAR_EXTRUSION.,.F.,.F.,.F.,(4,4),(2,2),(0.204912676160466,0.995740144140239),(0.,1.),.PIECEWISE_BEZIER_KNOTS.);
#46=B_SPLINE_SURFACE_WITH_KNOTS('',3,1,((#12306,#12307),(#12308,#12309),(#12310,#12311),(#12312,#12313)),.SURF_OF_LINEAR_EXTRUSION.,.F.,.F.,.F.,(4,4),(2,2),(0.204912676160435,0.995740144140239),(0.,1.),.PIECEWISE_BEZIER_KNOTS.);
#47=B_SPLINE_SURFACE_WITH_KNOTS('',3,1,((#12315,#12316),(#12317,#12318),(#12319,#12320),(#12321,#12322)),.SURF_OF_LINEAR_EXTRUSION.,.F.,.F.,.F.,(4,4),(2,2),(0.204912676160464,0.995740144140239),(0.,1.),.PIECEWISE_BEZIER_KNOTS.);
#48=B_SPLINE_SURFACE_WITH_KNOTS('',3,1,((#12329,#12330),(#12331,#12332),(#12333,#12334),(#12335,#12336)),.SURF_OF_LINEAR_EXTRUSION.,.F.,.F.,.F.,(4,4),(2,2),(0.204912676160437,0.995740144140239),(0.,1.),.PIECEWISE_BEZIER_KNOTS.);
#49=B_SPLINE_SURFACE_WITH_KNOTS('',3,1,((#12338,#12339),(#12340,#12341),(#12342,#12343),(#12344,#12345)),.SURF_OF_LINEAR_EXTRUSION.,.F.,.F.,.F.,(4,4),(2,2),(0.204912676160471,0.995740144140239),(0.,1.),.PIECEWISE_BEZIER_KNOTS.);
#50=B_SPLINE_SURFACE_WITH_KNOTS('',3,1,((#12352,#12353),(#12354,#12355),(#12356,#12357),(#12358,#12359)),.SURF_OF_LINEAR_EXTRUSION.,.F.,.F.,.F.,(4,4),(2,2),(0.204912676160433,0.995740144140239),(0.,1.),.PIECEWISE_BEZIER_KNOTS.);
#51=B_SPLINE_SURFACE_WITH_KNOTS('',3,1,((#12361,#12362),(#12363,#12364),(#12365,#12366),(#12367,#12368)),.SURF_OF_LINEAR_EXTRUSION.,.F.,.F.,.F.,(4,4),(2,2),(0.20491267616044,0.995740144140239),(0.,1.),.PIECEWISE_BEZIER_KNOTS.);
#52=B_SPLINE_SURFACE_WITH_KNOTS('',3,1,((#12375,#12376),(#12377,#12378),(#12379,#12380),(#12381,#12382)),.SURF_OF_LINEAR_EXTRUSION.,.F.,.F.,.F.,(4,4),(2,2),(0.204912676160424,0.995740144140239),(0.,1.),.PIECEWISE_BEZIER_KNOTS.);
#53=B_SPLINE_SURFACE_WITH_KNOTS('',3,1,((#12384,#12385),(#12386,#12387),(#12388,#12389),(#12390,#12391)),.SURF_OF_LINEAR_EXTRUSION.,.F.,.F.,.F.,(4,4),(2,2),(0.204912676160458,0.995740144140239),(0.,1.),.PIECEWISE_BEZIER_KNOTS.);
#54=B_SPLINE_SURFACE_WITH_KNOTS('',3,1,((#12398,#12399),(#12400,#12401),(#12402,#12403),(#12404,#12405)),.SURF_OF_LINEAR_EXTRUSION.,.F.,.F.,.F.,(4,4),(2,2),(0.204912676160426,0.995740144140239),(0.,1.),.PIECEWISE_BEZIER_KNOTS.);
#55=B_SPLINE_SURFACE_WITH_KNOTS('',3,1,((#12407,#12408),(#12409,#12410),(#12411,#12412),(#12413,#12414)),.SURF_OF_LINEAR_EXTRUSION.,.F.,.F.,.F.,(4,4),(2,2),(0.204912676160454,0.995740144140239),(0.,1.),.PIECEWISE_BEZIER_KNOTS.);
#56=B_SPLINE_SURFACE_WITH_KNOTS('',3,1,((#12421,#12422),(#12423,#12424),(#12425,#12426),(#12427,#12428)),.SURF_OF_LINEAR_EXTRUSION.,.F.,.F.,.F.,(4,4),(2,2),(0.204912676160426,0.995740144140239),(0.,1.),.PIECEWISE_BEZIER_KNOTS.);
#57=B_SPLINE_SURFACE_WITH_KNOTS('',3,1,((#12430,#12431),(#12432,#12433),(#12434,#12435),(#12436,#12437)),.SURF_OF_LINEAR_EXTRUSION.,.F.,.F.,.F.,(4,4),(2,2),(0.204912676160461,0.995740144140239),(0.,1.),.PIECEWISE_BEZIER_KNOTS.);
#58=B_SPLINE_SURFACE_WITH_KNOTS('',3,1,((#12444,#12445),(#12446,#12447),(#12448,#12449),(#12450,#12451)),.SURF_OF_LINEAR_EXTRUSION.,.F.,.F.,.F.,(4,4),(2,2),(0.204912676160431,0.995740144140239),(0.,1.),.PIECEWISE_BEZIER_KNOTS.);
#59=B_SPLINE_SURFACE_WITH_KNOTS('',3,1,((#12453,#12454),(#12455,#12456),(#12457,#12458),(#12459,#12460)),.SURF_OF_LINEAR_EXTRUSION.,.F.,.F.,.F.,(4,4),(2,2),(0.204912676160461,0.995740144140239),(0.,1.),.PIECEWISE_BEZIER_KNOTS.);
#60=B_SPLINE_SURFACE_WITH_KNOTS('',3,1,((#12467,#12468),(#12469,#12470),(#12471,#12472),(#12473,#12474)),.SURF_OF_LINEAR_EXTRUSION.,.F.,.F.,.F.,(4,4),(2,2),(0.204912676160433,0.995740144140239),(0.,1.),.PIECEWISE_BEZIER_KNOTS.);
#61=B_SPLINE_SURFACE_WITH_KNOTS('',3,1,((#12476,#12477),(#12478,#12479),(#12480,#12481),(#12482,#12483)),.SURF_OF_LINEAR_EXTRUSION.,.F.,.F.,.F.,(4,4),(2,2),(0.204912676160442,0.995740144140239),(0.,1.),.PIECEWISE_BEZIER_KNOTS.);
#62=B_SPLINE_SURFACE_WITH_KNOTS('',3,1,((#12490,#12491),(#12492,#12493),(#12494,#12495),(#12496,#12497)),.SURF_OF_LINEAR_EXTRUSION.,.F.,.F.,.F.,(4,4),(2,2),(0.204912676160437,0.995740144140239),(0.,1.),.PIECEWISE_BEZIER_KNOTS.);
#63=B_SPLINE_SURFACE_WITH_KNOTS('',3,1,((#12499,#12500),(#12501,#12502),(#12503,#12504),(#12505,#12506)),.SURF_OF_LINEAR_EXTRUSION.,.F.,.F.,.F.,(4,4),(2,2),(0.204912676160471,0.995740144140239),(0.,1.),.PIECEWISE_BEZIER_KNOTS.);
#64=B_SPLINE_SURFACE_WITH_KNOTS('',3,1,((#12513,#12514),(#12515,#12516),(#12517,#12518),(#12519,#12520)),.SURF_OF_LINEAR_EXTRUSION.,.F.,.F.,.F.,(4,4),(2,2),(0.204912676160435,0.995740144140239),(0.,1.),.PIECEWISE_BEZIER_KNOTS.);
#65=B_SPLINE_SURFACE_WITH_KNOTS('',3,1,((#12522,#12523),(#12524,#12525),(#12526,#12527),(#12528,#12529)),.SURF_OF_LINEAR_EXTRUSION.,.F.,.F.,.F.,(4,4),(2,2),(0.204912676160464,0.995740144140239),(0.,1.),.PIECEWISE_BEZIER_KNOTS.);
#66=B_SPLINE_SURFACE_WITH_KNOTS('',3,1,((#12536,#12537),(#12538,#12539),(#12540,#12541),(#12542,#12543)),.SURF_OF_LINEAR_EXTRUSION.,.F.,.F.,.F.,(4,4),(2,2),(0.204912676160442,0.995740144140239),(0.,1.),.PIECEWISE_BEZIER_KNOTS.);
#67=B_SPLINE_SURFACE_WITH_KNOTS('',3,1,((#12545,#12546),(#12547,#12548),(#12549,#12550),(#12551,#12552)),.SURF_OF_LINEAR_EXTRUSION.,.F.,.F.,.F.,(4,4),(2,2),(0.204912676160466,0.995740144140239),(0.,1.),.PIECEWISE_BEZIER_KNOTS.);
#68=B_SPLINE_SURFACE_WITH_KNOTS('',3,1,((#12559,#12560),(#12561,#12562),(#12563,#12564),(#12565,#12566)),.SURF_OF_LINEAR_EXTRUSION.,.F.,.F.,.F.,(4,4),(2,2),(0.204912676160411,0.995740144140239),(0.,1.),.PIECEWISE_BEZIER_KNOTS.);
#69=B_SPLINE_SURFACE_WITH_KNOTS('',3,1,((#12568,#12569),(#12570,#12571),(#12572,#12573),(#12574,#12575)),.SURF_OF_LINEAR_EXTRUSION.,.F.,.F.,.F.,(4,4),(2,2),(0.20491267616046,0.995740144140239),(0.,1.),.PIECEWISE_BEZIER_KNOTS.);
#70=B_SPLINE_SURFACE_WITH_KNOTS('',3,1,((#12582,#12583),(#12584,#12585),(#12586,#12587),(#12588,#12589)),.SURF_OF_LINEAR_EXTRUSION.,.F.,.F.,.F.,(4,4),(2,2),(0.204912676160439,0.995740144140239),(0.,1.),.PIECEWISE_BEZIER_KNOTS.);
#71=B_SPLINE_SURFACE_WITH_KNOTS('',3,1,((#12591,#12592),(#12593,#12594),(#12595,#12596),(#12597,#12598)),.SURF_OF_LINEAR_EXTRUSION.,.F.,.F.,.F.,(4,4),(2,2),(0.204912676160459,0.995740144140239),(0.,1.),.PIECEWISE_BEZIER_KNOTS.);
#72=B_SPLINE_SURFACE_WITH_KNOTS('',3,1,((#12605,#12606),(#12607,#12608),(#12609,#12610),(#12611,#12612)),.SURF_OF_LINEAR_EXTRUSION.,.F.,.F.,.F.,(4,4),(2,2),(0.204912676160424,0.995740144140239),(0.,1.),.PIECEWISE_BEZIER_KNOTS.);
#73=B_SPLINE_SURFACE_WITH_KNOTS('',3,1,((#12614,#12615),(#12616,#12617),(#12618,#12619),(#12620,#12621)),.SURF_OF_LINEAR_EXTRUSION.,.F.,.F.,.F.,(4,4),(2,2),(0.204912676160458,0.995740144140239),(0.,1.),.PIECEWISE_BEZIER_KNOTS.);
#74=B_SPLINE_SURFACE_WITH_KNOTS('',3,1,((#12628,#12629),(#12630,#12631),(#12632,#12633),(#12634,#12635)),.SURF_OF_LINEAR_EXTRUSION.,.F.,.F.,.F.,(4,4),(2,2),(0.204912676160426,0.995740144140239),(0.,1.),.PIECEWISE_BEZIER_KNOTS.);
#75=B_SPLINE_SURFACE_WITH_KNOTS('',3,1,((#12637,#12638),(#12639,#12640),(#12641,#12642),(#12643,#12644)),.SURF_OF_LINEAR_EXTRUSION.,.F.,.F.,.F.,(4,4),(2,2),(0.204912676160454,0.995740144140239),(0.,1.),.PIECEWISE_BEZIER_KNOTS.);
#76=B_SPLINE_SURFACE_WITH_KNOTS('',3,1,((#12651,#12652),(#12653,#12654),(#12655,#12656),(#12657,#12658)),.SURF_OF_LINEAR_EXTRUSION.,.F.,.F.,.F.,(4,4),(2,2),(0.204912676160426,0.995740144140239),(0.,1.),.PIECEWISE_BEZIER_KNOTS.);
#77=B_SPLINE_SURFACE_WITH_KNOTS('',3,1,((#12660,#12661),(#12662,#12663),(#12664,#12665),(#12666,#12667)),.SURF_OF_LINEAR_EXTRUSION.,.F.,.F.,.F.,(4,4),(2,2),(0.204912676160454,0.995740144140239),(0.,1.),.PIECEWISE_BEZIER_KNOTS.);
#78=B_SPLINE_SURFACE_WITH_KNOTS('',3,1,((#12674,#12675),(#12676,#12677),(#12678,#12679),(#12680,#12681)),.SURF_OF_LINEAR_EXTRUSION.,.F.,.F.,.F.,(4,4),(2,2),(0.204912676160431,0.995740144140239),(0.,1.),.PIECEWISE_BEZIER_KNOTS.);
#79=B_SPLINE_SURFACE_WITH_KNOTS('',3,1,((#12683,#12684),(#12685,#12686),(#12687,#12688),(#12689,#12690)),.SURF_OF_LINEAR_EXTRUSION.,.F.,.F.,.F.,(4,4),(2,2),(0.204912676160461,0.995740144140239),(0.,1.),.PIECEWISE_BEZIER_KNOTS.);
#80=B_SPLINE_SURFACE_WITH_KNOTS('',3,1,((#12697,#12698),(#12699,#12700),(#12701,#12702),(#12703,#12704)),.SURF_OF_LINEAR_EXTRUSION.,.F.,.F.,.F.,(4,4),(2,2),(0.204912676160433,0.995740144140239),(0.,1.),.PIECEWISE_BEZIER_KNOTS.);
#81=B_SPLINE_SURFACE_WITH_KNOTS('',3,1,((#12706,#12707),(#12708,#12709),(#12710,#12711),(#12712,#12713)),.SURF_OF_LINEAR_EXTRUSION.,.F.,.F.,.F.,(4,4),(2,2),(0.20491267616044,0.995740144140239),(0.,1.),.PIECEWISE_BEZIER_KNOTS.);
#82=B_SPLINE_SURFACE_WITH_KNOTS('',3,1,((#12720,#12721),(#12722,#12723),(#12724,#12725),(#12726,#12727)),.SURF_OF_LINEAR_EXTRUSION.,.F.,.F.,.F.,(4,4),(2,2),(0.204912676160437,0.995740144140239),(0.,1.),.PIECEWISE_BEZIER_KNOTS.);
#83=B_SPLINE_SURFACE_WITH_KNOTS('',3,1,((#12729,#12730),(#12731,#12732),(#12733,#12734),(#12735,#12736)),.SURF_OF_LINEAR_EXTRUSION.,.F.,.F.,.F.,(4,4),(2,2),(0.204912676160471,0.995740144140239),(0.,1.),.PIECEWISE_BEZIER_KNOTS.);
#84=B_SPLINE_SURFACE_WITH_KNOTS('',3,1,((#12743,#12744),(#12745,#12746),(#12747,#12748),(#12749,#12750)),.SURF_OF_LINEAR_EXTRUSION.,.F.,.F.,.F.,(4,4),(2,2),(0.204912676160435,0.995740144140239),(0.,1.),.PIECEWISE_BEZIER_KNOTS.);
#85=B_SPLINE_SURFACE_WITH_KNOTS('',3,1,((#12752,#12753),(#12754,#12755),(#12756,#12757),(#12758,#12759)),.SURF_OF_LINEAR_EXTRUSION.,.F.,.F.,.F.,(4,4),(2,2),(0.204912676160464,0.995740144140239),(0.,1.),.PIECEWISE_BEZIER_KNOTS.);
#86=B_SPLINE_SURFACE_WITH_KNOTS('',3,1,((#12766,#12767),(#12768,#12769),(#12770,#12771),(#12772,#12773)),.SURF_OF_LINEAR_EXTRUSION.,.F.,.F.,.F.,(4,4),(2,2),(0.204912676160443,0.995740144140239),(0.,1.),.PIECEWISE_BEZIER_KNOTS.);
#87=B_SPLINE_SURFACE_WITH_KNOTS('',3,1,((#12775,#12776),(#12777,#12778),(#12779,#12780),(#12781,#12782)),.SURF_OF_LINEAR_EXTRUSION.,.F.,.F.,.F.,(4,4),(2,2),(0.204912676160466,0.995740144140239),(0.,1.),.PIECEWISE_BEZIER_KNOTS.);
#88=B_SPLINE_SURFACE_WITH_KNOTS('',3,1,((#12789,#12790),(#12791,#12792),(#12793,#12794),(#12795,#12796)),.SURF_OF_LINEAR_EXTRUSION.,.F.,.F.,.F.,(4,4),(2,2),(0.204912676160411,0.995740144140239),(0.,1.),.PIECEWISE_BEZIER_KNOTS.);
#89=B_SPLINE_SURFACE_WITH_KNOTS('',3,1,((#12798,#12799),(#12800,#12801),(#12802,#12803),(#12804,#12805)),.SURF_OF_LINEAR_EXTRUSION.,.F.,.F.,.F.,(4,4),(2,2),(0.20491267616046,0.995740144140239),(0.,1.),.PIECEWISE_BEZIER_KNOTS.);
#90=B_SPLINE_SURFACE_WITH_KNOTS('',3,1,((#12812,#12813),(#12814,#12815),(#12816,#12817),(#12818,#12819)),.SURF_OF_LINEAR_EXTRUSION.,.F.,.F.,.F.,(4,4),(2,2),(0.204912676160435,0.995740144140239),(0.,1.),.PIECEWISE_BEZIER_KNOTS.);
#91=B_SPLINE_SURFACE_WITH_KNOTS('',3,1,((#12821,#12822),(#12823,#12824),(#12825,#12826),(#12827,#12828)),.SURF_OF_LINEAR_EXTRUSION.,.F.,.F.,.F.,(4,4),(2,2),(0.204912676160459,0.995740144140239),(0.,1.),.PIECEWISE_BEZIER_KNOTS.);
#92=B_SPLINE_CURVE_WITH_KNOTS('',3,(#6868,#6869,#6870,#6871,#6872,#6873,#6874,#6875,#6876,#6877,#6878,#6879,#6880,#6881,#6882,#6883,#6884,#6885,#6886,#6887,#6888,#6889,#6890,#6891,#6892,#6893,#6894,#6895),.UNSPECIFIED.,.F.,.F.,(4,1,1,1,1,1,1,1,1,1,1,1,1,1,1,1,1,1,1,1,1,1,1,1,1,4),(0.,0.0295380073774753,0.0439130232827491,0.062471085351112,0.0844292793193222,0.109327530395982,0.136853582336376,0.16677755544411,0.198921058661821,0.233140430844621,0.26931674998705,0.307349455665927,0.347152060306214,0.388649144195317,0.431774178765099,0.476467905865742,0.522677102761759,0.570353622281393,0.619453633985289,0.669937015262807,0.72176685629247,0.774909052870717,0.829331968018716,0.885006148114071,0.941904082746249,0.995740144140239),.UNSPECIFIED.);
#93=B_SPLINE_CURVE_WITH_KNOTS('',3,(#6896,#6897,#6898,#6899,#6900,#6901,#6902,#6903,#6904,#6905,#6906,#6907,#6908,#6909,#6910,#6911,#6912,#6913,#6914,#6915,#6916,#6917,#6918,#6919,#6920,#6921,#6922,#6923),.UNSPECIFIED.,.F.,.F.,(4,1,1,1,1,1,1,1,1,1,1,1,1,1,1,1,1,1,1,1,1,1,1,1,1,4),(0.,0.0295380073774753,0.0439130232827491,0.062471085351112,0.0844292793193222,0.109327530395982,0.136853582336376,0.16677755544411,0.198921058661821,0.233140430844621,0.26931674998705,0.307349455665927,0.347152060306214,0.388649144195317,0.431774178765099,0.476467905865742,0.522677102761759,0.570353622281393,0.619453633985289,0.669937015262807,0.72176685629247,0.774909052870717,0.829331968018716,0.885006148114071,0.941904082746249,0.995740144140239),.UNSPECIFIED.);
#94=B_SPLINE_CURVE_WITH_KNOTS('',3,(#6931,#6932,#6933,#6934,#6935,#6936,#6937,#6938,#6939,#6940,#6941,#6942,#6943,#6944,#6945,#6946,#6947,#6948,#6949,#6950,#6951,#6952,#6953,#6954,#6955,#6956,#6957,#6958),.UNSPECIFIED.,.F.,.F.,(4,1,1,1,1,1,1,1,1,1,1,1,1,1,1,1,1,1,1,1,1,1,1,1,1,4),(0.,0.0295380073774753,0.0439130232827491,0.062471085351112,0.0844292793193222,0.109327530395982,0.136853582336376,0.16677755544411,0.198921058661821,0.233140430844621,0.26931674998705,0.307349455665927,0.347152060306214,0.388649144195317,0.431774178765099,0.476467905865742,0.522677102761759,0.570353622281393,0.619453633985289,0.669937015262807,0.72176685629247,0.774909052870717,0.829331968018716,0.885006148114071,0.941904082746249,0.995740144140239),.UNSPECIFIED.);
#95=B_SPLINE_CURVE_WITH_KNOTS('',3,(#6959,#6960,#6961,#6962,#6963,#6964,#6965,#6966,#6967,#6968,#6969,#6970,#6971,#6972,#6973,#6974,#6975,#6976,#6977,#6978,#6979,#6980,#6981,#6982,#6983,#6984,#6985,#6986),.UNSPECIFIED.,.F.,.F.,(4,1,1,1,1,1,1,1,1,1,1,1,1,1,1,1,1,1,1,1,1,1,1,1,1,4),(0.,0.0295380073774753,0.0439130232827491,0.062471085351112,0.0844292793193222,0.109327530395982,0.136853582336376,0.16677755544411,0.198921058661821,0.233140430844621,0.26931674998705,0.307349455665927,0.347152060306214,0.388649144195317,0.431774178765099,0.476467905865742,0.522677102761759,0.570353622281393,0.619453633985289,0.669937015262807,0.72176685629247,0.774909052870717,0.829331968018716,0.885006148114071,0.941904082746249,0.995740144140239),.UNSPECIFIED.);
#96=B_SPLINE_CURVE_WITH_KNOTS('',3,(#6994,#6995,#6996,#6997,#6998,#6999,#7000,#7001,#7002,#7003,#7004,#7005,#7006,#7007,#7008,#7009,#7010,#7011,#7012,#7013,#7014,#7015,#7016,#7017,#7018,#7019,#7020,#7021),.UNSPECIFIED.,.F.,.F.,(4,1,1,1,1,1,1,1,1,1,1,1,1,1,1,1,1,1,1,1,1,1,1,1,1,4),(0.,0.0295380073774753,0.0439130232827491,0.062471085351112,0.0844292793193222,0.109327530395982,0.136853582336376,0.16677755544411,0.198921058661821,0.233140430844621,0.26931674998705,0.307349455665927,0.347152060306214,0.388649144195317,0.431774178765099,0.476467905865742,0.522677102761759,0.570353622281393,0.619453633985289,0.669937015262807,0.72176685629247,0.774909052870717,0.829331968018716,0.885006148114071,0.941904082746249,0.995740144140239),.UNSPECIFIED.);
#97=B_SPLINE_CURVE_WITH_KNOTS('',3,(#7022,#7023,#7024,#7025,#7026,#7027,#7028,#7029,#7030,#7031,#7032,#7033,#7034,#7035,#7036,#7037,#7038,#7039,#7040,#7041,#7042,#7043,#7044,#7045,#7046,#7047,#7048,#7049),.UNSPECIFIED.,.F.,.F.,(4,1,1,1,1,1,1,1,1,1,1,1,1,1,1,1,1,1,1,1,1,1,1,1,1,4),(0.,0.0295380073774753,0.0439130232827491,0.062471085351112,0.0844292793193222,0.109327530395982,0.136853582336376,0.16677755544411,0.198921058661821,0.233140430844621,0.26931674998705,0.307349455665927,0.347152060306214,0.388649144195317,0.431774178765099,0.476467905865742,0.522677102761759,0.570353622281393,0.619453633985289,0.669937015262807,0.72176685629247,0.774909052870717,0.829331968018716,0.885006148114071,0.941904082746249,0.995740144140239),.UNSPECIFIED.);
#98=B_SPLINE_CURVE_WITH_KNOTS('',3,(#7057,#7058,#7059,#7060,#7061,#7062,#7063,#7064,#7065,#7066,#7067,#7068,#7069,#7070,#7071,#7072,#7073,#7074,#7075,#7076,#7077,#7078,#7079,#7080,#7081,#7082,#7083,#7084),.UNSPECIFIED.,.F.,.F.,(4,1,1,1,1,1,1,1,1,1,1,1,1,1,1,1,1,1,1,1,1,1,1,1,1,4),(0.,0.0295380073774753,0.0439130232827491,0.062471085351112,0.0844292793193222,0.109327530395982,0.136853582336376,0.16677755544411,0.198921058661821,0.233140430844621,0.26931674998705,0.307349455665927,0.347152060306214,0.388649144195317,0.431774178765099,0.476467905865742,0.522677102761759,0.570353622281393,0.619453633985289,0.669937015262807,0.72176685629247,0.774909052870717,0.829331968018716,0.885006148114071,0.941904082746249,0.995740144140239),.UNSPECIFIED.);
#99=B_SPLINE_CURVE_WITH_KNOTS('',3,(#7085,#7086,#7087,#7088,#7089,#7090,#7091,#7092,#7093,#7094,#7095,#7096,#7097,#7098,#7099,#7100,#7101,#7102,#7103,#7104,#7105,#7106,#7107,#7108,#7109,#7110,#7111,#7112),.UNSPECIFIED.,.F.,.F.,(4,1,1,1,1,1,1,1,1,1,1,1,1,1,1,1,1,1,1,1,1,1,1,1,1,4),(0.,0.0295380073774753,0.0439130232827491,0.062471085351112,0.0844292793193222,0.109327530395982,0.136853582336376,0.16677755544411,0.198921058661821,0.233140430844621,0.26931674998705,0.307349455665927,0.347152060306214,0.388649144195317,0.431774178765099,0.476467905865742,0.522677102761759,0.570353622281393,0.619453633985289,0.669937015262807,0.72176685629247,0.774909052870717,0.829331968018716,0.885006148114071,0.941904082746249,0.995740144140239),.UNSPECIFIED.);
#100=B_SPLINE_CURVE_WITH_KNOTS('',3,(#7120,#7121,#7122,#7123,#7124,#7125,#7126,#7127,#7128,#7129,#7130,#7131,#7132,#7133,#7134,#7135,#7136,#7137,#7138,#7139,#7140,#7141,#7142,#7143,#7144,#7145,#7146,#7147),.UNSPECIFIED.,.F.,.F.,(4,1,1,1,1,1,1,1,1,1,1,1,1,1,1,1,1,1,1,1,1,1,1,1,1,4),(0.,0.0295380073774753,0.0439130232827491,0.062471085351112,0.0844292793193222,0.109327530395982,0.136853582336376,0.16677755544411,0.198921058661821,0.233140430844621,0.26931674998705,0.307349455665927,0.347152060306214,0.388649144195317,0.431774178765099,0.476467905865742,0.522677102761759,0.570353622281393,0.619453633985289,0.669937015262807,0.72176685629247,0.774909052870717,0.829331968018716,0.885006148114071,0.941904082746249,0.995740144140239),.UNSPECIFIED.);
#101=B_SPLINE_CURVE_WITH_KNOTS('',3,(#7148,#7149,#7150,#7151,#7152,#7153,#7154,#7155,#7156,#7157,#7158,#7159,#7160,#7161,#7162,#7163,#7164,#7165,#7166,#7167,#7168,#7169,#7170,#7171,#7172,#7173,#7174,#7175),.UNSPECIFIED.,.F.,.F.,(4,1,1,1,1,1,1,1,1,1,1,1,1,1,1,1,1,1,1,1,1,1,1,1,1,4),(0.,0.0295380073774753,0.0439130232827491,0.062471085351112,0.0844292793193222,0.109327530395982,0.136853582336376,0.16677755544411,0.198921058661821,0.233140430844621,0.26931674998705,0.307349455665927,0.347152060306214,0.388649144195317,0.431774178765099,0.476467905865742,0.522677102761759,0.570353622281393,0.619453633985289,0.669937015262807,0.72176685629247,0.774909052870717,0.829331968018716,0.885006148114071,0.941904082746249,0.995740144140239),.UNSPECIFIED.);
#102=B_SPLINE_CURVE_WITH_KNOTS('',3,(#7183,#7184,#7185,#7186,#7187,#7188,#7189,#7190,#7191,#7192,#7193,#7194,#7195,#7196,#7197,#7198,#7199,#7200,#7201,#7202,#7203,#7204,#7205,#7206,#7207,#7208,#7209,#7210),.UNSPECIFIED.,.F.,.F.,(4,1,1,1,1,1,1,1,1,1,1,1,1,1,1,1,1,1,1,1,1,1,1,1,1,4),(0.,0.0295380073774753,0.0439130232827491,0.062471085351112,0.0844292793193222,0.109327530395982,0.136853582336376,0.16677755544411,0.198921058661821,0.233140430844621,0.26931674998705,0.307349455665927,0.347152060306214,0.388649144195317,0.431774178765099,0.476467905865742,0.522677102761759,0.570353622281393,0.619453633985289,0.669937015262807,0.72176685629247,0.774909052870717,0.829331968018716,0.885006148114071,0.941904082746249,0.995740144140239),.UNSPECIFIED.);
#103=B_SPLINE_CURVE_WITH_KNOTS('',3,(#7211,#7212,#7213,#7214,#7215,#7216,#7217,#7218,#7219,#7220,#7221,#7222,#7223,#7224,#7225,#7226,#7227,#7228,#7229,#7230,#7231,#7232,#7233,#7234,#7235,#7236,#7237,#7238),.UNSPECIFIED.,.F.,.F.,(4,1,1,1,1,1,1,1,1,1,1,1,1,1,1,1,1,1,1,1,1,1,1,1,1,4),(0.,0.0295380073774753,0.0439130232827491,0.062471085351112,0.0844292793193222,0.109327530395982,0.136853582336376,0.16677755544411,0.198921058661821,0.233140430844621,0.26931674998705,0.307349455665927,0.347152060306214,0.388649144195317,0.431774178765099,0.476467905865742,0.522677102761759,0.570353622281393,0.619453633985289,0.669937015262807,0.72176685629247,0.774909052870717,0.829331968018716,0.885006148114071,0.941904082746249,0.995740144140239),.UNSPECIFIED.);
#104=B_SPLINE_CURVE_WITH_KNOTS('',3,(#7246,#7247,#7248,#7249,#7250,#7251,#7252,#7253,#7254,#7255,#7256,#7257,#7258,#7259,#7260,#7261,#7262,#7263,#7264,#7265,#7266,#7267,#7268,#7269,#7270,#7271,#7272,#7273),.UNSPECIFIED.,.F.,.F.,(4,1,1,1,1,1,1,1,1,1,1,1,1,1,1,1,1,1,1,1,1,1,1,1,1,4),(0.,0.0295380073774753,0.0439130232827491,0.062471085351112,0.0844292793193222,0.109327530395982,0.136853582336376,0.16677755544411,0.198921058661821,0.233140430844621,0.26931674998705,0.307349455665927,0.347152060306214,0.388649144195317,0.431774178765099,0.476467905865742,0.522677102761759,0.570353622281393,0.619453633985289,0.669937015262807,0.72176685629247,0.774909052870717,0.829331968018716,0.885006148114071,0.941904082746249,0.995740144140239),.UNSPECIFIED.);
#105=B_SPLINE_CURVE_WITH_KNOTS('',3,(#7274,#7275,#7276,#7277,#7278,#7279,#7280,#7281,#7282,#7283,#7284,#7285,#7286,#7287,#7288,#7289,#7290,#7291,#7292,#7293,#7294,#7295,#7296,#7297,#7298,#7299,#7300,#7301),.UNSPECIFIED.,.F.,.F.,(4,1,1,1,1,1,1,1,1,1,1,1,1,1,1,1,1,1,1,1,1,1,1,1,1,4),(0.,0.0295380073774753,0.0439130232827491,0.062471085351112,0.0844292793193222,0.109327530395982,0.136853582336376,0.16677755544411,0.198921058661821,0.233140430844621,0.26931674998705,0.307349455665927,0.347152060306214,0.388649144195317,0.431774178765099,0.476467905865742,0.522677102761759,0.570353622281393,0.619453633985289,0.669937015262807,0.72176685629247,0.774909052870717,0.829331968018716,0.885006148114071,0.941904082746249,0.995740144140239),.UNSPECIFIED.);
#106=B_SPLINE_CURVE_WITH_KNOTS('',3,(#7309,#7310,#7311,#7312,#7313,#7314,#7315,#7316,#7317,#7318,#7319,#7320,#7321,#7322,#7323,#7324,#7325,#7326,#7327,#7328,#7329,#7330,#7331,#7332,#7333,#7334,#7335,#7336),.UNSPECIFIED.,.F.,.F.,(4,1,1,1,1,1,1,1,1,1,1,1,1,1,1,1,1,1,1,1,1,1,1,1,1,4),(0.,0.0295380073774753,0.0439130232827491,0.062471085351112,0.0844292793193222,0.109327530395982,0.136853582336376,0.16677755544411,0.198921058661821,0.233140430844621,0.26931674998705,0.307349455665927,0.347152060306214,0.388649144195317,0.431774178765099,0.476467905865742,0.522677102761759,0.570353622281393,0.619453633985289,0.669937015262807,0.72176685629247,0.774909052870717,0.829331968018716,0.885006148114071,0.941904082746249,0.995740144140239),.UNSPECIFIED.);
#107=B_SPLINE_CURVE_WITH_KNOTS('',3,(#7337,#7338,#7339,#7340,#7341,#7342,#7343,#7344,#7345,#7346,#7347,#7348,#7349,#7350,#7351,#7352,#7353,#7354,#7355,#7356,#7357,#7358,#7359,#7360,#7361,#7362,#7363,#7364),.UNSPECIFIED.,.F.,.F.,(4,1,1,1,1,1,1,1,1,1,1,1,1,1,1,1,1,1,1,1,1,1,1,1,1,4),(0.,0.0295380073774753,0.0439130232827491,0.062471085351112,0.0844292793193222,0.109327530395982,0.136853582336376,0.16677755544411,0.198921058661821,0.233140430844621,0.26931674998705,0.307349455665927,0.347152060306214,0.388649144195317,0.431774178765099,0.476467905865742,0.522677102761759,0.570353622281393,0.619453633985289,0.669937015262807,0.72176685629247,0.774909052870717,0.829331968018716,0.885006148114071,0.941904082746249,0.995740144140239),.UNSPECIFIED.);
#108=B_SPLINE_CURVE_WITH_KNOTS('',3,(#7372,#7373,#7374,#7375,#7376,#7377,#7378,#7379,#7380,#7381,#7382,#7383,#7384,#7385,#7386,#7387,#7388,#7389,#7390,#7391,#7392,#7393,#7394,#7395,#7396,#7397,#7398,#7399),.UNSPECIFIED.,.F.,.F.,(4,1,1,1,1,1,1,1,1,1,1,1,1,1,1,1,1,1,1,1,1,1,1,1,1,4),(0.,0.0295380073774753,0.0439130232827491,0.062471085351112,0.0844292793193222,0.109327530395982,0.136853582336376,0.16677755544411,0.198921058661821,0.233140430844621,0.26931674998705,0.307349455665927,0.347152060306214,0.388649144195317,0.431774178765099,0.476467905865742,0.522677102761759,0.570353622281393,0.619453633985289,0.669937015262807,0.72176685629247,0.774909052870717,0.829331968018716,0.885006148114071,0.941904082746249,0.995740144140239),.UNSPECIFIED.);
#109=B_SPLINE_CURVE_WITH_KNOTS('',3,(#7400,#7401,#7402,#7403,#7404,#7405,#7406,#7407,#7408,#7409,#7410,#7411,#7412,#7413,#7414,#7415,#7416,#7417,#7418,#7419,#7420,#7421,#7422,#7423,#7424,#7425,#7426,#7427),.UNSPECIFIED.,.F.,.F.,(4,1,1,1,1,1,1,1,1,1,1,1,1,1,1,1,1,1,1,1,1,1,1,1,1,4),(0.,0.0295380073774753,0.0439130232827491,0.062471085351112,0.0844292793193222,0.109327530395982,0.136853582336376,0.16677755544411,0.198921058661821,0.233140430844621,0.26931674998705,0.307349455665927,0.347152060306214,0.388649144195317,0.431774178765099,0.476467905865742,0.522677102761759,0.570353622281393,0.619453633985289,0.669937015262807,0.72176685629247,0.774909052870717,0.829331968018716,0.885006148114071,0.941904082746249,0.995740144140239),.UNSPECIFIED.);
#110=B_SPLINE_CURVE_WITH_KNOTS('',3,(#7435,#7436,#7437,#7438,#7439,#7440,#7441,#7442,#7443,#7444,#7445,#7446,#7447,#7448,#7449,#7450,#7451,#7452,#7453,#7454,#7455,#7456,#7457,#7458,#7459,#7460,#7461,#7462),.UNSPECIFIED.,.F.,.F.,(4,1,1,1,1,1,1,1,1,1,1,1,1,1,1,1,1,1,1,1,1,1,1,1,1,4),(0.,0.0295380073774753,0.0439130232827491,0.062471085351112,0.0844292793193222,0.109327530395982,0.136853582336376,0.16677755544411,0.198921058661821,0.233140430844621,0.26931674998705,0.307349455665927,0.347152060306214,0.388649144195317,0.431774178765099,0.476467905865742,0.522677102761759,0.570353622281393,0.619453633985289,0.669937015262807,0.72176685629247,0.774909052870717,0.829331968018716,0.885006148114071,0.941904082746249,0.995740144140239),.UNSPECIFIED.);
#111=B_SPLINE_CURVE_WITH_KNOTS('',3,(#7463,#7464,#7465,#7466,#7467,#7468,#7469,#7470,#7471,#7472,#7473,#7474,#7475,#7476,#7477,#7478,#7479,#7480,#7481,#7482,#7483,#7484,#7485,#7486,#7487,#7488,#7489,#7490),.UNSPECIFIED.,.F.,.F.,(4,1,1,1,1,1,1,1,1,1,1,1,1,1,1,1,1,1,1,1,1,1,1,1,1,4),(0.,0.0295380073774753,0.0439130232827491,0.062471085351112,0.0844292793193222,0.109327530395982,0.136853582336376,0.16677755544411,0.198921058661821,0.233140430844621,0.26931674998705,0.307349455665927,0.347152060306214,0.388649144195317,0.431774178765099,0.476467905865742,0.522677102761759,0.570353622281393,0.619453633985289,0.669937015262807,0.72176685629247,0.774909052870717,0.829331968018716,0.885006148114071,0.941904082746249,0.995740144140239),.UNSPECIFIED.);
#112=B_SPLINE_CURVE_WITH_KNOTS('',3,(#7498,#7499,#7500,#7501,#7502,#7503,#7504,#7505,#7506,#7507,#7508,#7509,#7510,#7511,#7512,#7513,#7514,#7515,#7516,#7517,#7518,#7519,#7520,#7521,#7522,#7523,#7524,#7525),.UNSPECIFIED.,.F.,.F.,(4,1,1,1,1,1,1,1,1,1,1,1,1,1,1,1,1,1,1,1,1,1,1,1,1,4),(0.,0.0295380073774753,0.0439130232827491,0.062471085351112,0.0844292793193222,0.109327530395982,0.136853582336376,0.16677755544411,0.198921058661821,0.233140430844621,0.26931674998705,0.307349455665927,0.347152060306214,0.388649144195317,0.431774178765099,0.476467905865742,0.522677102761759,0.570353622281393,0.619453633985289,0.669937015262807,0.72176685629247,0.774909052870717,0.829331968018716,0.885006148114071,0.941904082746249,0.995740144140239),.UNSPECIFIED.);
#113=B_SPLINE_CURVE_WITH_KNOTS('',3,(#7526,#7527,#7528,#7529,#7530,#7531,#7532,#7533,#7534,#7535,#7536,#7537,#7538,#7539,#7540,#7541,#7542,#7543,#7544,#7545,#7546,#7547,#7548,#7549,#7550,#7551,#7552,#7553),.UNSPECIFIED.,.F.,.F.,(4,1,1,1,1,1,1,1,1,1,1,1,1,1,1,1,1,1,1,1,1,1,1,1,1,4),(0.,0.0295380073774753,0.0439130232827491,0.062471085351112,0.0844292793193222,0.109327530395982,0.136853582336376,0.16677755544411,0.198921058661821,0.233140430844621,0.26931674998705,0.307349455665927,0.347152060306214,0.388649144195317,0.431774178765099,0.476467905865742,0.522677102761759,0.570353622281393,0.619453633985289,0.669937015262807,0.72176685629247,0.774909052870717,0.829331968018716,0.885006148114071,0.941904082746249,0.995740144140239),.UNSPECIFIED.);
#114=B_SPLINE_CURVE_WITH_KNOTS('',3,(#7561,#7562,#7563,#7564,#7565,#7566,#7567,#7568,#7569,#7570,#7571,#7572,#7573,#7574,#7575,#7576,#7577,#7578,#7579,#7580,#7581,#7582,#7583,#7584,#7585,#7586,#7587,#7588),.UNSPECIFIED.,.F.,.F.,(4,1,1,1,1,1,1,1,1,1,1,1,1,1,1,1,1,1,1,1,1,1,1,1,1,4),(0.,0.0295380073774753,0.0439130232827491,0.062471085351112,0.0844292793193222,0.109327530395982,0.136853582336376,0.16677755544411,0.198921058661821,0.233140430844621,0.26931674998705,0.307349455665927,0.347152060306214,0.388649144195317,0.431774178765099,0.476467905865742,0.522677102761759,0.570353622281393,0.619453633985289,0.669937015262807,0.72176685629247,0.774909052870717,0.829331968018716,0.885006148114071,0.941904082746249,0.995740144140239),.UNSPECIFIED.);
#115=B_SPLINE_CURVE_WITH_KNOTS('',3,(#7589,#7590,#7591,#7592,#7593,#7594,#7595,#7596,#7597,#7598,#7599,#7600,#7601,#7602,#7603,#7604,#7605,#7606,#7607,#7608,#7609,#7610,#7611,#7612,#7613,#7614,#7615,#7616),.UNSPECIFIED.,.F.,.F.,(4,1,1,1,1,1,1,1,1,1,1,1,1,1,1,1,1,1,1,1,1,1,1,1,1,4),(0.,0.0295380073774753,0.0439130232827491,0.062471085351112,0.0844292793193222,0.109327530395982,0.136853582336376,0.16677755544411,0.198921058661821,0.233140430844621,0.26931674998705,0.307349455665927,0.347152060306214,0.388649144195317,0.431774178765099,0.476467905865742,0.522677102761759,0.570353622281393,0.619453633985289,0.669937015262807,0.72176685629247,0.774909052870717,0.829331968018716,0.885006148114071,0.941904082746249,0.995740144140239),.UNSPECIFIED.);
#116=B_SPLINE_CURVE_WITH_KNOTS('',3,(#7624,#7625,#7626,#7627,#7628,#7629,#7630,#7631,#7632,#7633,#7634,#7635,#7636,#7637,#7638,#7639,#7640,#7641,#7642,#7643,#7644,#7645,#7646,#7647,#7648,#7649,#7650,#7651),.UNSPECIFIED.,.F.,.F.,(4,1,1,1,1,1,1,1,1,1,1,1,1,1,1,1,1,1,1,1,1,1,1,1,1,4),(0.,0.0295380073774753,0.0439130232827491,0.062471085351112,0.0844292793193222,0.109327530395982,0.136853582336376,0.16677755544411,0.198921058661821,0.233140430844621,0.26931674998705,0.307349455665927,0.347152060306214,0.388649144195317,0.431774178765099,0.476467905865742,0.522677102761759,0.570353622281393,0.619453633985289,0.669937015262807,0.72176685629247,0.774909052870717,0.829331968018716,0.885006148114071,0.941904082746249,0.995740144140239),.UNSPECIFIED.);
#117=B_SPLINE_CURVE_WITH_KNOTS('',3,(#7652,#7653,#7654,#7655,#7656,#7657,#7658,#7659,#7660,#7661,#7662,#7663,#7664,#7665,#7666,#7667,#7668,#7669,#7670,#7671,#7672,#7673,#7674,#7675,#7676,#7677,#7678,#7679),.UNSPECIFIED.,.F.,.F.,(4,1,1,1,1,1,1,1,1,1,1,1,1,1,1,1,1,1,1,1,1,1,1,1,1,4),(0.,0.0295380073774753,0.0439130232827491,0.062471085351112,0.0844292793193222,0.109327530395982,0.136853582336376,0.16677755544411,0.198921058661821,0.233140430844621,0.26931674998705,0.307349455665927,0.347152060306214,0.388649144195317,0.431774178765099,0.476467905865742,0.522677102761759,0.570353622281393,0.619453633985289,0.669937015262807,0.72176685629247,0.774909052870717,0.829331968018716,0.885006148114071,0.941904082746249,0.995740144140239),.UNSPECIFIED.);
#118=B_SPLINE_CURVE_WITH_KNOTS('',3,(#7687,#7688,#7689,#7690,#7691,#7692,#7693,#7694,#7695,#7696,#7697,#7698,#7699,#7700,#7701,#7702,#7703,#7704,#7705,#7706,#7707,#7708,#7709,#7710,#7711,#7712,#7713,#7714),.UNSPECIFIED.,.F.,.F.,(4,1,1,1,1,1,1,1,1,1,1,1,1,1,1,1,1,1,1,1,1,1,1,1,1,4),(0.,0.0295380073774753,0.0439130232827491,0.062471085351112,0.0844292793193222,0.109327530395982,0.136853582336376,0.16677755544411,0.198921058661821,0.233140430844621,0.26931674998705,0.307349455665927,0.347152060306214,0.388649144195317,0.431774178765099,0.476467905865742,0.522677102761759,0.570353622281393,0.619453633985289,0.669937015262807,0.72176685629247,0.774909052870717,0.829331968018716,0.885006148114071,0.941904082746249,0.995740144140239),.UNSPECIFIED.);
#119=B_SPLINE_CURVE_WITH_KNOTS('',3,(#7715,#7716,#7717,#7718,#7719,#7720,#7721,#7722,#7723,#7724,#7725,#7726,#7727,#7728,#7729,#7730,#7731,#7732,#7733,#7734,#7735,#7736,#7737,#7738,#7739,#7740,#7741,#7742),.UNSPECIFIED.,.F.,.F.,(4,1,1,1,1,1,1,1,1,1,1,1,1,1,1,1,1,1,1,1,1,1,1,1,1,4),(0.,0.0295380073774753,0.0439130232827491,0.062471085351112,0.0844292793193222,0.109327530395982,0.136853582336376,0.16677755544411,0.198921058661821,0.233140430844621,0.26931674998705,0.307349455665927,0.347152060306214,0.388649144195317,0.431774178765099,0.476467905865742,0.522677102761759,0.570353622281393,0.619453633985289,0.669937015262807,0.72176685629247,0.774909052870717,0.829331968018716,0.885006148114071,0.941904082746249,0.995740144140239),.UNSPECIFIED.);
#120=B_SPLINE_CURVE_WITH_KNOTS('',3,(#7750,#7751,#7752,#7753,#7754,#7755,#7756,#7757,#7758,#7759,#7760,#7761,#7762,#7763,#7764,#7765,#7766,#7767,#7768,#7769,#7770,#7771,#7772,#7773,#7774,#7775,#7776,#7777),.UNSPECIFIED.,.F.,.F.,(4,1,1,1,1,1,1,1,1,1,1,1,1,1,1,1,1,1,1,1,1,1,1,1,1,4),(0.,0.0295380073774753,0.0439130232827491,0.062471085351112,0.0844292793193222,0.109327530395982,0.136853582336376,0.16677755544411,0.198921058661821,0.233140430844621,0.26931674998705,0.307349455665927,0.347152060306214,0.388649144195317,0.431774178765099,0.476467905865742,0.522677102761759,0.570353622281393,0.619453633985289,0.669937015262807,0.72176685629247,0.774909052870717,0.829331968018716,0.885006148114071,0.941904082746249,0.995740144140239),.UNSPECIFIED.);
#121=B_SPLINE_CURVE_WITH_KNOTS('',3,(#7778,#7779,#7780,#7781,#7782,#7783,#7784,#7785,#7786,#7787,#7788,#7789,#7790,#7791,#7792,#7793,#7794,#7795,#7796,#7797,#7798,#7799,#7800,#7801,#7802,#7803,#7804,#7805),.UNSPECIFIED.,.F.,.F.,(4,1,1,1,1,1,1,1,1,1,1,1,1,1,1,1,1,1,1,1,1,1,1,1,1,4),(0.,0.0295380073774753,0.0439130232827491,0.062471085351112,0.0844292793193222,0.109327530395982,0.136853582336376,0.16677755544411,0.198921058661821,0.233140430844621,0.26931674998705,0.307349455665927,0.347152060306214,0.388649144195317,0.431774178765099,0.476467905865742,0.522677102761759,0.570353622281393,0.619453633985289,0.669937015262807,0.72176685629247,0.774909052870717,0.829331968018716,0.885006148114071,0.941904082746249,0.995740144140239),.UNSPECIFIED.);
#122=B_SPLINE_CURVE_WITH_KNOTS('',3,(#7813,#7814,#7815,#7816,#7817,#7818,#7819,#7820,#7821,#7822,#7823,#7824,#7825,#7826,#7827,#7828,#7829,#7830,#7831,#7832,#7833,#7834,#7835,#7836,#7837,#7838,#7839,#7840),.UNSPECIFIED.,.F.,.F.,(4,1,1,1,1,1,1,1,1,1,1,1,1,1,1,1,1,1,1,1,1,1,1,1,1,4),(0.,0.0295380073774753,0.0439130232827491,0.062471085351112,0.0844292793193222,0.109327530395982,0.136853582336376,0.16677755544411,0.198921058661821,0.233140430844621,0.26931674998705,0.307349455665927,0.347152060306214,0.388649144195317,0.431774178765099,0.476467905865742,0.522677102761759,0.570353622281393,0.619453633985289,0.669937015262807,0.72176685629247,0.774909052870717,0.829331968018716,0.885006148114071,0.941904082746249,0.995740144140239),.UNSPECIFIED.);
#123=B_SPLINE_CURVE_WITH_KNOTS('',3,(#7841,#7842,#7843,#7844,#7845,#7846,#7847,#7848,#7849,#7850,#7851,#7852,#7853,#7854,#7855,#7856,#7857,#7858,#7859,#7860,#7861,#7862,#7863,#7864,#7865,#7866,#7867,#7868),.UNSPECIFIED.,.F.,.F.,(4,1,1,1,1,1,1,1,1,1,1,1,1,1,1,1,1,1,1,1,1,1,1,1,1,4),(0.,0.0295380073774753,0.0439130232827491,0.062471085351112,0.0844292793193222,0.109327530395982,0.136853582336376,0.16677755544411,0.198921058661821,0.233140430844621,0.26931674998705,0.307349455665927,0.347152060306214,0.388649144195317,0.431774178765099,0.476467905865742,0.522677102761759,0.570353622281393,0.619453633985289,0.669937015262807,0.72176685629247,0.774909052870717,0.829331968018716,0.885006148114071,0.941904082746249,0.995740144140239),.UNSPECIFIED.);
#124=B_SPLINE_CURVE_WITH_KNOTS('',3,(#7876,#7877,#7878,#7879,#7880,#7881,#7882,#7883,#7884,#7885,#7886,#7887,#7888,#7889,#7890,#7891,#7892,#7893,#7894,#7895,#7896,#7897,#7898,#7899,#7900,#7901,#7902,#7903),.UNSPECIFIED.,.F.,.F.,(4,1,1,1,1,1,1,1,1,1,1,1,1,1,1,1,1,1,1,1,1,1,1,1,1,4),(0.,0.0295380073774753,0.0439130232827491,0.062471085351112,0.0844292793193222,0.109327530395982,0.136853582336376,0.16677755544411,0.198921058661821,0.233140430844621,0.26931674998705,0.307349455665927,0.347152060306214,0.388649144195317,0.431774178765099,0.476467905865742,0.522677102761759,0.570353622281393,0.619453633985289,0.669937015262807,0.72176685629247,0.774909052870717,0.829331968018716,0.885006148114071,0.941904082746249,0.995740144140239),.UNSPECIFIED.);
#125=B_SPLINE_CURVE_WITH_KNOTS('',3,(#7904,#7905,#7906,#7907,#7908,#7909,#7910,#7911,#7912,#7913,#7914,#7915,#7916,#7917,#7918,#7919,#7920,#7921,#7922,#7923,#7924,#7925,#7926,#7927,#7928,#7929,#7930,#7931),.UNSPECIFIED.,.F.,.F.,(4,1,1,1,1,1,1,1,1,1,1,1,1,1,1,1,1,1,1,1,1,1,1,1,1,4),(0.,0.0295380073774753,0.0439130232827491,0.062471085351112,0.0844292793193222,0.109327530395982,0.136853582336376,0.16677755544411,0.198921058661821,0.233140430844621,0.26931674998705,0.307349455665927,0.347152060306214,0.388649144195317,0.431774178765099,0.476467905865742,0.522677102761759,0.570353622281393,0.619453633985289,0.669937015262807,0.72176685629247,0.774909052870717,0.829331968018716,0.885006148114071,0.941904082746249,0.995740144140239),.UNSPECIFIED.);
#126=B_SPLINE_CURVE_WITH_KNOTS('',3,(#7939,#7940,#7941,#7942,#7943,#7944,#7945,#7946,#7947,#7948,#7949,#7950,#7951,#7952,#7953,#7954,#7955,#7956,#7957,#7958,#7959,#7960,#7961,#7962,#7963,#7964,#7965,#7966),.UNSPECIFIED.,.F.,.F.,(4,1,1,1,1,1,1,1,1,1,1,1,1,1,1,1,1,1,1,1,1,1,1,1,1,4),(0.,0.0295380073774753,0.0439130232827491,0.062471085351112,0.0844292793193222,0.109327530395982,0.136853582336376,0.16677755544411,0.198921058661821,0.233140430844621,0.26931674998705,0.307349455665927,0.347152060306214,0.388649144195317,0.431774178765099,0.476467905865742,0.522677102761759,0.570353622281393,0.619453633985289,0.669937015262807,0.72176685629247,0.774909052870717,0.829331968018716,0.885006148114071,0.941904082746249,0.995740144140239),.UNSPECIFIED.);
#127=B_SPLINE_CURVE_WITH_KNOTS('',3,(#7967,#7968,#7969,#7970,#7971,#7972,#7973,#7974,#7975,#7976,#7977,#7978,#7979,#7980,#7981,#7982,#7983,#7984,#7985,#7986,#7987,#7988,#7989,#7990,#7991,#7992,#7993,#7994),.UNSPECIFIED.,.F.,.F.,(4,1,1,1,1,1,1,1,1,1,1,1,1,1,1,1,1,1,1,1,1,1,1,1,1,4),(0.,0.0295380073774753,0.0439130232827491,0.062471085351112,0.0844292793193222,0.109327530395982,0.136853582336376,0.16677755544411,0.198921058661821,0.233140430844621,0.26931674998705,0.307349455665927,0.347152060306214,0.388649144195317,0.431774178765099,0.476467905865742,0.522677102761759,0.570353622281393,0.619453633985289,0.669937015262807,0.72176685629247,0.774909052870717,0.829331968018716,0.885006148114071,0.941904082746249,0.995740144140239),.UNSPECIFIED.);
#128=B_SPLINE_CURVE_WITH_KNOTS('',3,(#8002,#8003,#8004,#8005,#8006,#8007,#8008,#8009,#8010,#8011,#8012,#8013,#8014,#8015,#8016,#8017,#8018,#8019,#8020,#8021,#8022,#8023,#8024,#8025,#8026,#8027,#8028,#8029),.UNSPECIFIED.,.F.,.F.,(4,1,1,1,1,1,1,1,1,1,1,1,1,1,1,1,1,1,1,1,1,1,1,1,1,4),(0.,0.0295380073774753,0.0439130232827491,0.062471085351112,0.0844292793193222,0.109327530395982,0.136853582336376,0.16677755544411,0.198921058661821,0.233140430844621,0.26931674998705,0.307349455665927,0.347152060306214,0.388649144195317,0.431774178765099,0.476467905865742,0.522677102761759,0.570353622281393,0.619453633985289,0.669937015262807,0.72176685629247,0.774909052870717,0.829331968018716,0.885006148114071,0.941904082746249,0.995740144140239),.UNSPECIFIED.);
#129=B_SPLINE_CURVE_WITH_KNOTS('',3,(#8030,#8031,#8032,#8033,#8034,#8035,#8036,#8037,#8038,#8039,#8040,#8041,#8042,#8043,#8044,#8045,#8046,#8047,#8048,#8049,#8050,#8051,#8052,#8053,#8054,#8055,#8056,#8057),.UNSPECIFIED.,.F.,.F.,(4,1,1,1,1,1,1,1,1,1,1,1,1,1,1,1,1,1,1,1,1,1,1,1,1,4),(0.,0.0295380073774753,0.0439130232827491,0.062471085351112,0.0844292793193222,0.109327530395982,0.136853582336376,0.16677755544411,0.198921058661821,0.233140430844621,0.26931674998705,0.307349455665927,0.347152060306214,0.388649144195317,0.431774178765099,0.476467905865742,0.522677102761759,0.570353622281393,0.619453633985289,0.669937015262807,0.72176685629247,0.774909052870717,0.829331968018716,0.885006148114071,0.941904082746249,0.995740144140239),.UNSPECIFIED.);
#130=B_SPLINE_CURVE_WITH_KNOTS('',3,(#8065,#8066,#8067,#8068,#8069,#8070,#8071,#8072,#8073,#8074,#8075,#8076,#8077,#8078,#8079,#8080,#8081,#8082,#8083,#8084,#8085,#8086,#8087,#8088,#8089,#8090,#8091,#8092),.UNSPECIFIED.,.F.,.F.,(4,1,1,1,1,1,1,1,1,1,1,1,1,1,1,1,1,1,1,1,1,1,1,1,1,4),(0.,0.0295380073774753,0.0439130232827491,0.062471085351112,0.0844292793193222,0.109327530395982,0.136853582336376,0.16677755544411,0.198921058661821,0.233140430844621,0.26931674998705,0.307349455665927,0.347152060306214,0.388649144195317,0.431774178765099,0.476467905865742,0.522677102761759,0.570353622281393,0.619453633985289,0.669937015262807,0.72176685629247,0.774909052870717,0.829331968018716,0.885006148114071,0.941904082746249,0.995740144140239),.UNSPECIFIED.);
#131=B_SPLINE_CURVE_WITH_KNOTS('',3,(#8093,#8094,#8095,#8096,#8097,#8098,#8099,#8100,#8101,#8102,#8103,#8104,#8105,#8106,#8107,#8108,#8109,#8110,#8111,#8112,#8113,#8114,#8115,#8116,#8117,#8118,#8119,#8120),.UNSPECIFIED.,.F.,.F.,(4,1,1,1,1,1,1,1,1,1,1,1,1,1,1,1,1,1,1,1,1,1,1,1,1,4),(0.,0.0295380073774753,0.0439130232827491,0.062471085351112,0.0844292793193222,0.109327530395982,0.136853582336376,0.16677755544411,0.198921058661821,0.233140430844621,0.26931674998705,0.307349455665927,0.347152060306214,0.388649144195317,0.431774178765099,0.476467905865742,0.522677102761759,0.570353622281393,0.619453633985289,0.669937015262807,0.72176685629247,0.774909052870717,0.829331968018716,0.885006148114071,0.941904082746249,0.995740144140239),.UNSPECIFIED.);
#132=B_SPLINE_CURVE_WITH_KNOTS('',3,(#8128,#8129,#8130,#8131,#8132,#8133,#8134,#8135,#8136,#8137,#8138,#8139,#8140,#8141,#8142,#8143,#8144,#8145,#8146,#8147,#8148,#8149,#8150,#8151,#8152,#8153,#8154,#8155),.UNSPECIFIED.,.F.,.F.,(4,1,1,1,1,1,1,1,1,1,1,1,1,1,1,1,1,1,1,1,1,1,1,1,1,4),(0.,0.0295380073774753,0.0439130232827491,0.062471085351112,0.0844292793193222,0.109327530395982,0.136853582336376,0.16677755544411,0.198921058661821,0.233140430844621,0.26931674998705,0.307349455665927,0.347152060306214,0.388649144195317,0.431774178765099,0.476467905865742,0.522677102761759,0.570353622281393,0.619453633985289,0.669937015262807,0.72176685629247,0.774909052870717,0.829331968018716,0.885006148114071,0.941904082746249,0.995740144140239),.UNSPECIFIED.);
#133=B_SPLINE_CURVE_WITH_KNOTS('',3,(#8156,#8157,#8158,#8159,#8160,#8161,#8162,#8163,#8164,#8165,#8166,#8167,#8168,#8169,#8170,#8171,#8172,#8173,#8174,#8175,#8176,#8177,#8178,#8179,#8180,#8181,#8182,#8183),.UNSPECIFIED.,.F.,.F.,(4,1,1,1,1,1,1,1,1,1,1,1,1,1,1,1,1,1,1,1,1,1,1,1,1,4),(0.,0.0295380073774753,0.0439130232827491,0.062471085351112,0.0844292793193222,0.109327530395982,0.136853582336376,0.16677755544411,0.198921058661821,0.233140430844621,0.26931674998705,0.307349455665927,0.347152060306214,0.388649144195317,0.431774178765099,0.476467905865742,0.522677102761759,0.570353622281393,0.619453633985289,0.669937015262807,0.72176685629247,0.774909052870717,0.829331968018716,0.885006148114071,0.941904082746249,0.995740144140239),.UNSPECIFIED.);
#134=B_SPLINE_CURVE_WITH_KNOTS('',3,(#8191,#8192,#8193,#8194,#8195,#8196,#8197,#8198,#8199,#8200,#8201,#8202,#8203,#8204,#8205,#8206,#8207,#8208,#8209,#8210,#8211,#8212,#8213,#8214,#8215,#8216,#8217,#8218),.UNSPECIFIED.,.F.,.F.,(4,1,1,1,1,1,1,1,1,1,1,1,1,1,1,1,1,1,1,1,1,1,1,1,1,4),(0.,0.0295380073774753,0.0439130232827491,0.062471085351112,0.0844292793193222,0.109327530395982,0.136853582336376,0.16677755544411,0.198921058661821,0.233140430844621,0.26931674998705,0.307349455665927,0.347152060306214,0.388649144195317,0.431774178765099,0.476467905865742,0.522677102761759,0.570353622281393,0.619453633985289,0.669937015262807,0.72176685629247,0.774909052870717,0.829331968018716,0.885006148114071,0.941904082746249,0.995740144140239),.UNSPECIFIED.);
#135=B_SPLINE_CURVE_WITH_KNOTS('',3,(#8219,#8220,#8221,#8222,#8223,#8224,#8225,#8226,#8227,#8228,#8229,#8230,#8231,#8232,#8233,#8234,#8235,#8236,#8237,#8238,#8239,#8240,#8241,#8242,#8243,#8244,#8245,#8246),.UNSPECIFIED.,.F.,.F.,(4,1,1,1,1,1,1,1,1,1,1,1,1,1,1,1,1,1,1,1,1,1,1,1,1,4),(0.,0.0295380073774753,0.0439130232827491,0.062471085351112,0.0844292793193222,0.109327530395982,0.136853582336376,0.16677755544411,0.198921058661821,0.233140430844621,0.26931674998705,0.307349455665927,0.347152060306214,0.388649144195317,0.431774178765099,0.476467905865742,0.522677102761759,0.570353622281393,0.619453633985289,0.669937015262807,0.72176685629247,0.774909052870717,0.829331968018716,0.885006148114071,0.941904082746249,0.995740144140239),.UNSPECIFIED.);
#136=B_SPLINE_CURVE_WITH_KNOTS('',3,(#8254,#8255,#8256,#8257,#8258,#8259,#8260,#8261,#8262,#8263,#8264,#8265,#8266,#8267,#8268,#8269,#8270,#8271,#8272,#8273,#8274,#8275,#8276,#8277,#8278,#8279,#8280,#8281),.UNSPECIFIED.,.F.,.F.,(4,1,1,1,1,1,1,1,1,1,1,1,1,1,1,1,1,1,1,1,1,1,1,1,1,4),(0.,0.0295380073774753,0.0439130232827491,0.062471085351112,0.0844292793193222,0.109327530395982,0.136853582336376,0.16677755544411,0.198921058661821,0.233140430844621,0.26931674998705,0.307349455665927,0.347152060306214,0.388649144195317,0.431774178765099,0.476467905865742,0.522677102761759,0.570353622281393,0.619453633985289,0.669937015262807,0.72176685629247,0.774909052870717,0.829331968018716,0.885006148114071,0.941904082746249,0.995740144140239),.UNSPECIFIED.);
#137=B_SPLINE_CURVE_WITH_KNOTS('',3,(#8285,#8286,#8287,#8288,#8289,#8290,#8291,#8292,#8293,#8294,#8295,#8296,#8297,#8298,#8299,#8300,#8301,#8302,#8303,#8304,#8305,#8306,#8307,#8308,#8309,#8310,#8311,#8312),.UNSPECIFIED.,.F.,.F.,(4,1,1,1,1,1,1,1,1,1,1,1,1,1,1,1,1,1,1,1,1,1,1,1,1,4),(0.,0.0295380073774753,0.0439130232827491,0.062471085351112,0.0844292793193222,0.109327530395982,0.136853582336376,0.16677755544411,0.198921058661821,0.233140430844621,0.26931674998705,0.307349455665927,0.347152060306214,0.388649144195317,0.431774178765099,0.476467905865742,0.522677102761759,0.570353622281393,0.619453633985289,0.669937015262807,0.72176685629247,0.774909052870717,0.829331968018716,0.885006148114071,0.941904082746249,0.995740144140239),.UNSPECIFIED.);
#138=B_SPLINE_CURVE_WITH_KNOTS('',3,(#8320,#8321,#8322,#8323,#8324,#8325,#8326,#8327,#8328,#8329,#8330,#8331,#8332,#8333,#8334,#8335,#8336,#8337,#8338,#8339,#8340,#8341,#8342,#8343,#8344,#8345,#8346,#8347),.UNSPECIFIED.,.F.,.F.,(4,1,1,1,1,1,1,1,1,1,1,1,1,1,1,1,1,1,1,1,1,1,1,1,1,4),(0.,0.0295380073774753,0.0439130232827491,0.062471085351112,0.0844292793193222,0.109327530395982,0.136853582336376,0.16677755544411,0.198921058661821,0.233140430844621,0.26931674998705,0.307349455665927,0.347152060306214,0.388649144195317,0.431774178765099,0.476467905865742,0.522677102761759,0.570353622281393,0.619453633985289,0.669937015262807,0.72176685629247,0.774909052870717,0.829331968018716,0.885006148114071,0.941904082746249,0.995740144140239),.UNSPECIFIED.);
#139=B_SPLINE_CURVE_WITH_KNOTS('',3,(#8348,#8349,#8350,#8351,#8352,#8353,#8354,#8355,#8356,#8357,#8358,#8359,#8360,#8361,#8362,#8363,#8364,#8365,#8366,#8367,#8368,#8369,#8370,#8371,#8372,#8373,#8374,#8375),.UNSPECIFIED.,.F.,.F.,(4,1,1,1,1,1,1,1,1,1,1,1,1,1,1,1,1,1,1,1,1,1,1,1,1,4),(0.,0.0295380073774753,0.0439130232827491,0.062471085351112,0.0844292793193222,0.109327530395982,0.136853582336376,0.16677755544411,0.198921058661821,0.233140430844621,0.26931674998705,0.307349455665927,0.347152060306214,0.388649144195317,0.431774178765099,0.476467905865742,0.522677102761759,0.570353622281393,0.619453633985289,0.669937015262807,0.72176685629247,0.774909052870717,0.829331968018716,0.885006148114071,0.941904082746249,0.995740144140239),.UNSPECIFIED.);
#140=B_SPLINE_CURVE_WITH_KNOTS('',3,(#8383,#8384,#8385,#8386,#8387,#8388,#8389,#8390,#8391,#8392,#8393,#8394,#8395,#8396,#8397,#8398,#8399,#8400,#8401,#8402,#8403,#8404,#8405,#8406,#8407,#8408,#8409,#8410),.UNSPECIFIED.,.F.,.F.,(4,1,1,1,1,1,1,1,1,1,1,1,1,1,1,1,1,1,1,1,1,1,1,1,1,4),(0.,0.0295380073774753,0.0439130232827491,0.062471085351112,0.0844292793193222,0.109327530395982,0.136853582336376,0.16677755544411,0.198921058661821,0.233140430844621,0.26931674998705,0.307349455665927,0.347152060306214,0.388649144195317,0.431774178765099,0.476467905865742,0.522677102761759,0.570353622281393,0.619453633985289,0.669937015262807,0.72176685629247,0.774909052870717,0.829331968018716,0.885006148114071,0.941904082746249,0.995740144140239),.UNSPECIFIED.);
#141=B_SPLINE_CURVE_WITH_KNOTS('',3,(#8411,#8412,#8413,#8414,#8415,#8416,#8417,#8418,#8419,#8420,#8421,#8422,#8423,#8424,#8425,#8426,#8427,#8428,#8429,#8430,#8431,#8432,#8433,#8434,#8435,#8436,#8437,#8438),.UNSPECIFIED.,.F.,.F.,(4,1,1,1,1,1,1,1,1,1,1,1,1,1,1,1,1,1,1,1,1,1,1,1,1,4),(0.,0.0295380073774753,0.0439130232827491,0.062471085351112,0.0844292793193222,0.109327530395982,0.136853582336376,0.16677755544411,0.198921058661821,0.233140430844621,0.26931674998705,0.307349455665927,0.347152060306214,0.388649144195317,0.431774178765099,0.476467905865742,0.522677102761759,0.570353622281393,0.619453633985289,0.669937015262807,0.72176685629247,0.774909052870717,0.829331968018716,0.885006148114071,0.941904082746249,0.995740144140239),.UNSPECIFIED.);
#142=B_SPLINE_CURVE_WITH_KNOTS('',3,(#8446,#8447,#8448,#8449,#8450,#8451,#8452,#8453,#8454,#8455,#8456,#8457,#8458,#8459,#8460,#8461,#8462,#8463,#8464,#8465,#8466,#8467,#8468,#8469,#8470,#8471,#8472,#8473),.UNSPECIFIED.,.F.,.F.,(4,1,1,1,1,1,1,1,1,1,1,1,1,1,1,1,1,1,1,1,1,1,1,1,1,4),(0.,0.0295380073774753,0.0439130232827491,0.062471085351112,0.0844292793193222,0.109327530395982,0.136853582336376,0.16677755544411,0.198921058661821,0.233140430844621,0.26931674998705,0.307349455665927,0.347152060306214,0.388649144195317,0.431774178765099,0.476467905865742,0.522677102761759,0.570353622281393,0.619453633985289,0.669937015262807,0.72176685629247,0.774909052870717,0.829331968018716,0.885006148114071,0.941904082746249,0.995740144140239),.UNSPECIFIED.);
#143=B_SPLINE_CURVE_WITH_KNOTS('',3,(#8474,#8475,#8476,#8477,#8478,#8479,#8480,#8481,#8482,#8483,#8484,#8485,#8486,#8487,#8488,#8489,#8490,#8491,#8492,#8493,#8494,#8495,#8496,#8497,#8498,#8499,#8500,#8501),.UNSPECIFIED.,.F.,.F.,(4,1,1,1,1,1,1,1,1,1,1,1,1,1,1,1,1,1,1,1,1,1,1,1,1,4),(0.,0.0295380073774753,0.0439130232827491,0.062471085351112,0.0844292793193222,0.109327530395982,0.136853582336376,0.16677755544411,0.198921058661821,0.233140430844621,0.26931674998705,0.307349455665927,0.347152060306214,0.388649144195317,0.431774178765099,0.476467905865742,0.522677102761759,0.570353622281393,0.619453633985289,0.669937015262807,0.72176685629247,0.774909052870717,0.829331968018716,0.885006148114071,0.941904082746249,0.995740144140239),.UNSPECIFIED.);
#144=B_SPLINE_CURVE_WITH_KNOTS('',3,(#8509,#8510,#8511,#8512,#8513,#8514,#8515,#8516,#8517,#8518,#8519,#8520,#8521,#8522,#8523,#8524,#8525,#8526,#8527,#8528,#8529,#8530,#8531,#8532,#8533,#8534,#8535,#8536),.UNSPECIFIED.,.F.,.F.,(4,1,1,1,1,1,1,1,1,1,1,1,1,1,1,1,1,1,1,1,1,1,1,1,1,4),(0.,0.0295380073774753,0.0439130232827491,0.062471085351112,0.0844292793193222,0.109327530395982,0.136853582336376,0.16677755544411,0.198921058661821,0.233140430844621,0.26931674998705,0.307349455665927,0.347152060306214,0.388649144195317,0.431774178765099,0.476467905865742,0.522677102761759,0.570353622281393,0.619453633985289,0.669937015262807,0.72176685629247,0.774909052870717,0.829331968018716,0.885006148114071,0.941904082746249,0.995740144140239),.UNSPECIFIED.);
#145=B_SPLINE_CURVE_WITH_KNOTS('',3,(#8537,#8538,#8539,#8540,#8541,#8542,#8543,#8544,#8545,#8546,#8547,#8548,#8549,#8550,#8551,#8552,#8553,#8554,#8555,#8556,#8557,#8558,#8559,#8560,#8561,#8562,#8563,#8564),.UNSPECIFIED.,.F.,.F.,(4,1,1,1,1,1,1,1,1,1,1,1,1,1,1,1,1,1,1,1,1,1,1,1,1,4),(0.,0.0295380073774753,0.0439130232827491,0.062471085351112,0.0844292793193222,0.109327530395982,0.136853582336376,0.16677755544411,0.198921058661821,0.233140430844621,0.26931674998705,0.307349455665927,0.347152060306214,0.388649144195317,0.431774178765099,0.476467905865742,0.522677102761759,0.570353622281393,0.619453633985289,0.669937015262807,0.72176685629247,0.774909052870717,0.829331968018716,0.885006148114071,0.941904082746249,0.995740144140239),.UNSPECIFIED.);
#146=B_SPLINE_CURVE_WITH_KNOTS('',3,(#8572,#8573,#8574,#8575,#8576,#8577,#8578,#8579,#8580,#8581,#8582,#8583,#8584,#8585,#8586,#8587,#8588,#8589,#8590,#8591,#8592,#8593,#8594,#8595,#8596,#8597,#8598,#8599),.UNSPECIFIED.,.F.,.F.,(4,1,1,1,1,1,1,1,1,1,1,1,1,1,1,1,1,1,1,1,1,1,1,1,1,4),(0.,0.0295380073774753,0.0439130232827491,0.062471085351112,0.0844292793193222,0.109327530395982,0.136853582336376,0.16677755544411,0.198921058661821,0.233140430844621,0.26931674998705,0.307349455665927,0.347152060306214,0.388649144195317,0.431774178765099,0.476467905865742,0.522677102761759,0.570353622281393,0.619453633985289,0.669937015262807,0.72176685629247,0.774909052870717,0.829331968018716,0.885006148114071,0.941904082746249,0.995740144140239),.UNSPECIFIED.);
#147=B_SPLINE_CURVE_WITH_KNOTS('',3,(#8600,#8601,#8602,#8603,#8604,#8605,#8606,#8607,#8608,#8609,#8610,#8611,#8612,#8613,#8614,#8615,#8616,#8617,#8618,#8619,#8620,#8621,#8622,#8623,#8624,#8625,#8626,#8627),.UNSPECIFIED.,.F.,.F.,(4,1,1,1,1,1,1,1,1,1,1,1,1,1,1,1,1,1,1,1,1,1,1,1,1,4),(0.,0.0295380073774753,0.0439130232827491,0.062471085351112,0.0844292793193222,0.109327530395982,0.136853582336376,0.16677755544411,0.198921058661821,0.233140430844621,0.26931674998705,0.307349455665927,0.347152060306214,0.388649144195317,0.431774178765099,0.476467905865742,0.522677102761759,0.570353622281393,0.619453633985289,0.669937015262807,0.72176685629247,0.774909052870717,0.829331968018716,0.885006148114071,0.941904082746249,0.995740144140239),.UNSPECIFIED.);
#148=B_SPLINE_CURVE_WITH_KNOTS('',3,(#8635,#8636,#8637,#8638,#8639,#8640,#8641,#8642,#8643,#8644,#8645,#8646,#8647,#8648,#8649,#8650,#8651,#8652,#8653,#8654,#8655,#8656,#8657,#8658,#8659,#8660,#8661,#8662),.UNSPECIFIED.,.F.,.F.,(4,1,1,1,1,1,1,1,1,1,1,1,1,1,1,1,1,1,1,1,1,1,1,1,1,4),(0.,0.0295380073774753,0.0439130232827491,0.062471085351112,0.0844292793193222,0.109327530395982,0.136853582336376,0.16677755544411,0.198921058661821,0.233140430844621,0.26931674998705,0.307349455665927,0.347152060306214,0.388649144195317,0.431774178765099,0.476467905865742,0.522677102761759,0.570353622281393,0.619453633985289,0.669937015262807,0.72176685629247,0.774909052870717,0.829331968018716,0.885006148114071,0.941904082746249,0.995740144140239),.UNSPECIFIED.);
#149=B_SPLINE_CURVE_WITH_KNOTS('',3,(#8663,#8664,#8665,#8666,#8667,#8668,#8669,#8670,#8671,#8672,#8673,#8674,#8675,#8676,#8677,#8678,#8679,#8680,#8681,#8682,#8683,#8684,#8685,#8686,#8687,#8688,#8689,#8690),.UNSPECIFIED.,.F.,.F.,(4,1,1,1,1,1,1,1,1,1,1,1,1,1,1,1,1,1,1,1,1,1,1,1,1,4),(0.,0.0295380073774753,0.0439130232827491,0.062471085351112,0.0844292793193222,0.109327530395982,0.136853582336376,0.16677755544411,0.198921058661821,0.233140430844621,0.26931674998705,0.307349455665927,0.347152060306214,0.388649144195317,0.431774178765099,0.476467905865742,0.522677102761759,0.570353622281393,0.619453633985289,0.669937015262807,0.72176685629247,0.774909052870717,0.829331968018716,0.885006148114071,0.941904082746249,0.995740144140239),.UNSPECIFIED.);
#150=B_SPLINE_CURVE_WITH_KNOTS('',3,(#8698,#8699,#8700,#8701,#8702,#8703,#8704,#8705,#8706,#8707,#8708,#8709,#8710,#8711,#8712,#8713,#8714,#8715,#8716,#8717,#8718,#8719,#8720,#8721,#8722,#8723,#8724,#8725),.UNSPECIFIED.,.F.,.F.,(4,1,1,1,1,1,1,1,1,1,1,1,1,1,1,1,1,1,1,1,1,1,1,1,1,4),(0.,0.0295380073774753,0.0439130232827491,0.062471085351112,0.0844292793193222,0.109327530395982,0.136853582336376,0.16677755544411,0.198921058661821,0.233140430844621,0.26931674998705,0.307349455665927,0.347152060306214,0.388649144195317,0.431774178765099,0.476467905865742,0.522677102761759,0.570353622281393,0.619453633985289,0.669937015262807,0.72176685629247,0.774909052870717,0.829331968018716,0.885006148114071,0.941904082746249,0.995740144140239),.UNSPECIFIED.);
#151=B_SPLINE_CURVE_WITH_KNOTS('',3,(#8726,#8727,#8728,#8729,#8730,#8731,#8732,#8733,#8734,#8735,#8736,#8737,#8738,#8739,#8740,#8741,#8742,#8743,#8744,#8745,#8746,#8747,#8748,#8749,#8750,#8751,#8752,#8753),.UNSPECIFIED.,.F.,.F.,(4,1,1,1,1,1,1,1,1,1,1,1,1,1,1,1,1,1,1,1,1,1,1,1,1,4),(0.,0.0295380073774753,0.0439130232827491,0.062471085351112,0.0844292793193222,0.109327530395982,0.136853582336376,0.16677755544411,0.198921058661821,0.233140430844621,0.26931674998705,0.307349455665927,0.347152060306214,0.388649144195317,0.431774178765099,0.476467905865742,0.522677102761759,0.570353622281393,0.619453633985289,0.669937015262807,0.72176685629247,0.774909052870717,0.829331968018716,0.885006148114071,0.941904082746249,0.995740144140239),.UNSPECIFIED.);
#152=B_SPLINE_CURVE_WITH_KNOTS('',3,(#8761,#8762,#8763,#8764,#8765,#8766,#8767,#8768,#8769,#8770,#8771,#8772,#8773,#8774,#8775,#8776,#8777,#8778,#8779,#8780,#8781,#8782,#8783,#8784,#8785,#8786,#8787,#8788),.UNSPECIFIED.,.F.,.F.,(4,1,1,1,1,1,1,1,1,1,1,1,1,1,1,1,1,1,1,1,1,1,1,1,1,4),(0.,0.0295380073774753,0.0439130232827491,0.062471085351112,0.0844292793193222,0.109327530395982,0.136853582336376,0.16677755544411,0.198921058661821,0.233140430844621,0.26931674998705,0.307349455665927,0.347152060306214,0.388649144195317,0.431774178765099,0.476467905865742,0.522677102761759,0.570353622281393,0.619453633985289,0.669937015262807,0.72176685629247,0.774909052870717,0.829331968018716,0.885006148114071,0.941904082746249,0.995740144140239),.UNSPECIFIED.);
#153=B_SPLINE_CURVE_WITH_KNOTS('',3,(#8789,#8790,#8791,#8792,#8793,#8794,#8795,#8796,#8797,#8798,#8799,#8800,#8801,#8802,#8803,#8804,#8805,#8806,#8807,#8808,#8809,#8810,#8811,#8812,#8813,#8814,#8815,#8816),.UNSPECIFIED.,.F.,.F.,(4,1,1,1,1,1,1,1,1,1,1,1,1,1,1,1,1,1,1,1,1,1,1,1,1,4),(0.,0.0295380073774753,0.0439130232827491,0.062471085351112,0.0844292793193222,0.109327530395982,0.136853582336376,0.16677755544411,0.198921058661821,0.233140430844621,0.26931674998705,0.307349455665927,0.347152060306214,0.388649144195317,0.431774178765099,0.476467905865742,0.522677102761759,0.570353622281393,0.619453633985289,0.669937015262807,0.72176685629247,0.774909052870717,0.829331968018716,0.885006148114071,0.941904082746249,0.995740144140239),.UNSPECIFIED.);
#154=B_SPLINE_CURVE_WITH_KNOTS('',3,(#8824,#8825,#8826,#8827,#8828,#8829,#8830,#8831,#8832,#8833,#8834,#8835,#8836,#8837,#8838,#8839,#8840,#8841,#8842,#8843,#8844,#8845,#8846,#8847,#8848,#8849,#8850,#8851),.UNSPECIFIED.,.F.,.F.,(4,1,1,1,1,1,1,1,1,1,1,1,1,1,1,1,1,1,1,1,1,1,1,1,1,4),(0.,0.0295380073774753,0.0439130232827491,0.062471085351112,0.0844292793193222,0.109327530395982,0.136853582336376,0.16677755544411,0.198921058661821,0.233140430844621,0.26931674998705,0.307349455665927,0.347152060306214,0.388649144195317,0.431774178765099,0.476467905865742,0.522677102761759,0.570353622281393,0.619453633985289,0.669937015262807,0.72176685629247,0.774909052870717,0.829331968018716,0.885006148114071,0.941904082746249,0.995740144140239),.UNSPECIFIED.);
#155=B_SPLINE_CURVE_WITH_KNOTS('',3,(#8852,#8853,#8854,#8855,#8856,#8857,#8858,#8859,#8860,#8861,#8862,#8863,#8864,#8865,#8866,#8867,#8868,#8869,#8870,#8871,#8872,#8873,#8874,#8875,#8876,#8877,#8878,#8879),.UNSPECIFIED.,.F.,.F.,(4,1,1,1,1,1,1,1,1,1,1,1,1,1,1,1,1,1,1,1,1,1,1,1,1,4),(0.,0.0295380073774753,0.0439130232827491,0.062471085351112,0.0844292793193222,0.109327530395982,0.136853582336376,0.16677755544411,0.198921058661821,0.233140430844621,0.26931674998705,0.307349455665927,0.347152060306214,0.388649144195317,0.431774178765099,0.476467905865742,0.522677102761759,0.570353622281393,0.619453633985289,0.669937015262807,0.72176685629247,0.774909052870717,0.829331968018716,0.885006148114071,0.941904082746249,0.995740144140239),.UNSPECIFIED.);
#156=B_SPLINE_CURVE_WITH_KNOTS('',3,(#8887,#8888,#8889,#8890,#8891,#8892,#8893,#8894,#8895,#8896,#8897,#8898,#8899,#8900,#8901,#8902,#8903,#8904,#8905,#8906,#8907,#8908,#8909,#8910,#8911,#8912,#8913,#8914),.UNSPECIFIED.,.F.,.F.,(4,1,1,1,1,1,1,1,1,1,1,1,1,1,1,1,1,1,1,1,1,1,1,1,1,4),(0.,0.0295380073774753,0.0439130232827491,0.062471085351112,0.0844292793193222,0.109327530395982,0.136853582336376,0.16677755544411,0.198921058661821,0.233140430844621,0.26931674998705,0.307349455665927,0.347152060306214,0.388649144195317,0.431774178765099,0.476467905865742,0.522677102761759,0.570353622281393,0.619453633985289,0.669937015262807,0.72176685629247,0.774909052870717,0.829331968018716,0.885006148114071,0.941904082746249,0.995740144140239),.UNSPECIFIED.);
#157=B_SPLINE_CURVE_WITH_KNOTS('',3,(#8915,#8916,#8917,#8918,#8919,#8920,#8921,#8922,#8923,#8924,#8925,#8926,#8927,#8928,#8929,#8930,#8931,#8932,#8933,#8934,#8935,#8936,#8937,#8938,#8939,#8940,#8941,#8942),.UNSPECIFIED.,.F.,.F.,(4,1,1,1,1,1,1,1,1,1,1,1,1,1,1,1,1,1,1,1,1,1,1,1,1,4),(0.,0.0295380073774753,0.0439130232827491,0.062471085351112,0.0844292793193222,0.109327530395982,0.136853582336376,0.16677755544411,0.198921058661821,0.233140430844621,0.26931674998705,0.307349455665927,0.347152060306214,0.388649144195317,0.431774178765099,0.476467905865742,0.522677102761759,0.570353622281393,0.619453633985289,0.669937015262807,0.72176685629247,0.774909052870717,0.829331968018716,0.885006148114071,0.941904082746249,0.995740144140239),.UNSPECIFIED.);
#158=B_SPLINE_CURVE_WITH_KNOTS('',3,(#8950,#8951,#8952,#8953,#8954,#8955,#8956,#8957,#8958,#8959,#8960,#8961,#8962,#8963,#8964,#8965,#8966,#8967,#8968,#8969,#8970,#8971,#8972,#8973,#8974,#8975,#8976,#8977),.UNSPECIFIED.,.F.,.F.,(4,1,1,1,1,1,1,1,1,1,1,1,1,1,1,1,1,1,1,1,1,1,1,1,1,4),(0.,0.0295380073774753,0.0439130232827491,0.062471085351112,0.0844292793193222,0.109327530395982,0.136853582336376,0.16677755544411,0.198921058661821,0.233140430844621,0.26931674998705,0.307349455665927,0.347152060306214,0.388649144195317,0.431774178765099,0.476467905865742,0.522677102761759,0.570353622281393,0.619453633985289,0.669937015262807,0.72176685629247,0.774909052870717,0.829331968018716,0.885006148114071,0.941904082746249,0.995740144140239),.UNSPECIFIED.);
#159=B_SPLINE_CURVE_WITH_KNOTS('',3,(#8978,#8979,#8980,#8981,#8982,#8983,#8984,#8985,#8986,#8987,#8988,#8989,#8990,#8991,#8992,#8993,#8994,#8995,#8996,#8997,#8998,#8999,#9000,#9001,#9002,#9003,#9004,#9005),.UNSPECIFIED.,.F.,.F.,(4,1,1,1,1,1,1,1,1,1,1,1,1,1,1,1,1,1,1,1,1,1,1,1,1,4),(0.,0.0295380073774753,0.0439130232827491,0.062471085351112,0.0844292793193222,0.109327530395982,0.136853582336376,0.16677755544411,0.198921058661821,0.233140430844621,0.26931674998705,0.307349455665927,0.347152060306214,0.388649144195317,0.431774178765099,0.476467905865742,0.522677102761759,0.570353622281393,0.619453633985289,0.669937015262807,0.72176685629247,0.774909052870717,0.829331968018716,0.885006148114071,0.941904082746249,0.995740144140239),.UNSPECIFIED.);
#160=B_SPLINE_CURVE_WITH_KNOTS('',3,(#9013,#9014,#9015,#9016,#9017,#9018,#9019,#9020,#9021,#9022,#9023,#9024,#9025,#9026,#9027,#9028,#9029,#9030,#9031,#9032,#9033,#9034,#9035,#9036,#9037,#9038,#9039,#9040),.UNSPECIFIED.,.F.,.F.,(4,1,1,1,1,1,1,1,1,1,1,1,1,1,1,1,1,1,1,1,1,1,1,1,1,4),(0.,0.0295380073774753,0.0439130232827491,0.062471085351112,0.0844292793193222,0.109327530395982,0.136853582336376,0.16677755544411,0.198921058661821,0.233140430844621,0.26931674998705,0.307349455665927,0.347152060306214,0.388649144195317,0.431774178765099,0.476467905865742,0.522677102761759,0.570353622281393,0.619453633985289,0.669937015262807,0.72176685629247,0.774909052870717,0.829331968018716,0.885006148114071,0.941904082746249,0.995740144140239),.UNSPECIFIED.);
#161=B_SPLINE_CURVE_WITH_KNOTS('',3,(#9041,#9042,#9043,#9044,#9045,#9046,#9047,#9048,#9049,#9050,#9051,#9052,#9053,#9054,#9055,#9056,#9057,#9058,#9059,#9060,#9061,#9062,#9063,#9064,#9065,#9066,#9067,#9068),.UNSPECIFIED.,.F.,.F.,(4,1,1,1,1,1,1,1,1,1,1,1,1,1,1,1,1,1,1,1,1,1,1,1,1,4),(0.,0.0295380073774753,0.0439130232827491,0.062471085351112,0.0844292793193222,0.109327530395982,0.136853582336376,0.16677755544411,0.198921058661821,0.233140430844621,0.26931674998705,0.307349455665927,0.347152060306214,0.388649144195317,0.431774178765099,0.476467905865742,0.522677102761759,0.570353622281393,0.619453633985289,0.669937015262807,0.72176685629247,0.774909052870717,0.829331968018716,0.885006148114071,0.941904082746249,0.995740144140239),.UNSPECIFIED.);
#162=B_SPLINE_CURVE_WITH_KNOTS('',3,(#9076,#9077,#9078,#9079,#9080,#9081,#9082,#9083,#9084,#9085,#9086,#9087,#9088,#9089,#9090,#9091,#9092,#9093,#9094,#9095,#9096,#9097,#9098,#9099,#9100,#9101,#9102,#9103),.UNSPECIFIED.,.F.,.F.,(4,1,1,1,1,1,1,1,1,1,1,1,1,1,1,1,1,1,1,1,1,1,1,1,1,4),(0.,0.0295380073774753,0.0439130232827491,0.062471085351112,0.0844292793193222,0.109327530395982,0.136853582336376,0.16677755544411,0.198921058661821,0.233140430844621,0.26931674998705,0.307349455665927,0.347152060306214,0.388649144195317,0.431774178765099,0.476467905865742,0.522677102761759,0.570353622281393,0.619453633985289,0.669937015262807,0.72176685629247,0.774909052870717,0.829331968018716,0.885006148114071,0.941904082746249,0.995740144140239),.UNSPECIFIED.);
#163=B_SPLINE_CURVE_WITH_KNOTS('',3,(#9104,#9105,#9106,#9107,#9108,#9109,#9110,#9111,#9112,#9113,#9114,#9115,#9116,#9117,#9118,#9119,#9120,#9121,#9122,#9123,#9124,#9125,#9126,#9127,#9128,#9129,#9130,#9131),.UNSPECIFIED.,.F.,.F.,(4,1,1,1,1,1,1,1,1,1,1,1,1,1,1,1,1,1,1,1,1,1,1,1,1,4),(0.,0.0295380073774753,0.0439130232827491,0.062471085351112,0.0844292793193222,0.109327530395982,0.136853582336376,0.16677755544411,0.198921058661821,0.233140430844621,0.26931674998705,0.307349455665927,0.347152060306214,0.388649144195317,0.431774178765099,0.476467905865742,0.522677102761759,0.570353622281393,0.619453633985289,0.669937015262807,0.72176685629247,0.774909052870717,0.829331968018716,0.885006148114071,0.941904082746249,0.995740144140239),.UNSPECIFIED.);
#164=B_SPLINE_CURVE_WITH_KNOTS('',3,(#9139,#9140,#9141,#9142,#9143,#9144,#9145,#9146,#9147,#9148,#9149,#9150,#9151,#9152,#9153,#9154,#9155,#9156,#9157,#9158,#9159,#9160,#9161,#9162,#9163,#9164,#9165,#9166),.UNSPECIFIED.,.F.,.F.,(4,1,1,1,1,1,1,1,1,1,1,1,1,1,1,1,1,1,1,1,1,1,1,1,1,4),(0.,0.0295380073774753,0.0439130232827491,0.062471085351112,0.0844292793193222,0.109327530395982,0.136853582336376,0.16677755544411,0.198921058661821,0.233140430844621,0.26931674998705,0.307349455665927,0.347152060306214,0.388649144195317,0.431774178765099,0.476467905865742,0.522677102761759,0.570353622281393,0.619453633985289,0.669937015262807,0.72176685629247,0.774909052870717,0.829331968018716,0.885006148114071,0.941904082746249,0.995740144140239),.UNSPECIFIED.);
#165=B_SPLINE_CURVE_WITH_KNOTS('',3,(#9167,#9168,#9169,#9170,#9171,#9172,#9173,#9174,#9175,#9176,#9177,#9178,#9179,#9180,#9181,#9182,#9183,#9184,#9185,#9186,#9187,#9188,#9189,#9190,#9191,#9192,#9193,#9194),.UNSPECIFIED.,.F.,.F.,(4,1,1,1,1,1,1,1,1,1,1,1,1,1,1,1,1,1,1,1,1,1,1,1,1,4),(0.,0.0295380073774753,0.0439130232827491,0.062471085351112,0.0844292793193222,0.109327530395982,0.136853582336376,0.16677755544411,0.198921058661821,0.233140430844621,0.26931674998705,0.307349455665927,0.347152060306214,0.388649144195317,0.431774178765099,0.476467905865742,0.522677102761759,0.570353622281393,0.619453633985289,0.669937015262807,0.72176685629247,0.774909052870717,0.829331968018716,0.885006148114071,0.941904082746249,0.995740144140239),.UNSPECIFIED.);
#166=B_SPLINE_CURVE_WITH_KNOTS('',3,(#9202,#9203,#9204,#9205,#9206,#9207,#9208,#9209,#9210,#9211,#9212,#9213,#9214,#9215,#9216,#9217,#9218,#9219,#9220,#9221,#9222,#9223,#9224,#9225,#9226,#9227,#9228,#9229),.UNSPECIFIED.,.F.,.F.,(4,1,1,1,1,1,1,1,1,1,1,1,1,1,1,1,1,1,1,1,1,1,1,1,1,4),(0.,0.0295380073774753,0.0439130232827491,0.062471085351112,0.0844292793193222,0.109327530395982,0.136853582336376,0.16677755544411,0.198921058661821,0.233140430844621,0.26931674998705,0.307349455665927,0.347152060306214,0.388649144195317,0.431774178765099,0.476467905865742,0.522677102761759,0.570353622281393,0.619453633985289,0.669937015262807,0.72176685629247,0.774909052870717,0.829331968018716,0.885006148114071,0.941904082746249,0.995740144140239),.UNSPECIFIED.);
#167=B_SPLINE_CURVE_WITH_KNOTS('',3,(#9230,#9231,#9232,#9233,#9234,#9235,#9236,#9237,#9238,#9239,#9240,#9241,#9242,#9243,#9244,#9245,#9246,#9247,#9248,#9249,#9250,#9251,#9252,#9253,#9254,#9255,#9256,#9257),.UNSPECIFIED.,.F.,.F.,(4,1,1,1,1,1,1,1,1,1,1,1,1,1,1,1,1,1,1,1,1,1,1,1,1,4),(0.,0.0295380073774753,0.0439130232827491,0.062471085351112,0.0844292793193222,0.109327530395982,0.136853582336376,0.16677755544411,0.198921058661821,0.233140430844621,0.26931674998705,0.307349455665927,0.347152060306214,0.388649144195317,0.431774178765099,0.476467905865742,0.522677102761759,0.570353622281393,0.619453633985289,0.669937015262807,0.72176685629247,0.774909052870717,0.829331968018716,0.885006148114071,0.941904082746249,0.995740144140239),.UNSPECIFIED.);
#168=B_SPLINE_CURVE_WITH_KNOTS('',3,(#9265,#9266,#9267,#9268,#9269,#9270,#9271,#9272,#9273,#9274,#9275,#9276,#9277,#9278,#9279,#9280,#9281,#9282,#9283,#9284,#9285,#9286,#9287,#9288,#9289,#9290,#9291,#9292),.UNSPECIFIED.,.F.,.F.,(4,1,1,1,1,1,1,1,1,1,1,1,1,1,1,1,1,1,1,1,1,1,1,1,1,4),(0.,0.0295380073774753,0.0439130232827491,0.062471085351112,0.0844292793193222,0.109327530395982,0.136853582336376,0.16677755544411,0.198921058661821,0.233140430844621,0.26931674998705,0.307349455665927,0.347152060306214,0.388649144195317,0.431774178765099,0.476467905865742,0.522677102761759,0.570353622281393,0.619453633985289,0.669937015262807,0.72176685629247,0.774909052870717,0.829331968018716,0.885006148114071,0.941904082746249,0.995740144140239),.UNSPECIFIED.);
#169=B_SPLINE_CURVE_WITH_KNOTS('',3,(#9293,#9294,#9295,#9296,#9297,#9298,#9299,#9300,#9301,#9302,#9303,#9304,#9305,#9306,#9307,#9308,#9309,#9310,#9311,#9312,#9313,#9314,#9315,#9316,#9317,#9318,#9319,#9320),.UNSPECIFIED.,.F.,.F.,(4,1,1,1,1,1,1,1,1,1,1,1,1,1,1,1,1,1,1,1,1,1,1,1,1,4),(0.,0.0295380073774753,0.0439130232827491,0.062471085351112,0.0844292793193222,0.109327530395982,0.136853582336376,0.16677755544411,0.198921058661821,0.233140430844621,0.26931674998705,0.307349455665927,0.347152060306214,0.388649144195317,0.431774178765099,0.476467905865742,0.522677102761759,0.570353622281393,0.619453633985289,0.669937015262807,0.72176685629247,0.774909052870717,0.829331968018716,0.885006148114071,0.941904082746249,0.995740144140239),.UNSPECIFIED.);
#170=B_SPLINE_CURVE_WITH_KNOTS('',3,(#9328,#9329,#9330,#9331,#9332,#9333,#9334,#9335,#9336,#9337,#9338,#9339,#9340,#9341,#9342,#9343,#9344,#9345,#9346,#9347,#9348,#9349,#9350,#9351,#9352,#9353,#9354,#9355),.UNSPECIFIED.,.F.,.F.,(4,1,1,1,1,1,1,1,1,1,1,1,1,1,1,1,1,1,1,1,1,1,1,1,1,4),(0.,0.0295380073774753,0.0439130232827491,0.062471085351112,0.0844292793193222,0.109327530395982,0.136853582336376,0.16677755544411,0.198921058661821,0.233140430844621,0.26931674998705,0.307349455665927,0.347152060306214,0.388649144195317,0.431774178765099,0.476467905865742,0.522677102761759,0.570353622281393,0.619453633985289,0.669937015262807,0.72176685629247,0.774909052870717,0.829331968018716,0.885006148114071,0.941904082746249,0.995740144140239),.UNSPECIFIED.);
#171=B_SPLINE_CURVE_WITH_KNOTS('',3,(#9356,#9357,#9358,#9359,#9360,#9361,#9362,#9363,#9364,#9365,#9366,#9367,#9368,#9369,#9370,#9371,#9372,#9373,#9374,#9375,#9376,#9377,#9378,#9379,#9380,#9381,#9382,#9383),.UNSPECIFIED.,.F.,.F.,(4,1,1,1,1,1,1,1,1,1,1,1,1,1,1,1,1,1,1,1,1,1,1,1,1,4),(0.,0.0295380073774753,0.0439130232827491,0.062471085351112,0.0844292793193222,0.109327530395982,0.136853582336376,0.16677755544411,0.198921058661821,0.233140430844621,0.26931674998705,0.307349455665927,0.347152060306214,0.388649144195317,0.431774178765099,0.476467905865742,0.522677102761759,0.570353622281393,0.619453633985289,0.669937015262807,0.72176685629247,0.774909052870717,0.829331968018716,0.885006148114071,0.941904082746249,0.995740144140239),.UNSPECIFIED.);
#172=B_SPLINE_CURVE_WITH_KNOTS('',3,(#9398,#9399,#9400,#9401,#9402,#9403,#9404,#9405,#9406,#9407,#9408,#9409,#9410,#9411,#9412,#9413,#9414,#9415,#9416,#9417,#9418,#9419,#9420,#9421,#9422,#9423,#9424,#9425),.UNSPECIFIED.,.F.,.F.,(4,1,1,1,1,1,1,1,1,1,1,1,1,1,1,1,1,1,1,1,1,1,1,1,1,4),(0.,0.0295380073774753,0.0439130232827491,0.062471085351112,0.0844292793193222,0.109327530395982,0.136853582336376,0.16677755544411,0.198921058661821,0.233140430844621,0.26931674998705,0.307349455665927,0.347152060306214,0.388649144195317,0.431774178765099,0.476467905865742,0.522677102761759,0.570353622281393,0.619453633985289,0.669937015262807,0.72176685629247,0.774909052870717,0.829331968018716,0.885006148114071,0.941904082746249,0.995740144140239),.UNSPECIFIED.);
#173=B_SPLINE_CURVE_WITH_KNOTS('',3,(#9426,#9427,#9428,#9429,#9430,#9431,#9432,#9433,#9434,#9435,#9436,#9437,#9438,#9439,#9440,#9441,#9442,#9443,#9444,#9445,#9446,#9447,#9448,#9449,#9450,#9451,#9452,#9453),.UNSPECIFIED.,.F.,.F.,(4,1,1,1,1,1,1,1,1,1,1,1,1,1,1,1,1,1,1,1,1,1,1,1,1,4),(0.,0.0295380073774753,0.0439130232827491,0.062471085351112,0.0844292793193222,0.109327530395982,0.136853582336376,0.16677755544411,0.198921058661821,0.233140430844621,0.26931674998705,0.307349455665927,0.347152060306214,0.388649144195317,0.431774178765099,0.476467905865742,0.522677102761759,0.570353622281393,0.619453633985289,0.669937015262807,0.72176685629247,0.774909052870717,0.829331968018716,0.885006148114071,0.941904082746249,0.995740144140239),.UNSPECIFIED.);
#174=B_SPLINE_CURVE_WITH_KNOTS('',3,(#9461,#9462,#9463,#9464,#9465,#9466,#9467,#9468,#9469,#9470,#9471,#9472,#9473,#9474,#9475,#9476,#9477,#9478,#9479,#9480,#9481,#9482,#9483,#9484,#9485,#9486,#9487,#9488),.UNSPECIFIED.,.F.,.F.,(4,1,1,1,1,1,1,1,1,1,1,1,1,1,1,1,1,1,1,1,1,1,1,1,1,4),(0.,0.0295380073774753,0.0439130232827491,0.062471085351112,0.0844292793193222,0.109327530395982,0.136853582336376,0.16677755544411,0.198921058661821,0.233140430844621,0.26931674998705,0.307349455665927,0.347152060306214,0.388649144195317,0.431774178765099,0.476467905865742,0.522677102761759,0.570353622281393,0.619453633985289,0.669937015262807,0.72176685629247,0.774909052870717,0.829331968018716,0.885006148114071,0.941904082746249,0.995740144140239),.UNSPECIFIED.);
#175=B_SPLINE_CURVE_WITH_KNOTS('',3,(#9489,#9490,#9491,#9492,#9493,#9494,#9495,#9496,#9497,#9498,#9499,#9500,#9501,#9502,#9503,#9504,#9505,#9506,#9507,#9508,#9509,#9510,#9511,#9512,#9513,#9514,#9515,#9516),.UNSPECIFIED.,.F.,.F.,(4,1,1,1,1,1,1,1,1,1,1,1,1,1,1,1,1,1,1,1,1,1,1,1,1,4),(0.,0.0295380073774753,0.0439130232827491,0.062471085351112,0.0844292793193222,0.109327530395982,0.136853582336376,0.16677755544411,0.198921058661821,0.233140430844621,0.26931674998705,0.307349455665927,0.347152060306214,0.388649144195317,0.431774178765099,0.476467905865742,0.522677102761759,0.570353622281393,0.619453633985289,0.669937015262807,0.72176685629247,0.774909052870717,0.829331968018716,0.885006148114071,0.941904082746249,0.995740144140239),.UNSPECIFIED.);
#176=B_SPLINE_CURVE_WITH_KNOTS('',3,(#9524,#9525,#9526,#9527,#9528,#9529,#9530,#9531,#9532,#9533,#9534,#9535,#9536,#9537,#9538,#9539,#9540,#9541,#9542,#9543,#9544,#9545,#9546,#9547,#9548,#9549,#9550,#9551),.UNSPECIFIED.,.F.,.F.,(4,1,1,1,1,1,1,1,1,1,1,1,1,1,1,1,1,1,1,1,1,1,1,1,1,4),(0.,0.0295380073774753,0.0439130232827491,0.062471085351112,0.0844292793193222,0.109327530395982,0.136853582336376,0.16677755544411,0.198921058661821,0.233140430844621,0.26931674998705,0.307349455665927,0.347152060306214,0.388649144195317,0.431774178765099,0.476467905865742,0.522677102761759,0.570353622281393,0.619453633985289,0.669937015262807,0.72176685629247,0.774909052870717,0.829331968018716,0.885006148114071,0.941904082746249,0.995740144140239),.UNSPECIFIED.);
#177=B_SPLINE_CURVE_WITH_KNOTS('',3,(#9552,#9553,#9554,#9555,#9556,#9557,#9558,#9559,#9560,#9561,#9562,#9563,#9564,#9565,#9566,#9567,#9568,#9569,#9570,#9571,#9572,#9573,#9574,#9575,#9576,#9577,#9578,#9579),.UNSPECIFIED.,.F.,.F.,(4,1,1,1,1,1,1,1,1,1,1,1,1,1,1,1,1,1,1,1,1,1,1,1,1,4),(0.,0.0295380073774753,0.0439130232827491,0.062471085351112,0.0844292793193222,0.109327530395982,0.136853582336376,0.16677755544411,0.198921058661821,0.233140430844621,0.26931674998705,0.307349455665927,0.347152060306214,0.388649144195317,0.431774178765099,0.476467905865742,0.522677102761759,0.570353622281393,0.619453633985289,0.669937015262807,0.72176685629247,0.774909052870717,0.829331968018716,0.885006148114071,0.941904082746249,0.995740144140239),.UNSPECIFIED.);
#178=B_SPLINE_CURVE_WITH_KNOTS('',3,(#9587,#9588,#9589,#9590,#9591,#9592,#9593,#9594,#9595,#9596,#9597,#9598,#9599,#9600,#9601,#9602,#9603,#9604,#9605,#9606,#9607,#9608,#9609,#9610,#9611,#9612,#9613,#9614),.UNSPECIFIED.,.F.,.F.,(4,1,1,1,1,1,1,1,1,1,1,1,1,1,1,1,1,1,1,1,1,1,1,1,1,4),(0.,0.0295380073774753,0.0439130232827491,0.062471085351112,0.0844292793193222,0.109327530395982,0.136853582336376,0.16677755544411,0.198921058661821,0.233140430844621,0.26931674998705,0.307349455665927,0.347152060306214,0.388649144195317,0.431774178765099,0.476467905865742,0.522677102761759,0.570353622281393,0.619453633985289,0.669937015262807,0.72176685629247,0.774909052870717,0.829331968018716,0.885006148114071,0.941904082746249,0.995740144140239),.UNSPECIFIED.);
#179=B_SPLINE_CURVE_WITH_KNOTS('',3,(#9615,#9616,#9617,#9618,#9619,#9620,#9621,#9622,#9623,#9624,#9625,#9626,#9627,#9628,#9629,#9630,#9631,#9632,#9633,#9634,#9635,#9636,#9637,#9638,#9639,#9640,#9641,#9642),.UNSPECIFIED.,.F.,.F.,(4,1,1,1,1,1,1,1,1,1,1,1,1,1,1,1,1,1,1,1,1,1,1,1,1,4),(0.,0.0295380073774753,0.0439130232827491,0.062471085351112,0.0844292793193222,0.109327530395982,0.136853582336376,0.16677755544411,0.198921058661821,0.233140430844621,0.26931674998705,0.307349455665927,0.347152060306214,0.388649144195317,0.431774178765099,0.476467905865742,0.522677102761759,0.570353622281393,0.619453633985289,0.669937015262807,0.72176685629247,0.774909052870717,0.829331968018716,0.885006148114071,0.941904082746249,0.995740144140239),.UNSPECIFIED.);
#180=B_SPLINE_CURVE_WITH_KNOTS('',3,(#9650,#9651,#9652,#9653,#9654,#9655,#9656,#9657,#9658,#9659,#9660,#9661,#9662,#9663,#9664,#9665,#9666,#9667,#9668,#9669,#9670,#9671,#9672,#9673,#9674,#9675,#9676,#9677),.UNSPECIFIED.,.F.,.F.,(4,1,1,1,1,1,1,1,1,1,1,1,1,1,1,1,1,1,1,1,1,1,1,1,1,4),(0.,0.0295380073774753,0.0439130232827491,0.062471085351112,0.0844292793193222,0.109327530395982,0.136853582336376,0.16677755544411,0.198921058661821,0.233140430844621,0.26931674998705,0.307349455665927,0.347152060306214,0.388649144195317,0.431774178765099,0.476467905865742,0.522677102761759,0.570353622281393,0.619453633985289,0.669937015262807,0.72176685629247,0.774909052870717,0.829331968018716,0.885006148114071,0.941904082746249,0.995740144140239),.UNSPECIFIED.);
#181=B_SPLINE_CURVE_WITH_KNOTS('',3,(#9678,#9679,#9680,#9681,#9682,#9683,#9684,#9685,#9686,#9687,#9688,#9689,#9690,#9691,#9692,#9693,#9694,#9695,#9696,#9697,#9698,#9699,#9700,#9701,#9702,#9703,#9704,#9705),.UNSPECIFIED.,.F.,.F.,(4,1,1,1,1,1,1,1,1,1,1,1,1,1,1,1,1,1,1,1,1,1,1,1,1,4),(0.,0.0295380073774753,0.0439130232827491,0.062471085351112,0.0844292793193222,0.109327530395982,0.136853582336376,0.16677755544411,0.198921058661821,0.233140430844621,0.26931674998705,0.307349455665927,0.347152060306214,0.388649144195317,0.431774178765099,0.476467905865742,0.522677102761759,0.570353622281393,0.619453633985289,0.669937015262807,0.72176685629247,0.774909052870717,0.829331968018716,0.885006148114071,0.941904082746249,0.995740144140239),.UNSPECIFIED.);
#182=B_SPLINE_CURVE_WITH_KNOTS('',3,(#9713,#9714,#9715,#9716,#9717,#9718,#9719,#9720,#9721,#9722,#9723,#9724,#9725,#9726,#9727,#9728,#9729,#9730,#9731,#9732,#9733,#9734,#9735,#9736,#9737,#9738,#9739,#9740),.UNSPECIFIED.,.F.,.F.,(4,1,1,1,1,1,1,1,1,1,1,1,1,1,1,1,1,1,1,1,1,1,1,1,1,4),(0.,0.0295380073774753,0.0439130232827491,0.062471085351112,0.0844292793193222,0.109327530395982,0.136853582336376,0.16677755544411,0.198921058661821,0.233140430844621,0.26931674998705,0.307349455665927,0.347152060306214,0.388649144195317,0.431774178765099,0.476467905865742,0.522677102761759,0.570353622281393,0.619453633985289,0.669937015262807,0.72176685629247,0.774909052870717,0.829331968018716,0.885006148114071,0.941904082746249,0.995740144140239),.UNSPECIFIED.);
#183=B_SPLINE_CURVE_WITH_KNOTS('',3,(#9741,#9742,#9743,#9744,#9745,#9746,#9747,#9748,#9749,#9750,#9751,#9752,#9753,#9754,#9755,#9756,#9757,#9758,#9759,#9760,#9761,#9762,#9763,#9764,#9765,#9766,#9767,#9768),.UNSPECIFIED.,.F.,.F.,(4,1,1,1,1,1,1,1,1,1,1,1,1,1,1,1,1,1,1,1,1,1,1,1,1,4),(0.,0.0295380073774753,0.0439130232827491,0.062471085351112,0.0844292793193222,0.109327530395982,0.136853582336376,0.16677755544411,0.198921058661821,0.233140430844621,0.26931674998705,0.307349455665927,0.347152060306214,0.388649144195317,0.431774178765099,0.476467905865742,0.522677102761759,0.570353622281393,0.619453633985289,0.669937015262807,0.72176685629247,0.774909052870717,0.829331968018716,0.885006148114071,0.941904082746249,0.995740144140239),.UNSPECIFIED.);
#184=B_SPLINE_CURVE_WITH_KNOTS('',3,(#9776,#9777,#9778,#9779,#9780,#9781,#9782,#9783,#9784,#9785,#9786,#9787,#9788,#9789,#9790,#9791,#9792,#9793,#9794,#9795,#9796,#9797,#9798,#9799,#9800,#9801,#9802,#9803),.UNSPECIFIED.,.F.,.F.,(4,1,1,1,1,1,1,1,1,1,1,1,1,1,1,1,1,1,1,1,1,1,1,1,1,4),(0.,0.0295380073774753,0.0439130232827491,0.062471085351112,0.0844292793193222,0.109327530395982,0.136853582336376,0.16677755544411,0.198921058661821,0.233140430844621,0.26931674998705,0.307349455665927,0.347152060306214,0.388649144195317,0.431774178765099,0.476467905865742,0.522677102761759,0.570353622281393,0.619453633985289,0.669937015262807,0.72176685629247,0.774909052870717,0.829331968018716,0.885006148114071,0.941904082746249,0.995740144140239),.UNSPECIFIED.);
#185=B_SPLINE_CURVE_WITH_KNOTS('',3,(#9804,#9805,#9806,#9807,#9808,#9809,#9810,#9811,#9812,#9813,#9814,#9815,#9816,#9817,#9818,#9819,#9820,#9821,#9822,#9823,#9824,#9825,#9826,#9827,#9828,#9829,#9830,#9831),.UNSPECIFIED.,.F.,.F.,(4,1,1,1,1,1,1,1,1,1,1,1,1,1,1,1,1,1,1,1,1,1,1,1,1,4),(0.,0.0295380073774753,0.0439130232827491,0.062471085351112,0.0844292793193222,0.109327530395982,0.136853582336376,0.16677755544411,0.198921058661821,0.233140430844621,0.26931674998705,0.307349455665927,0.347152060306214,0.388649144195317,0.431774178765099,0.476467905865742,0.522677102761759,0.570353622281393,0.619453633985289,0.669937015262807,0.72176685629247,0.774909052870717,0.829331968018716,0.885006148114071,0.941904082746249,0.995740144140239),.UNSPECIFIED.);
#186=B_SPLINE_CURVE_WITH_KNOTS('',3,(#9839,#9840,#9841,#9842,#9843,#9844,#9845,#9846,#9847,#9848,#9849,#9850,#9851,#9852,#9853,#9854,#9855,#9856,#9857,#9858,#9859,#9860,#9861,#9862,#9863,#9864,#9865,#9866),.UNSPECIFIED.,.F.,.F.,(4,1,1,1,1,1,1,1,1,1,1,1,1,1,1,1,1,1,1,1,1,1,1,1,1,4),(0.,0.0295380073774753,0.0439130232827491,0.062471085351112,0.0844292793193222,0.109327530395982,0.136853582336376,0.16677755544411,0.198921058661821,0.233140430844621,0.26931674998705,0.307349455665927,0.347152060306214,0.388649144195317,0.431774178765099,0.476467905865742,0.522677102761759,0.570353622281393,0.619453633985289,0.669937015262807,0.72176685629247,0.774909052870717,0.829331968018716,0.885006148114071,0.941904082746249,0.995740144140239),.UNSPECIFIED.);
#187=B_SPLINE_CURVE_WITH_KNOTS('',3,(#9867,#9868,#9869,#9870,#9871,#9872,#9873,#9874,#9875,#9876,#9877,#9878,#9879,#9880,#9881,#9882,#9883,#9884,#9885,#9886,#9887,#9888,#9889,#9890,#9891,#9892,#9893,#9894),.UNSPECIFIED.,.F.,.F.,(4,1,1,1,1,1,1,1,1,1,1,1,1,1,1,1,1,1,1,1,1,1,1,1,1,4),(0.,0.0295380073774753,0.0439130232827491,0.062471085351112,0.0844292793193222,0.109327530395982,0.136853582336376,0.16677755544411,0.198921058661821,0.233140430844621,0.26931674998705,0.307349455665927,0.347152060306214,0.388649144195317,0.431774178765099,0.476467905865742,0.522677102761759,0.570353622281393,0.619453633985289,0.669937015262807,0.72176685629247,0.774909052870717,0.829331968018716,0.885006148114071,0.941904082746249,0.995740144140239),.UNSPECIFIED.);
#188=B_SPLINE_CURVE_WITH_KNOTS('',3,(#9902,#9903,#9904,#9905,#9906,#9907,#9908,#9909,#9910,#9911,#9912,#9913,#9914,#9915,#9916,#9917,#9918,#9919,#9920,#9921,#9922,#9923,#9924,#9925,#9926,#9927,#9928,#9929),.UNSPECIFIED.,.F.,.F.,(4,1,1,1,1,1,1,1,1,1,1,1,1,1,1,1,1,1,1,1,1,1,1,1,1,4),(0.,0.0295380073774753,0.0439130232827491,0.062471085351112,0.0844292793193222,0.109327530395982,0.136853582336376,0.16677755544411,0.198921058661821,0.233140430844621,0.26931674998705,0.307349455665927,0.347152060306214,0.388649144195317,0.431774178765099,0.476467905865742,0.522677102761759,0.570353622281393,0.619453633985289,0.669937015262807,0.72176685629247,0.774909052870717,0.829331968018716,0.885006148114071,0.941904082746249,0.995740144140239),.UNSPECIFIED.);
#189=B_SPLINE_CURVE_WITH_KNOTS('',3,(#9930,#9931,#9932,#9933,#9934,#9935,#9936,#9937,#9938,#9939,#9940,#9941,#9942,#9943,#9944,#9945,#9946,#9947,#9948,#9949,#9950,#9951,#9952,#9953,#9954,#9955,#9956,#9957),.UNSPECIFIED.,.F.,.F.,(4,1,1,1,1,1,1,1,1,1,1,1,1,1,1,1,1,1,1,1,1,1,1,1,1,4),(0.,0.0295380073774753,0.0439130232827491,0.062471085351112,0.0844292793193222,0.109327530395982,0.136853582336376,0.16677755544411,0.198921058661821,0.233140430844621,0.26931674998705,0.307349455665927,0.347152060306214,0.388649144195317,0.431774178765099,0.476467905865742,0.522677102761759,0.570353622281393,0.619453633985289,0.669937015262807,0.72176685629247,0.774909052870717,0.829331968018716,0.885006148114071,0.941904082746249,0.995740144140239),.UNSPECIFIED.);
#190=B_SPLINE_CURVE_WITH_KNOTS('',3,(#9965,#9966,#9967,#9968,#9969,#9970,#9971,#9972,#9973,#9974,#9975,#9976,#9977,#9978,#9979,#9980,#9981,#9982,#9983,#9984,#9985,#9986,#9987,#9988,#9989,#9990,#9991,#9992),.UNSPECIFIED.,.F.,.F.,(4,1,1,1,1,1,1,1,1,1,1,1,1,1,1,1,1,1,1,1,1,1,1,1,1,4),(0.,0.0295380073774753,0.0439130232827491,0.062471085351112,0.0844292793193222,0.109327530395982,0.136853582336376,0.16677755544411,0.198921058661821,0.233140430844621,0.26931674998705,0.307349455665927,0.347152060306214,0.388649144195317,0.431774178765099,0.476467905865742,0.522677102761759,0.570353622281393,0.619453633985289,0.669937015262807,0.72176685629247,0.774909052870717,0.829331968018716,0.885006148114071,0.941904082746249,0.995740144140239),.UNSPECIFIED.);
#191=B_SPLINE_CURVE_WITH_KNOTS('',3,(#9993,#9994,#9995,#9996,#9997,#9998,#9999,#10000,#10001,#10002,#10003,#10004,#10005,#10006,#10007,#10008,#10009,#10010,#10011,#10012,#10013,#10014,#10015,#10016,#10017,#10018,#10019,#10020),.UNSPECIFIED.,.F.,.F.,(4,1,1,1,1,1,1,1,1,1,1,1,1,1,1,1,1,1,1,1,1,1,1,1,1,4),(0.,0.0295380073774753,0.0439130232827491,0.062471085351112,0.0844292793193222,0.109327530395982,0.136853582336376,0.16677755544411,0.198921058661821,0.233140430844621,0.26931674998705,0.307349455665927,0.347152060306214,0.388649144195317,0.431774178765099,0.476467905865742,0.522677102761759,0.570353622281393,0.619453633985289,0.669937015262807,0.72176685629247,0.774909052870717,0.829331968018716,0.885006148114071,0.941904082746249,0.995740144140239),.UNSPECIFIED.);
#192=B_SPLINE_CURVE_WITH_KNOTS('',3,(#10028,#10029,#10030,#10031,#10032,#10033,#10034,#10035,#10036,#10037,#10038,#10039,#10040,#10041,#10042,#10043,#10044,#10045,#10046,#10047,#10048,#10049,#10050,#10051,#10052,#10053,#10054,#10055),.UNSPECIFIED.,.F.,.F.,(4,1,1,1,1,1,1,1,1,1,1,1,1,1,1,1,1,1,1,1,1,1,1,1,1,4),(0.,0.0295380073774753,0.0439130232827491,0.062471085351112,0.0844292793193222,0.109327530395982,0.136853582336376,0.16677755544411,0.198921058661821,0.233140430844621,0.26931674998705,0.307349455665927,0.347152060306214,0.388649144195317,0.431774178765099,0.476467905865742,0.522677102761759,0.570353622281393,0.619453633985289,0.669937015262807,0.72176685629247,0.774909052870717,0.829331968018716,0.885006148114071,0.941904082746249,0.995740144140239),.UNSPECIFIED.);
#193=B_SPLINE_CURVE_WITH_KNOTS('',3,(#10056,#10057,#10058,#10059,#10060,#10061,#10062,#10063,#10064,#10065,#10066,#10067,#10068,#10069,#10070,#10071,#10072,#10073,#10074,#10075,#10076,#10077,#10078,#10079,#10080,#10081,#10082,#10083),.UNSPECIFIED.,.F.,.F.,(4,1,1,1,1,1,1,1,1,1,1,1,1,1,1,1,1,1,1,1,1,1,1,1,1,4),(0.,0.0295380073774753,0.0439130232827491,0.062471085351112,0.0844292793193222,0.109327530395982,0.136853582336376,0.16677755544411,0.198921058661821,0.233140430844621,0.26931674998705,0.307349455665927,0.347152060306214,0.388649144195317,0.431774178765099,0.476467905865742,0.522677102761759,0.570353622281393,0.619453633985289,0.669937015262807,0.72176685629247,0.774909052870717,0.829331968018716,0.885006148114071,0.941904082746249,0.995740144140239),.UNSPECIFIED.);
#194=B_SPLINE_CURVE_WITH_KNOTS('',3,(#10091,#10092,#10093,#10094,#10095,#10096,#10097,#10098,#10099,#10100,#10101,#10102,#10103,#10104,#10105,#10106,#10107,#10108,#10109,#10110,#10111,#10112,#10113,#10114,#10115,#10116,#10117,#10118),.UNSPECIFIED.,.F.,.F.,(4,1,1,1,1,1,1,1,1,1,1,1,1,1,1,1,1,1,1,1,1,1,1,1,1,4),(0.,0.0295380073774753,0.0439130232827491,0.062471085351112,0.0844292793193222,0.109327530395982,0.136853582336376,0.16677755544411,0.198921058661821,0.233140430844621,0.26931674998705,0.307349455665927,0.347152060306214,0.388649144195317,0.431774178765099,0.476467905865742,0.522677102761759,0.570353622281393,0.619453633985289,0.669937015262807,0.72176685629247,0.774909052870717,0.829331968018716,0.885006148114071,0.941904082746249,0.995740144140239),.UNSPECIFIED.);
#195=B_SPLINE_CURVE_WITH_KNOTS('',3,(#10119,#10120,#10121,#10122,#10123,#10124,#10125,#10126,#10127,#10128,#10129,#10130,#10131,#10132,#10133,#10134,#10135,#10136,#10137,#10138,#10139,#10140,#10141,#10142,#10143,#10144,#10145,#10146),.UNSPECIFIED.,.F.,.F.,(4,1,1,1,1,1,1,1,1,1,1,1,1,1,1,1,1,1,1,1,1,1,1,1,1,4),(0.,0.0295380073774753,0.0439130232827491,0.062471085351112,0.0844292793193222,0.109327530395982,0.136853582336376,0.16677755544411,0.198921058661821,0.233140430844621,0.26931674998705,0.307349455665927,0.347152060306214,0.388649144195317,0.431774178765099,0.476467905865742,0.522677102761759,0.570353622281393,0.619453633985289,0.669937015262807,0.72176685629247,0.774909052870717,0.829331968018716,0.885006148114071,0.941904082746249,0.995740144140239),.UNSPECIFIED.);
#196=B_SPLINE_CURVE_WITH_KNOTS('',3,(#10154,#10155,#10156,#10157,#10158,#10159,#10160,#10161,#10162,#10163,#10164,#10165,#10166,#10167,#10168,#10169,#10170,#10171,#10172,#10173,#10174,#10175,#10176,#10177,#10178,#10179,#10180,#10181),.UNSPECIFIED.,.F.,.F.,(4,1,1,1,1,1,1,1,1,1,1,1,1,1,1,1,1,1,1,1,1,1,1,1,1,4),(0.,0.0295380073774753,0.0439130232827491,0.062471085351112,0.0844292793193222,0.109327530395982,0.136853582336376,0.16677755544411,0.198921058661821,0.233140430844621,0.26931674998705,0.307349455665927,0.347152060306214,0.388649144195317,0.431774178765099,0.476467905865742,0.522677102761759,0.570353622281393,0.619453633985289,0.669937015262807,0.72176685629247,0.774909052870717,0.829331968018716,0.885006148114071,0.941904082746249,0.995740144140239),.UNSPECIFIED.);
#197=B_SPLINE_CURVE_WITH_KNOTS('',3,(#10182,#10183,#10184,#10185,#10186,#10187,#10188,#10189,#10190,#10191,#10192,#10193,#10194,#10195,#10196,#10197,#10198,#10199,#10200,#10201,#10202,#10203,#10204,#10205,#10206,#10207,#10208,#10209),.UNSPECIFIED.,.F.,.F.,(4,1,1,1,1,1,1,1,1,1,1,1,1,1,1,1,1,1,1,1,1,1,1,1,1,4),(0.,0.0295380073774753,0.0439130232827491,0.062471085351112,0.0844292793193222,0.109327530395982,0.136853582336376,0.16677755544411,0.198921058661821,0.233140430844621,0.26931674998705,0.307349455665927,0.347152060306214,0.388649144195317,0.431774178765099,0.476467905865742,0.522677102761759,0.570353622281393,0.619453633985289,0.669937015262807,0.72176685629247,0.774909052870717,0.829331968018716,0.885006148114071,0.941904082746249,0.995740144140239),.UNSPECIFIED.);
#198=B_SPLINE_CURVE_WITH_KNOTS('',3,(#10217,#10218,#10219,#10220,#10221,#10222,#10223,#10224,#10225,#10226,#10227,#10228,#10229,#10230,#10231,#10232,#10233,#10234,#10235,#10236,#10237,#10238,#10239,#10240,#10241,#10242,#10243,#10244),.UNSPECIFIED.,.F.,.F.,(4,1,1,1,1,1,1,1,1,1,1,1,1,1,1,1,1,1,1,1,1,1,1,1,1,4),(0.,0.0295380073774753,0.0439130232827491,0.062471085351112,0.0844292793193222,0.109327530395982,0.136853582336376,0.16677755544411,0.198921058661821,0.233140430844621,0.26931674998705,0.307349455665927,0.347152060306214,0.388649144195317,0.431774178765099,0.476467905865742,0.522677102761759,0.570353622281393,0.619453633985289,0.669937015262807,0.72176685629247,0.774909052870717,0.829331968018716,0.885006148114071,0.941904082746249,0.995740144140239),.UNSPECIFIED.);
#199=B_SPLINE_CURVE_WITH_KNOTS('',3,(#10245,#10246,#10247,#10248,#10249,#10250,#10251,#10252,#10253,#10254,#10255,#10256,#10257,#10258,#10259,#10260,#10261,#10262,#10263,#10264,#10265,#10266,#10267,#10268,#10269,#10270,#10271,#10272),.UNSPECIFIED.,.F.,.F.,(4,1,1,1,1,1,1,1,1,1,1,1,1,1,1,1,1,1,1,1,1,1,1,1,1,4),(0.,0.0295380073774753,0.0439130232827491,0.062471085351112,0.0844292793193222,0.109327530395982,0.136853582336376,0.16677755544411,0.198921058661821,0.233140430844621,0.26931674998705,0.307349455665927,0.347152060306214,0.388649144195317,0.431774178765099,0.476467905865742,0.522677102761759,0.570353622281393,0.619453633985289,0.669937015262807,0.72176685629247,0.774909052870717,0.829331968018716,0.885006148114071,0.941904082746249,0.995740144140239),.UNSPECIFIED.);
#200=B_SPLINE_CURVE_WITH_KNOTS('',3,(#10280,#10281,#10282,#10283,#10284,#10285,#10286,#10287,#10288,#10289,#10290,#10291,#10292,#10293,#10294,#10295,#10296,#10297,#10298,#10299,#10300,#10301,#10302,#10303,#10304,#10305,#10306,#10307),.UNSPECIFIED.,.F.,.F.,(4,1,1,1,1,1,1,1,1,1,1,1,1,1,1,1,1,1,1,1,1,1,1,1,1,4),(0.,0.0295380073774753,0.0439130232827491,0.062471085351112,0.0844292793193222,0.109327530395982,0.136853582336376,0.16677755544411,0.198921058661821,0.233140430844621,0.26931674998705,0.307349455665927,0.347152060306214,0.388649144195317,0.431774178765099,0.476467905865742,0.522677102761759,0.570353622281393,0.619453633985289,0.669937015262807,0.72176685629247,0.774909052870717,0.829331968018716,0.885006148114071,0.941904082746249,0.995740144140239),.UNSPECIFIED.);
#201=B_SPLINE_CURVE_WITH_KNOTS('',3,(#10308,#10309,#10310,#10311,#10312,#10313,#10314,#10315,#10316,#10317,#10318,#10319,#10320,#10321,#10322,#10323,#10324,#10325,#10326,#10327,#10328,#10329,#10330,#10331,#10332,#10333,#10334,#10335),.UNSPECIFIED.,.F.,.F.,(4,1,1,1,1,1,1,1,1,1,1,1,1,1,1,1,1,1,1,1,1,1,1,1,1,4),(0.,0.0295380073774753,0.0439130232827491,0.062471085351112,0.0844292793193222,0.109327530395982,0.136853582336376,0.16677755544411,0.198921058661821,0.233140430844621,0.26931674998705,0.307349455665927,0.347152060306214,0.388649144195317,0.431774178765099,0.476467905865742,0.522677102761759,0.570353622281393,0.619453633985289,0.669937015262807,0.72176685629247,0.774909052870717,0.829331968018716,0.885006148114071,0.941904082746249,0.995740144140239),.UNSPECIFIED.);
#202=B_SPLINE_CURVE_WITH_KNOTS('',3,(#10343,#10344,#10345,#10346,#10347,#10348,#10349,#10350,#10351,#10352,#10353,#10354,#10355,#10356,#10357,#10358,#10359,#10360,#10361,#10362,#10363,#10364,#10365,#10366,#10367,#10368,#10369,#10370),.UNSPECIFIED.,.F.,.F.,(4,1,1,1,1,1,1,1,1,1,1,1,1,1,1,1,1,1,1,1,1,1,1,1,1,4),(0.,0.0295380073774753,0.0439130232827491,0.062471085351112,0.0844292793193222,0.109327530395982,0.136853582336376,0.16677755544411,0.198921058661821,0.233140430844621,0.26931674998705,0.307349455665927,0.347152060306214,0.388649144195317,0.431774178765099,0.476467905865742,0.522677102761759,0.570353622281393,0.619453633985289,0.669937015262807,0.72176685629247,0.774909052870717,0.829331968018716,0.885006148114071,0.941904082746249,0.995740144140239),.UNSPECIFIED.);
#203=B_SPLINE_CURVE_WITH_KNOTS('',3,(#10371,#10372,#10373,#10374,#10375,#10376,#10377,#10378,#10379,#10380,#10381,#10382,#10383,#10384,#10385,#10386,#10387,#10388,#10389,#10390,#10391,#10392,#10393,#10394,#10395,#10396,#10397,#10398),.UNSPECIFIED.,.F.,.F.,(4,1,1,1,1,1,1,1,1,1,1,1,1,1,1,1,1,1,1,1,1,1,1,1,1,4),(0.,0.0295380073774753,0.0439130232827491,0.062471085351112,0.0844292793193222,0.109327530395982,0.136853582336376,0.16677755544411,0.198921058661821,0.233140430844621,0.26931674998705,0.307349455665927,0.347152060306214,0.388649144195317,0.431774178765099,0.476467905865742,0.522677102761759,0.570353622281393,0.619453633985289,0.669937015262807,0.72176685629247,0.774909052870717,0.829331968018716,0.885006148114071,0.941904082746249,0.995740144140239),.UNSPECIFIED.);
#204=B_SPLINE_CURVE_WITH_KNOTS('',3,(#10406,#10407,#10408,#10409,#10410,#10411,#10412,#10413,#10414,#10415,#10416,#10417,#10418,#10419,#10420,#10421,#10422,#10423,#10424,#10425,#10426,#10427,#10428,#10429,#10430,#10431,#10432,#10433),.UNSPECIFIED.,.F.,.F.,(4,1,1,1,1,1,1,1,1,1,1,1,1,1,1,1,1,1,1,1,1,1,1,1,1,4),(0.,0.0295380073774753,0.0439130232827491,0.062471085351112,0.0844292793193222,0.109327530395982,0.136853582336376,0.16677755544411,0.198921058661821,0.233140430844621,0.26931674998705,0.307349455665927,0.347152060306214,0.388649144195317,0.431774178765099,0.476467905865742,0.522677102761759,0.570353622281393,0.619453633985289,0.669937015262807,0.72176685629247,0.774909052870717,0.829331968018716,0.885006148114071,0.941904082746249,0.995740144140239),.UNSPECIFIED.);
#205=B_SPLINE_CURVE_WITH_KNOTS('',3,(#10434,#10435,#10436,#10437,#10438,#10439,#10440,#10441,#10442,#10443,#10444,#10445,#10446,#10447,#10448,#10449,#10450,#10451,#10452,#10453,#10454,#10455,#10456,#10457,#10458,#10459,#10460,#10461),.UNSPECIFIED.,.F.,.F.,(4,1,1,1,1,1,1,1,1,1,1,1,1,1,1,1,1,1,1,1,1,1,1,1,1,4),(0.,0.0295380073774753,0.0439130232827491,0.062471085351112,0.0844292793193222,0.109327530395982,0.136853582336376,0.16677755544411,0.198921058661821,0.233140430844621,0.26931674998705,0.307349455665927,0.347152060306214,0.388649144195317,0.431774178765099,0.476467905865742,0.522677102761759,0.570353622281393,0.619453633985289,0.669937015262807,0.72176685629247,0.774909052870717,0.829331968018716,0.885006148114071,0.941904082746249,0.995740144140239),.UNSPECIFIED.);
#206=B_SPLINE_CURVE_WITH_KNOTS('',3,(#10469,#10470,#10471,#10472,#10473,#10474,#10475,#10476,#10477,#10478,#10479,#10480,#10481,#10482,#10483,#10484,#10485,#10486,#10487,#10488,#10489,#10490,#10491,#10492,#10493,#10494,#10495,#10496),.UNSPECIFIED.,.F.,.F.,(4,1,1,1,1,1,1,1,1,1,1,1,1,1,1,1,1,1,1,1,1,1,1,1,1,4),(0.,0.0295380073774753,0.0439130232827491,0.062471085351112,0.0844292793193222,0.109327530395982,0.136853582336376,0.16677755544411,0.198921058661821,0.233140430844621,0.26931674998705,0.307349455665927,0.347152060306214,0.388649144195317,0.431774178765099,0.476467905865742,0.522677102761759,0.570353622281393,0.619453633985289,0.669937015262807,0.72176685629247,0.774909052870717,0.829331968018716,0.885006148114071,0.941904082746249,0.995740144140239),.UNSPECIFIED.);
#207=B_SPLINE_CURVE_WITH_KNOTS('',3,(#10497,#10498,#10499,#10500,#10501,#10502,#10503,#10504,#10505,#10506,#10507,#10508,#10509,#10510,#10511,#10512,#10513,#10514,#10515,#10516,#10517,#10518,#10519,#10520,#10521,#10522,#10523,#10524),.UNSPECIFIED.,.F.,.F.,(4,1,1,1,1,1,1,1,1,1,1,1,1,1,1,1,1,1,1,1,1,1,1,1,1,4),(0.,0.0295380073774753,0.0439130232827491,0.062471085351112,0.0844292793193222,0.109327530395982,0.136853582336376,0.16677755544411,0.198921058661821,0.233140430844621,0.26931674998705,0.307349455665927,0.347152060306214,0.388649144195317,0.431774178765099,0.476467905865742,0.522677102761759,0.570353622281393,0.619453633985289,0.669937015262807,0.72176685629247,0.774909052870717,0.829331968018716,0.885006148114071,0.941904082746249,0.995740144140239),.UNSPECIFIED.);
#208=B_SPLINE_CURVE_WITH_KNOTS('',3,(#10532,#10533,#10534,#10535,#10536,#10537,#10538,#10539,#10540,#10541,#10542,#10543,#10544,#10545,#10546,#10547,#10548,#10549,#10550,#10551,#10552,#10553,#10554,#10555,#10556,#10557,#10558,#10559),.UNSPECIFIED.,.F.,.F.,(4,1,1,1,1,1,1,1,1,1,1,1,1,1,1,1,1,1,1,1,1,1,1,1,1,4),(0.,0.0295380073774753,0.0439130232827491,0.062471085351112,0.0844292793193222,0.109327530395982,0.136853582336376,0.16677755544411,0.198921058661821,0.233140430844621,0.26931674998705,0.307349455665927,0.347152060306214,0.388649144195317,0.431774178765099,0.476467905865742,0.522677102761759,0.570353622281393,0.619453633985289,0.669937015262807,0.72176685629247,0.774909052870717,0.829331968018716,0.885006148114071,0.941904082746249,0.995740144140239),.UNSPECIFIED.);
#209=B_SPLINE_CURVE_WITH_KNOTS('',3,(#10560,#10561,#10562,#10563,#10564,#10565,#10566,#10567,#10568,#10569,#10570,#10571,#10572,#10573,#10574,#10575,#10576,#10577,#10578,#10579,#10580,#10581,#10582,#10583,#10584,#10585,#10586,#10587),.UNSPECIFIED.,.F.,.F.,(4,1,1,1,1,1,1,1,1,1,1,1,1,1,1,1,1,1,1,1,1,1,1,1,1,4),(0.,0.0295380073774753,0.0439130232827491,0.062471085351112,0.0844292793193222,0.109327530395982,0.136853582336376,0.16677755544411,0.198921058661821,0.233140430844621,0.26931674998705,0.307349455665927,0.347152060306214,0.388649144195317,0.431774178765099,0.476467905865742,0.522677102761759,0.570353622281393,0.619453633985289,0.669937015262807,0.72176685629247,0.774909052870717,0.829331968018716,0.885006148114071,0.941904082746249,0.995740144140239),.UNSPECIFIED.);
#210=B_SPLINE_CURVE_WITH_KNOTS('',3,(#10595,#10596,#10597,#10598,#10599,#10600,#10601,#10602,#10603,#10604,#10605,#10606,#10607,#10608,#10609,#10610,#10611,#10612,#10613,#10614,#10615,#10616,#10617,#10618,#10619,#10620,#10621,#10622),.UNSPECIFIED.,.F.,.F.,(4,1,1,1,1,1,1,1,1,1,1,1,1,1,1,1,1,1,1,1,1,1,1,1,1,4),(0.,0.0295380073774753,0.0439130232827491,0.062471085351112,0.0844292793193222,0.109327530395982,0.136853582336376,0.16677755544411,0.198921058661821,0.233140430844621,0.26931674998705,0.307349455665927,0.347152060306214,0.388649144195317,0.431774178765099,0.476467905865742,0.522677102761759,0.570353622281393,0.619453633985289,0.669937015262807,0.72176685629247,0.774909052870717,0.829331968018716,0.885006148114071,0.941904082746249,0.995740144140239),.UNSPECIFIED.);
#211=B_SPLINE_CURVE_WITH_KNOTS('',3,(#10623,#10624,#10625,#10626,#10627,#10628,#10629,#10630,#10631,#10632,#10633,#10634,#10635,#10636,#10637,#10638,#10639,#10640,#10641,#10642,#10643,#10644,#10645,#10646,#10647,#10648,#10649,#10650),.UNSPECIFIED.,.F.,.F.,(4,1,1,1,1,1,1,1,1,1,1,1,1,1,1,1,1,1,1,1,1,1,1,1,1,4),(0.,0.0295380073774753,0.0439130232827491,0.062471085351112,0.0844292793193222,0.109327530395982,0.136853582336376,0.16677755544411,0.198921058661821,0.233140430844621,0.26931674998705,0.307349455665927,0.347152060306214,0.388649144195317,0.431774178765099,0.476467905865742,0.522677102761759,0.570353622281393,0.619453633985289,0.669937015262807,0.72176685629247,0.774909052870717,0.829331968018716,0.885006148114071,0.941904082746249,0.995740144140239),.UNSPECIFIED.);
#212=B_SPLINE_CURVE_WITH_KNOTS('',3,(#10658,#10659,#10660,#10661,#10662,#10663,#10664,#10665,#10666,#10667,#10668,#10669,#10670,#10671,#10672,#10673,#10674,#10675,#10676,#10677,#10678,#10679,#10680,#10681,#10682,#10683,#10684,#10685),.UNSPECIFIED.,.F.,.F.,(4,1,1,1,1,1,1,1,1,1,1,1,1,1,1,1,1,1,1,1,1,1,1,1,1,4),(0.,0.0295380073774753,0.0439130232827491,0.062471085351112,0.0844292793193222,0.109327530395982,0.136853582336376,0.16677755544411,0.198921058661821,0.233140430844621,0.26931674998705,0.307349455665927,0.347152060306214,0.388649144195317,0.431774178765099,0.476467905865742,0.522677102761759,0.570353622281393,0.619453633985289,0.669937015262807,0.72176685629247,0.774909052870717,0.829331968018716,0.885006148114071,0.941904082746249,0.995740144140239),.UNSPECIFIED.);
#213=B_SPLINE_CURVE_WITH_KNOTS('',3,(#10686,#10687,#10688,#10689,#10690,#10691,#10692,#10693,#10694,#10695,#10696,#10697,#10698,#10699,#10700,#10701,#10702,#10703,#10704,#10705,#10706,#10707,#10708,#10709,#10710,#10711,#10712,#10713),.UNSPECIFIED.,.F.,.F.,(4,1,1,1,1,1,1,1,1,1,1,1,1,1,1,1,1,1,1,1,1,1,1,1,1,4),(0.,0.0295380073774753,0.0439130232827491,0.062471085351112,0.0844292793193222,0.109327530395982,0.136853582336376,0.16677755544411,0.198921058661821,0.233140430844621,0.26931674998705,0.307349455665927,0.347152060306214,0.388649144195317,0.431774178765099,0.476467905865742,0.522677102761759,0.570353622281393,0.619453633985289,0.669937015262807,0.72176685629247,0.774909052870717,0.829331968018716,0.885006148114071,0.941904082746249,0.995740144140239),.UNSPECIFIED.);
#214=B_SPLINE_CURVE_WITH_KNOTS('',3,(#10721,#10722,#10723,#10724,#10725,#10726,#10727,#10728,#10729,#10730,#10731,#10732,#10733,#10734,#10735,#10736,#10737,#10738,#10739,#10740,#10741,#10742,#10743,#10744,#10745,#10746,#10747,#10748),.UNSPECIFIED.,.F.,.F.,(4,1,1,1,1,1,1,1,1,1,1,1,1,1,1,1,1,1,1,1,1,1,1,1,1,4),(0.,0.0295380073774753,0.0439130232827491,0.062471085351112,0.0844292793193222,0.109327530395982,0.136853582336376,0.16677755544411,0.198921058661821,0.233140430844621,0.26931674998705,0.307349455665927,0.347152060306214,0.388649144195317,0.431774178765099,0.476467905865742,0.522677102761759,0.570353622281393,0.619453633985289,0.669937015262807,0.72176685629247,0.774909052870717,0.829331968018716,0.885006148114071,0.941904082746249,0.995740144140239),.UNSPECIFIED.);
#215=B_SPLINE_CURVE_WITH_KNOTS('',3,(#10749,#10750,#10751,#10752,#10753,#10754,#10755,#10756,#10757,#10758,#10759,#10760,#10761,#10762,#10763,#10764,#10765,#10766,#10767,#10768,#10769,#10770,#10771,#10772,#10773,#10774,#10775,#10776),.UNSPECIFIED.,.F.,.F.,(4,1,1,1,1,1,1,1,1,1,1,1,1,1,1,1,1,1,1,1,1,1,1,1,1,4),(0.,0.0295380073774753,0.0439130232827491,0.062471085351112,0.0844292793193222,0.109327530395982,0.136853582336376,0.16677755544411,0.198921058661821,0.233140430844621,0.26931674998705,0.307349455665927,0.347152060306214,0.388649144195317,0.431774178765099,0.476467905865742,0.522677102761759,0.570353622281393,0.619453633985289,0.669937015262807,0.72176685629247,0.774909052870717,0.829331968018716,0.885006148114071,0.941904082746249,0.995740144140239),.UNSPECIFIED.);
#216=B_SPLINE_CURVE_WITH_KNOTS('',3,(#10784,#10785,#10786,#10787,#10788,#10789,#10790,#10791,#10792,#10793,#10794,#10795,#10796,#10797,#10798,#10799,#10800,#10801,#10802,#10803,#10804,#10805,#10806,#10807,#10808,#10809,#10810,#10811),.UNSPECIFIED.,.F.,.F.,(4,1,1,1,1,1,1,1,1,1,1,1,1,1,1,1,1,1,1,1,1,1,1,1,1,4),(0.,0.0295380073774753,0.0439130232827491,0.062471085351112,0.0844292793193222,0.109327530395982,0.136853582336376,0.16677755544411,0.198921058661821,0.233140430844621,0.26931674998705,0.307349455665927,0.347152060306214,0.388649144195317,0.431774178765099,0.476467905865742,0.522677102761759,0.570353622281393,0.619453633985289,0.669937015262807,0.72176685629247,0.774909052870717,0.829331968018716,0.885006148114071,0.941904082746249,0.995740144140239),.UNSPECIFIED.);
#217=B_SPLINE_CURVE_WITH_KNOTS('',3,(#10812,#10813,#10814,#10815,#10816,#10817,#10818,#10819,#10820,#10821,#10822,#10823,#10824,#10825,#10826,#10827,#10828,#10829,#10830,#10831,#10832,#10833,#10834,#10835,#10836,#10837,#10838,#10839),.UNSPECIFIED.,.F.,.F.,(4,1,1,1,1,1,1,1,1,1,1,1,1,1,1,1,1,1,1,1,1,1,1,1,1,4),(0.,0.0295380073774753,0.0439130232827491,0.062471085351112,0.0844292793193222,0.109327530395982,0.136853582336376,0.16677755544411,0.198921058661821,0.233140430844621,0.26931674998705,0.307349455665927,0.347152060306214,0.388649144195317,0.431774178765099,0.476467905865742,0.522677102761759,0.570353622281393,0.619453633985289,0.669937015262807,0.72176685629247,0.774909052870717,0.829331968018716,0.885006148114071,0.941904082746249,0.995740144140239),.UNSPECIFIED.);
#218=B_SPLINE_CURVE_WITH_KNOTS('',3,(#10847,#10848,#10849,#10850,#10851,#10852,#10853,#10854,#10855,#10856,#10857,#10858,#10859,#10860,#10861,#10862,#10863,#10864,#10865,#10866,#10867,#10868,#10869,#10870,#10871,#10872,#10873,#10874),.UNSPECIFIED.,.F.,.F.,(4,1,1,1,1,1,1,1,1,1,1,1,1,1,1,1,1,1,1,1,1,1,1,1,1,4),(0.,0.0295380073774753,0.0439130232827491,0.062471085351112,0.0844292793193222,0.109327530395982,0.136853582336376,0.16677755544411,0.198921058661821,0.233140430844621,0.26931674998705,0.307349455665927,0.347152060306214,0.388649144195317,0.431774178765099,0.476467905865742,0.522677102761759,0.570353622281393,0.619453633985289,0.669937015262807,0.72176685629247,0.774909052870717,0.829331968018716,0.885006148114071,0.941904082746249,0.995740144140239),.UNSPECIFIED.);
#219=B_SPLINE_CURVE_WITH_KNOTS('',3,(#10875,#10876,#10877,#10878,#10879,#10880,#10881,#10882,#10883,#10884,#10885,#10886,#10887,#10888,#10889,#10890,#10891,#10892,#10893,#10894,#10895,#10896,#10897,#10898,#10899,#10900,#10901,#10902),.UNSPECIFIED.,.F.,.F.,(4,1,1,1,1,1,1,1,1,1,1,1,1,1,1,1,1,1,1,1,1,1,1,1,1,4),(0.,0.0295380073774753,0.0439130232827491,0.062471085351112,0.0844292793193222,0.109327530395982,0.136853582336376,0.16677755544411,0.198921058661821,0.233140430844621,0.26931674998705,0.307349455665927,0.347152060306214,0.388649144195317,0.431774178765099,0.476467905865742,0.522677102761759,0.570353622281393,0.619453633985289,0.669937015262807,0.72176685629247,0.774909052870717,0.829331968018716,0.885006148114071,0.941904082746249,0.995740144140239),.UNSPECIFIED.);
#220=B_SPLINE_CURVE_WITH_KNOTS('',3,(#10910,#10911,#10912,#10913,#10914,#10915,#10916,#10917,#10918,#10919,#10920,#10921,#10922,#10923,#10924,#10925,#10926,#10927,#10928,#10929,#10930,#10931,#10932,#10933,#10934,#10935,#10936,#10937),.UNSPECIFIED.,.F.,.F.,(4,1,1,1,1,1,1,1,1,1,1,1,1,1,1,1,1,1,1,1,1,1,1,1,1,4),(0.,0.0295380073774753,0.0439130232827491,0.062471085351112,0.0844292793193222,0.109327530395982,0.136853582336376,0.16677755544411,0.198921058661821,0.233140430844621,0.26931674998705,0.307349455665927,0.347152060306214,0.388649144195317,0.431774178765099,0.476467905865742,0.522677102761759,0.570353622281393,0.619453633985289,0.669937015262807,0.72176685629247,0.774909052870717,0.829331968018716,0.885006148114071,0.941904082746249,0.995740144140239),.UNSPECIFIED.);
#221=B_SPLINE_CURVE_WITH_KNOTS('',3,(#10938,#10939,#10940,#10941,#10942,#10943,#10944,#10945,#10946,#10947,#10948,#10949,#10950,#10951,#10952,#10953,#10954,#10955,#10956,#10957,#10958,#10959,#10960,#10961,#10962,#10963,#10964,#10965),.UNSPECIFIED.,.F.,.F.,(4,1,1,1,1,1,1,1,1,1,1,1,1,1,1,1,1,1,1,1,1,1,1,1,1,4),(0.,0.0295380073774753,0.0439130232827491,0.062471085351112,0.0844292793193222,0.109327530395982,0.136853582336376,0.16677755544411,0.198921058661821,0.233140430844621,0.26931674998705,0.307349455665927,0.347152060306214,0.388649144195317,0.431774178765099,0.476467905865742,0.522677102761759,0.570353622281393,0.619453633985289,0.669937015262807,0.72176685629247,0.774909052870717,0.829331968018716,0.885006148114071,0.941904082746249,0.995740144140239),.UNSPECIFIED.);
#222=B_SPLINE_CURVE_WITH_KNOTS('',3,(#10973,#10974,#10975,#10976,#10977,#10978,#10979,#10980,#10981,#10982,#10983,#10984,#10985,#10986,#10987,#10988,#10989,#10990,#10991,#10992,#10993,#10994,#10995,#10996,#10997,#10998,#10999,#11000),.UNSPECIFIED.,.F.,.F.,(4,1,1,1,1,1,1,1,1,1,1,1,1,1,1,1,1,1,1,1,1,1,1,1,1,4),(0.,0.0295380073774753,0.0439130232827491,0.062471085351112,0.0844292793193222,0.109327530395982,0.136853582336376,0.16677755544411,0.198921058661821,0.233140430844621,0.26931674998705,0.307349455665927,0.347152060306214,0.388649144195317,0.431774178765099,0.476467905865742,0.522677102761759,0.570353622281393,0.619453633985289,0.669937015262807,0.72176685629247,0.774909052870717,0.829331968018716,0.885006148114071,0.941904082746249,0.995740144140239),.UNSPECIFIED.);
#223=B_SPLINE_CURVE_WITH_KNOTS('',3,(#11001,#11002,#11003,#11004,#11005,#11006,#11007,#11008,#11009,#11010,#11011,#11012,#11013,#11014,#11015,#11016,#11017,#11018,#11019,#11020,#11021,#11022,#11023,#11024,#11025,#11026,#11027,#11028),.UNSPECIFIED.,.F.,.F.,(4,1,1,1,1,1,1,1,1,1,1,1,1,1,1,1,1,1,1,1,1,1,1,1,1,4),(0.,0.0295380073774753,0.0439130232827491,0.062471085351112,0.0844292793193222,0.109327530395982,0.136853582336376,0.16677755544411,0.198921058661821,0.233140430844621,0.26931674998705,0.307349455665927,0.347152060306214,0.388649144195317,0.431774178765099,0.476467905865742,0.522677102761759,0.570353622281393,0.619453633985289,0.669937015262807,0.72176685629247,0.774909052870717,0.829331968018716,0.885006148114071,0.941904082746249,0.995740144140239),.UNSPECIFIED.);
#224=B_SPLINE_CURVE_WITH_KNOTS('',3,(#11036,#11037,#11038,#11039,#11040,#11041,#11042,#11043,#11044,#11045,#11046,#11047,#11048,#11049,#11050,#11051,#11052,#11053,#11054,#11055,#11056,#11057,#11058,#11059,#11060,#11061,#11062,#11063),.UNSPECIFIED.,.F.,.F.,(4,1,1,1,1,1,1,1,1,1,1,1,1,1,1,1,1,1,1,1,1,1,1,1,1,4),(0.,0.0295380073774753,0.0439130232827491,0.062471085351112,0.0844292793193222,0.109327530395982,0.136853582336376,0.16677755544411,0.198921058661821,0.233140430844621,0.26931674998705,0.307349455665927,0.347152060306214,0.388649144195317,0.431774178765099,0.476467905865742,0.522677102761759,0.570353622281393,0.619453633985289,0.669937015262807,0.72176685629247,0.774909052870717,0.829331968018716,0.885006148114071,0.941904082746249,0.995740144140239),.UNSPECIFIED.);
#225=B_SPLINE_CURVE_WITH_KNOTS('',3,(#11064,#11065,#11066,#11067,#11068,#11069,#11070,#11071,#11072,#11073,#11074,#11075,#11076,#11077,#11078,#11079,#11080,#11081,#11082,#11083,#11084,#11085,#11086,#11087,#11088,#11089,#11090,#11091),.UNSPECIFIED.,.F.,.F.,(4,1,1,1,1,1,1,1,1,1,1,1,1,1,1,1,1,1,1,1,1,1,1,1,1,4),(0.,0.0295380073774753,0.0439130232827491,0.062471085351112,0.0844292793193222,0.109327530395982,0.136853582336376,0.16677755544411,0.198921058661821,0.233140430844621,0.26931674998705,0.307349455665927,0.347152060306214,0.388649144195317,0.431774178765099,0.476467905865742,0.522677102761759,0.570353622281393,0.619453633985289,0.669937015262807,0.72176685629247,0.774909052870717,0.829331968018716,0.885006148114071,0.941904082746249,0.995740144140239),.UNSPECIFIED.);
#226=B_SPLINE_CURVE_WITH_KNOTS('',3,(#11099,#11100,#11101,#11102,#11103,#11104,#11105,#11106,#11107,#11108,#11109,#11110,#11111,#11112,#11113,#11114,#11115,#11116,#11117,#11118,#11119,#11120,#11121,#11122,#11123,#11124,#11125,#11126),.UNSPECIFIED.,.F.,.F.,(4,1,1,1,1,1,1,1,1,1,1,1,1,1,1,1,1,1,1,1,1,1,1,1,1,4),(0.,0.0295380073774753,0.0439130232827491,0.062471085351112,0.0844292793193222,0.109327530395982,0.136853582336376,0.16677755544411,0.198921058661821,0.233140430844621,0.26931674998705,0.307349455665927,0.347152060306214,0.388649144195317,0.431774178765099,0.476467905865742,0.522677102761759,0.570353622281393,0.619453633985289,0.669937015262807,0.72176685629247,0.774909052870717,0.829331968018716,0.885006148114071,0.941904082746249,0.995740144140239),.UNSPECIFIED.);
#227=B_SPLINE_CURVE_WITH_KNOTS('',3,(#11127,#11128,#11129,#11130,#11131,#11132,#11133,#11134,#11135,#11136,#11137,#11138,#11139,#11140,#11141,#11142,#11143,#11144,#11145,#11146,#11147,#11148,#11149,#11150,#11151,#11152,#11153,#11154),.UNSPECIFIED.,.F.,.F.,(4,1,1,1,1,1,1,1,1,1,1,1,1,1,1,1,1,1,1,1,1,1,1,1,1,4),(0.,0.0295380073774753,0.0439130232827491,0.062471085351112,0.0844292793193222,0.109327530395982,0.136853582336376,0.16677755544411,0.198921058661821,0.233140430844621,0.26931674998705,0.307349455665927,0.347152060306214,0.388649144195317,0.431774178765099,0.476467905865742,0.522677102761759,0.570353622281393,0.619453633985289,0.669937015262807,0.72176685629247,0.774909052870717,0.829331968018716,0.885006148114071,0.941904082746249,0.995740144140239),.UNSPECIFIED.);
#228=B_SPLINE_CURVE_WITH_KNOTS('',3,(#11162,#11163,#11164,#11165,#11166,#11167,#11168,#11169,#11170,#11171,#11172,#11173,#11174,#11175,#11176,#11177,#11178,#11179,#11180,#11181,#11182,#11183,#11184,#11185,#11186,#11187,#11188,#11189),.UNSPECIFIED.,.F.,.F.,(4,1,1,1,1,1,1,1,1,1,1,1,1,1,1,1,1,1,1,1,1,1,1,1,1,4),(0.,0.0295380073774753,0.0439130232827491,0.062471085351112,0.0844292793193222,0.109327530395982,0.136853582336376,0.16677755544411,0.198921058661821,0.233140430844621,0.26931674998705,0.307349455665927,0.347152060306214,0.388649144195317,0.431774178765099,0.476467905865742,0.522677102761759,0.570353622281393,0.619453633985289,0.669937015262807,0.72176685629247,0.774909052870717,0.829331968018716,0.885006148114071,0.941904082746249,0.995740144140239),.UNSPECIFIED.);
#229=B_SPLINE_CURVE_WITH_KNOTS('',3,(#11190,#11191,#11192,#11193,#11194,#11195,#11196,#11197,#11198,#11199,#11200,#11201,#11202,#11203,#11204,#11205,#11206,#11207,#11208,#11209,#11210,#11211,#11212,#11213,#11214,#11215,#11216,#11217),.UNSPECIFIED.,.F.,.F.,(4,1,1,1,1,1,1,1,1,1,1,1,1,1,1,1,1,1,1,1,1,1,1,1,1,4),(0.,0.0295380073774753,0.0439130232827491,0.062471085351112,0.0844292793193222,0.109327530395982,0.136853582336376,0.16677755544411,0.198921058661821,0.233140430844621,0.26931674998705,0.307349455665927,0.347152060306214,0.388649144195317,0.431774178765099,0.476467905865742,0.522677102761759,0.570353622281393,0.619453633985289,0.669937015262807,0.72176685629247,0.774909052870717,0.829331968018716,0.885006148114071,0.941904082746249,0.995740144140239),.UNSPECIFIED.);
#230=B_SPLINE_CURVE_WITH_KNOTS('',3,(#11225,#11226,#11227,#11228,#11229,#11230,#11231,#11232,#11233,#11234,#11235,#11236,#11237,#11238,#11239,#11240,#11241,#11242,#11243,#11244,#11245,#11246,#11247,#11248,#11249,#11250,#11251,#11252),.UNSPECIFIED.,.F.,.F.,(4,1,1,1,1,1,1,1,1,1,1,1,1,1,1,1,1,1,1,1,1,1,1,1,1,4),(0.,0.0295380073774753,0.0439130232827491,0.062471085351112,0.0844292793193222,0.109327530395982,0.136853582336376,0.16677755544411,0.198921058661821,0.233140430844621,0.26931674998705,0.307349455665927,0.347152060306214,0.388649144195317,0.431774178765099,0.476467905865742,0.522677102761759,0.570353622281393,0.619453633985289,0.669937015262807,0.72176685629247,0.774909052870717,0.829331968018716,0.885006148114071,0.941904082746249,0.995740144140239),.UNSPECIFIED.);
#231=B_SPLINE_CURVE_WITH_KNOTS('',3,(#11253,#11254,#11255,#11256,#11257,#11258,#11259,#11260,#11261,#11262,#11263,#11264,#11265,#11266,#11267,#11268,#11269,#11270,#11271,#11272,#11273,#11274,#11275,#11276,#11277,#11278,#11279,#11280),.UNSPECIFIED.,.F.,.F.,(4,1,1,1,1,1,1,1,1,1,1,1,1,1,1,1,1,1,1,1,1,1,1,1,1,4),(0.,0.0295380073774753,0.0439130232827491,0.062471085351112,0.0844292793193222,0.109327530395982,0.136853582336376,0.16677755544411,0.198921058661821,0.233140430844621,0.26931674998705,0.307349455665927,0.347152060306214,0.388649144195317,0.431774178765099,0.476467905865742,0.522677102761759,0.570353622281393,0.619453633985289,0.669937015262807,0.72176685629247,0.774909052870717,0.829331968018716,0.885006148114071,0.941904082746249,0.995740144140239),.UNSPECIFIED.);
#232=B_SPLINE_CURVE_WITH_KNOTS('',3,(#11288,#11289,#11290,#11291,#11292,#11293,#11294,#11295,#11296,#11297,#11298,#11299,#11300,#11301,#11302,#11303,#11304,#11305,#11306,#11307,#11308,#11309,#11310,#11311,#11312,#11313,#11314,#11315),.UNSPECIFIED.,.F.,.F.,(4,1,1,1,1,1,1,1,1,1,1,1,1,1,1,1,1,1,1,1,1,1,1,1,1,4),(0.,0.0295380073774753,0.0439130232827491,0.062471085351112,0.0844292793193222,0.109327530395982,0.136853582336376,0.16677755544411,0.198921058661821,0.233140430844621,0.26931674998705,0.307349455665927,0.347152060306214,0.388649144195317,0.431774178765099,0.476467905865742,0.522677102761759,0.570353622281393,0.619453633985289,0.669937015262807,0.72176685629247,0.774909052870717,0.829331968018716,0.885006148114071,0.941904082746249,0.995740144140239),.UNSPECIFIED.);
#233=B_SPLINE_CURVE_WITH_KNOTS('',3,(#11316,#11317,#11318,#11319,#11320,#11321,#11322,#11323,#11324,#11325,#11326,#11327,#11328,#11329,#11330,#11331,#11332,#11333,#11334,#11335,#11336,#11337,#11338,#11339,#11340,#11341,#11342,#11343),.UNSPECIFIED.,.F.,.F.,(4,1,1,1,1,1,1,1,1,1,1,1,1,1,1,1,1,1,1,1,1,1,1,1,1,4),(0.,0.0295380073774753,0.0439130232827491,0.062471085351112,0.0844292793193222,0.109327530395982,0.136853582336376,0.16677755544411,0.198921058661821,0.233140430844621,0.26931674998705,0.307349455665927,0.347152060306214,0.388649144195317,0.431774178765099,0.476467905865742,0.522677102761759,0.570353622281393,0.619453633985289,0.669937015262807,0.72176685629247,0.774909052870717,0.829331968018716,0.885006148114071,0.941904082746249,0.995740144140239),.UNSPECIFIED.);
#234=B_SPLINE_CURVE_WITH_KNOTS('',3,(#11351,#11352,#11353,#11354,#11355,#11356,#11357,#11358,#11359,#11360,#11361,#11362,#11363,#11364,#11365,#11366,#11367,#11368,#11369,#11370,#11371,#11372,#11373,#11374,#11375,#11376,#11377,#11378),.UNSPECIFIED.,.F.,.F.,(4,1,1,1,1,1,1,1,1,1,1,1,1,1,1,1,1,1,1,1,1,1,1,1,1,4),(0.,0.0295380073774753,0.0439130232827491,0.062471085351112,0.0844292793193222,0.109327530395982,0.136853582336376,0.16677755544411,0.198921058661821,0.233140430844621,0.26931674998705,0.307349455665927,0.347152060306214,0.388649144195317,0.431774178765099,0.476467905865742,0.522677102761759,0.570353622281393,0.619453633985289,0.669937015262807,0.72176685629247,0.774909052870717,0.829331968018716,0.885006148114071,0.941904082746249,0.995740144140239),.UNSPECIFIED.);
#235=B_SPLINE_CURVE_WITH_KNOTS('',3,(#11379,#11380,#11381,#11382,#11383,#11384,#11385,#11386,#11387,#11388,#11389,#11390,#11391,#11392,#11393,#11394,#11395,#11396,#11397,#11398,#11399,#11400,#11401,#11402,#11403,#11404,#11405,#11406),.UNSPECIFIED.,.F.,.F.,(4,1,1,1,1,1,1,1,1,1,1,1,1,1,1,1,1,1,1,1,1,1,1,1,1,4),(0.,0.0295380073774753,0.0439130232827491,0.062471085351112,0.0844292793193222,0.109327530395982,0.136853582336376,0.16677755544411,0.198921058661821,0.233140430844621,0.26931674998705,0.307349455665927,0.347152060306214,0.388649144195317,0.431774178765099,0.476467905865742,0.522677102761759,0.570353622281393,0.619453633985289,0.669937015262807,0.72176685629247,0.774909052870717,0.829331968018716,0.885006148114071,0.941904082746249,0.995740144140239),.UNSPECIFIED.);
#236=B_SPLINE_CURVE_WITH_KNOTS('',3,(#11414,#11415,#11416,#11417,#11418,#11419,#11420,#11421,#11422,#11423,#11424,#11425,#11426,#11427,#11428,#11429,#11430,#11431,#11432,#11433,#11434,#11435,#11436,#11437,#11438,#11439,#11440,#11441),.UNSPECIFIED.,.F.,.F.,(4,1,1,1,1,1,1,1,1,1,1,1,1,1,1,1,1,1,1,1,1,1,1,1,1,4),(0.,0.0295380073774753,0.0439130232827491,0.062471085351112,0.0844292793193222,0.109327530395982,0.136853582336376,0.16677755544411,0.198921058661821,0.233140430844621,0.26931674998705,0.307349455665927,0.347152060306214,0.388649144195317,0.431774178765099,0.476467905865742,0.522677102761759,0.570353622281393,0.619453633985289,0.669937015262807,0.72176685629247,0.774909052870717,0.829331968018716,0.885006148114071,0.941904082746249,0.995740144140239),.UNSPECIFIED.);
#237=B_SPLINE_CURVE_WITH_KNOTS('',3,(#11442,#11443,#11444,#11445,#11446,#11447,#11448,#11449,#11450,#11451,#11452,#11453,#11454,#11455,#11456,#11457,#11458,#11459,#11460,#11461,#11462,#11463,#11464,#11465,#11466,#11467,#11468,#11469),.UNSPECIFIED.,.F.,.F.,(4,1,1,1,1,1,1,1,1,1,1,1,1,1,1,1,1,1,1,1,1,1,1,1,1,4),(0.,0.0295380073774753,0.0439130232827491,0.062471085351112,0.0844292793193222,0.109327530395982,0.136853582336376,0.16677755544411,0.198921058661821,0.233140430844621,0.26931674998705,0.307349455665927,0.347152060306214,0.388649144195317,0.431774178765099,0.476467905865742,0.522677102761759,0.570353622281393,0.619453633985289,0.669937015262807,0.72176685629247,0.774909052870717,0.829331968018716,0.885006148114071,0.941904082746249,0.995740144140239),.UNSPECIFIED.);
#238=B_SPLINE_CURVE_WITH_KNOTS('',3,(#11477,#11478,#11479,#11480,#11481,#11482,#11483,#11484,#11485,#11486,#11487,#11488,#11489,#11490,#11491,#11492,#11493,#11494,#11495,#11496,#11497,#11498,#11499,#11500,#11501,#11502,#11503,#11504),.UNSPECIFIED.,.F.,.F.,(4,1,1,1,1,1,1,1,1,1,1,1,1,1,1,1,1,1,1,1,1,1,1,1,1,4),(0.,0.0295380073774753,0.0439130232827491,0.062471085351112,0.0844292793193222,0.109327530395982,0.136853582336376,0.16677755544411,0.198921058661821,0.233140430844621,0.26931674998705,0.307349455665927,0.347152060306214,0.388649144195317,0.431774178765099,0.476467905865742,0.522677102761759,0.570353622281393,0.619453633985289,0.669937015262807,0.72176685629247,0.774909052870717,0.829331968018716,0.885006148114071,0.941904082746249,0.995740144140239),.UNSPECIFIED.);
#239=B_SPLINE_CURVE_WITH_KNOTS('',3,(#11505,#11506,#11507,#11508,#11509,#11510,#11511,#11512,#11513,#11514,#11515,#11516,#11517,#11518,#11519,#11520,#11521,#11522,#11523,#11524,#11525,#11526,#11527,#11528,#11529,#11530,#11531,#11532),.UNSPECIFIED.,.F.,.F.,(4,1,1,1,1,1,1,1,1,1,1,1,1,1,1,1,1,1,1,1,1,1,1,1,1,4),(0.,0.0295380073774753,0.0439130232827491,0.062471085351112,0.0844292793193222,0.109327530395982,0.136853582336376,0.16677755544411,0.198921058661821,0.233140430844621,0.26931674998705,0.307349455665927,0.347152060306214,0.388649144195317,0.431774178765099,0.476467905865742,0.522677102761759,0.570353622281393,0.619453633985289,0.669937015262807,0.72176685629247,0.774909052870717,0.829331968018716,0.885006148114071,0.941904082746249,0.995740144140239),.UNSPECIFIED.);
#240=B_SPLINE_CURVE_WITH_KNOTS('',3,(#11540,#11541,#11542,#11543,#11544,#11545,#11546,#11547,#11548,#11549,#11550,#11551,#11552,#11553,#11554,#11555,#11556,#11557,#11558,#11559,#11560,#11561,#11562,#11563,#11564,#11565,#11566,#11567),.UNSPECIFIED.,.F.,.F.,(4,1,1,1,1,1,1,1,1,1,1,1,1,1,1,1,1,1,1,1,1,1,1,1,1,4),(0.,0.0295380073774753,0.0439130232827491,0.062471085351112,0.0844292793193222,0.109327530395982,0.136853582336376,0.16677755544411,0.198921058661821,0.233140430844621,0.26931674998705,0.307349455665927,0.347152060306214,0.388649144195317,0.431774178765099,0.476467905865742,0.522677102761759,0.570353622281393,0.619453633985289,0.669937015262807,0.72176685629247,0.774909052870717,0.829331968018716,0.885006148114071,0.941904082746249,0.995740144140239),.UNSPECIFIED.);
#241=B_SPLINE_CURVE_WITH_KNOTS('',3,(#11568,#11569,#11570,#11571,#11572,#11573,#11574,#11575,#11576,#11577,#11578,#11579,#11580,#11581,#11582,#11583,#11584,#11585,#11586,#11587,#11588,#11589,#11590,#11591,#11592,#11593,#11594,#11595),.UNSPECIFIED.,.F.,.F.,(4,1,1,1,1,1,1,1,1,1,1,1,1,1,1,1,1,1,1,1,1,1,1,1,1,4),(0.,0.0295380073774753,0.0439130232827491,0.062471085351112,0.0844292793193222,0.109327530395982,0.136853582336376,0.16677755544411,0.198921058661821,0.233140430844621,0.26931674998705,0.307349455665927,0.347152060306214,0.388649144195317,0.431774178765099,0.476467905865742,0.522677102761759,0.570353622281393,0.619453633985289,0.669937015262807,0.72176685629247,0.774909052870717,0.829331968018716,0.885006148114071,0.941904082746249,0.995740144140239),.UNSPECIFIED.);
#242=B_SPLINE_CURVE_WITH_KNOTS('',3,(#11603,#11604,#11605,#11606,#11607,#11608,#11609,#11610,#11611,#11612,#11613,#11614,#11615,#11616,#11617,#11618,#11619,#11620,#11621,#11622,#11623,#11624,#11625,#11626,#11627,#11628,#11629,#11630),.UNSPECIFIED.,.F.,.F.,(4,1,1,1,1,1,1,1,1,1,1,1,1,1,1,1,1,1,1,1,1,1,1,1,1,4),(0.,0.0295380073774753,0.0439130232827491,0.062471085351112,0.0844292793193222,0.109327530395982,0.136853582336376,0.16677755544411,0.198921058661821,0.233140430844621,0.26931674998705,0.307349455665927,0.347152060306214,0.388649144195317,0.431774178765099,0.476467905865742,0.522677102761759,0.570353622281393,0.619453633985289,0.669937015262807,0.72176685629247,0.774909052870717,0.829331968018716,0.885006148114071,0.941904082746249,0.995740144140239),.UNSPECIFIED.);
#243=B_SPLINE_CURVE_WITH_KNOTS('',3,(#11631,#11632,#11633,#11634,#11635,#11636,#11637,#11638,#11639,#11640,#11641,#11642,#11643,#11644,#11645,#11646,#11647,#11648,#11649,#11650,#11651,#11652,#11653,#11654,#11655,#11656,#11657,#11658),.UNSPECIFIED.,.F.,.F.,(4,1,1,1,1,1,1,1,1,1,1,1,1,1,1,1,1,1,1,1,1,1,1,1,1,4),(0.,0.0295380073774753,0.0439130232827491,0.062471085351112,0.0844292793193222,0.109327530395982,0.136853582336376,0.16677755544411,0.198921058661821,0.233140430844621,0.26931674998705,0.307349455665927,0.347152060306214,0.388649144195317,0.431774178765099,0.476467905865742,0.522677102761759,0.570353622281393,0.619453633985289,0.669937015262807,0.72176685629247,0.774909052870717,0.829331968018716,0.885006148114071,0.941904082746249,0.995740144140239),.UNSPECIFIED.);
#244=B_SPLINE_CURVE_WITH_KNOTS('',3,(#11666,#11667,#11668,#11669,#11670,#11671,#11672,#11673,#11674,#11675,#11676,#11677,#11678,#11679,#11680,#11681,#11682,#11683,#11684,#11685,#11686,#11687,#11688,#11689,#11690,#11691,#11692,#11693),.UNSPECIFIED.,.F.,.F.,(4,1,1,1,1,1,1,1,1,1,1,1,1,1,1,1,1,1,1,1,1,1,1,1,1,4),(0.,0.0295380073774753,0.0439130232827491,0.062471085351112,0.0844292793193222,0.109327530395982,0.136853582336376,0.16677755544411,0.198921058661821,0.233140430844621,0.26931674998705,0.307349455665927,0.347152060306214,0.388649144195317,0.431774178765099,0.476467905865742,0.522677102761759,0.570353622281393,0.619453633985289,0.669937015262807,0.72176685629247,0.774909052870717,0.829331968018716,0.885006148114071,0.941904082746249,0.995740144140239),.UNSPECIFIED.);
#245=B_SPLINE_CURVE_WITH_KNOTS('',3,(#11694,#11695,#11696,#11697,#11698,#11699,#11700,#11701,#11702,#11703,#11704,#11705,#11706,#11707,#11708,#11709,#11710,#11711,#11712,#11713,#11714,#11715,#11716,#11717,#11718,#11719,#11720,#11721),.UNSPECIFIED.,.F.,.F.,(4,1,1,1,1,1,1,1,1,1,1,1,1,1,1,1,1,1,1,1,1,1,1,1,1,4),(0.,0.0295380073774753,0.0439130232827491,0.062471085351112,0.0844292793193222,0.109327530395982,0.136853582336376,0.16677755544411,0.198921058661821,0.233140430844621,0.26931674998705,0.307349455665927,0.347152060306214,0.388649144195317,0.431774178765099,0.476467905865742,0.522677102761759,0.570353622281393,0.619453633985289,0.669937015262807,0.72176685629247,0.774909052870717,0.829331968018716,0.885006148114071,0.941904082746249,0.995740144140239),.UNSPECIFIED.);
#246=B_SPLINE_CURVE_WITH_KNOTS('',3,(#11729,#11730,#11731,#11732,#11733,#11734,#11735,#11736,#11737,#11738,#11739,#11740,#11741,#11742,#11743,#11744,#11745,#11746,#11747,#11748,#11749,#11750,#11751,#11752,#11753,#11754,#11755,#11756),.UNSPECIFIED.,.F.,.F.,(4,1,1,1,1,1,1,1,1,1,1,1,1,1,1,1,1,1,1,1,1,1,1,1,1,4),(0.,0.0295380073774753,0.0439130232827491,0.062471085351112,0.0844292793193222,0.109327530395982,0.136853582336376,0.16677755544411,0.198921058661821,0.233140430844621,0.26931674998705,0.307349455665927,0.347152060306214,0.388649144195317,0.431774178765099,0.476467905865742,0.522677102761759,0.570353622281393,0.619453633985289,0.669937015262807,0.72176685629247,0.774909052870717,0.829331968018716,0.885006148114071,0.941904082746249,0.995740144140239),.UNSPECIFIED.);
#247=B_SPLINE_CURVE_WITH_KNOTS('',3,(#11757,#11758,#11759,#11760,#11761,#11762,#11763,#11764,#11765,#11766,#11767,#11768,#11769,#11770,#11771,#11772,#11773,#11774,#11775,#11776,#11777,#11778,#11779,#11780,#11781,#11782,#11783,#11784),.UNSPECIFIED.,.F.,.F.,(4,1,1,1,1,1,1,1,1,1,1,1,1,1,1,1,1,1,1,1,1,1,1,1,1,4),(0.,0.0295380073774753,0.0439130232827491,0.062471085351112,0.0844292793193222,0.109327530395982,0.136853582336376,0.16677755544411,0.198921058661821,0.233140430844621,0.26931674998705,0.307349455665927,0.347152060306214,0.388649144195317,0.431774178765099,0.476467905865742,0.522677102761759,0.570353622281393,0.619453633985289,0.669937015262807,0.72176685629247,0.774909052870717,0.829331968018716,0.885006148114071,0.941904082746249,0.995740144140239),.UNSPECIFIED.);
#248=B_SPLINE_CURVE_WITH_KNOTS('',3,(#11792,#11793,#11794,#11795,#11796,#11797,#11798,#11799,#11800,#11801,#11802,#11803,#11804,#11805,#11806,#11807,#11808,#11809,#11810,#11811,#11812,#11813,#11814,#11815,#11816,#11817,#11818,#11819),.UNSPECIFIED.,.F.,.F.,(4,1,1,1,1,1,1,1,1,1,1,1,1,1,1,1,1,1,1,1,1,1,1,1,1,4),(0.,0.0295380073774753,0.0439130232827491,0.062471085351112,0.0844292793193222,0.109327530395982,0.136853582336376,0.16677755544411,0.198921058661821,0.233140430844621,0.26931674998705,0.307349455665927,0.347152060306214,0.388649144195317,0.431774178765099,0.476467905865742,0.522677102761759,0.570353622281393,0.619453633985289,0.669937015262807,0.72176685629247,0.774909052870717,0.829331968018716,0.885006148114071,0.941904082746249,0.995740144140239),.UNSPECIFIED.);
#249=B_SPLINE_CURVE_WITH_KNOTS('',3,(#11820,#11821,#11822,#11823,#11824,#11825,#11826,#11827,#11828,#11829,#11830,#11831,#11832,#11833,#11834,#11835,#11836,#11837,#11838,#11839,#11840,#11841,#11842,#11843,#11844,#11845,#11846,#11847),.UNSPECIFIED.,.F.,.F.,(4,1,1,1,1,1,1,1,1,1,1,1,1,1,1,1,1,1,1,1,1,1,1,1,1,4),(0.,0.0295380073774753,0.0439130232827491,0.062471085351112,0.0844292793193222,0.109327530395982,0.136853582336376,0.16677755544411,0.198921058661821,0.233140430844621,0.26931674998705,0.307349455665927,0.347152060306214,0.388649144195317,0.431774178765099,0.476467905865742,0.522677102761759,0.570353622281393,0.619453633985289,0.669937015262807,0.72176685629247,0.774909052870717,0.829331968018716,0.885006148114071,0.941904082746249,0.995740144140239),.UNSPECIFIED.);
#250=B_SPLINE_CURVE_WITH_KNOTS('',3,(#11855,#11856,#11857,#11858,#11859,#11860,#11861,#11862,#11863,#11864,#11865,#11866,#11867,#11868,#11869,#11870,#11871,#11872,#11873,#11874,#11875,#11876,#11877,#11878,#11879,#11880,#11881,#11882),.UNSPECIFIED.,.F.,.F.,(4,1,1,1,1,1,1,1,1,1,1,1,1,1,1,1,1,1,1,1,1,1,1,1,1,4),(0.,0.0295380073774753,0.0439130232827491,0.062471085351112,0.0844292793193222,0.109327530395982,0.136853582336376,0.16677755544411,0.198921058661821,0.233140430844621,0.26931674998705,0.307349455665927,0.347152060306214,0.388649144195317,0.431774178765099,0.476467905865742,0.522677102761759,0.570353622281393,0.619453633985289,0.669937015262807,0.72176685629247,0.774909052870717,0.829331968018716,0.885006148114071,0.941904082746249,0.995740144140239),.UNSPECIFIED.);
#251=B_SPLINE_CURVE_WITH_KNOTS('',3,(#11883,#11884,#11885,#11886,#11887,#11888,#11889,#11890,#11891,#11892,#11893,#11894,#11895,#11896,#11897,#11898,#11899,#11900,#11901,#11902,#11903,#11904,#11905,#11906,#11907,#11908,#11909,#11910),.UNSPECIFIED.,.F.,.F.,(4,1,1,1,1,1,1,1,1,1,1,1,1,1,1,1,1,1,1,1,1,1,1,1,1,4),(0.,0.0295380073774753,0.0439130232827491,0.062471085351112,0.0844292793193222,0.109327530395982,0.136853582336376,0.16677755544411,0.198921058661821,0.233140430844621,0.26931674998705,0.307349455665927,0.347152060306214,0.388649144195317,0.431774178765099,0.476467905865742,0.522677102761759,0.570353622281393,0.619453633985289,0.669937015262807,0.72176685629247,0.774909052870717,0.829331968018716,0.885006148114071,0.941904082746249,0.995740144140239),.UNSPECIFIED.);
#252=PLANE('',#4863);
#253=PLANE('',#4989);
#254=PLANE('',#5232);
#255=PLANE('',#5235);
#256=PLANE('',#5236);
#257=PLANE('',#5241);
#258=PLANE('',#5244);
#259=LINE('',#6506,#507);
#260=LINE('',#6511,#508);
#261=LINE('',#6518,#509);
#262=LINE('',#6522,#510);
#263=LINE('',#6527,#511);
#264=LINE('',#6531,#512);
#265=LINE('',#6536,#513);
#266=LINE('',#6540,#514);
#267=LINE('',#6545,#515);
#268=LINE('',#6549,#516);
#269=LINE('',#6554,#517);
#270=LINE('',#6558,#518);
#271=LINE('',#6563,#519);
#272=LINE('',#6567,#520);
#273=LINE('',#6572,#521);
#274=LINE('',#6576,#522);
#275=LINE('',#6578,#523);
#276=LINE('',#6583,#524);
#277=LINE('',#6590,#525);
#278=LINE('',#6594,#526);
#279=LINE('',#6599,#527);
#280=LINE('',#6603,#528);
#281=LINE('',#6608,#529);
#282=LINE('',#6612,#530);
#283=LINE('',#6617,#531);
#284=LINE('',#6621,#532);
#285=LINE('',#6626,#533);
#286=LINE('',#6630,#534);
#287=LINE('',#6635,#535);
#288=LINE('',#6639,#536);
#289=LINE('',#6644,#537);
#290=LINE('',#6648,#538);
#291=LINE('',#6650,#539);
#292=LINE('',#6655,#540);
#293=LINE('',#6662,#541);
#294=LINE('',#6666,#542);
#295=LINE('',#6668,#543);
#296=LINE('',#6673,#544);
#297=LINE('',#6680,#545);
#298=LINE('',#6684,#546);
#299=LINE('',#6686,#547);
#300=LINE('',#6691,#548);
#301=LINE('',#6695,#549);
#302=LINE('',#6700,#550);
#303=LINE('',#6704,#551);
#304=LINE('',#6709,#552);
#305=LINE('',#6713,#553);
#306=LINE('',#6718,#554);
#307=LINE('',#6722,#555);
#308=LINE('',#6727,#556);
#309=LINE('',#6734,#557);
#310=LINE('',#6738,#558);
#311=LINE('',#6743,#559);
#312=LINE('',#6747,#560);
#313=LINE('',#6752,#561);
#314=LINE('',#6756,#562);
#315=LINE('',#6758,#563);
#316=LINE('',#6763,#564);
#317=LINE('',#6770,#565);
#318=LINE('',#6774,#566);
#319=LINE('',#6779,#567);
#320=LINE('',#6783,#568);
#321=LINE('',#6788,#569);
#322=LINE('',#6792,#570);
#323=LINE('',#6794,#571);
#324=LINE('',#6799,#572);
#325=LINE('',#6806,#573);
#326=LINE('',#6810,#574);
#327=LINE('',#6812,#575);
#328=LINE('',#6817,#576);
#329=LINE('',#6824,#577);
#330=LINE('',#6828,#578);
#331=LINE('',#6833,#579);
#332=LINE('',#6837,#580);
#333=LINE('',#6842,#581);
#334=LINE('',#6846,#582);
#335=LINE('',#6851,#583);
#336=LINE('',#6855,#584);
#337=LINE('',#6860,#585);
#338=LINE('',#6864,#586);
#339=LINE('',#9389,#587);
#340=LINE('',#9393,#588);
#341=LINE('',#11923,#589);
#342=LINE('',#11932,#590);
#343=LINE('',#11934,#591);
#344=LINE('',#11935,#592);
#345=LINE('',#11946,#593);
#346=LINE('',#11955,#594);
#347=LINE('',#11957,#595);
#348=LINE('',#11958,#596);
#349=LINE('',#11969,#597);
#350=LINE('',#11978,#598);
#351=LINE('',#11980,#599);
#352=LINE('',#11981,#600);
#353=LINE('',#11992,#601);
#354=LINE('',#12001,#602);
#355=LINE('',#12003,#603);
#356=LINE('',#12004,#604);
#357=LINE('',#12015,#605);
#358=LINE('',#12024,#606);
#359=LINE('',#12026,#607);
#360=LINE('',#12027,#608);
#361=LINE('',#12038,#609);
#362=LINE('',#12047,#610);
#363=LINE('',#12049,#611);
#364=LINE('',#12050,#612);
#365=LINE('',#12061,#613);
#366=LINE('',#12070,#614);
#367=LINE('',#12072,#615);
#368=LINE('',#12073,#616);
#369=LINE('',#12084,#617);
#370=LINE('',#12093,#618);
#371=LINE('',#12095,#619);
#372=LINE('',#12096,#620);
#373=LINE('',#12107,#621);
#374=LINE('',#12116,#622);
#375=LINE('',#12118,#623);
#376=LINE('',#12119,#624);
#377=LINE('',#12130,#625);
#378=LINE('',#12139,#626);
#379=LINE('',#12141,#627);
#380=LINE('',#12142,#628);
#381=LINE('',#12153,#629);
#382=LINE('',#12162,#630);
#383=LINE('',#12164,#631);
#384=LINE('',#12165,#632);
#385=LINE('',#12176,#633);
#386=LINE('',#12185,#634);
#387=LINE('',#12187,#635);
#388=LINE('',#12188,#636);
#389=LINE('',#12199,#637);
#390=LINE('',#12208,#638);
#391=LINE('',#12210,#639);
#392=LINE('',#12211,#640);
#393=LINE('',#12222,#641);
#394=LINE('',#12231,#642);
#395=LINE('',#12233,#643);
#396=LINE('',#12234,#644);
#397=LINE('',#12245,#645);
#398=LINE('',#12254,#646);
#399=LINE('',#12256,#647);
#400=LINE('',#12257,#648);
#401=LINE('',#12268,#649);
#402=LINE('',#12277,#650);
#403=LINE('',#12279,#651);
#404=LINE('',#12280,#652);
#405=LINE('',#12291,#653);
#406=LINE('',#12300,#654);
#407=LINE('',#12302,#655);
#408=LINE('',#12303,#656);
#409=LINE('',#12314,#657);
#410=LINE('',#12323,#658);
#411=LINE('',#12325,#659);
#412=LINE('',#12326,#660);
#413=LINE('',#12337,#661);
#414=LINE('',#12346,#662);
#415=LINE('',#12348,#663);
#416=LINE('',#12349,#664);
#417=LINE('',#12360,#665);
#418=LINE('',#12369,#666);
#419=LINE('',#12371,#667);
#420=LINE('',#12372,#668);
#421=LINE('',#12383,#669);
#422=LINE('',#12392,#670);
#423=LINE('',#12394,#671);
#424=LINE('',#12395,#672);
#425=LINE('',#12406,#673);
#426=LINE('',#12415,#674);
#427=LINE('',#12417,#675);
#428=LINE('',#12418,#676);
#429=LINE('',#12429,#677);
#430=LINE('',#12438,#678);
#431=LINE('',#12440,#679);
#432=LINE('',#12441,#680);
#433=LINE('',#12452,#681);
#434=LINE('',#12461,#682);
#435=LINE('',#12463,#683);
#436=LINE('',#12464,#684);
#437=LINE('',#12475,#685);
#438=LINE('',#12484,#686);
#439=LINE('',#12486,#687);
#440=LINE('',#12487,#688);
#441=LINE('',#12498,#689);
#442=LINE('',#12507,#690);
#443=LINE('',#12509,#691);
#444=LINE('',#12510,#692);
#445=LINE('',#12521,#693);
#446=LINE('',#12530,#694);
#447=LINE('',#12532,#695);
#448=LINE('',#12533,#696);
#449=LINE('',#12544,#697);
#450=LINE('',#12553,#698);
#451=LINE('',#12555,#699);
#452=LINE('',#12556,#700);
#453=LINE('',#12567,#701);
#454=LINE('',#12576,#702);
#455=LINE('',#12578,#703);
#456=LINE('',#12579,#704);
#457=LINE('',#12590,#705);
#458=LINE('',#12599,#706);
#459=LINE('',#12601,#707);
#460=LINE('',#12602,#708);
#461=LINE('',#12613,#709);
#462=LINE('',#12622,#710);
#463=LINE('',#12624,#711);
#464=LINE('',#12625,#712);
#465=LINE('',#12636,#713);
#466=LINE('',#12645,#714);
#467=LINE('',#12647,#715);
#468=LINE('',#12648,#716);
#469=LINE('',#12659,#717);
#470=LINE('',#12668,#718);
#471=LINE('',#12670,#719);
#472=LINE('',#12671,#720);
#473=LINE('',#12682,#721);
#474=LINE('',#12691,#722);
#475=LINE('',#12693,#723);
#476=LINE('',#12694,#724);
#477=LINE('',#12705,#725);
#478=LINE('',#12714,#726);
#479=LINE('',#12716,#727);
#480=LINE('',#12717,#728);
#481=LINE('',#12728,#729);
#482=LINE('',#12737,#730);
#483=LINE('',#12739,#731);
#484=LINE('',#12740,#732);
#485=LINE('',#12751,#733);
#486=LINE('',#12760,#734);
#487=LINE('',#12762,#735);
#488=LINE('',#12763,#736);
#489=LINE('',#12774,#737);
#490=LINE('',#12783,#738);
#491=LINE('',#12785,#739);
#492=LINE('',#12786,#740);
#493=LINE('',#12797,#741);
#494=LINE('',#12806,#742);
#495=LINE('',#12808,#743);
#496=LINE('',#12809,#744);
#497=LINE('',#12820,#745);
#498=LINE('',#12829,#746);
#499=LINE('',#12831,#747);
#500=LINE('',#12832,#748);
#501=LINE('',#12836,#749);
#502=LINE('',#12840,#750);
#503=LINE('',#12842,#751);
#504=LINE('',#12844,#752);
#505=LINE('',#12846,#753);
#506=LINE('',#12850,#754);
#507=VECTOR('',#5255,1.);
#508=VECTOR('',#5258,1.);
#509=VECTOR('',#5265,1.);
#510=VECTOR('',#5268,1.);
#511=VECTOR('',#5273,1.);
#512=VECTOR('',#5276,1.);
#513=VECTOR('',#5281,1.);
#514=VECTOR('',#5284,1.);
#515=VECTOR('',#5289,1.);
#516=VECTOR('',#5292,1.);
#517=VECTOR('',#5297,1.);
#518=VECTOR('',#5300,1.);
#519=VECTOR('',#5305,1.);
#520=VECTOR('',#5308,1.);
#521=VECTOR('',#5313,1.);
#522=VECTOR('',#5316,1.);
#523=VECTOR('',#5319,1.);
#524=VECTOR('',#5322,1.);
#525=VECTOR('',#5329,1.);
#526=VECTOR('',#5332,1.);
#527=VECTOR('',#5337,1.);
#528=VECTOR('',#5340,1.);
#529=VECTOR('',#5345,1.);
#530=VECTOR('',#5348,1.);
#531=VECTOR('',#5353,1.);
#532=VECTOR('',#5356,1.);
#533=VECTOR('',#5361,1.);
#534=VECTOR('',#5364,1.);
#535=VECTOR('',#5369,1.);
#536=VECTOR('',#5372,1.);
#537=VECTOR('',#5377,1.);
#538=VECTOR('',#5380,1.);
#539=VECTOR('',#5383,1.);
#540=VECTOR('',#5386,1.);
#541=VECTOR('',#5393,1.);
#542=VECTOR('',#5396,1.);
#543=VECTOR('',#5399,1.);
#544=VECTOR('',#5402,1.);
#545=VECTOR('',#5409,1.);
#546=VECTOR('',#5412,1.);
#547=VECTOR('',#5415,1.);
#548=VECTOR('',#5418,1.);
#549=VECTOR('',#5423,1.);
#550=VECTOR('',#5426,1.);
#551=VECTOR('',#5431,1.);
#552=VECTOR('',#5434,1.);
#553=VECTOR('',#5439,1.);
#554=VECTOR('',#5442,1.);
#555=VECTOR('',#5447,1.);
#556=VECTOR('',#5450,1.);
#557=VECTOR('',#5457,1.);
#558=VECTOR('',#5460,1.);
#559=VECTOR('',#5465,1.);
#560=VECTOR('',#5468,1.);
#561=VECTOR('',#5473,1.);
#562=VECTOR('',#5476,1.);
#563=VECTOR('',#5479,1.);
#564=VECTOR('',#5482,1.);
#565=VECTOR('',#5489,1.);
#566=VECTOR('',#5492,1.);
#567=VECTOR('',#5497,1.);
#568=VECTOR('',#5500,1.);
#569=VECTOR('',#5505,1.);
#570=VECTOR('',#5508,1.);
#571=VECTOR('',#5511,1.);
#572=VECTOR('',#5514,1.);
#573=VECTOR('',#5521,1.);
#574=VECTOR('',#5524,1.);
#575=VECTOR('',#5527,1.);
#576=VECTOR('',#5530,1.);
#577=VECTOR('',#5537,1.);
#578=VECTOR('',#5540,1.);
#579=VECTOR('',#5545,1.);
#580=VECTOR('',#5548,1.);
#581=VECTOR('',#5553,1.);
#582=VECTOR('',#5556,1.);
#583=VECTOR('',#5561,1.);
#584=VECTOR('',#5564,1.);
#585=VECTOR('',#5569,1.);
#586=VECTOR('',#5572,1.);
#587=VECTOR('',#5817,1.);
#588=VECTOR('',#5820,1.);
#589=VECTOR('',#6063,1.);
#590=VECTOR('',#6064,1.);
#591=VECTOR('',#6067,1.);
#592=VECTOR('',#6068,1.);
#593=VECTOR('',#6073,1.);
#594=VECTOR('',#6074,1.);
#595=VECTOR('',#6077,1.);
#596=VECTOR('',#6078,1.);
#597=VECTOR('',#6083,1.);
#598=VECTOR('',#6084,1.);
#599=VECTOR('',#6087,1.);
#600=VECTOR('',#6088,1.);
#601=VECTOR('',#6093,1.);
#602=VECTOR('',#6094,1.);
#603=VECTOR('',#6097,1.);
#604=VECTOR('',#6098,1.);
#605=VECTOR('',#6103,1.);
#606=VECTOR('',#6104,1.);
#607=VECTOR('',#6107,1.);
#608=VECTOR('',#6108,1.);
#609=VECTOR('',#6113,1.);
#610=VECTOR('',#6114,1.);
#611=VECTOR('',#6117,1.);
#612=VECTOR('',#6118,1.);
#613=VECTOR('',#6123,1.);
#614=VECTOR('',#6124,1.);
#615=VECTOR('',#6127,1.);
#616=VECTOR('',#6128,1.);
#617=VECTOR('',#6133,1.);
#618=VECTOR('',#6134,1.);
#619=VECTOR('',#6137,1.);
#620=VECTOR('',#6138,1.);
#621=VECTOR('',#6143,1.);
#622=VECTOR('',#6144,1.);
#623=VECTOR('',#6147,1.);
#624=VECTOR('',#6148,1.);
#625=VECTOR('',#6153,1.);
#626=VECTOR('',#6154,1.);
#627=VECTOR('',#6157,1.);
#628=VECTOR('',#6158,1.);
#629=VECTOR('',#6163,1.);
#630=VECTOR('',#6164,1.);
#631=VECTOR('',#6167,1.);
#632=VECTOR('',#6168,1.);
#633=VECTOR('',#6173,1.);
#634=VECTOR('',#6174,1.);
#635=VECTOR('',#6177,1.);
#636=VECTOR('',#6178,1.);
#637=VECTOR('',#6183,1.);
#638=VECTOR('',#6184,1.);
#639=VECTOR('',#6187,1.);
#640=VECTOR('',#6188,1.);
#641=VECTOR('',#6193,1.);
#642=VECTOR('',#6194,1.);
#643=VECTOR('',#6197,1.);
#644=VECTOR('',#6198,1.);
#645=VECTOR('',#6203,1.);
#646=VECTOR('',#6204,1.);
#647=VECTOR('',#6207,1.);
#648=VECTOR('',#6208,1.);
#649=VECTOR('',#6213,1.);
#650=VECTOR('',#6214,1.);
#651=VECTOR('',#6217,1.);
#652=VECTOR('',#6218,1.);
#653=VECTOR('',#6223,1.);
#654=VECTOR('',#6224,1.);
#655=VECTOR('',#6227,1.);
#656=VECTOR('',#6228,1.);
#657=VECTOR('',#6233,1.);
#658=VECTOR('',#6234,1.);
#659=VECTOR('',#6237,1.);
#660=VECTOR('',#6238,1.);
#661=VECTOR('',#6243,1.);
#662=VECTOR('',#6244,1.);
#663=VECTOR('',#6247,1.);
#664=VECTOR('',#6248,1.);
#665=VECTOR('',#6253,1.);
#666=VECTOR('',#6254,1.);
#667=VECTOR('',#6257,1.);
#668=VECTOR('',#6258,1.);
#669=VECTOR('',#6263,1.);
#670=VECTOR('',#6264,1.);
#671=VECTOR('',#6267,1.);
#672=VECTOR('',#6268,1.);
#673=VECTOR('',#6273,1.);
#674=VECTOR('',#6274,1.);
#675=VECTOR('',#6277,1.);
#676=VECTOR('',#6278,1.);
#677=VECTOR('',#6283,1.);
#678=VECTOR('',#6284,1.);
#679=VECTOR('',#6287,1.);
#680=VECTOR('',#6288,1.);
#681=VECTOR('',#6293,1.);
#682=VECTOR('',#6294,1.);
#683=VECTOR('',#6297,1.);
#684=VECTOR('',#6298,1.);
#685=VECTOR('',#6303,1.);
#686=VECTOR('',#6304,1.);
#687=VECTOR('',#6307,1.);
#688=VECTOR('',#6308,1.);
#689=VECTOR('',#6313,1.);
#690=VECTOR('',#6314,1.);
#691=VECTOR('',#6317,1.);
#692=VECTOR('',#6318,1.);
#693=VECTOR('',#6323,1.);
#694=VECTOR('',#6324,1.);
#695=VECTOR('',#6327,1.);
#696=VECTOR('',#6328,1.);
#697=VECTOR('',#6333,1.);
#698=VECTOR('',#6334,1.);
#699=VECTOR('',#6337,1.);
#700=VECTOR('',#6338,1.);
#701=VECTOR('',#6343,1.);
#702=VECTOR('',#6344,1.);
#703=VECTOR('',#6347,1.);
#704=VECTOR('',#6348,1.);
#705=VECTOR('',#6353,1.);
#706=VECTOR('',#6354,1.);
#707=VECTOR('',#6357,1.);
#708=VECTOR('',#6358,1.);
#709=VECTOR('',#6363,1.);
#710=VECTOR('',#6364,1.);
#711=VECTOR('',#6367,1.);
#712=VECTOR('',#6368,1.);
#713=VECTOR('',#6373,1.);
#714=VECTOR('',#6374,1.);
#715=VECTOR('',#6377,1.);
#716=VECTOR('',#6378,1.);
#717=VECTOR('',#6383,1.);
#718=VECTOR('',#6384,1.);
#719=VECTOR('',#6387,1.);
#720=VECTOR('',#6388,1.);
#721=VECTOR('',#6393,1.);
#722=VECTOR('',#6394,1.);
#723=VECTOR('',#6397,1.);
#724=VECTOR('',#6398,1.);
#725=VECTOR('',#6403,1.);
#726=VECTOR('',#6404,1.);
#727=VECTOR('',#6407,1.);
#728=VECTOR('',#6408,1.);
#729=VECTOR('',#6413,1.);
#730=VECTOR('',#6414,1.);
#731=VECTOR('',#6417,1.);
#732=VECTOR('',#6418,1.);
#733=VECTOR('',#6423,1.);
#734=VECTOR('',#6424,1.);
#735=VECTOR('',#6427,1.);
#736=VECTOR('',#6428,1.);
#737=VECTOR('',#6433,1.);
#738=VECTOR('',#6434,1.);
#739=VECTOR('',#6437,1.);
#740=VECTOR('',#6438,1.);
#741=VECTOR('',#6443,1.);
#742=VECTOR('',#6444,1.);
#743=VECTOR('',#6447,1.);
#744=VECTOR('',#6448,1.);
#745=VECTOR('',#6453,1.);
#746=VECTOR('',#6454,1.);
#747=VECTOR('',#6457,1.);
#748=VECTOR('',#6458,1.);
#749=VECTOR('',#6465,1.);
#750=VECTOR('',#6468,1.);
#751=VECTOR('',#6471,1.);
#752=VECTOR('',#6472,1.);
#753=VECTOR('',#6475,1.);
#754=VECTOR('',#6480,1.);
#755=ORIENTED_EDGE('',*,*,#2231,.F.);
#756=ORIENTED_EDGE('',*,*,#2232,.T.);
#757=ORIENTED_EDGE('',*,*,#2233,.F.);
#758=ORIENTED_EDGE('',*,*,#2234,.F.);
#759=ORIENTED_EDGE('',*,*,#2235,.T.);
#760=ORIENTED_EDGE('',*,*,#2236,.T.);
#761=ORIENTED_EDGE('',*,*,#2237,.F.);
#762=ORIENTED_EDGE('',*,*,#2238,.T.);
#763=ORIENTED_EDGE('',*,*,#2239,.T.);
#764=ORIENTED_EDGE('',*,*,#2240,.F.);
#765=ORIENTED_EDGE('',*,*,#2241,.F.);
#766=ORIENTED_EDGE('',*,*,#2242,.T.);
#767=ORIENTED_EDGE('',*,*,#2243,.T.);
#768=ORIENTED_EDGE('',*,*,#2244,.F.);
#769=ORIENTED_EDGE('',*,*,#2245,.F.);
#770=ORIENTED_EDGE('',*,*,#2246,.T.);
#771=ORIENTED_EDGE('',*,*,#2247,.T.);
#772=ORIENTED_EDGE('',*,*,#2248,.F.);
#773=ORIENTED_EDGE('',*,*,#2249,.F.);
#774=ORIENTED_EDGE('',*,*,#2250,.T.);
#775=ORIENTED_EDGE('',*,*,#2251,.T.);
#776=ORIENTED_EDGE('',*,*,#2252,.F.);
#777=ORIENTED_EDGE('',*,*,#2253,.F.);
#778=ORIENTED_EDGE('',*,*,#2254,.T.);
#779=ORIENTED_EDGE('',*,*,#2255,.T.);
#780=ORIENTED_EDGE('',*,*,#2256,.F.);
#781=ORIENTED_EDGE('',*,*,#2257,.F.);
#782=ORIENTED_EDGE('',*,*,#2258,.T.);
#783=ORIENTED_EDGE('',*,*,#2259,.T.);
#784=ORIENTED_EDGE('',*,*,#2260,.F.);
#785=ORIENTED_EDGE('',*,*,#2261,.F.);
#786=ORIENTED_EDGE('',*,*,#2262,.T.);
#787=ORIENTED_EDGE('',*,*,#2263,.T.);
#788=ORIENTED_EDGE('',*,*,#2264,.F.);
#789=ORIENTED_EDGE('',*,*,#2265,.F.);
#790=ORIENTED_EDGE('',*,*,#2266,.F.);
#791=ORIENTED_EDGE('',*,*,#2267,.T.);
#792=ORIENTED_EDGE('',*,*,#2268,.T.);
#793=ORIENTED_EDGE('',*,*,#2269,.F.);
#794=ORIENTED_EDGE('',*,*,#2270,.T.);
#795=ORIENTED_EDGE('',*,*,#2271,.T.);
#796=ORIENTED_EDGE('',*,*,#2272,.F.);
#797=ORIENTED_EDGE('',*,*,#2273,.F.);
#798=ORIENTED_EDGE('',*,*,#2274,.T.);
#799=ORIENTED_EDGE('',*,*,#2275,.T.);
#800=ORIENTED_EDGE('',*,*,#2276,.F.);
#801=ORIENTED_EDGE('',*,*,#2277,.F.);
#802=ORIENTED_EDGE('',*,*,#2278,.T.);
#803=ORIENTED_EDGE('',*,*,#2279,.T.);
#804=ORIENTED_EDGE('',*,*,#2280,.F.);
#805=ORIENTED_EDGE('',*,*,#2281,.F.);
#806=ORIENTED_EDGE('',*,*,#2282,.T.);
#807=ORIENTED_EDGE('',*,*,#2283,.T.);
#808=ORIENTED_EDGE('',*,*,#2284,.F.);
#809=ORIENTED_EDGE('',*,*,#2285,.F.);
#810=ORIENTED_EDGE('',*,*,#2286,.T.);
#811=ORIENTED_EDGE('',*,*,#2287,.T.);
#812=ORIENTED_EDGE('',*,*,#2288,.F.);
#813=ORIENTED_EDGE('',*,*,#2289,.F.);
#814=ORIENTED_EDGE('',*,*,#2290,.T.);
#815=ORIENTED_EDGE('',*,*,#2291,.T.);
#816=ORIENTED_EDGE('',*,*,#2292,.F.);
#817=ORIENTED_EDGE('',*,*,#2293,.F.);
#818=ORIENTED_EDGE('',*,*,#2294,.T.);
#819=ORIENTED_EDGE('',*,*,#2295,.T.);
#820=ORIENTED_EDGE('',*,*,#2296,.F.);
#821=ORIENTED_EDGE('',*,*,#2297,.F.);
#822=ORIENTED_EDGE('',*,*,#2298,.F.);
#823=ORIENTED_EDGE('',*,*,#2299,.T.);
#824=ORIENTED_EDGE('',*,*,#2300,.T.);
#825=ORIENTED_EDGE('',*,*,#2301,.F.);
#826=ORIENTED_EDGE('',*,*,#2302,.T.);
#827=ORIENTED_EDGE('',*,*,#2303,.T.);
#828=ORIENTED_EDGE('',*,*,#2304,.F.);
#829=ORIENTED_EDGE('',*,*,#2305,.F.);
#830=ORIENTED_EDGE('',*,*,#2306,.F.);
#831=ORIENTED_EDGE('',*,*,#2307,.T.);
#832=ORIENTED_EDGE('',*,*,#2308,.T.);
#833=ORIENTED_EDGE('',*,*,#2309,.F.);
#834=ORIENTED_EDGE('',*,*,#2310,.T.);
#835=ORIENTED_EDGE('',*,*,#2311,.T.);
#836=ORIENTED_EDGE('',*,*,#2312,.F.);
#837=ORIENTED_EDGE('',*,*,#2313,.F.);
#838=ORIENTED_EDGE('',*,*,#2314,.F.);
#839=ORIENTED_EDGE('',*,*,#2315,.T.);
#840=ORIENTED_EDGE('',*,*,#2316,.T.);
#841=ORIENTED_EDGE('',*,*,#2317,.F.);
#842=ORIENTED_EDGE('',*,*,#2318,.F.);
#843=ORIENTED_EDGE('',*,*,#2319,.T.);
#844=ORIENTED_EDGE('',*,*,#2320,.T.);
#845=ORIENTED_EDGE('',*,*,#2321,.F.);
#846=ORIENTED_EDGE('',*,*,#2322,.F.);
#847=ORIENTED_EDGE('',*,*,#2323,.T.);
#848=ORIENTED_EDGE('',*,*,#2324,.T.);
#849=ORIENTED_EDGE('',*,*,#2325,.F.);
#850=ORIENTED_EDGE('',*,*,#2326,.F.);
#851=ORIENTED_EDGE('',*,*,#2327,.T.);
#852=ORIENTED_EDGE('',*,*,#2328,.T.);
#853=ORIENTED_EDGE('',*,*,#2329,.F.);
#854=ORIENTED_EDGE('',*,*,#2330,.F.);
#855=ORIENTED_EDGE('',*,*,#2331,.T.);
#856=ORIENTED_EDGE('',*,*,#2332,.T.);
#857=ORIENTED_EDGE('',*,*,#2333,.F.);
#858=ORIENTED_EDGE('',*,*,#2334,.T.);
#859=ORIENTED_EDGE('',*,*,#2335,.T.);
#860=ORIENTED_EDGE('',*,*,#2336,.F.);
#861=ORIENTED_EDGE('',*,*,#2337,.F.);
#862=ORIENTED_EDGE('',*,*,#2338,.T.);
#863=ORIENTED_EDGE('',*,*,#2339,.T.);
#864=ORIENTED_EDGE('',*,*,#2340,.F.);
#865=ORIENTED_EDGE('',*,*,#2341,.F.);
#866=ORIENTED_EDGE('',*,*,#2342,.T.);
#867=ORIENTED_EDGE('',*,*,#2343,.T.);
#868=ORIENTED_EDGE('',*,*,#2344,.F.);
#869=ORIENTED_EDGE('',*,*,#2345,.F.);
#870=ORIENTED_EDGE('',*,*,#2346,.F.);
#871=ORIENTED_EDGE('',*,*,#2347,.T.);
#872=ORIENTED_EDGE('',*,*,#2348,.T.);
#873=ORIENTED_EDGE('',*,*,#2349,.F.);
#874=ORIENTED_EDGE('',*,*,#2350,.T.);
#875=ORIENTED_EDGE('',*,*,#2351,.T.);
#876=ORIENTED_EDGE('',*,*,#2352,.F.);
#877=ORIENTED_EDGE('',*,*,#2353,.F.);
#878=ORIENTED_EDGE('',*,*,#2354,.T.);
#879=ORIENTED_EDGE('',*,*,#2355,.T.);
#880=ORIENTED_EDGE('',*,*,#2356,.F.);
#881=ORIENTED_EDGE('',*,*,#2357,.F.);
#882=ORIENTED_EDGE('',*,*,#2358,.T.);
#883=ORIENTED_EDGE('',*,*,#2359,.T.);
#884=ORIENTED_EDGE('',*,*,#2360,.F.);
#885=ORIENTED_EDGE('',*,*,#2361,.F.);
#886=ORIENTED_EDGE('',*,*,#2362,.F.);
#887=ORIENTED_EDGE('',*,*,#2363,.T.);
#888=ORIENTED_EDGE('',*,*,#2364,.T.);
#889=ORIENTED_EDGE('',*,*,#2365,.F.);
#890=ORIENTED_EDGE('',*,*,#2366,.T.);
#891=ORIENTED_EDGE('',*,*,#2367,.T.);
#892=ORIENTED_EDGE('',*,*,#2368,.F.);
#893=ORIENTED_EDGE('',*,*,#2369,.F.);
#894=ORIENTED_EDGE('',*,*,#2370,.F.);
#895=ORIENTED_EDGE('',*,*,#2371,.T.);
#896=ORIENTED_EDGE('',*,*,#2372,.T.);
#897=ORIENTED_EDGE('',*,*,#2373,.F.);
#898=ORIENTED_EDGE('',*,*,#2374,.T.);
#899=ORIENTED_EDGE('',*,*,#2375,.T.);
#900=ORIENTED_EDGE('',*,*,#2376,.F.);
#901=ORIENTED_EDGE('',*,*,#2377,.F.);
#902=ORIENTED_EDGE('',*,*,#2378,.T.);
#903=ORIENTED_EDGE('',*,*,#2379,.T.);
#904=ORIENTED_EDGE('',*,*,#2380,.F.);
#905=ORIENTED_EDGE('',*,*,#2381,.F.);
#906=ORIENTED_EDGE('',*,*,#2382,.T.);
#907=ORIENTED_EDGE('',*,*,#2383,.T.);
#908=ORIENTED_EDGE('',*,*,#2384,.F.);
#909=ORIENTED_EDGE('',*,*,#2385,.F.);
#910=ORIENTED_EDGE('',*,*,#2386,.T.);
#911=ORIENTED_EDGE('',*,*,#2387,.T.);
#912=ORIENTED_EDGE('',*,*,#2388,.F.);
#913=ORIENTED_EDGE('',*,*,#2389,.F.);
#914=ORIENTED_EDGE('',*,*,#2390,.F.);
#915=ORIENTED_EDGE('',*,*,#2391,.F.);
#916=ORIENTED_EDGE('',*,*,#2392,.F.);
#917=ORIENTED_EDGE('',*,*,#2393,.F.);
#918=ORIENTED_EDGE('',*,*,#2394,.T.);
#919=ORIENTED_EDGE('',*,*,#2237,.T.);
#920=ORIENTED_EDGE('',*,*,#2395,.F.);
#921=ORIENTED_EDGE('',*,*,#2396,.F.);
#922=ORIENTED_EDGE('',*,*,#2397,.T.);
#923=ORIENTED_EDGE('',*,*,#2398,.F.);
#924=ORIENTED_EDGE('',*,*,#2399,.T.);
#925=ORIENTED_EDGE('',*,*,#2241,.T.);
#926=ORIENTED_EDGE('',*,*,#2400,.F.);
#927=ORIENTED_EDGE('',*,*,#2401,.F.);
#928=ORIENTED_EDGE('',*,*,#2402,.T.);
#929=ORIENTED_EDGE('',*,*,#2403,.F.);
#930=ORIENTED_EDGE('',*,*,#2404,.T.);
#931=ORIENTED_EDGE('',*,*,#2245,.T.);
#932=ORIENTED_EDGE('',*,*,#2405,.F.);
#933=ORIENTED_EDGE('',*,*,#2406,.F.);
#934=ORIENTED_EDGE('',*,*,#2407,.T.);
#935=ORIENTED_EDGE('',*,*,#2408,.F.);
#936=ORIENTED_EDGE('',*,*,#2409,.T.);
#937=ORIENTED_EDGE('',*,*,#2249,.T.);
#938=ORIENTED_EDGE('',*,*,#2410,.F.);
#939=ORIENTED_EDGE('',*,*,#2411,.F.);
#940=ORIENTED_EDGE('',*,*,#2412,.T.);
#941=ORIENTED_EDGE('',*,*,#2413,.F.);
#942=ORIENTED_EDGE('',*,*,#2414,.T.);
#943=ORIENTED_EDGE('',*,*,#2253,.T.);
#944=ORIENTED_EDGE('',*,*,#2415,.F.);
#945=ORIENTED_EDGE('',*,*,#2416,.F.);
#946=ORIENTED_EDGE('',*,*,#2417,.T.);
#947=ORIENTED_EDGE('',*,*,#2418,.F.);
#948=ORIENTED_EDGE('',*,*,#2419,.T.);
#949=ORIENTED_EDGE('',*,*,#2257,.T.);
#950=ORIENTED_EDGE('',*,*,#2420,.F.);
#951=ORIENTED_EDGE('',*,*,#2421,.F.);
#952=ORIENTED_EDGE('',*,*,#2422,.T.);
#953=ORIENTED_EDGE('',*,*,#2423,.F.);
#954=ORIENTED_EDGE('',*,*,#2424,.T.);
#955=ORIENTED_EDGE('',*,*,#2261,.T.);
#956=ORIENTED_EDGE('',*,*,#2425,.F.);
#957=ORIENTED_EDGE('',*,*,#2426,.F.);
#958=ORIENTED_EDGE('',*,*,#2427,.T.);
#959=ORIENTED_EDGE('',*,*,#2428,.F.);
#960=ORIENTED_EDGE('',*,*,#2429,.T.);
#961=ORIENTED_EDGE('',*,*,#2269,.T.);
#962=ORIENTED_EDGE('',*,*,#2430,.F.);
#963=ORIENTED_EDGE('',*,*,#2431,.F.);
#964=ORIENTED_EDGE('',*,*,#2432,.T.);
#965=ORIENTED_EDGE('',*,*,#2433,.F.);
#966=ORIENTED_EDGE('',*,*,#2434,.T.);
#967=ORIENTED_EDGE('',*,*,#2266,.T.);
#968=ORIENTED_EDGE('',*,*,#2435,.F.);
#969=ORIENTED_EDGE('',*,*,#2436,.F.);
#970=ORIENTED_EDGE('',*,*,#2437,.T.);
#971=ORIENTED_EDGE('',*,*,#2438,.F.);
#972=ORIENTED_EDGE('',*,*,#2439,.T.);
#973=ORIENTED_EDGE('',*,*,#2273,.T.);
#974=ORIENTED_EDGE('',*,*,#2440,.F.);
#975=ORIENTED_EDGE('',*,*,#2441,.F.);
#976=ORIENTED_EDGE('',*,*,#2442,.T.);
#977=ORIENTED_EDGE('',*,*,#2443,.F.);
#978=ORIENTED_EDGE('',*,*,#2444,.T.);
#979=ORIENTED_EDGE('',*,*,#2277,.T.);
#980=ORIENTED_EDGE('',*,*,#2445,.F.);
#981=ORIENTED_EDGE('',*,*,#2446,.F.);
#982=ORIENTED_EDGE('',*,*,#2447,.T.);
#983=ORIENTED_EDGE('',*,*,#2448,.F.);
#984=ORIENTED_EDGE('',*,*,#2449,.T.);
#985=ORIENTED_EDGE('',*,*,#2281,.T.);
#986=ORIENTED_EDGE('',*,*,#2450,.F.);
#987=ORIENTED_EDGE('',*,*,#2451,.F.);
#988=ORIENTED_EDGE('',*,*,#2452,.T.);
#989=ORIENTED_EDGE('',*,*,#2453,.F.);
#990=ORIENTED_EDGE('',*,*,#2454,.T.);
#991=ORIENTED_EDGE('',*,*,#2285,.T.);
#992=ORIENTED_EDGE('',*,*,#2455,.F.);
#993=ORIENTED_EDGE('',*,*,#2456,.F.);
#994=ORIENTED_EDGE('',*,*,#2457,.T.);
#995=ORIENTED_EDGE('',*,*,#2458,.F.);
#996=ORIENTED_EDGE('',*,*,#2459,.T.);
#997=ORIENTED_EDGE('',*,*,#2289,.T.);
#998=ORIENTED_EDGE('',*,*,#2460,.F.);
#999=ORIENTED_EDGE('',*,*,#2461,.F.);
#1000=ORIENTED_EDGE('',*,*,#2462,.T.);
#1001=ORIENTED_EDGE('',*,*,#2463,.F.);
#1002=ORIENTED_EDGE('',*,*,#2464,.T.);
#1003=ORIENTED_EDGE('',*,*,#2293,.T.);
#1004=ORIENTED_EDGE('',*,*,#2465,.F.);
#1005=ORIENTED_EDGE('',*,*,#2466,.F.);
#1006=ORIENTED_EDGE('',*,*,#2467,.T.);
#1007=ORIENTED_EDGE('',*,*,#2468,.F.);
#1008=ORIENTED_EDGE('',*,*,#2469,.T.);
#1009=ORIENTED_EDGE('',*,*,#2373,.T.);
#1010=ORIENTED_EDGE('',*,*,#2470,.F.);
#1011=ORIENTED_EDGE('',*,*,#2471,.F.);
#1012=ORIENTED_EDGE('',*,*,#2472,.T.);
#1013=ORIENTED_EDGE('',*,*,#2473,.F.);
#1014=ORIENTED_EDGE('',*,*,#2474,.T.);
#1015=ORIENTED_EDGE('',*,*,#2370,.T.);
#1016=ORIENTED_EDGE('',*,*,#2475,.F.);
#1017=ORIENTED_EDGE('',*,*,#2476,.F.);
#1018=ORIENTED_EDGE('',*,*,#2477,.T.);
#1019=ORIENTED_EDGE('',*,*,#2478,.F.);
#1020=ORIENTED_EDGE('',*,*,#2479,.T.);
#1021=ORIENTED_EDGE('',*,*,#2362,.T.);
#1022=ORIENTED_EDGE('',*,*,#2480,.F.);
#1023=ORIENTED_EDGE('',*,*,#2481,.F.);
#1024=ORIENTED_EDGE('',*,*,#2482,.T.);
#1025=ORIENTED_EDGE('',*,*,#2483,.F.);
#1026=ORIENTED_EDGE('',*,*,#2484,.T.);
#1027=ORIENTED_EDGE('',*,*,#2365,.T.);
#1028=ORIENTED_EDGE('',*,*,#2485,.F.);
#1029=ORIENTED_EDGE('',*,*,#2486,.F.);
#1030=ORIENTED_EDGE('',*,*,#2487,.T.);
#1031=ORIENTED_EDGE('',*,*,#2488,.F.);
#1032=ORIENTED_EDGE('',*,*,#2489,.T.);
#1033=ORIENTED_EDGE('',*,*,#2377,.T.);
#1034=ORIENTED_EDGE('',*,*,#2490,.F.);
#1035=ORIENTED_EDGE('',*,*,#2491,.F.);
#1036=ORIENTED_EDGE('',*,*,#2492,.T.);
#1037=ORIENTED_EDGE('',*,*,#2493,.F.);
#1038=ORIENTED_EDGE('',*,*,#2494,.T.);
#1039=ORIENTED_EDGE('',*,*,#2381,.T.);
#1040=ORIENTED_EDGE('',*,*,#2495,.F.);
#1041=ORIENTED_EDGE('',*,*,#2496,.F.);
#1042=ORIENTED_EDGE('',*,*,#2497,.T.);
#1043=ORIENTED_EDGE('',*,*,#2498,.F.);
#1044=ORIENTED_EDGE('',*,*,#2499,.T.);
#1045=ORIENTED_EDGE('',*,*,#2385,.T.);
#1046=ORIENTED_EDGE('',*,*,#2500,.F.);
#1047=ORIENTED_EDGE('',*,*,#2501,.F.);
#1048=ORIENTED_EDGE('',*,*,#2502,.T.);
#1049=ORIENTED_EDGE('',*,*,#2503,.F.);
#1050=ORIENTED_EDGE('',*,*,#2504,.T.);
#1051=ORIENTED_EDGE('',*,*,#2505,.T.);
#1052=ORIENTED_EDGE('',*,*,#2506,.F.);
#1053=ORIENTED_EDGE('',*,*,#2507,.F.);
#1054=ORIENTED_EDGE('',*,*,#2508,.T.);
#1055=ORIENTED_EDGE('',*,*,#2509,.F.);
#1056=ORIENTED_EDGE('',*,*,#2510,.T.);
#1057=ORIENTED_EDGE('',*,*,#2330,.T.);
#1058=ORIENTED_EDGE('',*,*,#2511,.F.);
#1059=ORIENTED_EDGE('',*,*,#2512,.F.);
#1060=ORIENTED_EDGE('',*,*,#2513,.T.);
#1061=ORIENTED_EDGE('',*,*,#2514,.F.);
#1062=ORIENTED_EDGE('',*,*,#2515,.T.);
#1063=ORIENTED_EDGE('',*,*,#2333,.T.);
#1064=ORIENTED_EDGE('',*,*,#2516,.F.);
#1065=ORIENTED_EDGE('',*,*,#2517,.F.);
#1066=ORIENTED_EDGE('',*,*,#2518,.T.);
#1067=ORIENTED_EDGE('',*,*,#2519,.F.);
#1068=ORIENTED_EDGE('',*,*,#2520,.T.);
#1069=ORIENTED_EDGE('',*,*,#2337,.T.);
#1070=ORIENTED_EDGE('',*,*,#2521,.F.);
#1071=ORIENTED_EDGE('',*,*,#2522,.F.);
#1072=ORIENTED_EDGE('',*,*,#2523,.T.);
#1073=ORIENTED_EDGE('',*,*,#2524,.F.);
#1074=ORIENTED_EDGE('',*,*,#2525,.T.);
#1075=ORIENTED_EDGE('',*,*,#2341,.T.);
#1076=ORIENTED_EDGE('',*,*,#2526,.F.);
#1077=ORIENTED_EDGE('',*,*,#2527,.F.);
#1078=ORIENTED_EDGE('',*,*,#2528,.T.);
#1079=ORIENTED_EDGE('',*,*,#2529,.F.);
#1080=ORIENTED_EDGE('',*,*,#2530,.T.);
#1081=ORIENTED_EDGE('',*,*,#2349,.T.);
#1082=ORIENTED_EDGE('',*,*,#2531,.F.);
#1083=ORIENTED_EDGE('',*,*,#2532,.F.);
#1084=ORIENTED_EDGE('',*,*,#2533,.T.);
#1085=ORIENTED_EDGE('',*,*,#2534,.F.);
#1086=ORIENTED_EDGE('',*,*,#2535,.T.);
#1087=ORIENTED_EDGE('',*,*,#2346,.T.);
#1088=ORIENTED_EDGE('',*,*,#2536,.F.);
#1089=ORIENTED_EDGE('',*,*,#2537,.F.);
#1090=ORIENTED_EDGE('',*,*,#2538,.T.);
#1091=ORIENTED_EDGE('',*,*,#2539,.F.);
#1092=ORIENTED_EDGE('',*,*,#2540,.T.);
#1093=ORIENTED_EDGE('',*,*,#2353,.T.);
#1094=ORIENTED_EDGE('',*,*,#2541,.F.);
#1095=ORIENTED_EDGE('',*,*,#2542,.F.);
#1096=ORIENTED_EDGE('',*,*,#2543,.T.);
#1097=ORIENTED_EDGE('',*,*,#2544,.F.);
#1098=ORIENTED_EDGE('',*,*,#2545,.T.);
#1099=ORIENTED_EDGE('',*,*,#2357,.T.);
#1100=ORIENTED_EDGE('',*,*,#2546,.F.);
#1101=ORIENTED_EDGE('',*,*,#2547,.F.);
#1102=ORIENTED_EDGE('',*,*,#2548,.T.);
#1103=ORIENTED_EDGE('',*,*,#2549,.F.);
#1104=ORIENTED_EDGE('',*,*,#2550,.T.);
#1105=ORIENTED_EDGE('',*,*,#2326,.T.);
#1106=ORIENTED_EDGE('',*,*,#2551,.F.);
#1107=ORIENTED_EDGE('',*,*,#2552,.F.);
#1108=ORIENTED_EDGE('',*,*,#2553,.T.);
#1109=ORIENTED_EDGE('',*,*,#2554,.F.);
#1110=ORIENTED_EDGE('',*,*,#2555,.T.);
#1111=ORIENTED_EDGE('',*,*,#2322,.T.);
#1112=ORIENTED_EDGE('',*,*,#2556,.F.);
#1113=ORIENTED_EDGE('',*,*,#2557,.F.);
#1114=ORIENTED_EDGE('',*,*,#2558,.T.);
#1115=ORIENTED_EDGE('',*,*,#2559,.F.);
#1116=ORIENTED_EDGE('',*,*,#2560,.T.);
#1117=ORIENTED_EDGE('',*,*,#2318,.T.);
#1118=ORIENTED_EDGE('',*,*,#2561,.F.);
#1119=ORIENTED_EDGE('',*,*,#2562,.F.);
#1120=ORIENTED_EDGE('',*,*,#2563,.T.);
#1121=ORIENTED_EDGE('',*,*,#2564,.F.);
#1122=ORIENTED_EDGE('',*,*,#2565,.T.);
#1123=ORIENTED_EDGE('',*,*,#2314,.T.);
#1124=ORIENTED_EDGE('',*,*,#2566,.F.);
#1125=ORIENTED_EDGE('',*,*,#2567,.F.);
#1126=ORIENTED_EDGE('',*,*,#2568,.T.);
#1127=ORIENTED_EDGE('',*,*,#2569,.F.);
#1128=ORIENTED_EDGE('',*,*,#2570,.T.);
#1129=ORIENTED_EDGE('',*,*,#2298,.T.);
#1130=ORIENTED_EDGE('',*,*,#2571,.F.);
#1131=ORIENTED_EDGE('',*,*,#2572,.F.);
#1132=ORIENTED_EDGE('',*,*,#2573,.T.);
#1133=ORIENTED_EDGE('',*,*,#2574,.F.);
#1134=ORIENTED_EDGE('',*,*,#2575,.T.);
#1135=ORIENTED_EDGE('',*,*,#2301,.T.);
#1136=ORIENTED_EDGE('',*,*,#2576,.F.);
#1137=ORIENTED_EDGE('',*,*,#2577,.F.);
#1138=ORIENTED_EDGE('',*,*,#2578,.T.);
#1139=ORIENTED_EDGE('',*,*,#2579,.F.);
#1140=ORIENTED_EDGE('',*,*,#2580,.T.);
#1141=ORIENTED_EDGE('',*,*,#2309,.T.);
#1142=ORIENTED_EDGE('',*,*,#2581,.F.);
#1143=ORIENTED_EDGE('',*,*,#2582,.F.);
#1144=ORIENTED_EDGE('',*,*,#2583,.T.);
#1145=ORIENTED_EDGE('',*,*,#2584,.F.);
#1146=ORIENTED_EDGE('',*,*,#2585,.T.);
#1147=ORIENTED_EDGE('',*,*,#2306,.T.);
#1148=ORIENTED_EDGE('',*,*,#2586,.F.);
#1149=ORIENTED_EDGE('',*,*,#2587,.F.);
#1150=ORIENTED_EDGE('',*,*,#2588,.T.);
#1151=ORIENTED_EDGE('',*,*,#2589,.F.);
#1152=ORIENTED_EDGE('',*,*,#2590,.T.);
#1153=ORIENTED_EDGE('',*,*,#2234,.T.);
#1154=ORIENTED_EDGE('',*,*,#2591,.F.);
#1155=ORIENTED_EDGE('',*,*,#2592,.F.);
#1156=ORIENTED_EDGE('',*,*,#2593,.T.);
#1157=ORIENTED_EDGE('',*,*,#2505,.F.);
#1158=ORIENTED_EDGE('',*,*,#2594,.T.);
#1159=ORIENTED_EDGE('',*,*,#2595,.T.);
#1160=ORIENTED_EDGE('',*,*,#2596,.F.);
#1161=ORIENTED_EDGE('',*,*,#2231,.T.);
#1162=ORIENTED_EDGE('',*,*,#2597,.F.);
#1163=ORIENTED_EDGE('',*,*,#2598,.T.);
#1164=ORIENTED_EDGE('',*,*,#2236,.F.);
#1165=ORIENTED_EDGE('',*,*,#2599,.F.);
#1166=ORIENTED_EDGE('',*,*,#2600,.F.);
#1167=ORIENTED_EDGE('',*,*,#2601,.F.);
#1168=ORIENTED_EDGE('',*,*,#2602,.F.);
#1169=ORIENTED_EDGE('',*,*,#2603,.T.);
#1170=ORIENTED_EDGE('',*,*,#2308,.F.);
#1171=ORIENTED_EDGE('',*,*,#2604,.F.);
#1172=ORIENTED_EDGE('',*,*,#2605,.F.);
#1173=ORIENTED_EDGE('',*,*,#2606,.F.);
#1174=ORIENTED_EDGE('',*,*,#2607,.F.);
#1175=ORIENTED_EDGE('',*,*,#2608,.T.);
#1176=ORIENTED_EDGE('',*,*,#2311,.F.);
#1177=ORIENTED_EDGE('',*,*,#2609,.F.);
#1178=ORIENTED_EDGE('',*,*,#2610,.F.);
#1179=ORIENTED_EDGE('',*,*,#2611,.F.);
#1180=ORIENTED_EDGE('',*,*,#2612,.F.);
#1181=ORIENTED_EDGE('',*,*,#2613,.T.);
#1182=ORIENTED_EDGE('',*,*,#2303,.F.);
#1183=ORIENTED_EDGE('',*,*,#2614,.F.);
#1184=ORIENTED_EDGE('',*,*,#2615,.F.);
#1185=ORIENTED_EDGE('',*,*,#2616,.F.);
#1186=ORIENTED_EDGE('',*,*,#2617,.F.);
#1187=ORIENTED_EDGE('',*,*,#2618,.T.);
#1188=ORIENTED_EDGE('',*,*,#2300,.F.);
#1189=ORIENTED_EDGE('',*,*,#2619,.F.);
#1190=ORIENTED_EDGE('',*,*,#2620,.F.);
#1191=ORIENTED_EDGE('',*,*,#2621,.F.);
#1192=ORIENTED_EDGE('',*,*,#2622,.F.);
#1193=ORIENTED_EDGE('',*,*,#2623,.T.);
#1194=ORIENTED_EDGE('',*,*,#2316,.F.);
#1195=ORIENTED_EDGE('',*,*,#2624,.F.);
#1196=ORIENTED_EDGE('',*,*,#2625,.F.);
#1197=ORIENTED_EDGE('',*,*,#2626,.F.);
#1198=ORIENTED_EDGE('',*,*,#2627,.F.);
#1199=ORIENTED_EDGE('',*,*,#2628,.T.);
#1200=ORIENTED_EDGE('',*,*,#2320,.F.);
#1201=ORIENTED_EDGE('',*,*,#2629,.F.);
#1202=ORIENTED_EDGE('',*,*,#2630,.F.);
#1203=ORIENTED_EDGE('',*,*,#2631,.F.);
#1204=ORIENTED_EDGE('',*,*,#2632,.F.);
#1205=ORIENTED_EDGE('',*,*,#2633,.T.);
#1206=ORIENTED_EDGE('',*,*,#2324,.F.);
#1207=ORIENTED_EDGE('',*,*,#2634,.F.);
#1208=ORIENTED_EDGE('',*,*,#2635,.F.);
#1209=ORIENTED_EDGE('',*,*,#2636,.F.);
#1210=ORIENTED_EDGE('',*,*,#2637,.F.);
#1211=ORIENTED_EDGE('',*,*,#2638,.T.);
#1212=ORIENTED_EDGE('',*,*,#2328,.F.);
#1213=ORIENTED_EDGE('',*,*,#2639,.F.);
#1214=ORIENTED_EDGE('',*,*,#2640,.F.);
#1215=ORIENTED_EDGE('',*,*,#2641,.F.);
#1216=ORIENTED_EDGE('',*,*,#2642,.F.);
#1217=ORIENTED_EDGE('',*,*,#2643,.T.);
#1218=ORIENTED_EDGE('',*,*,#2359,.F.);
#1219=ORIENTED_EDGE('',*,*,#2644,.F.);
#1220=ORIENTED_EDGE('',*,*,#2645,.F.);
#1221=ORIENTED_EDGE('',*,*,#2646,.F.);
#1222=ORIENTED_EDGE('',*,*,#2647,.F.);
#1223=ORIENTED_EDGE('',*,*,#2648,.T.);
#1224=ORIENTED_EDGE('',*,*,#2355,.F.);
#1225=ORIENTED_EDGE('',*,*,#2649,.F.);
#1226=ORIENTED_EDGE('',*,*,#2650,.F.);
#1227=ORIENTED_EDGE('',*,*,#2651,.F.);
#1228=ORIENTED_EDGE('',*,*,#2652,.F.);
#1229=ORIENTED_EDGE('',*,*,#2653,.T.);
#1230=ORIENTED_EDGE('',*,*,#2348,.F.);
#1231=ORIENTED_EDGE('',*,*,#2654,.F.);
#1232=ORIENTED_EDGE('',*,*,#2655,.F.);
#1233=ORIENTED_EDGE('',*,*,#2656,.F.);
#1234=ORIENTED_EDGE('',*,*,#2657,.F.);
#1235=ORIENTED_EDGE('',*,*,#2658,.T.);
#1236=ORIENTED_EDGE('',*,*,#2351,.F.);
#1237=ORIENTED_EDGE('',*,*,#2659,.F.);
#1238=ORIENTED_EDGE('',*,*,#2660,.F.);
#1239=ORIENTED_EDGE('',*,*,#2661,.F.);
#1240=ORIENTED_EDGE('',*,*,#2662,.F.);
#1241=ORIENTED_EDGE('',*,*,#2663,.T.);
#1242=ORIENTED_EDGE('',*,*,#2343,.F.);
#1243=ORIENTED_EDGE('',*,*,#2664,.F.);
#1244=ORIENTED_EDGE('',*,*,#2665,.F.);
#1245=ORIENTED_EDGE('',*,*,#2666,.F.);
#1246=ORIENTED_EDGE('',*,*,#2667,.F.);
#1247=ORIENTED_EDGE('',*,*,#2668,.T.);
#1248=ORIENTED_EDGE('',*,*,#2339,.F.);
#1249=ORIENTED_EDGE('',*,*,#2669,.F.);
#1250=ORIENTED_EDGE('',*,*,#2670,.F.);
#1251=ORIENTED_EDGE('',*,*,#2671,.F.);
#1252=ORIENTED_EDGE('',*,*,#2672,.F.);
#1253=ORIENTED_EDGE('',*,*,#2673,.T.);
#1254=ORIENTED_EDGE('',*,*,#2335,.F.);
#1255=ORIENTED_EDGE('',*,*,#2674,.F.);
#1256=ORIENTED_EDGE('',*,*,#2675,.F.);
#1257=ORIENTED_EDGE('',*,*,#2676,.F.);
#1258=ORIENTED_EDGE('',*,*,#2677,.F.);
#1259=ORIENTED_EDGE('',*,*,#2678,.T.);
#1260=ORIENTED_EDGE('',*,*,#2332,.F.);
#1261=ORIENTED_EDGE('',*,*,#2679,.F.);
#1262=ORIENTED_EDGE('',*,*,#2680,.F.);
#1263=ORIENTED_EDGE('',*,*,#2681,.F.);
#1264=ORIENTED_EDGE('',*,*,#2682,.F.);
#1265=ORIENTED_EDGE('',*,*,#2683,.T.);
#1266=ORIENTED_EDGE('',*,*,#2595,.F.);
#1267=ORIENTED_EDGE('',*,*,#2684,.F.);
#1268=ORIENTED_EDGE('',*,*,#2685,.F.);
#1269=ORIENTED_EDGE('',*,*,#2686,.F.);
#1270=ORIENTED_EDGE('',*,*,#2687,.F.);
#1271=ORIENTED_EDGE('',*,*,#2688,.T.);
#1272=ORIENTED_EDGE('',*,*,#2387,.F.);
#1273=ORIENTED_EDGE('',*,*,#2689,.F.);
#1274=ORIENTED_EDGE('',*,*,#2690,.F.);
#1275=ORIENTED_EDGE('',*,*,#2691,.F.);
#1276=ORIENTED_EDGE('',*,*,#2692,.F.);
#1277=ORIENTED_EDGE('',*,*,#2693,.T.);
#1278=ORIENTED_EDGE('',*,*,#2383,.F.);
#1279=ORIENTED_EDGE('',*,*,#2694,.F.);
#1280=ORIENTED_EDGE('',*,*,#2695,.F.);
#1281=ORIENTED_EDGE('',*,*,#2696,.F.);
#1282=ORIENTED_EDGE('',*,*,#2697,.F.);
#1283=ORIENTED_EDGE('',*,*,#2698,.T.);
#1284=ORIENTED_EDGE('',*,*,#2379,.F.);
#1285=ORIENTED_EDGE('',*,*,#2699,.F.);
#1286=ORIENTED_EDGE('',*,*,#2700,.F.);
#1287=ORIENTED_EDGE('',*,*,#2701,.F.);
#1288=ORIENTED_EDGE('',*,*,#2702,.F.);
#1289=ORIENTED_EDGE('',*,*,#2703,.T.);
#1290=ORIENTED_EDGE('',*,*,#2367,.F.);
#1291=ORIENTED_EDGE('',*,*,#2704,.F.);
#1292=ORIENTED_EDGE('',*,*,#2705,.F.);
#1293=ORIENTED_EDGE('',*,*,#2706,.F.);
#1294=ORIENTED_EDGE('',*,*,#2707,.F.);
#1295=ORIENTED_EDGE('',*,*,#2708,.T.);
#1296=ORIENTED_EDGE('',*,*,#2364,.F.);
#1297=ORIENTED_EDGE('',*,*,#2709,.F.);
#1298=ORIENTED_EDGE('',*,*,#2710,.F.);
#1299=ORIENTED_EDGE('',*,*,#2711,.F.);
#1300=ORIENTED_EDGE('',*,*,#2712,.F.);
#1301=ORIENTED_EDGE('',*,*,#2713,.T.);
#1302=ORIENTED_EDGE('',*,*,#2372,.F.);
#1303=ORIENTED_EDGE('',*,*,#2714,.F.);
#1304=ORIENTED_EDGE('',*,*,#2715,.F.);
#1305=ORIENTED_EDGE('',*,*,#2716,.F.);
#1306=ORIENTED_EDGE('',*,*,#2717,.F.);
#1307=ORIENTED_EDGE('',*,*,#2718,.T.);
#1308=ORIENTED_EDGE('',*,*,#2375,.F.);
#1309=ORIENTED_EDGE('',*,*,#2719,.F.);
#1310=ORIENTED_EDGE('',*,*,#2720,.F.);
#1311=ORIENTED_EDGE('',*,*,#2721,.F.);
#1312=ORIENTED_EDGE('',*,*,#2722,.F.);
#1313=ORIENTED_EDGE('',*,*,#2723,.T.);
#1314=ORIENTED_EDGE('',*,*,#2295,.F.);
#1315=ORIENTED_EDGE('',*,*,#2724,.F.);
#1316=ORIENTED_EDGE('',*,*,#2725,.F.);
#1317=ORIENTED_EDGE('',*,*,#2726,.F.);
#1318=ORIENTED_EDGE('',*,*,#2727,.F.);
#1319=ORIENTED_EDGE('',*,*,#2728,.T.);
#1320=ORIENTED_EDGE('',*,*,#2291,.F.);
#1321=ORIENTED_EDGE('',*,*,#2729,.F.);
#1322=ORIENTED_EDGE('',*,*,#2730,.F.);
#1323=ORIENTED_EDGE('',*,*,#2731,.F.);
#1324=ORIENTED_EDGE('',*,*,#2732,.F.);
#1325=ORIENTED_EDGE('',*,*,#2733,.T.);
#1326=ORIENTED_EDGE('',*,*,#2287,.F.);
#1327=ORIENTED_EDGE('',*,*,#2734,.F.);
#1328=ORIENTED_EDGE('',*,*,#2735,.F.);
#1329=ORIENTED_EDGE('',*,*,#2736,.F.);
#1330=ORIENTED_EDGE('',*,*,#2737,.F.);
#1331=ORIENTED_EDGE('',*,*,#2738,.T.);
#1332=ORIENTED_EDGE('',*,*,#2283,.F.);
#1333=ORIENTED_EDGE('',*,*,#2739,.F.);
#1334=ORIENTED_EDGE('',*,*,#2740,.F.);
#1335=ORIENTED_EDGE('',*,*,#2741,.F.);
#1336=ORIENTED_EDGE('',*,*,#2742,.F.);
#1337=ORIENTED_EDGE('',*,*,#2743,.T.);
#1338=ORIENTED_EDGE('',*,*,#2279,.F.);
#1339=ORIENTED_EDGE('',*,*,#2744,.F.);
#1340=ORIENTED_EDGE('',*,*,#2745,.F.);
#1341=ORIENTED_EDGE('',*,*,#2746,.F.);
#1342=ORIENTED_EDGE('',*,*,#2747,.F.);
#1343=ORIENTED_EDGE('',*,*,#2748,.T.);
#1344=ORIENTED_EDGE('',*,*,#2275,.F.);
#1345=ORIENTED_EDGE('',*,*,#2749,.F.);
#1346=ORIENTED_EDGE('',*,*,#2750,.F.);
#1347=ORIENTED_EDGE('',*,*,#2751,.F.);
#1348=ORIENTED_EDGE('',*,*,#2752,.F.);
#1349=ORIENTED_EDGE('',*,*,#2753,.T.);
#1350=ORIENTED_EDGE('',*,*,#2268,.F.);
#1351=ORIENTED_EDGE('',*,*,#2754,.F.);
#1352=ORIENTED_EDGE('',*,*,#2755,.F.);
#1353=ORIENTED_EDGE('',*,*,#2756,.F.);
#1354=ORIENTED_EDGE('',*,*,#2757,.F.);
#1355=ORIENTED_EDGE('',*,*,#2758,.T.);
#1356=ORIENTED_EDGE('',*,*,#2271,.F.);
#1357=ORIENTED_EDGE('',*,*,#2759,.F.);
#1358=ORIENTED_EDGE('',*,*,#2760,.F.);
#1359=ORIENTED_EDGE('',*,*,#2761,.F.);
#1360=ORIENTED_EDGE('',*,*,#2762,.F.);
#1361=ORIENTED_EDGE('',*,*,#2763,.T.);
#1362=ORIENTED_EDGE('',*,*,#2263,.F.);
#1363=ORIENTED_EDGE('',*,*,#2764,.F.);
#1364=ORIENTED_EDGE('',*,*,#2765,.F.);
#1365=ORIENTED_EDGE('',*,*,#2766,.F.);
#1366=ORIENTED_EDGE('',*,*,#2767,.F.);
#1367=ORIENTED_EDGE('',*,*,#2768,.T.);
#1368=ORIENTED_EDGE('',*,*,#2259,.F.);
#1369=ORIENTED_EDGE('',*,*,#2769,.F.);
#1370=ORIENTED_EDGE('',*,*,#2770,.F.);
#1371=ORIENTED_EDGE('',*,*,#2771,.F.);
#1372=ORIENTED_EDGE('',*,*,#2772,.F.);
#1373=ORIENTED_EDGE('',*,*,#2773,.T.);
#1374=ORIENTED_EDGE('',*,*,#2255,.F.);
#1375=ORIENTED_EDGE('',*,*,#2774,.F.);
#1376=ORIENTED_EDGE('',*,*,#2775,.F.);
#1377=ORIENTED_EDGE('',*,*,#2776,.F.);
#1378=ORIENTED_EDGE('',*,*,#2777,.F.);
#1379=ORIENTED_EDGE('',*,*,#2778,.T.);
#1380=ORIENTED_EDGE('',*,*,#2251,.F.);
#1381=ORIENTED_EDGE('',*,*,#2779,.F.);
#1382=ORIENTED_EDGE('',*,*,#2780,.F.);
#1383=ORIENTED_EDGE('',*,*,#2781,.F.);
#1384=ORIENTED_EDGE('',*,*,#2782,.F.);
#1385=ORIENTED_EDGE('',*,*,#2783,.T.);
#1386=ORIENTED_EDGE('',*,*,#2247,.F.);
#1387=ORIENTED_EDGE('',*,*,#2784,.F.);
#1388=ORIENTED_EDGE('',*,*,#2785,.F.);
#1389=ORIENTED_EDGE('',*,*,#2786,.F.);
#1390=ORIENTED_EDGE('',*,*,#2787,.F.);
#1391=ORIENTED_EDGE('',*,*,#2788,.T.);
#1392=ORIENTED_EDGE('',*,*,#2243,.F.);
#1393=ORIENTED_EDGE('',*,*,#2789,.F.);
#1394=ORIENTED_EDGE('',*,*,#2790,.F.);
#1395=ORIENTED_EDGE('',*,*,#2791,.F.);
#1396=ORIENTED_EDGE('',*,*,#2792,.F.);
#1397=ORIENTED_EDGE('',*,*,#2793,.T.);
#1398=ORIENTED_EDGE('',*,*,#2239,.F.);
#1399=ORIENTED_EDGE('',*,*,#2794,.F.);
#1400=ORIENTED_EDGE('',*,*,#2795,.F.);
#1401=ORIENTED_EDGE('',*,*,#2796,.F.);
#1402=ORIENTED_EDGE('',*,*,#2506,.T.);
#1403=ORIENTED_EDGE('',*,*,#2596,.T.);
#1404=ORIENTED_EDGE('',*,*,#2683,.F.);
#1405=ORIENTED_EDGE('',*,*,#2797,.F.);
#1406=ORIENTED_EDGE('',*,*,#2679,.T.);
#1407=ORIENTED_EDGE('',*,*,#2331,.F.);
#1408=ORIENTED_EDGE('',*,*,#2510,.F.);
#1409=ORIENTED_EDGE('',*,*,#2798,.F.);
#1410=ORIENTED_EDGE('',*,*,#2681,.T.);
#1411=ORIENTED_EDGE('',*,*,#2799,.F.);
#1412=ORIENTED_EDGE('',*,*,#2508,.F.);
#1413=ORIENTED_EDGE('',*,*,#2800,.F.);
#1414=ORIENTED_EDGE('',*,*,#2507,.T.);
#1415=ORIENTED_EDGE('',*,*,#2797,.T.);
#1416=ORIENTED_EDGE('',*,*,#2682,.T.);
#1417=ORIENTED_EDGE('',*,*,#2800,.T.);
#1418=ORIENTED_EDGE('',*,*,#2509,.T.);
#1419=ORIENTED_EDGE('',*,*,#2799,.T.);
#1420=ORIENTED_EDGE('',*,*,#2680,.T.);
#1421=ORIENTED_EDGE('',*,*,#2798,.T.);
#1422=ORIENTED_EDGE('',*,*,#2500,.T.);
#1423=ORIENTED_EDGE('',*,*,#2388,.T.);
#1424=ORIENTED_EDGE('',*,*,#2688,.F.);
#1425=ORIENTED_EDGE('',*,*,#2801,.F.);
#1426=ORIENTED_EDGE('',*,*,#2684,.T.);
#1427=ORIENTED_EDGE('',*,*,#2594,.F.);
#1428=ORIENTED_EDGE('',*,*,#2504,.F.);
#1429=ORIENTED_EDGE('',*,*,#2802,.F.);
#1430=ORIENTED_EDGE('',*,*,#2686,.T.);
#1431=ORIENTED_EDGE('',*,*,#2803,.F.);
#1432=ORIENTED_EDGE('',*,*,#2502,.F.);
#1433=ORIENTED_EDGE('',*,*,#2804,.F.);
#1434=ORIENTED_EDGE('',*,*,#2501,.T.);
#1435=ORIENTED_EDGE('',*,*,#2801,.T.);
#1436=ORIENTED_EDGE('',*,*,#2687,.T.);
#1437=ORIENTED_EDGE('',*,*,#2804,.T.);
#1438=ORIENTED_EDGE('',*,*,#2503,.T.);
#1439=ORIENTED_EDGE('',*,*,#2803,.T.);
#1440=ORIENTED_EDGE('',*,*,#2685,.T.);
#1441=ORIENTED_EDGE('',*,*,#2802,.T.);
#1442=ORIENTED_EDGE('',*,*,#2495,.T.);
#1443=ORIENTED_EDGE('',*,*,#2384,.T.);
#1444=ORIENTED_EDGE('',*,*,#2693,.F.);
#1445=ORIENTED_EDGE('',*,*,#2805,.F.);
#1446=ORIENTED_EDGE('',*,*,#2689,.T.);
#1447=ORIENTED_EDGE('',*,*,#2386,.F.);
#1448=ORIENTED_EDGE('',*,*,#2499,.F.);
#1449=ORIENTED_EDGE('',*,*,#2806,.F.);
#1450=ORIENTED_EDGE('',*,*,#2691,.T.);
#1451=ORIENTED_EDGE('',*,*,#2807,.F.);
#1452=ORIENTED_EDGE('',*,*,#2497,.F.);
#1453=ORIENTED_EDGE('',*,*,#2808,.F.);
#1454=ORIENTED_EDGE('',*,*,#2496,.T.);
#1455=ORIENTED_EDGE('',*,*,#2805,.T.);
#1456=ORIENTED_EDGE('',*,*,#2692,.T.);
#1457=ORIENTED_EDGE('',*,*,#2808,.T.);
#1458=ORIENTED_EDGE('',*,*,#2498,.T.);
#1459=ORIENTED_EDGE('',*,*,#2807,.T.);
#1460=ORIENTED_EDGE('',*,*,#2690,.T.);
#1461=ORIENTED_EDGE('',*,*,#2806,.T.);
#1462=ORIENTED_EDGE('',*,*,#2490,.T.);
#1463=ORIENTED_EDGE('',*,*,#2380,.T.);
#1464=ORIENTED_EDGE('',*,*,#2698,.F.);
#1465=ORIENTED_EDGE('',*,*,#2809,.F.);
#1466=ORIENTED_EDGE('',*,*,#2694,.T.);
#1467=ORIENTED_EDGE('',*,*,#2382,.F.);
#1468=ORIENTED_EDGE('',*,*,#2494,.F.);
#1469=ORIENTED_EDGE('',*,*,#2810,.F.);
#1470=ORIENTED_EDGE('',*,*,#2696,.T.);
#1471=ORIENTED_EDGE('',*,*,#2811,.F.);
#1472=ORIENTED_EDGE('',*,*,#2492,.F.);
#1473=ORIENTED_EDGE('',*,*,#2812,.F.);
#1474=ORIENTED_EDGE('',*,*,#2491,.T.);
#1475=ORIENTED_EDGE('',*,*,#2809,.T.);
#1476=ORIENTED_EDGE('',*,*,#2697,.T.);
#1477=ORIENTED_EDGE('',*,*,#2812,.T.);
#1478=ORIENTED_EDGE('',*,*,#2493,.T.);
#1479=ORIENTED_EDGE('',*,*,#2811,.T.);
#1480=ORIENTED_EDGE('',*,*,#2695,.T.);
#1481=ORIENTED_EDGE('',*,*,#2810,.T.);
#1482=ORIENTED_EDGE('',*,*,#2470,.T.);
#1483=ORIENTED_EDGE('',*,*,#2376,.T.);
#1484=ORIENTED_EDGE('',*,*,#2718,.F.);
#1485=ORIENTED_EDGE('',*,*,#2813,.F.);
#1486=ORIENTED_EDGE('',*,*,#2714,.T.);
#1487=ORIENTED_EDGE('',*,*,#2371,.F.);
#1488=ORIENTED_EDGE('',*,*,#2474,.F.);
#1489=ORIENTED_EDGE('',*,*,#2814,.F.);
#1490=ORIENTED_EDGE('',*,*,#2716,.T.);
#1491=ORIENTED_EDGE('',*,*,#2815,.F.);
#1492=ORIENTED_EDGE('',*,*,#2472,.F.);
#1493=ORIENTED_EDGE('',*,*,#2816,.F.);
#1494=ORIENTED_EDGE('',*,*,#2471,.T.);
#1495=ORIENTED_EDGE('',*,*,#2813,.T.);
#1496=ORIENTED_EDGE('',*,*,#2717,.T.);
#1497=ORIENTED_EDGE('',*,*,#2816,.T.);
#1498=ORIENTED_EDGE('',*,*,#2473,.T.);
#1499=ORIENTED_EDGE('',*,*,#2815,.T.);
#1500=ORIENTED_EDGE('',*,*,#2715,.T.);
#1501=ORIENTED_EDGE('',*,*,#2814,.T.);
#1502=ORIENTED_EDGE('',*,*,#2475,.T.);
#1503=ORIENTED_EDGE('',*,*,#2369,.T.);
#1504=ORIENTED_EDGE('',*,*,#2713,.F.);
#1505=ORIENTED_EDGE('',*,*,#2817,.F.);
#1506=ORIENTED_EDGE('',*,*,#2709,.T.);
#1507=ORIENTED_EDGE('',*,*,#2363,.F.);
#1508=ORIENTED_EDGE('',*,*,#2479,.F.);
#1509=ORIENTED_EDGE('',*,*,#2818,.F.);
#1510=ORIENTED_EDGE('',*,*,#2711,.T.);
#1511=ORIENTED_EDGE('',*,*,#2819,.F.);
#1512=ORIENTED_EDGE('',*,*,#2477,.F.);
#1513=ORIENTED_EDGE('',*,*,#2820,.F.);
#1514=ORIENTED_EDGE('',*,*,#2476,.T.);
#1515=ORIENTED_EDGE('',*,*,#2817,.T.);
#1516=ORIENTED_EDGE('',*,*,#2712,.T.);
#1517=ORIENTED_EDGE('',*,*,#2820,.T.);
#1518=ORIENTED_EDGE('',*,*,#2478,.T.);
#1519=ORIENTED_EDGE('',*,*,#2819,.T.);
#1520=ORIENTED_EDGE('',*,*,#2710,.T.);
#1521=ORIENTED_EDGE('',*,*,#2818,.T.);
#1522=ORIENTED_EDGE('',*,*,#2485,.T.);
#1523=ORIENTED_EDGE('',*,*,#2368,.T.);
#1524=ORIENTED_EDGE('',*,*,#2703,.F.);
#1525=ORIENTED_EDGE('',*,*,#2821,.F.);
#1526=ORIENTED_EDGE('',*,*,#2699,.T.);
#1527=ORIENTED_EDGE('',*,*,#2378,.F.);
#1528=ORIENTED_EDGE('',*,*,#2489,.F.);
#1529=ORIENTED_EDGE('',*,*,#2822,.F.);
#1530=ORIENTED_EDGE('',*,*,#2701,.T.);
#1531=ORIENTED_EDGE('',*,*,#2823,.F.);
#1532=ORIENTED_EDGE('',*,*,#2487,.F.);
#1533=ORIENTED_EDGE('',*,*,#2824,.F.);
#1534=ORIENTED_EDGE('',*,*,#2486,.T.);
#1535=ORIENTED_EDGE('',*,*,#2821,.T.);
#1536=ORIENTED_EDGE('',*,*,#2702,.T.);
#1537=ORIENTED_EDGE('',*,*,#2824,.T.);
#1538=ORIENTED_EDGE('',*,*,#2488,.T.);
#1539=ORIENTED_EDGE('',*,*,#2823,.T.);
#1540=ORIENTED_EDGE('',*,*,#2700,.T.);
#1541=ORIENTED_EDGE('',*,*,#2822,.T.);
#1542=ORIENTED_EDGE('',*,*,#2480,.T.);
#1543=ORIENTED_EDGE('',*,*,#2361,.T.);
#1544=ORIENTED_EDGE('',*,*,#2708,.F.);
#1545=ORIENTED_EDGE('',*,*,#2825,.F.);
#1546=ORIENTED_EDGE('',*,*,#2704,.T.);
#1547=ORIENTED_EDGE('',*,*,#2366,.F.);
#1548=ORIENTED_EDGE('',*,*,#2484,.F.);
#1549=ORIENTED_EDGE('',*,*,#2826,.F.);
#1550=ORIENTED_EDGE('',*,*,#2706,.T.);
#1551=ORIENTED_EDGE('',*,*,#2827,.F.);
#1552=ORIENTED_EDGE('',*,*,#2482,.F.);
#1553=ORIENTED_EDGE('',*,*,#2828,.F.);
#1554=ORIENTED_EDGE('',*,*,#2481,.T.);
#1555=ORIENTED_EDGE('',*,*,#2825,.T.);
#1556=ORIENTED_EDGE('',*,*,#2707,.T.);
#1557=ORIENTED_EDGE('',*,*,#2828,.T.);
#1558=ORIENTED_EDGE('',*,*,#2483,.T.);
#1559=ORIENTED_EDGE('',*,*,#2827,.T.);
#1560=ORIENTED_EDGE('',*,*,#2705,.T.);
#1561=ORIENTED_EDGE('',*,*,#2826,.T.);
#1562=ORIENTED_EDGE('',*,*,#2546,.T.);
#1563=ORIENTED_EDGE('',*,*,#2360,.T.);
#1564=ORIENTED_EDGE('',*,*,#2643,.F.);
#1565=ORIENTED_EDGE('',*,*,#2829,.F.);
#1566=ORIENTED_EDGE('',*,*,#2639,.T.);
#1567=ORIENTED_EDGE('',*,*,#2327,.F.);
#1568=ORIENTED_EDGE('',*,*,#2550,.F.);
#1569=ORIENTED_EDGE('',*,*,#2830,.F.);
#1570=ORIENTED_EDGE('',*,*,#2641,.T.);
#1571=ORIENTED_EDGE('',*,*,#2831,.F.);
#1572=ORIENTED_EDGE('',*,*,#2548,.F.);
#1573=ORIENTED_EDGE('',*,*,#2832,.F.);
#1574=ORIENTED_EDGE('',*,*,#2547,.T.);
#1575=ORIENTED_EDGE('',*,*,#2829,.T.);
#1576=ORIENTED_EDGE('',*,*,#2642,.T.);
#1577=ORIENTED_EDGE('',*,*,#2832,.T.);
#1578=ORIENTED_EDGE('',*,*,#2549,.T.);
#1579=ORIENTED_EDGE('',*,*,#2831,.T.);
#1580=ORIENTED_EDGE('',*,*,#2640,.T.);
#1581=ORIENTED_EDGE('',*,*,#2830,.T.);
#1582=ORIENTED_EDGE('',*,*,#2541,.T.);
#1583=ORIENTED_EDGE('',*,*,#2356,.T.);
#1584=ORIENTED_EDGE('',*,*,#2648,.F.);
#1585=ORIENTED_EDGE('',*,*,#2833,.F.);
#1586=ORIENTED_EDGE('',*,*,#2644,.T.);
#1587=ORIENTED_EDGE('',*,*,#2358,.F.);
#1588=ORIENTED_EDGE('',*,*,#2545,.F.);
#1589=ORIENTED_EDGE('',*,*,#2834,.F.);
#1590=ORIENTED_EDGE('',*,*,#2646,.T.);
#1591=ORIENTED_EDGE('',*,*,#2835,.F.);
#1592=ORIENTED_EDGE('',*,*,#2543,.F.);
#1593=ORIENTED_EDGE('',*,*,#2836,.F.);
#1594=ORIENTED_EDGE('',*,*,#2542,.T.);
#1595=ORIENTED_EDGE('',*,*,#2833,.T.);
#1596=ORIENTED_EDGE('',*,*,#2647,.T.);
#1597=ORIENTED_EDGE('',*,*,#2836,.T.);
#1598=ORIENTED_EDGE('',*,*,#2544,.T.);
#1599=ORIENTED_EDGE('',*,*,#2835,.T.);
#1600=ORIENTED_EDGE('',*,*,#2645,.T.);
#1601=ORIENTED_EDGE('',*,*,#2834,.T.);
#1602=ORIENTED_EDGE('',*,*,#2531,.T.);
#1603=ORIENTED_EDGE('',*,*,#2352,.T.);
#1604=ORIENTED_EDGE('',*,*,#2658,.F.);
#1605=ORIENTED_EDGE('',*,*,#2837,.F.);
#1606=ORIENTED_EDGE('',*,*,#2654,.T.);
#1607=ORIENTED_EDGE('',*,*,#2347,.F.);
#1608=ORIENTED_EDGE('',*,*,#2535,.F.);
#1609=ORIENTED_EDGE('',*,*,#2838,.F.);
#1610=ORIENTED_EDGE('',*,*,#2656,.T.);
#1611=ORIENTED_EDGE('',*,*,#2839,.F.);
#1612=ORIENTED_EDGE('',*,*,#2533,.F.);
#1613=ORIENTED_EDGE('',*,*,#2840,.F.);
#1614=ORIENTED_EDGE('',*,*,#2532,.T.);
#1615=ORIENTED_EDGE('',*,*,#2837,.T.);
#1616=ORIENTED_EDGE('',*,*,#2657,.T.);
#1617=ORIENTED_EDGE('',*,*,#2840,.T.);
#1618=ORIENTED_EDGE('',*,*,#2534,.T.);
#1619=ORIENTED_EDGE('',*,*,#2839,.T.);
#1620=ORIENTED_EDGE('',*,*,#2655,.T.);
#1621=ORIENTED_EDGE('',*,*,#2838,.T.);
#1622=ORIENTED_EDGE('',*,*,#2536,.T.);
#1623=ORIENTED_EDGE('',*,*,#2345,.T.);
#1624=ORIENTED_EDGE('',*,*,#2653,.F.);
#1625=ORIENTED_EDGE('',*,*,#2841,.F.);
#1626=ORIENTED_EDGE('',*,*,#2649,.T.);
#1627=ORIENTED_EDGE('',*,*,#2354,.F.);
#1628=ORIENTED_EDGE('',*,*,#2540,.F.);
#1629=ORIENTED_EDGE('',*,*,#2842,.F.);
#1630=ORIENTED_EDGE('',*,*,#2651,.T.);
#1631=ORIENTED_EDGE('',*,*,#2843,.F.);
#1632=ORIENTED_EDGE('',*,*,#2538,.F.);
#1633=ORIENTED_EDGE('',*,*,#2844,.F.);
#1634=ORIENTED_EDGE('',*,*,#2537,.T.);
#1635=ORIENTED_EDGE('',*,*,#2841,.T.);
#1636=ORIENTED_EDGE('',*,*,#2652,.T.);
#1637=ORIENTED_EDGE('',*,*,#2844,.T.);
#1638=ORIENTED_EDGE('',*,*,#2539,.T.);
#1639=ORIENTED_EDGE('',*,*,#2843,.T.);
#1640=ORIENTED_EDGE('',*,*,#2650,.T.);
#1641=ORIENTED_EDGE('',*,*,#2842,.T.);
#1642=ORIENTED_EDGE('',*,*,#2526,.T.);
#1643=ORIENTED_EDGE('',*,*,#2344,.T.);
#1644=ORIENTED_EDGE('',*,*,#2663,.F.);
#1645=ORIENTED_EDGE('',*,*,#2845,.F.);
#1646=ORIENTED_EDGE('',*,*,#2659,.T.);
#1647=ORIENTED_EDGE('',*,*,#2350,.F.);
#1648=ORIENTED_EDGE('',*,*,#2530,.F.);
#1649=ORIENTED_EDGE('',*,*,#2846,.F.);
#1650=ORIENTED_EDGE('',*,*,#2661,.T.);
#1651=ORIENTED_EDGE('',*,*,#2847,.F.);
#1652=ORIENTED_EDGE('',*,*,#2528,.F.);
#1653=ORIENTED_EDGE('',*,*,#2848,.F.);
#1654=ORIENTED_EDGE('',*,*,#2527,.T.);
#1655=ORIENTED_EDGE('',*,*,#2845,.T.);
#1656=ORIENTED_EDGE('',*,*,#2662,.T.);
#1657=ORIENTED_EDGE('',*,*,#2848,.T.);
#1658=ORIENTED_EDGE('',*,*,#2529,.T.);
#1659=ORIENTED_EDGE('',*,*,#2847,.T.);
#1660=ORIENTED_EDGE('',*,*,#2660,.T.);
#1661=ORIENTED_EDGE('',*,*,#2846,.T.);
#1662=ORIENTED_EDGE('',*,*,#2521,.T.);
#1663=ORIENTED_EDGE('',*,*,#2340,.T.);
#1664=ORIENTED_EDGE('',*,*,#2668,.F.);
#1665=ORIENTED_EDGE('',*,*,#2849,.F.);
#1666=ORIENTED_EDGE('',*,*,#2664,.T.);
#1667=ORIENTED_EDGE('',*,*,#2342,.F.);
#1668=ORIENTED_EDGE('',*,*,#2525,.F.);
#1669=ORIENTED_EDGE('',*,*,#2850,.F.);
#1670=ORIENTED_EDGE('',*,*,#2666,.T.);
#1671=ORIENTED_EDGE('',*,*,#2851,.F.);
#1672=ORIENTED_EDGE('',*,*,#2523,.F.);
#1673=ORIENTED_EDGE('',*,*,#2852,.F.);
#1674=ORIENTED_EDGE('',*,*,#2522,.T.);
#1675=ORIENTED_EDGE('',*,*,#2849,.T.);
#1676=ORIENTED_EDGE('',*,*,#2667,.T.);
#1677=ORIENTED_EDGE('',*,*,#2852,.T.);
#1678=ORIENTED_EDGE('',*,*,#2524,.T.);
#1679=ORIENTED_EDGE('',*,*,#2851,.T.);
#1680=ORIENTED_EDGE('',*,*,#2665,.T.);
#1681=ORIENTED_EDGE('',*,*,#2850,.T.);
#1682=ORIENTED_EDGE('',*,*,#2516,.T.);
#1683=ORIENTED_EDGE('',*,*,#2336,.T.);
#1684=ORIENTED_EDGE('',*,*,#2673,.F.);
#1685=ORIENTED_EDGE('',*,*,#2853,.F.);
#1686=ORIENTED_EDGE('',*,*,#2669,.T.);
#1687=ORIENTED_EDGE('',*,*,#2338,.F.);
#1688=ORIENTED_EDGE('',*,*,#2520,.F.);
#1689=ORIENTED_EDGE('',*,*,#2854,.F.);
#1690=ORIENTED_EDGE('',*,*,#2671,.T.);
#1691=ORIENTED_EDGE('',*,*,#2855,.F.);
#1692=ORIENTED_EDGE('',*,*,#2518,.F.);
#1693=ORIENTED_EDGE('',*,*,#2856,.F.);
#1694=ORIENTED_EDGE('',*,*,#2517,.T.);
#1695=ORIENTED_EDGE('',*,*,#2853,.T.);
#1696=ORIENTED_EDGE('',*,*,#2672,.T.);
#1697=ORIENTED_EDGE('',*,*,#2856,.T.);
#1698=ORIENTED_EDGE('',*,*,#2519,.T.);
#1699=ORIENTED_EDGE('',*,*,#2855,.T.);
#1700=ORIENTED_EDGE('',*,*,#2670,.T.);
#1701=ORIENTED_EDGE('',*,*,#2854,.T.);
#1702=ORIENTED_EDGE('',*,*,#2511,.T.);
#1703=ORIENTED_EDGE('',*,*,#2329,.T.);
#1704=ORIENTED_EDGE('',*,*,#2678,.F.);
#1705=ORIENTED_EDGE('',*,*,#2857,.F.);
#1706=ORIENTED_EDGE('',*,*,#2674,.T.);
#1707=ORIENTED_EDGE('',*,*,#2334,.F.);
#1708=ORIENTED_EDGE('',*,*,#2515,.F.);
#1709=ORIENTED_EDGE('',*,*,#2858,.F.);
#1710=ORIENTED_EDGE('',*,*,#2676,.T.);
#1711=ORIENTED_EDGE('',*,*,#2859,.F.);
#1712=ORIENTED_EDGE('',*,*,#2513,.F.);
#1713=ORIENTED_EDGE('',*,*,#2860,.F.);
#1714=ORIENTED_EDGE('',*,*,#2512,.T.);
#1715=ORIENTED_EDGE('',*,*,#2857,.T.);
#1716=ORIENTED_EDGE('',*,*,#2677,.T.);
#1717=ORIENTED_EDGE('',*,*,#2860,.T.);
#1718=ORIENTED_EDGE('',*,*,#2514,.T.);
#1719=ORIENTED_EDGE('',*,*,#2859,.T.);
#1720=ORIENTED_EDGE('',*,*,#2675,.T.);
#1721=ORIENTED_EDGE('',*,*,#2858,.T.);
#1722=ORIENTED_EDGE('',*,*,#2551,.T.);
#1723=ORIENTED_EDGE('',*,*,#2325,.T.);
#1724=ORIENTED_EDGE('',*,*,#2638,.F.);
#1725=ORIENTED_EDGE('',*,*,#2861,.F.);
#1726=ORIENTED_EDGE('',*,*,#2634,.T.);
#1727=ORIENTED_EDGE('',*,*,#2323,.F.);
#1728=ORIENTED_EDGE('',*,*,#2555,.F.);
#1729=ORIENTED_EDGE('',*,*,#2862,.F.);
#1730=ORIENTED_EDGE('',*,*,#2636,.T.);
#1731=ORIENTED_EDGE('',*,*,#2863,.F.);
#1732=ORIENTED_EDGE('',*,*,#2553,.F.);
#1733=ORIENTED_EDGE('',*,*,#2864,.F.);
#1734=ORIENTED_EDGE('',*,*,#2552,.T.);
#1735=ORIENTED_EDGE('',*,*,#2861,.T.);
#1736=ORIENTED_EDGE('',*,*,#2637,.T.);
#1737=ORIENTED_EDGE('',*,*,#2864,.T.);
#1738=ORIENTED_EDGE('',*,*,#2554,.T.);
#1739=ORIENTED_EDGE('',*,*,#2863,.T.);
#1740=ORIENTED_EDGE('',*,*,#2635,.T.);
#1741=ORIENTED_EDGE('',*,*,#2862,.T.);
#1742=ORIENTED_EDGE('',*,*,#2556,.T.);
#1743=ORIENTED_EDGE('',*,*,#2321,.T.);
#1744=ORIENTED_EDGE('',*,*,#2633,.F.);
#1745=ORIENTED_EDGE('',*,*,#2865,.F.);
#1746=ORIENTED_EDGE('',*,*,#2629,.T.);
#1747=ORIENTED_EDGE('',*,*,#2319,.F.);
#1748=ORIENTED_EDGE('',*,*,#2560,.F.);
#1749=ORIENTED_EDGE('',*,*,#2866,.F.);
#1750=ORIENTED_EDGE('',*,*,#2631,.T.);
#1751=ORIENTED_EDGE('',*,*,#2867,.F.);
#1752=ORIENTED_EDGE('',*,*,#2558,.F.);
#1753=ORIENTED_EDGE('',*,*,#2868,.F.);
#1754=ORIENTED_EDGE('',*,*,#2557,.T.);
#1755=ORIENTED_EDGE('',*,*,#2865,.T.);
#1756=ORIENTED_EDGE('',*,*,#2632,.T.);
#1757=ORIENTED_EDGE('',*,*,#2868,.T.);
#1758=ORIENTED_EDGE('',*,*,#2559,.T.);
#1759=ORIENTED_EDGE('',*,*,#2867,.T.);
#1760=ORIENTED_EDGE('',*,*,#2630,.T.);
#1761=ORIENTED_EDGE('',*,*,#2866,.T.);
#1762=ORIENTED_EDGE('',*,*,#2561,.T.);
#1763=ORIENTED_EDGE('',*,*,#2317,.T.);
#1764=ORIENTED_EDGE('',*,*,#2628,.F.);
#1765=ORIENTED_EDGE('',*,*,#2869,.F.);
#1766=ORIENTED_EDGE('',*,*,#2624,.T.);
#1767=ORIENTED_EDGE('',*,*,#2315,.F.);
#1768=ORIENTED_EDGE('',*,*,#2565,.F.);
#1769=ORIENTED_EDGE('',*,*,#2870,.F.);
#1770=ORIENTED_EDGE('',*,*,#2626,.T.);
#1771=ORIENTED_EDGE('',*,*,#2871,.F.);
#1772=ORIENTED_EDGE('',*,*,#2563,.F.);
#1773=ORIENTED_EDGE('',*,*,#2872,.F.);
#1774=ORIENTED_EDGE('',*,*,#2562,.T.);
#1775=ORIENTED_EDGE('',*,*,#2869,.T.);
#1776=ORIENTED_EDGE('',*,*,#2627,.T.);
#1777=ORIENTED_EDGE('',*,*,#2872,.T.);
#1778=ORIENTED_EDGE('',*,*,#2564,.T.);
#1779=ORIENTED_EDGE('',*,*,#2871,.T.);
#1780=ORIENTED_EDGE('',*,*,#2625,.T.);
#1781=ORIENTED_EDGE('',*,*,#2870,.T.);
#1782=ORIENTED_EDGE('',*,*,#2566,.T.);
#1783=ORIENTED_EDGE('',*,*,#2313,.T.);
#1784=ORIENTED_EDGE('',*,*,#2623,.F.);
#1785=ORIENTED_EDGE('',*,*,#2873,.F.);
#1786=ORIENTED_EDGE('',*,*,#2619,.T.);
#1787=ORIENTED_EDGE('',*,*,#2299,.F.);
#1788=ORIENTED_EDGE('',*,*,#2570,.F.);
#1789=ORIENTED_EDGE('',*,*,#2874,.F.);
#1790=ORIENTED_EDGE('',*,*,#2621,.T.);
#1791=ORIENTED_EDGE('',*,*,#2875,.F.);
#1792=ORIENTED_EDGE('',*,*,#2568,.F.);
#1793=ORIENTED_EDGE('',*,*,#2876,.F.);
#1794=ORIENTED_EDGE('',*,*,#2567,.T.);
#1795=ORIENTED_EDGE('',*,*,#2873,.T.);
#1796=ORIENTED_EDGE('',*,*,#2622,.T.);
#1797=ORIENTED_EDGE('',*,*,#2876,.T.);
#1798=ORIENTED_EDGE('',*,*,#2569,.T.);
#1799=ORIENTED_EDGE('',*,*,#2875,.T.);
#1800=ORIENTED_EDGE('',*,*,#2620,.T.);
#1801=ORIENTED_EDGE('',*,*,#2874,.T.);
#1802=ORIENTED_EDGE('',*,*,#2581,.T.);
#1803=ORIENTED_EDGE('',*,*,#2312,.T.);
#1804=ORIENTED_EDGE('',*,*,#2608,.F.);
#1805=ORIENTED_EDGE('',*,*,#2877,.F.);
#1806=ORIENTED_EDGE('',*,*,#2604,.T.);
#1807=ORIENTED_EDGE('',*,*,#2307,.F.);
#1808=ORIENTED_EDGE('',*,*,#2585,.F.);
#1809=ORIENTED_EDGE('',*,*,#2878,.F.);
#1810=ORIENTED_EDGE('',*,*,#2606,.T.);
#1811=ORIENTED_EDGE('',*,*,#2879,.F.);
#1812=ORIENTED_EDGE('',*,*,#2583,.F.);
#1813=ORIENTED_EDGE('',*,*,#2880,.F.);
#1814=ORIENTED_EDGE('',*,*,#2582,.T.);
#1815=ORIENTED_EDGE('',*,*,#2877,.T.);
#1816=ORIENTED_EDGE('',*,*,#2607,.T.);
#1817=ORIENTED_EDGE('',*,*,#2880,.T.);
#1818=ORIENTED_EDGE('',*,*,#2584,.T.);
#1819=ORIENTED_EDGE('',*,*,#2879,.T.);
#1820=ORIENTED_EDGE('',*,*,#2605,.T.);
#1821=ORIENTED_EDGE('',*,*,#2878,.T.);
#1822=ORIENTED_EDGE('',*,*,#2586,.T.);
#1823=ORIENTED_EDGE('',*,*,#2305,.T.);
#1824=ORIENTED_EDGE('',*,*,#2603,.F.);
#1825=ORIENTED_EDGE('',*,*,#2881,.F.);
#1826=ORIENTED_EDGE('',*,*,#2599,.T.);
#1827=ORIENTED_EDGE('',*,*,#2235,.F.);
#1828=ORIENTED_EDGE('',*,*,#2590,.F.);
#1829=ORIENTED_EDGE('',*,*,#2882,.F.);
#1830=ORIENTED_EDGE('',*,*,#2601,.T.);
#1831=ORIENTED_EDGE('',*,*,#2883,.F.);
#1832=ORIENTED_EDGE('',*,*,#2588,.F.);
#1833=ORIENTED_EDGE('',*,*,#2884,.F.);
#1834=ORIENTED_EDGE('',*,*,#2587,.T.);
#1835=ORIENTED_EDGE('',*,*,#2881,.T.);
#1836=ORIENTED_EDGE('',*,*,#2602,.T.);
#1837=ORIENTED_EDGE('',*,*,#2884,.T.);
#1838=ORIENTED_EDGE('',*,*,#2589,.T.);
#1839=ORIENTED_EDGE('',*,*,#2883,.T.);
#1840=ORIENTED_EDGE('',*,*,#2600,.T.);
#1841=ORIENTED_EDGE('',*,*,#2882,.T.);
#1842=ORIENTED_EDGE('',*,*,#2576,.T.);
#1843=ORIENTED_EDGE('',*,*,#2304,.T.);
#1844=ORIENTED_EDGE('',*,*,#2613,.F.);
#1845=ORIENTED_EDGE('',*,*,#2885,.F.);
#1846=ORIENTED_EDGE('',*,*,#2609,.T.);
#1847=ORIENTED_EDGE('',*,*,#2310,.F.);
#1848=ORIENTED_EDGE('',*,*,#2580,.F.);
#1849=ORIENTED_EDGE('',*,*,#2886,.F.);
#1850=ORIENTED_EDGE('',*,*,#2611,.T.);
#1851=ORIENTED_EDGE('',*,*,#2887,.F.);
#1852=ORIENTED_EDGE('',*,*,#2578,.F.);
#1853=ORIENTED_EDGE('',*,*,#2888,.F.);
#1854=ORIENTED_EDGE('',*,*,#2577,.T.);
#1855=ORIENTED_EDGE('',*,*,#2885,.T.);
#1856=ORIENTED_EDGE('',*,*,#2612,.T.);
#1857=ORIENTED_EDGE('',*,*,#2888,.T.);
#1858=ORIENTED_EDGE('',*,*,#2579,.T.);
#1859=ORIENTED_EDGE('',*,*,#2887,.T.);
#1860=ORIENTED_EDGE('',*,*,#2610,.T.);
#1861=ORIENTED_EDGE('',*,*,#2886,.T.);
#1862=ORIENTED_EDGE('',*,*,#2571,.T.);
#1863=ORIENTED_EDGE('',*,*,#2297,.T.);
#1864=ORIENTED_EDGE('',*,*,#2618,.F.);
#1865=ORIENTED_EDGE('',*,*,#2889,.F.);
#1866=ORIENTED_EDGE('',*,*,#2614,.T.);
#1867=ORIENTED_EDGE('',*,*,#2302,.F.);
#1868=ORIENTED_EDGE('',*,*,#2575,.F.);
#1869=ORIENTED_EDGE('',*,*,#2890,.F.);
#1870=ORIENTED_EDGE('',*,*,#2616,.T.);
#1871=ORIENTED_EDGE('',*,*,#2891,.F.);
#1872=ORIENTED_EDGE('',*,*,#2573,.F.);
#1873=ORIENTED_EDGE('',*,*,#2892,.F.);
#1874=ORIENTED_EDGE('',*,*,#2572,.T.);
#1875=ORIENTED_EDGE('',*,*,#2889,.T.);
#1876=ORIENTED_EDGE('',*,*,#2617,.T.);
#1877=ORIENTED_EDGE('',*,*,#2892,.T.);
#1878=ORIENTED_EDGE('',*,*,#2574,.T.);
#1879=ORIENTED_EDGE('',*,*,#2891,.T.);
#1880=ORIENTED_EDGE('',*,*,#2615,.T.);
#1881=ORIENTED_EDGE('',*,*,#2890,.T.);
#1882=ORIENTED_EDGE('',*,*,#2465,.T.);
#1883=ORIENTED_EDGE('',*,*,#2296,.T.);
#1884=ORIENTED_EDGE('',*,*,#2723,.F.);
#1885=ORIENTED_EDGE('',*,*,#2893,.F.);
#1886=ORIENTED_EDGE('',*,*,#2719,.T.);
#1887=ORIENTED_EDGE('',*,*,#2374,.F.);
#1888=ORIENTED_EDGE('',*,*,#2469,.F.);
#1889=ORIENTED_EDGE('',*,*,#2894,.F.);
#1890=ORIENTED_EDGE('',*,*,#2721,.T.);
#1891=ORIENTED_EDGE('',*,*,#2895,.F.);
#1892=ORIENTED_EDGE('',*,*,#2467,.F.);
#1893=ORIENTED_EDGE('',*,*,#2896,.F.);
#1894=ORIENTED_EDGE('',*,*,#2466,.T.);
#1895=ORIENTED_EDGE('',*,*,#2893,.T.);
#1896=ORIENTED_EDGE('',*,*,#2722,.T.);
#1897=ORIENTED_EDGE('',*,*,#2896,.T.);
#1898=ORIENTED_EDGE('',*,*,#2468,.T.);
#1899=ORIENTED_EDGE('',*,*,#2895,.T.);
#1900=ORIENTED_EDGE('',*,*,#2720,.T.);
#1901=ORIENTED_EDGE('',*,*,#2894,.T.);
#1902=ORIENTED_EDGE('',*,*,#2460,.T.);
#1903=ORIENTED_EDGE('',*,*,#2292,.T.);
#1904=ORIENTED_EDGE('',*,*,#2728,.F.);
#1905=ORIENTED_EDGE('',*,*,#2897,.F.);
#1906=ORIENTED_EDGE('',*,*,#2724,.T.);
#1907=ORIENTED_EDGE('',*,*,#2294,.F.);
#1908=ORIENTED_EDGE('',*,*,#2464,.F.);
#1909=ORIENTED_EDGE('',*,*,#2898,.F.);
#1910=ORIENTED_EDGE('',*,*,#2726,.T.);
#1911=ORIENTED_EDGE('',*,*,#2899,.F.);
#1912=ORIENTED_EDGE('',*,*,#2462,.F.);
#1913=ORIENTED_EDGE('',*,*,#2900,.F.);
#1914=ORIENTED_EDGE('',*,*,#2461,.T.);
#1915=ORIENTED_EDGE('',*,*,#2897,.T.);
#1916=ORIENTED_EDGE('',*,*,#2727,.T.);
#1917=ORIENTED_EDGE('',*,*,#2900,.T.);
#1918=ORIENTED_EDGE('',*,*,#2463,.T.);
#1919=ORIENTED_EDGE('',*,*,#2899,.T.);
#1920=ORIENTED_EDGE('',*,*,#2725,.T.);
#1921=ORIENTED_EDGE('',*,*,#2898,.T.);
#1922=ORIENTED_EDGE('',*,*,#2455,.T.);
#1923=ORIENTED_EDGE('',*,*,#2288,.T.);
#1924=ORIENTED_EDGE('',*,*,#2733,.F.);
#1925=ORIENTED_EDGE('',*,*,#2901,.F.);
#1926=ORIENTED_EDGE('',*,*,#2729,.T.);
#1927=ORIENTED_EDGE('',*,*,#2290,.F.);
#1928=ORIENTED_EDGE('',*,*,#2459,.F.);
#1929=ORIENTED_EDGE('',*,*,#2902,.F.);
#1930=ORIENTED_EDGE('',*,*,#2731,.T.);
#1931=ORIENTED_EDGE('',*,*,#2903,.F.);
#1932=ORIENTED_EDGE('',*,*,#2457,.F.);
#1933=ORIENTED_EDGE('',*,*,#2904,.F.);
#1934=ORIENTED_EDGE('',*,*,#2456,.T.);
#1935=ORIENTED_EDGE('',*,*,#2901,.T.);
#1936=ORIENTED_EDGE('',*,*,#2732,.T.);
#1937=ORIENTED_EDGE('',*,*,#2904,.T.);
#1938=ORIENTED_EDGE('',*,*,#2458,.T.);
#1939=ORIENTED_EDGE('',*,*,#2903,.T.);
#1940=ORIENTED_EDGE('',*,*,#2730,.T.);
#1941=ORIENTED_EDGE('',*,*,#2902,.T.);
#1942=ORIENTED_EDGE('',*,*,#2450,.T.);
#1943=ORIENTED_EDGE('',*,*,#2284,.T.);
#1944=ORIENTED_EDGE('',*,*,#2738,.F.);
#1945=ORIENTED_EDGE('',*,*,#2905,.F.);
#1946=ORIENTED_EDGE('',*,*,#2734,.T.);
#1947=ORIENTED_EDGE('',*,*,#2286,.F.);
#1948=ORIENTED_EDGE('',*,*,#2454,.F.);
#1949=ORIENTED_EDGE('',*,*,#2906,.F.);
#1950=ORIENTED_EDGE('',*,*,#2736,.T.);
#1951=ORIENTED_EDGE('',*,*,#2907,.F.);
#1952=ORIENTED_EDGE('',*,*,#2452,.F.);
#1953=ORIENTED_EDGE('',*,*,#2908,.F.);
#1954=ORIENTED_EDGE('',*,*,#2451,.T.);
#1955=ORIENTED_EDGE('',*,*,#2905,.T.);
#1956=ORIENTED_EDGE('',*,*,#2737,.T.);
#1957=ORIENTED_EDGE('',*,*,#2908,.T.);
#1958=ORIENTED_EDGE('',*,*,#2453,.T.);
#1959=ORIENTED_EDGE('',*,*,#2907,.T.);
#1960=ORIENTED_EDGE('',*,*,#2735,.T.);
#1961=ORIENTED_EDGE('',*,*,#2906,.T.);
#1962=ORIENTED_EDGE('',*,*,#2445,.T.);
#1963=ORIENTED_EDGE('',*,*,#2280,.T.);
#1964=ORIENTED_EDGE('',*,*,#2743,.F.);
#1965=ORIENTED_EDGE('',*,*,#2909,.F.);
#1966=ORIENTED_EDGE('',*,*,#2739,.T.);
#1967=ORIENTED_EDGE('',*,*,#2282,.F.);
#1968=ORIENTED_EDGE('',*,*,#2449,.F.);
#1969=ORIENTED_EDGE('',*,*,#2910,.F.);
#1970=ORIENTED_EDGE('',*,*,#2741,.T.);
#1971=ORIENTED_EDGE('',*,*,#2911,.F.);
#1972=ORIENTED_EDGE('',*,*,#2447,.F.);
#1973=ORIENTED_EDGE('',*,*,#2912,.F.);
#1974=ORIENTED_EDGE('',*,*,#2446,.T.);
#1975=ORIENTED_EDGE('',*,*,#2909,.T.);
#1976=ORIENTED_EDGE('',*,*,#2742,.T.);
#1977=ORIENTED_EDGE('',*,*,#2912,.T.);
#1978=ORIENTED_EDGE('',*,*,#2448,.T.);
#1979=ORIENTED_EDGE('',*,*,#2911,.T.);
#1980=ORIENTED_EDGE('',*,*,#2740,.T.);
#1981=ORIENTED_EDGE('',*,*,#2910,.T.);
#1982=ORIENTED_EDGE('',*,*,#2440,.T.);
#1983=ORIENTED_EDGE('',*,*,#2276,.T.);
#1984=ORIENTED_EDGE('',*,*,#2748,.F.);
#1985=ORIENTED_EDGE('',*,*,#2913,.F.);
#1986=ORIENTED_EDGE('',*,*,#2744,.T.);
#1987=ORIENTED_EDGE('',*,*,#2278,.F.);
#1988=ORIENTED_EDGE('',*,*,#2444,.F.);
#1989=ORIENTED_EDGE('',*,*,#2914,.F.);
#1990=ORIENTED_EDGE('',*,*,#2746,.T.);
#1991=ORIENTED_EDGE('',*,*,#2915,.F.);
#1992=ORIENTED_EDGE('',*,*,#2442,.F.);
#1993=ORIENTED_EDGE('',*,*,#2916,.F.);
#1994=ORIENTED_EDGE('',*,*,#2441,.T.);
#1995=ORIENTED_EDGE('',*,*,#2913,.T.);
#1996=ORIENTED_EDGE('',*,*,#2747,.T.);
#1997=ORIENTED_EDGE('',*,*,#2916,.T.);
#1998=ORIENTED_EDGE('',*,*,#2443,.T.);
#1999=ORIENTED_EDGE('',*,*,#2915,.T.);
#2000=ORIENTED_EDGE('',*,*,#2745,.T.);
#2001=ORIENTED_EDGE('',*,*,#2914,.T.);
#2002=ORIENTED_EDGE('',*,*,#2430,.T.);
#2003=ORIENTED_EDGE('',*,*,#2272,.T.);
#2004=ORIENTED_EDGE('',*,*,#2758,.F.);
#2005=ORIENTED_EDGE('',*,*,#2917,.F.);
#2006=ORIENTED_EDGE('',*,*,#2754,.T.);
#2007=ORIENTED_EDGE('',*,*,#2267,.F.);
#2008=ORIENTED_EDGE('',*,*,#2434,.F.);
#2009=ORIENTED_EDGE('',*,*,#2918,.F.);
#2010=ORIENTED_EDGE('',*,*,#2756,.T.);
#2011=ORIENTED_EDGE('',*,*,#2919,.F.);
#2012=ORIENTED_EDGE('',*,*,#2432,.F.);
#2013=ORIENTED_EDGE('',*,*,#2920,.F.);
#2014=ORIENTED_EDGE('',*,*,#2431,.T.);
#2015=ORIENTED_EDGE('',*,*,#2917,.T.);
#2016=ORIENTED_EDGE('',*,*,#2757,.T.);
#2017=ORIENTED_EDGE('',*,*,#2920,.T.);
#2018=ORIENTED_EDGE('',*,*,#2433,.T.);
#2019=ORIENTED_EDGE('',*,*,#2919,.T.);
#2020=ORIENTED_EDGE('',*,*,#2755,.T.);
#2021=ORIENTED_EDGE('',*,*,#2918,.T.);
#2022=ORIENTED_EDGE('',*,*,#2435,.T.);
#2023=ORIENTED_EDGE('',*,*,#2265,.T.);
#2024=ORIENTED_EDGE('',*,*,#2753,.F.);
#2025=ORIENTED_EDGE('',*,*,#2921,.F.);
#2026=ORIENTED_EDGE('',*,*,#2749,.T.);
#2027=ORIENTED_EDGE('',*,*,#2274,.F.);
#2028=ORIENTED_EDGE('',*,*,#2439,.F.);
#2029=ORIENTED_EDGE('',*,*,#2922,.F.);
#2030=ORIENTED_EDGE('',*,*,#2751,.T.);
#2031=ORIENTED_EDGE('',*,*,#2923,.F.);
#2032=ORIENTED_EDGE('',*,*,#2437,.F.);
#2033=ORIENTED_EDGE('',*,*,#2924,.F.);
#2034=ORIENTED_EDGE('',*,*,#2436,.T.);
#2035=ORIENTED_EDGE('',*,*,#2921,.T.);
#2036=ORIENTED_EDGE('',*,*,#2752,.T.);
#2037=ORIENTED_EDGE('',*,*,#2924,.T.);
#2038=ORIENTED_EDGE('',*,*,#2438,.T.);
#2039=ORIENTED_EDGE('',*,*,#2923,.T.);
#2040=ORIENTED_EDGE('',*,*,#2750,.T.);
#2041=ORIENTED_EDGE('',*,*,#2922,.T.);
#2042=ORIENTED_EDGE('',*,*,#2425,.T.);
#2043=ORIENTED_EDGE('',*,*,#2264,.T.);
#2044=ORIENTED_EDGE('',*,*,#2763,.F.);
#2045=ORIENTED_EDGE('',*,*,#2925,.F.);
#2046=ORIENTED_EDGE('',*,*,#2759,.T.);
#2047=ORIENTED_EDGE('',*,*,#2270,.F.);
#2048=ORIENTED_EDGE('',*,*,#2429,.F.);
#2049=ORIENTED_EDGE('',*,*,#2926,.F.);
#2050=ORIENTED_EDGE('',*,*,#2761,.T.);
#2051=ORIENTED_EDGE('',*,*,#2927,.F.);
#2052=ORIENTED_EDGE('',*,*,#2427,.F.);
#2053=ORIENTED_EDGE('',*,*,#2928,.F.);
#2054=ORIENTED_EDGE('',*,*,#2426,.T.);
#2055=ORIENTED_EDGE('',*,*,#2925,.T.);
#2056=ORIENTED_EDGE('',*,*,#2762,.T.);
#2057=ORIENTED_EDGE('',*,*,#2928,.T.);
#2058=ORIENTED_EDGE('',*,*,#2428,.T.);
#2059=ORIENTED_EDGE('',*,*,#2927,.T.);
#2060=ORIENTED_EDGE('',*,*,#2760,.T.);
#2061=ORIENTED_EDGE('',*,*,#2926,.T.);
#2062=ORIENTED_EDGE('',*,*,#2420,.T.);
#2063=ORIENTED_EDGE('',*,*,#2260,.T.);
#2064=ORIENTED_EDGE('',*,*,#2768,.F.);
#2065=ORIENTED_EDGE('',*,*,#2929,.F.);
#2066=ORIENTED_EDGE('',*,*,#2764,.T.);
#2067=ORIENTED_EDGE('',*,*,#2262,.F.);
#2068=ORIENTED_EDGE('',*,*,#2424,.F.);
#2069=ORIENTED_EDGE('',*,*,#2930,.F.);
#2070=ORIENTED_EDGE('',*,*,#2766,.T.);
#2071=ORIENTED_EDGE('',*,*,#2931,.F.);
#2072=ORIENTED_EDGE('',*,*,#2422,.F.);
#2073=ORIENTED_EDGE('',*,*,#2932,.F.);
#2074=ORIENTED_EDGE('',*,*,#2421,.T.);
#2075=ORIENTED_EDGE('',*,*,#2929,.T.);
#2076=ORIENTED_EDGE('',*,*,#2767,.T.);
#2077=ORIENTED_EDGE('',*,*,#2932,.T.);
#2078=ORIENTED_EDGE('',*,*,#2423,.T.);
#2079=ORIENTED_EDGE('',*,*,#2931,.T.);
#2080=ORIENTED_EDGE('',*,*,#2765,.T.);
#2081=ORIENTED_EDGE('',*,*,#2930,.T.);
#2082=ORIENTED_EDGE('',*,*,#2415,.T.);
#2083=ORIENTED_EDGE('',*,*,#2256,.T.);
#2084=ORIENTED_EDGE('',*,*,#2773,.F.);
#2085=ORIENTED_EDGE('',*,*,#2933,.F.);
#2086=ORIENTED_EDGE('',*,*,#2769,.T.);
#2087=ORIENTED_EDGE('',*,*,#2258,.F.);
#2088=ORIENTED_EDGE('',*,*,#2419,.F.);
#2089=ORIENTED_EDGE('',*,*,#2934,.F.);
#2090=ORIENTED_EDGE('',*,*,#2771,.T.);
#2091=ORIENTED_EDGE('',*,*,#2935,.F.);
#2092=ORIENTED_EDGE('',*,*,#2417,.F.);
#2093=ORIENTED_EDGE('',*,*,#2936,.F.);
#2094=ORIENTED_EDGE('',*,*,#2416,.T.);
#2095=ORIENTED_EDGE('',*,*,#2933,.T.);
#2096=ORIENTED_EDGE('',*,*,#2772,.T.);
#2097=ORIENTED_EDGE('',*,*,#2936,.T.);
#2098=ORIENTED_EDGE('',*,*,#2418,.T.);
#2099=ORIENTED_EDGE('',*,*,#2935,.T.);
#2100=ORIENTED_EDGE('',*,*,#2770,.T.);
#2101=ORIENTED_EDGE('',*,*,#2934,.T.);
#2102=ORIENTED_EDGE('',*,*,#2410,.T.);
#2103=ORIENTED_EDGE('',*,*,#2252,.T.);
#2104=ORIENTED_EDGE('',*,*,#2778,.F.);
#2105=ORIENTED_EDGE('',*,*,#2937,.F.);
#2106=ORIENTED_EDGE('',*,*,#2774,.T.);
#2107=ORIENTED_EDGE('',*,*,#2254,.F.);
#2108=ORIENTED_EDGE('',*,*,#2414,.F.);
#2109=ORIENTED_EDGE('',*,*,#2938,.F.);
#2110=ORIENTED_EDGE('',*,*,#2776,.T.);
#2111=ORIENTED_EDGE('',*,*,#2939,.F.);
#2112=ORIENTED_EDGE('',*,*,#2412,.F.);
#2113=ORIENTED_EDGE('',*,*,#2940,.F.);
#2114=ORIENTED_EDGE('',*,*,#2411,.T.);
#2115=ORIENTED_EDGE('',*,*,#2937,.T.);
#2116=ORIENTED_EDGE('',*,*,#2777,.T.);
#2117=ORIENTED_EDGE('',*,*,#2940,.T.);
#2118=ORIENTED_EDGE('',*,*,#2413,.T.);
#2119=ORIENTED_EDGE('',*,*,#2939,.T.);
#2120=ORIENTED_EDGE('',*,*,#2775,.T.);
#2121=ORIENTED_EDGE('',*,*,#2938,.T.);
#2122=ORIENTED_EDGE('',*,*,#2405,.T.);
#2123=ORIENTED_EDGE('',*,*,#2248,.T.);
#2124=ORIENTED_EDGE('',*,*,#2783,.F.);
#2125=ORIENTED_EDGE('',*,*,#2941,.F.);
#2126=ORIENTED_EDGE('',*,*,#2779,.T.);
#2127=ORIENTED_EDGE('',*,*,#2250,.F.);
#2128=ORIENTED_EDGE('',*,*,#2409,.F.);
#2129=ORIENTED_EDGE('',*,*,#2942,.F.);
#2130=ORIENTED_EDGE('',*,*,#2781,.T.);
#2131=ORIENTED_EDGE('',*,*,#2943,.F.);
#2132=ORIENTED_EDGE('',*,*,#2407,.F.);
#2133=ORIENTED_EDGE('',*,*,#2944,.F.);
#2134=ORIENTED_EDGE('',*,*,#2406,.T.);
#2135=ORIENTED_EDGE('',*,*,#2941,.T.);
#2136=ORIENTED_EDGE('',*,*,#2782,.T.);
#2137=ORIENTED_EDGE('',*,*,#2944,.T.);
#2138=ORIENTED_EDGE('',*,*,#2408,.T.);
#2139=ORIENTED_EDGE('',*,*,#2943,.T.);
#2140=ORIENTED_EDGE('',*,*,#2780,.T.);
#2141=ORIENTED_EDGE('',*,*,#2942,.T.);
#2142=ORIENTED_EDGE('',*,*,#2400,.T.);
#2143=ORIENTED_EDGE('',*,*,#2244,.T.);
#2144=ORIENTED_EDGE('',*,*,#2788,.F.);
#2145=ORIENTED_EDGE('',*,*,#2945,.F.);
#2146=ORIENTED_EDGE('',*,*,#2784,.T.);
#2147=ORIENTED_EDGE('',*,*,#2246,.F.);
#2148=ORIENTED_EDGE('',*,*,#2404,.F.);
#2149=ORIENTED_EDGE('',*,*,#2946,.F.);
#2150=ORIENTED_EDGE('',*,*,#2786,.T.);
#2151=ORIENTED_EDGE('',*,*,#2947,.F.);
#2152=ORIENTED_EDGE('',*,*,#2402,.F.);
#2153=ORIENTED_EDGE('',*,*,#2948,.F.);
#2154=ORIENTED_EDGE('',*,*,#2401,.T.);
#2155=ORIENTED_EDGE('',*,*,#2945,.T.);
#2156=ORIENTED_EDGE('',*,*,#2787,.T.);
#2157=ORIENTED_EDGE('',*,*,#2948,.T.);
#2158=ORIENTED_EDGE('',*,*,#2403,.T.);
#2159=ORIENTED_EDGE('',*,*,#2947,.T.);
#2160=ORIENTED_EDGE('',*,*,#2785,.T.);
#2161=ORIENTED_EDGE('',*,*,#2946,.T.);
#2162=ORIENTED_EDGE('',*,*,#2395,.T.);
#2163=ORIENTED_EDGE('',*,*,#2240,.T.);
#2164=ORIENTED_EDGE('',*,*,#2793,.F.);
#2165=ORIENTED_EDGE('',*,*,#2949,.F.);
#2166=ORIENTED_EDGE('',*,*,#2789,.T.);
#2167=ORIENTED_EDGE('',*,*,#2242,.F.);
#2168=ORIENTED_EDGE('',*,*,#2399,.F.);
#2169=ORIENTED_EDGE('',*,*,#2950,.F.);
#2170=ORIENTED_EDGE('',*,*,#2791,.T.);
#2171=ORIENTED_EDGE('',*,*,#2951,.F.);
#2172=ORIENTED_EDGE('',*,*,#2397,.F.);
#2173=ORIENTED_EDGE('',*,*,#2952,.F.);
#2174=ORIENTED_EDGE('',*,*,#2396,.T.);
#2175=ORIENTED_EDGE('',*,*,#2949,.T.);
#2176=ORIENTED_EDGE('',*,*,#2792,.T.);
#2177=ORIENTED_EDGE('',*,*,#2952,.T.);
#2178=ORIENTED_EDGE('',*,*,#2398,.T.);
#2179=ORIENTED_EDGE('',*,*,#2951,.T.);
#2180=ORIENTED_EDGE('',*,*,#2790,.T.);
#2181=ORIENTED_EDGE('',*,*,#2950,.T.);
#2182=ORIENTED_EDGE('',*,*,#2591,.T.);
#2183=ORIENTED_EDGE('',*,*,#2233,.T.);
#2184=ORIENTED_EDGE('',*,*,#2598,.F.);
#2185=ORIENTED_EDGE('',*,*,#2953,.F.);
#2186=ORIENTED_EDGE('',*,*,#2794,.T.);
#2187=ORIENTED_EDGE('',*,*,#2238,.F.);
#2188=ORIENTED_EDGE('',*,*,#2394,.F.);
#2189=ORIENTED_EDGE('',*,*,#2954,.F.);
#2190=ORIENTED_EDGE('',*,*,#2796,.T.);
#2191=ORIENTED_EDGE('',*,*,#2955,.F.);
#2192=ORIENTED_EDGE('',*,*,#2593,.F.);
#2193=ORIENTED_EDGE('',*,*,#2956,.F.);
#2194=ORIENTED_EDGE('',*,*,#2592,.T.);
#2195=ORIENTED_EDGE('',*,*,#2953,.T.);
#2196=ORIENTED_EDGE('',*,*,#2597,.T.);
#2197=ORIENTED_EDGE('',*,*,#2956,.T.);
#2198=ORIENTED_EDGE('',*,*,#2393,.T.);
#2199=ORIENTED_EDGE('',*,*,#2955,.T.);
#2200=ORIENTED_EDGE('',*,*,#2795,.T.);
#2201=ORIENTED_EDGE('',*,*,#2954,.T.);
#2202=ORIENTED_EDGE('',*,*,#2389,.T.);
#2203=ORIENTED_EDGE('',*,*,#2957,.F.);
#2204=ORIENTED_EDGE('',*,*,#2958,.F.);
#2205=ORIENTED_EDGE('',*,*,#2959,.T.);
#2206=ORIENTED_EDGE('',*,*,#2392,.T.);
#2207=ORIENTED_EDGE('',*,*,#2960,.F.);
#2208=ORIENTED_EDGE('',*,*,#2961,.F.);
#2209=ORIENTED_EDGE('',*,*,#2957,.T.);
#2210=ORIENTED_EDGE('',*,*,#2391,.T.);
#2211=ORIENTED_EDGE('',*,*,#2962,.F.);
#2212=ORIENTED_EDGE('',*,*,#2963,.F.);
#2213=ORIENTED_EDGE('',*,*,#2960,.T.);
#2214=ORIENTED_EDGE('',*,*,#2390,.T.);
#2215=ORIENTED_EDGE('',*,*,#2959,.F.);
#2216=ORIENTED_EDGE('',*,*,#2964,.F.);
#2217=ORIENTED_EDGE('',*,*,#2962,.T.);
#2218=ORIENTED_EDGE('',*,*,#2965,.F.);
#2219=ORIENTED_EDGE('',*,*,#2966,.F.);
#2220=ORIENTED_EDGE('',*,*,#2232,.F.);
#2221=ORIENTED_EDGE('',*,*,#2958,.T.);
#2222=ORIENTED_EDGE('',*,*,#2961,.T.);
#2223=ORIENTED_EDGE('',*,*,#2963,.T.);
#2224=ORIENTED_EDGE('',*,*,#2964,.T.);
#2225=ORIENTED_EDGE('',*,*,#2967,.F.);
#2226=ORIENTED_EDGE('',*,*,#2966,.T.);
#2227=ORIENTED_EDGE('',*,*,#2967,.T.);
#2228=ORIENTED_EDGE('',*,*,#2968,.F.);
#2229=ORIENTED_EDGE('',*,*,#2965,.T.);
#2230=ORIENTED_EDGE('',*,*,#2968,.T.);
#2231=EDGE_CURVE('',#2969,#2969,#3463,.T.);
#2232=EDGE_CURVE('',#2970,#2970,#3464,.T.);
#2233=EDGE_CURVE('',#2971,#2972,#259,.T.);
#2234=EDGE_CURVE('',#2973,#2971,#3465,.T.);
#2235=EDGE_CURVE('',#2973,#2974,#260,.T.);
#2236=EDGE_CURVE('',#2974,#2972,#3466,.T.);
#2237=EDGE_CURVE('',#2975,#2976,#3467,.T.);
#2238=EDGE_CURVE('',#2975,#2977,#261,.T.);
#2239=EDGE_CURVE('',#2977,#2978,#3468,.T.);
#2240=EDGE_CURVE('',#2976,#2978,#262,.T.);
#2241=EDGE_CURVE('',#2979,#2980,#3469,.T.);
#2242=EDGE_CURVE('',#2979,#2981,#263,.T.);
#2243=EDGE_CURVE('',#2981,#2982,#3470,.T.);
#2244=EDGE_CURVE('',#2980,#2982,#264,.T.);
#2245=EDGE_CURVE('',#2983,#2984,#3471,.T.);
#2246=EDGE_CURVE('',#2983,#2985,#265,.T.);
#2247=EDGE_CURVE('',#2985,#2986,#3472,.T.);
#2248=EDGE_CURVE('',#2984,#2986,#266,.T.);
#2249=EDGE_CURVE('',#2987,#2988,#3473,.T.);
#2250=EDGE_CURVE('',#2987,#2989,#267,.T.);
#2251=EDGE_CURVE('',#2989,#2990,#3474,.T.);
#2252=EDGE_CURVE('',#2988,#2990,#268,.T.);
#2253=EDGE_CURVE('',#2991,#2992,#3475,.T.);
#2254=EDGE_CURVE('',#2991,#2993,#269,.T.);
#2255=EDGE_CURVE('',#2993,#2994,#3476,.T.);
#2256=EDGE_CURVE('',#2992,#2994,#270,.T.);
#2257=EDGE_CURVE('',#2995,#2996,#3477,.T.);
#2258=EDGE_CURVE('',#2995,#2997,#271,.T.);
#2259=EDGE_CURVE('',#2997,#2998,#3478,.T.);
#2260=EDGE_CURVE('',#2996,#2998,#272,.T.);
#2261=EDGE_CURVE('',#2999,#3000,#3479,.T.);
#2262=EDGE_CURVE('',#2999,#3001,#273,.T.);
#2263=EDGE_CURVE('',#3001,#3002,#3480,.T.);
#2264=EDGE_CURVE('',#3000,#3002,#274,.T.);
#2265=EDGE_CURVE('',#3003,#3004,#275,.T.);
#2266=EDGE_CURVE('',#3005,#3003,#3481,.T.);
#2267=EDGE_CURVE('',#3005,#3006,#276,.T.);
#2268=EDGE_CURVE('',#3006,#3004,#3482,.T.);
#2269=EDGE_CURVE('',#3007,#3008,#3483,.T.);
#2270=EDGE_CURVE('',#3007,#3009,#277,.T.);
#2271=EDGE_CURVE('',#3009,#3010,#3484,.T.);
#2272=EDGE_CURVE('',#3008,#3010,#278,.T.);
#2273=EDGE_CURVE('',#3011,#3012,#3485,.T.);
#2274=EDGE_CURVE('',#3011,#3013,#279,.T.);
#2275=EDGE_CURVE('',#3013,#3014,#3486,.T.);
#2276=EDGE_CURVE('',#3012,#3014,#280,.T.);
#2277=EDGE_CURVE('',#3015,#3016,#3487,.T.);
#2278=EDGE_CURVE('',#3015,#3017,#281,.T.);
#2279=EDGE_CURVE('',#3017,#3018,#3488,.T.);
#2280=EDGE_CURVE('',#3016,#3018,#282,.T.);
#2281=EDGE_CURVE('',#3019,#3020,#3489,.T.);
#2282=EDGE_CURVE('',#3019,#3021,#283,.T.);
#2283=EDGE_CURVE('',#3021,#3022,#3490,.T.);
#2284=EDGE_CURVE('',#3020,#3022,#284,.T.);
#2285=EDGE_CURVE('',#3023,#3024,#3491,.T.);
#2286=EDGE_CURVE('',#3023,#3025,#285,.T.);
#2287=EDGE_CURVE('',#3025,#3026,#3492,.T.);
#2288=EDGE_CURVE('',#3024,#3026,#286,.T.);
#2289=EDGE_CURVE('',#3027,#3028,#3493,.T.);
#2290=EDGE_CURVE('',#3027,#3029,#287,.T.);
#2291=EDGE_CURVE('',#3029,#3030,#3494,.T.);
#2292=EDGE_CURVE('',#3028,#3030,#288,.T.);
#2293=EDGE_CURVE('',#3031,#3032,#3495,.T.);
#2294=EDGE_CURVE('',#3031,#3033,#289,.T.);
#2295=EDGE_CURVE('',#3033,#3034,#3496,.T.);
#2296=EDGE_CURVE('',#3032,#3034,#290,.T.);
#2297=EDGE_CURVE('',#3035,#3036,#291,.T.);
#2298=EDGE_CURVE('',#3037,#3035,#3497,.T.);
#2299=EDGE_CURVE('',#3037,#3038,#292,.T.);
#2300=EDGE_CURVE('',#3038,#3036,#3498,.T.);
#2301=EDGE_CURVE('',#3039,#3040,#3499,.T.);
#2302=EDGE_CURVE('',#3039,#3041,#293,.T.);
#2303=EDGE_CURVE('',#3041,#3042,#3500,.T.);
#2304=EDGE_CURVE('',#3040,#3042,#294,.T.);
#2305=EDGE_CURVE('',#3043,#3044,#295,.T.);
#2306=EDGE_CURVE('',#3045,#3043,#3501,.T.);
#2307=EDGE_CURVE('',#3045,#3046,#296,.T.);
#2308=EDGE_CURVE('',#3046,#3044,#3502,.T.);
#2309=EDGE_CURVE('',#3047,#3048,#3503,.T.);
#2310=EDGE_CURVE('',#3047,#3049,#297,.T.);
#2311=EDGE_CURVE('',#3049,#3050,#3504,.T.);
#2312=EDGE_CURVE('',#3048,#3050,#298,.T.);
#2313=EDGE_CURVE('',#3051,#3052,#299,.T.);
#2314=EDGE_CURVE('',#3053,#3051,#3505,.T.);
#2315=EDGE_CURVE('',#3053,#3054,#300,.T.);
#2316=EDGE_CURVE('',#3054,#3052,#3506,.T.);
#2317=EDGE_CURVE('',#3055,#3056,#301,.T.);
#2318=EDGE_CURVE('',#3057,#3055,#3507,.T.);
#2319=EDGE_CURVE('',#3057,#3058,#302,.T.);
#2320=EDGE_CURVE('',#3058,#3056,#3508,.T.);
#2321=EDGE_CURVE('',#3059,#3060,#303,.T.);
#2322=EDGE_CURVE('',#3061,#3059,#3509,.T.);
#2323=EDGE_CURVE('',#3061,#3062,#304,.T.);
#2324=EDGE_CURVE('',#3062,#3060,#3510,.T.);
#2325=EDGE_CURVE('',#3063,#3064,#305,.T.);
#2326=EDGE_CURVE('',#3065,#3063,#3511,.T.);
#2327=EDGE_CURVE('',#3065,#3066,#306,.T.);
#2328=EDGE_CURVE('',#3066,#3064,#3512,.T.);
#2329=EDGE_CURVE('',#3067,#3068,#307,.T.);
#2330=EDGE_CURVE('',#3069,#3067,#3513,.T.);
#2331=EDGE_CURVE('',#3069,#3070,#308,.T.);
#2332=EDGE_CURVE('',#3070,#3068,#3514,.T.);
#2333=EDGE_CURVE('',#3071,#3072,#3515,.T.);
#2334=EDGE_CURVE('',#3071,#3073,#309,.T.);
#2335=EDGE_CURVE('',#3073,#3074,#3516,.T.);
#2336=EDGE_CURVE('',#3072,#3074,#310,.T.);
#2337=EDGE_CURVE('',#3075,#3076,#3517,.T.);
#2338=EDGE_CURVE('',#3075,#3077,#311,.T.);
#2339=EDGE_CURVE('',#3077,#3078,#3518,.T.);
#2340=EDGE_CURVE('',#3076,#3078,#312,.T.);
#2341=EDGE_CURVE('',#3079,#3080,#3519,.T.);
#2342=EDGE_CURVE('',#3079,#3081,#313,.T.);
#2343=EDGE_CURVE('',#3081,#3082,#3520,.T.);
#2344=EDGE_CURVE('',#3080,#3082,#314,.T.);
#2345=EDGE_CURVE('',#3083,#3084,#315,.T.);
#2346=EDGE_CURVE('',#3085,#3083,#3521,.T.);
#2347=EDGE_CURVE('',#3085,#3086,#316,.T.);
#2348=EDGE_CURVE('',#3086,#3084,#3522,.T.);
#2349=EDGE_CURVE('',#3087,#3088,#3523,.T.);
#2350=EDGE_CURVE('',#3087,#3089,#317,.T.);
#2351=EDGE_CURVE('',#3089,#3090,#3524,.T.);
#2352=EDGE_CURVE('',#3088,#3090,#318,.T.);
#2353=EDGE_CURVE('',#3091,#3092,#3525,.T.);
#2354=EDGE_CURVE('',#3091,#3093,#319,.T.);
#2355=EDGE_CURVE('',#3093,#3094,#3526,.T.);
#2356=EDGE_CURVE('',#3092,#3094,#320,.T.);
#2357=EDGE_CURVE('',#3095,#3096,#3527,.T.);
#2358=EDGE_CURVE('',#3095,#3097,#321,.T.);
#2359=EDGE_CURVE('',#3097,#3098,#3528,.T.);
#2360=EDGE_CURVE('',#3096,#3098,#322,.T.);
#2361=EDGE_CURVE('',#3099,#3100,#323,.T.);
#2362=EDGE_CURVE('',#3101,#3099,#3529,.T.);
#2363=EDGE_CURVE('',#3101,#3102,#324,.T.);
#2364=EDGE_CURVE('',#3102,#3100,#3530,.T.);
#2365=EDGE_CURVE('',#3103,#3104,#3531,.T.);
#2366=EDGE_CURVE('',#3103,#3105,#325,.T.);
#2367=EDGE_CURVE('',#3105,#3106,#3532,.T.);
#2368=EDGE_CURVE('',#3104,#3106,#326,.T.);
#2369=EDGE_CURVE('',#3107,#3108,#327,.T.);
#2370=EDGE_CURVE('',#3109,#3107,#3533,.T.);
#2371=EDGE_CURVE('',#3109,#3110,#328,.T.);
#2372=EDGE_CURVE('',#3110,#3108,#3534,.T.);
#2373=EDGE_CURVE('',#3111,#3112,#3535,.T.);
#2374=EDGE_CURVE('',#3111,#3113,#329,.T.);
#2375=EDGE_CURVE('',#3113,#3114,#3536,.T.);
#2376=EDGE_CURVE('',#3112,#3114,#330,.T.);
#2377=EDGE_CURVE('',#3115,#3116,#3537,.T.);
#2378=EDGE_CURVE('',#3115,#3117,#331,.T.);
#2379=EDGE_CURVE('',#3117,#3118,#3538,.T.);
#2380=EDGE_CURVE('',#3116,#3118,#332,.T.);
#2381=EDGE_CURVE('',#3119,#3120,#3539,.T.);
#2382=EDGE_CURVE('',#3119,#3121,#333,.T.);
#2383=EDGE_CURVE('',#3121,#3122,#3540,.T.);
#2384=EDGE_CURVE('',#3120,#3122,#334,.T.);
#2385=EDGE_CURVE('',#3123,#3124,#3541,.T.);
#2386=EDGE_CURVE('',#3123,#3125,#335,.T.);
#2387=EDGE_CURVE('',#3125,#3126,#3542,.T.);
#2388=EDGE_CURVE('',#3124,#3126,#336,.T.);
#2389=EDGE_CURVE('',#3127,#3128,#3543,.T.);
#2390=EDGE_CURVE('',#3129,#3127,#337,.T.);
#2391=EDGE_CURVE('',#3130,#3129,#3544,.T.);
#2392=EDGE_CURVE('',#3128,#3130,#338,.T.);
#2393=EDGE_CURVE('',#3131,#3132,#3545,.T.);
#2394=EDGE_CURVE('',#3131,#2975,#92,.T.);
#2395=EDGE_CURVE('',#3133,#2976,#93,.T.);
#2396=EDGE_CURVE('',#3134,#3133,#3546,.T.);
#2397=EDGE_CURVE('',#3134,#3135,#3547,.T.);
#2398=EDGE_CURVE('',#3136,#3135,#3548,.T.);
#2399=EDGE_CURVE('',#3136,#2979,#94,.T.);
#2400=EDGE_CURVE('',#3137,#2980,#95,.T.);
#2401=EDGE_CURVE('',#3138,#3137,#3549,.T.);
#2402=EDGE_CURVE('',#3138,#3139,#3550,.T.);
#2403=EDGE_CURVE('',#3140,#3139,#3551,.T.);
#2404=EDGE_CURVE('',#3140,#2983,#96,.T.);
#2405=EDGE_CURVE('',#3141,#2984,#97,.T.);
#2406=EDGE_CURVE('',#3142,#3141,#3552,.T.);
#2407=EDGE_CURVE('',#3142,#3143,#3553,.T.);
#2408=EDGE_CURVE('',#3144,#3143,#3554,.T.);
#2409=EDGE_CURVE('',#3144,#2987,#98,.T.);
#2410=EDGE_CURVE('',#3145,#2988,#99,.T.);
#2411=EDGE_CURVE('',#3146,#3145,#3555,.T.);
#2412=EDGE_CURVE('',#3146,#3147,#3556,.T.);
#2413=EDGE_CURVE('',#3148,#3147,#3557,.T.);
#2414=EDGE_CURVE('',#3148,#2991,#100,.T.);
#2415=EDGE_CURVE('',#3149,#2992,#101,.T.);
#2416=EDGE_CURVE('',#3150,#3149,#3558,.T.);
#2417=EDGE_CURVE('',#3150,#3151,#3559,.T.);
#2418=EDGE_CURVE('',#3152,#3151,#3560,.T.);
#2419=EDGE_CURVE('',#3152,#2995,#102,.T.);
#2420=EDGE_CURVE('',#3153,#2996,#103,.T.);
#2421=EDGE_CURVE('',#3154,#3153,#3561,.T.);
#2422=EDGE_CURVE('',#3154,#3155,#3562,.T.);
#2423=EDGE_CURVE('',#3156,#3155,#3563,.T.);
#2424=EDGE_CURVE('',#3156,#2999,#104,.T.);
#2425=EDGE_CURVE('',#3157,#3000,#105,.T.);
#2426=EDGE_CURVE('',#3158,#3157,#3564,.T.);
#2427=EDGE_CURVE('',#3158,#3159,#3565,.T.);
#2428=EDGE_CURVE('',#3160,#3159,#3566,.T.);
#2429=EDGE_CURVE('',#3160,#3007,#106,.T.);
#2430=EDGE_CURVE('',#3161,#3008,#107,.T.);
#2431=EDGE_CURVE('',#3162,#3161,#3567,.T.);
#2432=EDGE_CURVE('',#3162,#3163,#3568,.T.);
#2433=EDGE_CURVE('',#3164,#3163,#3569,.T.);
#2434=EDGE_CURVE('',#3164,#3005,#108,.T.);
#2435=EDGE_CURVE('',#3165,#3003,#109,.T.);
#2436=EDGE_CURVE('',#3166,#3165,#3570,.T.);
#2437=EDGE_CURVE('',#3166,#3167,#3571,.T.);
#2438=EDGE_CURVE('',#3168,#3167,#3572,.T.);
#2439=EDGE_CURVE('',#3168,#3011,#110,.T.);
#2440=EDGE_CURVE('',#3169,#3012,#111,.T.);
#2441=EDGE_CURVE('',#3170,#3169,#3573,.T.);
#2442=EDGE_CURVE('',#3170,#3171,#3574,.T.);
#2443=EDGE_CURVE('',#3172,#3171,#3575,.T.);
#2444=EDGE_CURVE('',#3172,#3015,#112,.T.);
#2445=EDGE_CURVE('',#3173,#3016,#113,.T.);
#2446=EDGE_CURVE('',#3174,#3173,#3576,.T.);
#2447=EDGE_CURVE('',#3174,#3175,#3577,.T.);
#2448=EDGE_CURVE('',#3176,#3175,#3578,.T.);
#2449=EDGE_CURVE('',#3176,#3019,#114,.T.);
#2450=EDGE_CURVE('',#3177,#3020,#115,.T.);
#2451=EDGE_CURVE('',#3178,#3177,#3579,.T.);
#2452=EDGE_CURVE('',#3178,#3179,#3580,.T.);
#2453=EDGE_CURVE('',#3180,#3179,#3581,.T.);
#2454=EDGE_CURVE('',#3180,#3023,#116,.T.);
#2455=EDGE_CURVE('',#3181,#3024,#117,.T.);
#2456=EDGE_CURVE('',#3182,#3181,#3582,.T.);
#2457=EDGE_CURVE('',#3182,#3183,#3583,.T.);
#2458=EDGE_CURVE('',#3184,#3183,#3584,.T.);
#2459=EDGE_CURVE('',#3184,#3027,#118,.T.);
#2460=EDGE_CURVE('',#3185,#3028,#119,.T.);
#2461=EDGE_CURVE('',#3186,#3185,#3585,.T.);
#2462=EDGE_CURVE('',#3186,#3187,#3586,.T.);
#2463=EDGE_CURVE('',#3188,#3187,#3587,.T.);
#2464=EDGE_CURVE('',#3188,#3031,#120,.T.);
#2465=EDGE_CURVE('',#3189,#3032,#121,.T.);
#2466=EDGE_CURVE('',#3190,#3189,#3588,.T.);
#2467=EDGE_CURVE('',#3190,#3191,#3589,.T.);
#2468=EDGE_CURVE('',#3192,#3191,#3590,.T.);
#2469=EDGE_CURVE('',#3192,#3111,#122,.T.);
#2470=EDGE_CURVE('',#3193,#3112,#123,.T.);
#2471=EDGE_CURVE('',#3194,#3193,#3591,.T.);
#2472=EDGE_CURVE('',#3194,#3195,#3592,.T.);
#2473=EDGE_CURVE('',#3196,#3195,#3593,.T.);
#2474=EDGE_CURVE('',#3196,#3109,#124,.T.);
#2475=EDGE_CURVE('',#3197,#3107,#125,.T.);
#2476=EDGE_CURVE('',#3198,#3197,#3594,.T.);
#2477=EDGE_CURVE('',#3198,#3199,#3595,.T.);
#2478=EDGE_CURVE('',#3200,#3199,#3596,.T.);
#2479=EDGE_CURVE('',#3200,#3101,#126,.T.);
#2480=EDGE_CURVE('',#3201,#3099,#127,.T.);
#2481=EDGE_CURVE('',#3202,#3201,#3597,.T.);
#2482=EDGE_CURVE('',#3202,#3203,#3598,.T.);
#2483=EDGE_CURVE('',#3204,#3203,#3599,.T.);
#2484=EDGE_CURVE('',#3204,#3103,#128,.T.);
#2485=EDGE_CURVE('',#3205,#3104,#129,.T.);
#2486=EDGE_CURVE('',#3206,#3205,#3600,.T.);
#2487=EDGE_CURVE('',#3206,#3207,#3601,.T.);
#2488=EDGE_CURVE('',#3208,#3207,#3602,.T.);
#2489=EDGE_CURVE('',#3208,#3115,#130,.T.);
#2490=EDGE_CURVE('',#3209,#3116,#131,.T.);
#2491=EDGE_CURVE('',#3210,#3209,#3603,.T.);
#2492=EDGE_CURVE('',#3210,#3211,#3604,.T.);
#2493=EDGE_CURVE('',#3212,#3211,#3605,.T.);
#2494=EDGE_CURVE('',#3212,#3119,#132,.T.);
#2495=EDGE_CURVE('',#3213,#3120,#133,.T.);
#2496=EDGE_CURVE('',#3214,#3213,#3606,.T.);
#2497=EDGE_CURVE('',#3214,#3215,#3607,.T.);
#2498=EDGE_CURVE('',#3216,#3215,#3608,.T.);
#2499=EDGE_CURVE('',#3216,#3123,#134,.T.);
#2500=EDGE_CURVE('',#3217,#3124,#135,.T.);
#2501=EDGE_CURVE('',#3218,#3217,#3609,.T.);
#2502=EDGE_CURVE('',#3218,#3219,#3610,.T.);
#2503=EDGE_CURVE('',#3220,#3219,#3611,.T.);
#2504=EDGE_CURVE('',#3220,#3221,#136,.T.);
#2505=EDGE_CURVE('',#3221,#3222,#3612,.T.);
#2506=EDGE_CURVE('',#3223,#3222,#137,.T.);
#2507=EDGE_CURVE('',#3224,#3223,#3613,.T.);
#2508=EDGE_CURVE('',#3224,#3225,#3614,.T.);
#2509=EDGE_CURVE('',#3226,#3225,#3615,.T.);
#2510=EDGE_CURVE('',#3226,#3069,#138,.T.);
#2511=EDGE_CURVE('',#3227,#3067,#139,.T.);
#2512=EDGE_CURVE('',#3228,#3227,#3616,.T.);
#2513=EDGE_CURVE('',#3228,#3229,#3617,.T.);
#2514=EDGE_CURVE('',#3230,#3229,#3618,.T.);
#2515=EDGE_CURVE('',#3230,#3071,#140,.T.);
#2516=EDGE_CURVE('',#3231,#3072,#141,.T.);
#2517=EDGE_CURVE('',#3232,#3231,#3619,.T.);
#2518=EDGE_CURVE('',#3232,#3233,#3620,.T.);
#2519=EDGE_CURVE('',#3234,#3233,#3621,.T.);
#2520=EDGE_CURVE('',#3234,#3075,#142,.T.);
#2521=EDGE_CURVE('',#3235,#3076,#143,.T.);
#2522=EDGE_CURVE('',#3236,#3235,#3622,.T.);
#2523=EDGE_CURVE('',#3236,#3237,#3623,.T.);
#2524=EDGE_CURVE('',#3238,#3237,#3624,.T.);
#2525=EDGE_CURVE('',#3238,#3079,#144,.T.);
#2526=EDGE_CURVE('',#3239,#3080,#145,.T.);
#2527=EDGE_CURVE('',#3240,#3239,#3625,.T.);
#2528=EDGE_CURVE('',#3240,#3241,#3626,.T.);
#2529=EDGE_CURVE('',#3242,#3241,#3627,.T.);
#2530=EDGE_CURVE('',#3242,#3087,#146,.T.);
#2531=EDGE_CURVE('',#3243,#3088,#147,.T.);
#2532=EDGE_CURVE('',#3244,#3243,#3628,.T.);
#2533=EDGE_CURVE('',#3244,#3245,#3629,.T.);
#2534=EDGE_CURVE('',#3246,#3245,#3630,.T.);
#2535=EDGE_CURVE('',#3246,#3085,#148,.T.);
#2536=EDGE_CURVE('',#3247,#3083,#149,.T.);
#2537=EDGE_CURVE('',#3248,#3247,#3631,.T.);
#2538=EDGE_CURVE('',#3248,#3249,#3632,.T.);
#2539=EDGE_CURVE('',#3250,#3249,#3633,.T.);
#2540=EDGE_CURVE('',#3250,#3091,#150,.T.);
#2541=EDGE_CURVE('',#3251,#3092,#151,.T.);
#2542=EDGE_CURVE('',#3252,#3251,#3634,.T.);
#2543=EDGE_CURVE('',#3252,#3253,#3635,.T.);
#2544=EDGE_CURVE('',#3254,#3253,#3636,.T.);
#2545=EDGE_CURVE('',#3254,#3095,#152,.T.);
#2546=EDGE_CURVE('',#3255,#3096,#153,.T.);
#2547=EDGE_CURVE('',#3256,#3255,#3637,.T.);
#2548=EDGE_CURVE('',#3256,#3257,#3638,.T.);
#2549=EDGE_CURVE('',#3258,#3257,#3639,.T.);
#2550=EDGE_CURVE('',#3258,#3065,#154,.T.);
#2551=EDGE_CURVE('',#3259,#3063,#155,.T.);
#2552=EDGE_CURVE('',#3260,#3259,#3640,.T.);
#2553=EDGE_CURVE('',#3260,#3261,#3641,.T.);
#2554=EDGE_CURVE('',#3262,#3261,#3642,.T.);
#2555=EDGE_CURVE('',#3262,#3061,#156,.T.);
#2556=EDGE_CURVE('',#3263,#3059,#157,.T.);
#2557=EDGE_CURVE('',#3264,#3263,#3643,.T.);
#2558=EDGE_CURVE('',#3264,#3265,#3644,.T.);
#2559=EDGE_CURVE('',#3266,#3265,#3645,.T.);
#2560=EDGE_CURVE('',#3266,#3057,#158,.T.);
#2561=EDGE_CURVE('',#3267,#3055,#159,.T.);
#2562=EDGE_CURVE('',#3268,#3267,#3646,.T.);
#2563=EDGE_CURVE('',#3268,#3269,#3647,.T.);
#2564=EDGE_CURVE('',#3270,#3269,#3648,.T.);
#2565=EDGE_CURVE('',#3270,#3053,#160,.T.);
#2566=EDGE_CURVE('',#3271,#3051,#161,.T.);
#2567=EDGE_CURVE('',#3272,#3271,#3649,.T.);
#2568=EDGE_CURVE('',#3272,#3273,#3650,.T.);
#2569=EDGE_CURVE('',#3274,#3273,#3651,.T.);
#2570=EDGE_CURVE('',#3274,#3037,#162,.T.);
#2571=EDGE_CURVE('',#3275,#3035,#163,.T.);
#2572=EDGE_CURVE('',#3276,#3275,#3652,.T.);
#2573=EDGE_CURVE('',#3276,#3277,#3653,.T.);
#2574=EDGE_CURVE('',#3278,#3277,#3654,.T.);
#2575=EDGE_CURVE('',#3278,#3039,#164,.T.);
#2576=EDGE_CURVE('',#3279,#3040,#165,.T.);
#2577=EDGE_CURVE('',#3280,#3279,#3655,.T.);
#2578=EDGE_CURVE('',#3280,#3281,#3656,.T.);
#2579=EDGE_CURVE('',#3282,#3281,#3657,.T.);
#2580=EDGE_CURVE('',#3282,#3047,#166,.T.);
#2581=EDGE_CURVE('',#3283,#3048,#167,.T.);
#2582=EDGE_CURVE('',#3284,#3283,#3658,.T.);
#2583=EDGE_CURVE('',#3284,#3285,#3659,.T.);
#2584=EDGE_CURVE('',#3286,#3285,#3660,.T.);
#2585=EDGE_CURVE('',#3286,#3045,#168,.T.);
#2586=EDGE_CURVE('',#3287,#3043,#169,.T.);
#2587=EDGE_CURVE('',#3288,#3287,#3661,.T.);
#2588=EDGE_CURVE('',#3288,#3289,#3662,.T.);
#2589=EDGE_CURVE('',#3290,#3289,#3663,.T.);
#2590=EDGE_CURVE('',#3290,#2973,#170,.T.);
#2591=EDGE_CURVE('',#3291,#2971,#171,.T.);
#2592=EDGE_CURVE('',#3292,#3291,#3664,.T.);
#2593=EDGE_CURVE('',#3292,#3132,#3665,.T.);
#2594=EDGE_CURVE('',#3221,#3293,#339,.T.);
#2595=EDGE_CURVE('',#3293,#3294,#3666,.T.);
#2596=EDGE_CURVE('',#3222,#3294,#340,.T.);
#2597=EDGE_CURVE('',#3295,#3296,#3667,.F.);
#2598=EDGE_CURVE('',#3295,#2972,#172,.T.);
#2599=EDGE_CURVE('',#3297,#2974,#173,.T.);
#2600=EDGE_CURVE('',#3298,#3297,#3668,.F.);
#2601=EDGE_CURVE('',#3299,#3298,#3669,.T.);
#2602=EDGE_CURVE('',#3300,#3299,#3670,.F.);
#2603=EDGE_CURVE('',#3300,#3044,#174,.T.);
#2604=EDGE_CURVE('',#3301,#3046,#175,.T.);
#2605=EDGE_CURVE('',#3302,#3301,#3671,.F.);
#2606=EDGE_CURVE('',#3303,#3302,#3672,.T.);
#2607=EDGE_CURVE('',#3304,#3303,#3673,.F.);
#2608=EDGE_CURVE('',#3304,#3050,#176,.T.);
#2609=EDGE_CURVE('',#3305,#3049,#177,.T.);
#2610=EDGE_CURVE('',#3306,#3305,#3674,.F.);
#2611=EDGE_CURVE('',#3307,#3306,#3675,.T.);
#2612=EDGE_CURVE('',#3308,#3307,#3676,.F.);
#2613=EDGE_CURVE('',#3308,#3042,#178,.T.);
#2614=EDGE_CURVE('',#3309,#3041,#179,.T.);
#2615=EDGE_CURVE('',#3310,#3309,#3677,.F.);
#2616=EDGE_CURVE('',#3311,#3310,#3678,.T.);
#2617=EDGE_CURVE('',#3312,#3311,#3679,.F.);
#2618=EDGE_CURVE('',#3312,#3036,#180,.T.);
#2619=EDGE_CURVE('',#3313,#3038,#181,.T.);
#2620=EDGE_CURVE('',#3314,#3313,#3680,.F.);
#2621=EDGE_CURVE('',#3315,#3314,#3681,.T.);
#2622=EDGE_CURVE('',#3316,#3315,#3682,.F.);
#2623=EDGE_CURVE('',#3316,#3052,#182,.T.);
#2624=EDGE_CURVE('',#3317,#3054,#183,.T.);
#2625=EDGE_CURVE('',#3318,#3317,#3683,.F.);
#2626=EDGE_CURVE('',#3319,#3318,#3684,.T.);
#2627=EDGE_CURVE('',#3320,#3319,#3685,.F.);
#2628=EDGE_CURVE('',#3320,#3056,#184,.T.);
#2629=EDGE_CURVE('',#3321,#3058,#185,.T.);
#2630=EDGE_CURVE('',#3322,#3321,#3686,.F.);
#2631=EDGE_CURVE('',#3323,#3322,#3687,.T.);
#2632=EDGE_CURVE('',#3324,#3323,#3688,.F.);
#2633=EDGE_CURVE('',#3324,#3060,#186,.T.);
#2634=EDGE_CURVE('',#3325,#3062,#187,.T.);
#2635=EDGE_CURVE('',#3326,#3325,#3689,.F.);
#2636=EDGE_CURVE('',#3327,#3326,#3690,.T.);
#2637=EDGE_CURVE('',#3328,#3327,#3691,.F.);
#2638=EDGE_CURVE('',#3328,#3064,#188,.T.);
#2639=EDGE_CURVE('',#3329,#3066,#189,.T.);
#2640=EDGE_CURVE('',#3330,#3329,#3692,.F.);
#2641=EDGE_CURVE('',#3331,#3330,#3693,.T.);
#2642=EDGE_CURVE('',#3332,#3331,#3694,.F.);
#2643=EDGE_CURVE('',#3332,#3098,#190,.T.);
#2644=EDGE_CURVE('',#3333,#3097,#191,.T.);
#2645=EDGE_CURVE('',#3334,#3333,#3695,.F.);
#2646=EDGE_CURVE('',#3335,#3334,#3696,.T.);
#2647=EDGE_CURVE('',#3336,#3335,#3697,.F.);
#2648=EDGE_CURVE('',#3336,#3094,#192,.T.);
#2649=EDGE_CURVE('',#3337,#3093,#193,.T.);
#2650=EDGE_CURVE('',#3338,#3337,#3698,.F.);
#2651=EDGE_CURVE('',#3339,#3338,#3699,.T.);
#2652=EDGE_CURVE('',#3340,#3339,#3700,.F.);
#2653=EDGE_CURVE('',#3340,#3084,#194,.T.);
#2654=EDGE_CURVE('',#3341,#3086,#195,.T.);
#2655=EDGE_CURVE('',#3342,#3341,#3701,.F.);
#2656=EDGE_CURVE('',#3343,#3342,#3702,.T.);
#2657=EDGE_CURVE('',#3344,#3343,#3703,.F.);
#2658=EDGE_CURVE('',#3344,#3090,#196,.T.);
#2659=EDGE_CURVE('',#3345,#3089,#197,.T.);
#2660=EDGE_CURVE('',#3346,#3345,#3704,.F.);
#2661=EDGE_CURVE('',#3347,#3346,#3705,.T.);
#2662=EDGE_CURVE('',#3348,#3347,#3706,.F.);
#2663=EDGE_CURVE('',#3348,#3082,#198,.T.);
#2664=EDGE_CURVE('',#3349,#3081,#199,.T.);
#2665=EDGE_CURVE('',#3350,#3349,#3707,.F.);
#2666=EDGE_CURVE('',#3351,#3350,#3708,.T.);
#2667=EDGE_CURVE('',#3352,#3351,#3709,.F.);
#2668=EDGE_CURVE('',#3352,#3078,#200,.T.);
#2669=EDGE_CURVE('',#3353,#3077,#201,.T.);
#2670=EDGE_CURVE('',#3354,#3353,#3710,.F.);
#2671=EDGE_CURVE('',#3355,#3354,#3711,.T.);
#2672=EDGE_CURVE('',#3356,#3355,#3712,.F.);
#2673=EDGE_CURVE('',#3356,#3074,#202,.T.);
#2674=EDGE_CURVE('',#3357,#3073,#203,.T.);
#2675=EDGE_CURVE('',#3358,#3357,#3713,.F.);
#2676=EDGE_CURVE('',#3359,#3358,#3714,.T.);
#2677=EDGE_CURVE('',#3360,#3359,#3715,.F.);
#2678=EDGE_CURVE('',#3360,#3068,#204,.T.);
#2679=EDGE_CURVE('',#3361,#3070,#205,.T.);
#2680=EDGE_CURVE('',#3362,#3361,#3716,.F.);
#2681=EDGE_CURVE('',#3363,#3362,#3717,.T.);
#2682=EDGE_CURVE('',#3364,#3363,#3718,.F.);
#2683=EDGE_CURVE('',#3364,#3294,#206,.T.);
#2684=EDGE_CURVE('',#3365,#3293,#207,.T.);
#2685=EDGE_CURVE('',#3366,#3365,#3719,.F.);
#2686=EDGE_CURVE('',#3367,#3366,#3720,.T.);
#2687=EDGE_CURVE('',#3368,#3367,#3721,.F.);
#2688=EDGE_CURVE('',#3368,#3126,#208,.T.);
#2689=EDGE_CURVE('',#3369,#3125,#209,.T.);
#2690=EDGE_CURVE('',#3370,#3369,#3722,.F.);
#2691=EDGE_CURVE('',#3371,#3370,#3723,.T.);
#2692=EDGE_CURVE('',#3372,#3371,#3724,.F.);
#2693=EDGE_CURVE('',#3372,#3122,#210,.T.);
#2694=EDGE_CURVE('',#3373,#3121,#211,.T.);
#2695=EDGE_CURVE('',#3374,#3373,#3725,.F.);
#2696=EDGE_CURVE('',#3375,#3374,#3726,.T.);
#2697=EDGE_CURVE('',#3376,#3375,#3727,.F.);
#2698=EDGE_CURVE('',#3376,#3118,#212,.T.);
#2699=EDGE_CURVE('',#3377,#3117,#213,.T.);
#2700=EDGE_CURVE('',#3378,#3377,#3728,.F.);
#2701=EDGE_CURVE('',#3379,#3378,#3729,.T.);
#2702=EDGE_CURVE('',#3380,#3379,#3730,.F.);
#2703=EDGE_CURVE('',#3380,#3106,#214,.T.);
#2704=EDGE_CURVE('',#3381,#3105,#215,.T.);
#2705=EDGE_CURVE('',#3382,#3381,#3731,.F.);
#2706=EDGE_CURVE('',#3383,#3382,#3732,.T.);
#2707=EDGE_CURVE('',#3384,#3383,#3733,.F.);
#2708=EDGE_CURVE('',#3384,#3100,#216,.T.);
#2709=EDGE_CURVE('',#3385,#3102,#217,.T.);
#2710=EDGE_CURVE('',#3386,#3385,#3734,.F.);
#2711=EDGE_CURVE('',#3387,#3386,#3735,.T.);
#2712=EDGE_CURVE('',#3388,#3387,#3736,.F.);
#2713=EDGE_CURVE('',#3388,#3108,#218,.T.);
#2714=EDGE_CURVE('',#3389,#3110,#219,.T.);
#2715=EDGE_CURVE('',#3390,#3389,#3737,.F.);
#2716=EDGE_CURVE('',#3391,#3390,#3738,.T.);
#2717=EDGE_CURVE('',#3392,#3391,#3739,.F.);
#2718=EDGE_CURVE('',#3392,#3114,#220,.T.);
#2719=EDGE_CURVE('',#3393,#3113,#221,.T.);
#2720=EDGE_CURVE('',#3394,#3393,#3740,.F.);
#2721=EDGE_CURVE('',#3395,#3394,#3741,.T.);
#2722=EDGE_CURVE('',#3396,#3395,#3742,.F.);
#2723=EDGE_CURVE('',#3396,#3034,#222,.T.);
#2724=EDGE_CURVE('',#3397,#3033,#223,.T.);
#2725=EDGE_CURVE('',#3398,#3397,#3743,.F.);
#2726=EDGE_CURVE('',#3399,#3398,#3744,.T.);
#2727=EDGE_CURVE('',#3400,#3399,#3745,.F.);
#2728=EDGE_CURVE('',#3400,#3030,#224,.T.);
#2729=EDGE_CURVE('',#3401,#3029,#225,.T.);
#2730=EDGE_CURVE('',#3402,#3401,#3746,.F.);
#2731=EDGE_CURVE('',#3403,#3402,#3747,.T.);
#2732=EDGE_CURVE('',#3404,#3403,#3748,.F.);
#2733=EDGE_CURVE('',#3404,#3026,#226,.T.);
#2734=EDGE_CURVE('',#3405,#3025,#227,.T.);
#2735=EDGE_CURVE('',#3406,#3405,#3749,.F.);
#2736=EDGE_CURVE('',#3407,#3406,#3750,.T.);
#2737=EDGE_CURVE('',#3408,#3407,#3751,.F.);
#2738=EDGE_CURVE('',#3408,#3022,#228,.T.);
#2739=EDGE_CURVE('',#3409,#3021,#229,.T.);
#2740=EDGE_CURVE('',#3410,#3409,#3752,.F.);
#2741=EDGE_CURVE('',#3411,#3410,#3753,.T.);
#2742=EDGE_CURVE('',#3412,#3411,#3754,.F.);
#2743=EDGE_CURVE('',#3412,#3018,#230,.T.);
#2744=EDGE_CURVE('',#3413,#3017,#231,.T.);
#2745=EDGE_CURVE('',#3414,#3413,#3755,.F.);
#2746=EDGE_CURVE('',#3415,#3414,#3756,.T.);
#2747=EDGE_CURVE('',#3416,#3415,#3757,.F.);
#2748=EDGE_CURVE('',#3416,#3014,#232,.T.);
#2749=EDGE_CURVE('',#3417,#3013,#233,.T.);
#2750=EDGE_CURVE('',#3418,#3417,#3758,.F.);
#2751=EDGE_CURVE('',#3419,#3418,#3759,.T.);
#2752=EDGE_CURVE('',#3420,#3419,#3760,.F.);
#2753=EDGE_CURVE('',#3420,#3004,#234,.T.);
#2754=EDGE_CURVE('',#3421,#3006,#235,.T.);
#2755=EDGE_CURVE('',#3422,#3421,#3761,.F.);
#2756=EDGE_CURVE('',#3423,#3422,#3762,.T.);
#2757=EDGE_CURVE('',#3424,#3423,#3763,.F.);
#2758=EDGE_CURVE('',#3424,#3010,#236,.T.);
#2759=EDGE_CURVE('',#3425,#3009,#237,.T.);
#2760=EDGE_CURVE('',#3426,#3425,#3764,.F.);
#2761=EDGE_CURVE('',#3427,#3426,#3765,.T.);
#2762=EDGE_CURVE('',#3428,#3427,#3766,.F.);
#2763=EDGE_CURVE('',#3428,#3002,#238,.T.);
#2764=EDGE_CURVE('',#3429,#3001,#239,.T.);
#2765=EDGE_CURVE('',#3430,#3429,#3767,.F.);
#2766=EDGE_CURVE('',#3431,#3430,#3768,.T.);
#2767=EDGE_CURVE('',#3432,#3431,#3769,.F.);
#2768=EDGE_CURVE('',#3432,#2998,#240,.T.);
#2769=EDGE_CURVE('',#3433,#2997,#241,.T.);
#2770=EDGE_CURVE('',#3434,#3433,#3770,.F.);
#2771=EDGE_CURVE('',#3435,#3434,#3771,.T.);
#2772=EDGE_CURVE('',#3436,#3435,#3772,.F.);
#2773=EDGE_CURVE('',#3436,#2994,#242,.T.);
#2774=EDGE_CURVE('',#3437,#2993,#243,.T.);
#2775=EDGE_CURVE('',#3438,#3437,#3773,.F.);
#2776=EDGE_CURVE('',#3439,#3438,#3774,.T.);
#2777=EDGE_CURVE('',#3440,#3439,#3775,.F.);
#2778=EDGE_CURVE('',#3440,#2990,#244,.T.);
#2779=EDGE_CURVE('',#3441,#2989,#245,.T.);
#2780=EDGE_CURVE('',#3442,#3441,#3776,.F.);
#2781=EDGE_CURVE('',#3443,#3442,#3777,.T.);
#2782=EDGE_CURVE('',#3444,#3443,#3778,.F.);
#2783=EDGE_CURVE('',#3444,#2986,#246,.T.);
#2784=EDGE_CURVE('',#3445,#2985,#247,.T.);
#2785=EDGE_CURVE('',#3446,#3445,#3779,.F.);
#2786=EDGE_CURVE('',#3447,#3446,#3780,.T.);
#2787=EDGE_CURVE('',#3448,#3447,#3781,.F.);
#2788=EDGE_CURVE('',#3448,#2982,#248,.T.);
#2789=EDGE_CURVE('',#3449,#2981,#249,.T.);
#2790=EDGE_CURVE('',#3450,#3449,#3782,.F.);
#2791=EDGE_CURVE('',#3451,#3450,#3783,.T.);
#2792=EDGE_CURVE('',#3452,#3451,#3784,.F.);
#2793=EDGE_CURVE('',#3452,#2978,#250,.T.);
#2794=EDGE_CURVE('',#3453,#2977,#251,.T.);
#2795=EDGE_CURVE('',#3454,#3453,#3785,.F.);
#2796=EDGE_CURVE('',#3296,#3454,#3786,.T.);
#2797=EDGE_CURVE('',#3223,#3364,#341,.T.);
#2798=EDGE_CURVE('',#3361,#3226,#342,.F.);
#2799=EDGE_CURVE('',#3225,#3362,#343,.T.);
#2800=EDGE_CURVE('',#3363,#3224,#344,.F.);
#2801=EDGE_CURVE('',#3217,#3368,#345,.T.);
#2802=EDGE_CURVE('',#3365,#3220,#346,.F.);
#2803=EDGE_CURVE('',#3219,#3366,#347,.T.);
#2804=EDGE_CURVE('',#3367,#3218,#348,.F.);
#2805=EDGE_CURVE('',#3213,#3372,#349,.T.);
#2806=EDGE_CURVE('',#3369,#3216,#350,.F.);
#2807=EDGE_CURVE('',#3215,#3370,#351,.T.);
#2808=EDGE_CURVE('',#3371,#3214,#352,.F.);
#2809=EDGE_CURVE('',#3209,#3376,#353,.T.);
#2810=EDGE_CURVE('',#3373,#3212,#354,.F.);
#2811=EDGE_CURVE('',#3211,#3374,#355,.T.);
#2812=EDGE_CURVE('',#3375,#3210,#356,.F.);
#2813=EDGE_CURVE('',#3193,#3392,#357,.T.);
#2814=EDGE_CURVE('',#3389,#3196,#358,.F.);
#2815=EDGE_CURVE('',#3195,#3390,#359,.T.);
#2816=EDGE_CURVE('',#3391,#3194,#360,.F.);
#2817=EDGE_CURVE('',#3197,#3388,#361,.T.);
#2818=EDGE_CURVE('',#3385,#3200,#362,.F.);
#2819=EDGE_CURVE('',#3199,#3386,#363,.T.);
#2820=EDGE_CURVE('',#3387,#3198,#364,.F.);
#2821=EDGE_CURVE('',#3205,#3380,#365,.T.);
#2822=EDGE_CURVE('',#3377,#3208,#366,.F.);
#2823=EDGE_CURVE('',#3207,#3378,#367,.T.);
#2824=EDGE_CURVE('',#3379,#3206,#368,.F.);
#2825=EDGE_CURVE('',#3201,#3384,#369,.T.);
#2826=EDGE_CURVE('',#3381,#3204,#370,.F.);
#2827=EDGE_CURVE('',#3203,#3382,#371,.T.);
#2828=EDGE_CURVE('',#3383,#3202,#372,.F.);
#2829=EDGE_CURVE('',#3255,#3332,#373,.T.);
#2830=EDGE_CURVE('',#3329,#3258,#374,.F.);
#2831=EDGE_CURVE('',#3257,#3330,#375,.T.);
#2832=EDGE_CURVE('',#3331,#3256,#376,.F.);
#2833=EDGE_CURVE('',#3251,#3336,#377,.T.);
#2834=EDGE_CURVE('',#3333,#3254,#378,.F.);
#2835=EDGE_CURVE('',#3253,#3334,#379,.T.);
#2836=EDGE_CURVE('',#3335,#3252,#380,.F.);
#2837=EDGE_CURVE('',#3243,#3344,#381,.T.);
#2838=EDGE_CURVE('',#3341,#3246,#382,.F.);
#2839=EDGE_CURVE('',#3245,#3342,#383,.T.);
#2840=EDGE_CURVE('',#3343,#3244,#384,.F.);
#2841=EDGE_CURVE('',#3247,#3340,#385,.T.);
#2842=EDGE_CURVE('',#3337,#3250,#386,.F.);
#2843=EDGE_CURVE('',#3249,#3338,#387,.T.);
#2844=EDGE_CURVE('',#3339,#3248,#388,.F.);
#2845=EDGE_CURVE('',#3239,#3348,#389,.T.);
#2846=EDGE_CURVE('',#3345,#3242,#390,.F.);
#2847=EDGE_CURVE('',#3241,#3346,#391,.T.);
#2848=EDGE_CURVE('',#3347,#3240,#392,.F.);
#2849=EDGE_CURVE('',#3235,#3352,#393,.T.);
#2850=EDGE_CURVE('',#3349,#3238,#394,.F.);
#2851=EDGE_CURVE('',#3237,#3350,#395,.T.);
#2852=EDGE_CURVE('',#3351,#3236,#396,.F.);
#2853=EDGE_CURVE('',#3231,#3356,#397,.T.);
#2854=EDGE_CURVE('',#3353,#3234,#398,.F.);
#2855=EDGE_CURVE('',#3233,#3354,#399,.T.);
#2856=EDGE_CURVE('',#3355,#3232,#400,.F.);
#2857=EDGE_CURVE('',#3227,#3360,#401,.T.);
#2858=EDGE_CURVE('',#3357,#3230,#402,.F.);
#2859=EDGE_CURVE('',#3229,#3358,#403,.T.);
#2860=EDGE_CURVE('',#3359,#3228,#404,.F.);
#2861=EDGE_CURVE('',#3259,#3328,#405,.T.);
#2862=EDGE_CURVE('',#3325,#3262,#406,.F.);
#2863=EDGE_CURVE('',#3261,#3326,#407,.T.);
#2864=EDGE_CURVE('',#3327,#3260,#408,.F.);
#2865=EDGE_CURVE('',#3263,#3324,#409,.T.);
#2866=EDGE_CURVE('',#3321,#3266,#410,.F.);
#2867=EDGE_CURVE('',#3265,#3322,#411,.T.);
#2868=EDGE_CURVE('',#3323,#3264,#412,.F.);
#2869=EDGE_CURVE('',#3267,#3320,#413,.T.);
#2870=EDGE_CURVE('',#3317,#3270,#414,.F.);
#2871=EDGE_CURVE('',#3269,#3318,#415,.T.);
#2872=EDGE_CURVE('',#3319,#3268,#416,.F.);
#2873=EDGE_CURVE('',#3271,#3316,#417,.T.);
#2874=EDGE_CURVE('',#3313,#3274,#418,.F.);
#2875=EDGE_CURVE('',#3273,#3314,#419,.T.);
#2876=EDGE_CURVE('',#3315,#3272,#420,.F.);
#2877=EDGE_CURVE('',#3283,#3304,#421,.T.);
#2878=EDGE_CURVE('',#3301,#3286,#422,.F.);
#2879=EDGE_CURVE('',#3285,#3302,#423,.T.);
#2880=EDGE_CURVE('',#3303,#3284,#424,.F.);
#2881=EDGE_CURVE('',#3287,#3300,#425,.T.);
#2882=EDGE_CURVE('',#3297,#3290,#426,.F.);
#2883=EDGE_CURVE('',#3289,#3298,#427,.T.);
#2884=EDGE_CURVE('',#3299,#3288,#428,.F.);
#2885=EDGE_CURVE('',#3279,#3308,#429,.T.);
#2886=EDGE_CURVE('',#3305,#3282,#430,.F.);
#2887=EDGE_CURVE('',#3281,#3306,#431,.T.);
#2888=EDGE_CURVE('',#3307,#3280,#432,.F.);
#2889=EDGE_CURVE('',#3275,#3312,#433,.T.);
#2890=EDGE_CURVE('',#3309,#3278,#434,.F.);
#2891=EDGE_CURVE('',#3277,#3310,#435,.T.);
#2892=EDGE_CURVE('',#3311,#3276,#436,.F.);
#2893=EDGE_CURVE('',#3189,#3396,#437,.T.);
#2894=EDGE_CURVE('',#3393,#3192,#438,.F.);
#2895=EDGE_CURVE('',#3191,#3394,#439,.T.);
#2896=EDGE_CURVE('',#3395,#3190,#440,.F.);
#2897=EDGE_CURVE('',#3185,#3400,#441,.T.);
#2898=EDGE_CURVE('',#3397,#3188,#442,.F.);
#2899=EDGE_CURVE('',#3187,#3398,#443,.T.);
#2900=EDGE_CURVE('',#3399,#3186,#444,.F.);
#2901=EDGE_CURVE('',#3181,#3404,#445,.T.);
#2902=EDGE_CURVE('',#3401,#3184,#446,.F.);
#2903=EDGE_CURVE('',#3183,#3402,#447,.T.);
#2904=EDGE_CURVE('',#3403,#3182,#448,.F.);
#2905=EDGE_CURVE('',#3177,#3408,#449,.T.);
#2906=EDGE_CURVE('',#3405,#3180,#450,.F.);
#2907=EDGE_CURVE('',#3179,#3406,#451,.T.);
#2908=EDGE_CURVE('',#3407,#3178,#452,.F.);
#2909=EDGE_CURVE('',#3173,#3412,#453,.T.);
#2910=EDGE_CURVE('',#3409,#3176,#454,.F.);
#2911=EDGE_CURVE('',#3175,#3410,#455,.T.);
#2912=EDGE_CURVE('',#3411,#3174,#456,.F.);
#2913=EDGE_CURVE('',#3169,#3416,#457,.T.);
#2914=EDGE_CURVE('',#3413,#3172,#458,.F.);
#2915=EDGE_CURVE('',#3171,#3414,#459,.T.);
#2916=EDGE_CURVE('',#3415,#3170,#460,.F.);
#2917=EDGE_CURVE('',#3161,#3424,#461,.T.);
#2918=EDGE_CURVE('',#3421,#3164,#462,.F.);
#2919=EDGE_CURVE('',#3163,#3422,#463,.T.);
#2920=EDGE_CURVE('',#3423,#3162,#464,.F.);
#2921=EDGE_CURVE('',#3165,#3420,#465,.T.);
#2922=EDGE_CURVE('',#3417,#3168,#466,.F.);
#2923=EDGE_CURVE('',#3167,#3418,#467,.T.);
#2924=EDGE_CURVE('',#3419,#3166,#468,.F.);
#2925=EDGE_CURVE('',#3157,#3428,#469,.T.);
#2926=EDGE_CURVE('',#3425,#3160,#470,.F.);
#2927=EDGE_CURVE('',#3159,#3426,#471,.T.);
#2928=EDGE_CURVE('',#3427,#3158,#472,.F.);
#2929=EDGE_CURVE('',#3153,#3432,#473,.T.);
#2930=EDGE_CURVE('',#3429,#3156,#474,.F.);
#2931=EDGE_CURVE('',#3155,#3430,#475,.T.);
#2932=EDGE_CURVE('',#3431,#3154,#476,.F.);
#2933=EDGE_CURVE('',#3149,#3436,#477,.T.);
#2934=EDGE_CURVE('',#3433,#3152,#478,.F.);
#2935=EDGE_CURVE('',#3151,#3434,#479,.T.);
#2936=EDGE_CURVE('',#3435,#3150,#480,.F.);
#2937=EDGE_CURVE('',#3145,#3440,#481,.T.);
#2938=EDGE_CURVE('',#3437,#3148,#482,.F.);
#2939=EDGE_CURVE('',#3147,#3438,#483,.T.);
#2940=EDGE_CURVE('',#3439,#3146,#484,.F.);
#2941=EDGE_CURVE('',#3141,#3444,#485,.T.);
#2942=EDGE_CURVE('',#3441,#3144,#486,.F.);
#2943=EDGE_CURVE('',#3143,#3442,#487,.T.);
#2944=EDGE_CURVE('',#3443,#3142,#488,.F.);
#2945=EDGE_CURVE('',#3137,#3448,#489,.T.);
#2946=EDGE_CURVE('',#3445,#3140,#490,.F.);
#2947=EDGE_CURVE('',#3139,#3446,#491,.T.);
#2948=EDGE_CURVE('',#3447,#3138,#492,.F.);
#2949=EDGE_CURVE('',#3133,#3452,#493,.T.);
#2950=EDGE_CURVE('',#3449,#3136,#494,.F.);
#2951=EDGE_CURVE('',#3135,#3450,#495,.T.);
#2952=EDGE_CURVE('',#3451,#3134,#496,.F.);
#2953=EDGE_CURVE('',#3291,#3295,#497,.T.);
#2954=EDGE_CURVE('',#3453,#3131,#498,.F.);
#2955=EDGE_CURVE('',#3132,#3454,#499,.T.);
#2956=EDGE_CURVE('',#3296,#3292,#500,.F.);
#2957=EDGE_CURVE('',#3455,#3128,#501,.T.);
#2958=EDGE_CURVE('',#3456,#3455,#3787,.T.);
#2959=EDGE_CURVE('',#3456,#3127,#502,.T.);
#2960=EDGE_CURVE('',#3457,#3130,#503,.T.);
#2961=EDGE_CURVE('',#3455,#3457,#504,.T.);
#2962=EDGE_CURVE('',#3458,#3129,#505,.T.);
#2963=EDGE_CURVE('',#3457,#3458,#3788,.T.);
#2964=EDGE_CURVE('',#3458,#3456,#506,.T.);
#2965=EDGE_CURVE('',#3459,#3459,#3789,.T.);
#2966=EDGE_CURVE('',#3460,#3460,#3790,.T.);
#2967=EDGE_CURVE('',#3461,#3461,#3791,.T.);
#2968=EDGE_CURVE('',#3462,#3462,#3792,.T.);
#2969=VERTEX_POINT('',#6502);
#2970=VERTEX_POINT('',#6504);
#2971=VERTEX_POINT('',#6507);
#2972=VERTEX_POINT('',#6508);
#2973=VERTEX_POINT('',#6510);
#2974=VERTEX_POINT('',#6512);
#2975=VERTEX_POINT('',#6516);
#2976=VERTEX_POINT('',#6517);
#2977=VERTEX_POINT('',#6519);
#2978=VERTEX_POINT('',#6521);
#2979=VERTEX_POINT('',#6525);
#2980=VERTEX_POINT('',#6526);
#2981=VERTEX_POINT('',#6528);
#2982=VERTEX_POINT('',#6530);
#2983=VERTEX_POINT('',#6534);
#2984=VERTEX_POINT('',#6535);
#2985=VERTEX_POINT('',#6537);
#2986=VERTEX_POINT('',#6539);
#2987=VERTEX_POINT('',#6543);
#2988=VERTEX_POINT('',#6544);
#2989=VERTEX_POINT('',#6546);
#2990=VERTEX_POINT('',#6548);
#2991=VERTEX_POINT('',#6552);
#2992=VERTEX_POINT('',#6553);
#2993=VERTEX_POINT('',#6555);
#2994=VERTEX_POINT('',#6557);
#2995=VERTEX_POINT('',#6561);
#2996=VERTEX_POINT('',#6562);
#2997=VERTEX_POINT('',#6564);
#2998=VERTEX_POINT('',#6566);
#2999=VERTEX_POINT('',#6570);
#3000=VERTEX_POINT('',#6571);
#3001=VERTEX_POINT('',#6573);
#3002=VERTEX_POINT('',#6575);
#3003=VERTEX_POINT('',#6579);
#3004=VERTEX_POINT('',#6580);
#3005=VERTEX_POINT('',#6582);
#3006=VERTEX_POINT('',#6584);
#3007=VERTEX_POINT('',#6588);
#3008=VERTEX_POINT('',#6589);
#3009=VERTEX_POINT('',#6591);
#3010=VERTEX_POINT('',#6593);
#3011=VERTEX_POINT('',#6597);
#3012=VERTEX_POINT('',#6598);
#3013=VERTEX_POINT('',#6600);
#3014=VERTEX_POINT('',#6602);
#3015=VERTEX_POINT('',#6606);
#3016=VERTEX_POINT('',#6607);
#3017=VERTEX_POINT('',#6609);
#3018=VERTEX_POINT('',#6611);
#3019=VERTEX_POINT('',#6615);
#3020=VERTEX_POINT('',#6616);
#3021=VERTEX_POINT('',#6618);
#3022=VERTEX_POINT('',#6620);
#3023=VERTEX_POINT('',#6624);
#3024=VERTEX_POINT('',#6625);
#3025=VERTEX_POINT('',#6627);
#3026=VERTEX_POINT('',#6629);
#3027=VERTEX_POINT('',#6633);
#3028=VERTEX_POINT('',#6634);
#3029=VERTEX_POINT('',#6636);
#3030=VERTEX_POINT('',#6638);
#3031=VERTEX_POINT('',#6642);
#3032=VERTEX_POINT('',#6643);
#3033=VERTEX_POINT('',#6645);
#3034=VERTEX_POINT('',#6647);
#3035=VERTEX_POINT('',#6651);
#3036=VERTEX_POINT('',#6652);
#3037=VERTEX_POINT('',#6654);
#3038=VERTEX_POINT('',#6656);
#3039=VERTEX_POINT('',#6660);
#3040=VERTEX_POINT('',#6661);
#3041=VERTEX_POINT('',#6663);
#3042=VERTEX_POINT('',#6665);
#3043=VERTEX_POINT('',#6669);
#3044=VERTEX_POINT('',#6670);
#3045=VERTEX_POINT('',#6672);
#3046=VERTEX_POINT('',#6674);
#3047=VERTEX_POINT('',#6678);
#3048=VERTEX_POINT('',#6679);
#3049=VERTEX_POINT('',#6681);
#3050=VERTEX_POINT('',#6683);
#3051=VERTEX_POINT('',#6687);
#3052=VERTEX_POINT('',#6688);
#3053=VERTEX_POINT('',#6690);
#3054=VERTEX_POINT('',#6692);
#3055=VERTEX_POINT('',#6696);
#3056=VERTEX_POINT('',#6697);
#3057=VERTEX_POINT('',#6699);
#3058=VERTEX_POINT('',#6701);
#3059=VERTEX_POINT('',#6705);
#3060=VERTEX_POINT('',#6706);
#3061=VERTEX_POINT('',#6708);
#3062=VERTEX_POINT('',#6710);
#3063=VERTEX_POINT('',#6714);
#3064=VERTEX_POINT('',#6715);
#3065=VERTEX_POINT('',#6717);
#3066=VERTEX_POINT('',#6719);
#3067=VERTEX_POINT('',#6723);
#3068=VERTEX_POINT('',#6724);
#3069=VERTEX_POINT('',#6726);
#3070=VERTEX_POINT('',#6728);
#3071=VERTEX_POINT('',#6732);
#3072=VERTEX_POINT('',#6733);
#3073=VERTEX_POINT('',#6735);
#3074=VERTEX_POINT('',#6737);
#3075=VERTEX_POINT('',#6741);
#3076=VERTEX_POINT('',#6742);
#3077=VERTEX_POINT('',#6744);
#3078=VERTEX_POINT('',#6746);
#3079=VERTEX_POINT('',#6750);
#3080=VERTEX_POINT('',#6751);
#3081=VERTEX_POINT('',#6753);
#3082=VERTEX_POINT('',#6755);
#3083=VERTEX_POINT('',#6759);
#3084=VERTEX_POINT('',#6760);
#3085=VERTEX_POINT('',#6762);
#3086=VERTEX_POINT('',#6764);
#3087=VERTEX_POINT('',#6768);
#3088=VERTEX_POINT('',#6769);
#3089=VERTEX_POINT('',#6771);
#3090=VERTEX_POINT('',#6773);
#3091=VERTEX_POINT('',#6777);
#3092=VERTEX_POINT('',#6778);
#3093=VERTEX_POINT('',#6780);
#3094=VERTEX_POINT('',#6782);
#3095=VERTEX_POINT('',#6786);
#3096=VERTEX_POINT('',#6787);
#3097=VERTEX_POINT('',#6789);
#3098=VERTEX_POINT('',#6791);
#3099=VERTEX_POINT('',#6795);
#3100=VERTEX_POINT('',#6796);
#3101=VERTEX_POINT('',#6798);
#3102=VERTEX_POINT('',#6800);
#3103=VERTEX_POINT('',#6804);
#3104=VERTEX_POINT('',#6805);
#3105=VERTEX_POINT('',#6807);
#3106=VERTEX_POINT('',#6809);
#3107=VERTEX_POINT('',#6813);
#3108=VERTEX_POINT('',#6814);
#3109=VERTEX_POINT('',#6816);
#3110=VERTEX_POINT('',#6818);
#3111=VERTEX_POINT('',#6822);
#3112=VERTEX_POINT('',#6823);
#3113=VERTEX_POINT('',#6825);
#3114=VERTEX_POINT('',#6827);
#3115=VERTEX_POINT('',#6831);
#3116=VERTEX_POINT('',#6832);
#3117=VERTEX_POINT('',#6834);
#3118=VERTEX_POINT('',#6836);
#3119=VERTEX_POINT('',#6840);
#3120=VERTEX_POINT('',#6841);
#3121=VERTEX_POINT('',#6843);
#3122=VERTEX_POINT('',#6845);
#3123=VERTEX_POINT('',#6849);
#3124=VERTEX_POINT('',#6850);
#3125=VERTEX_POINT('',#6852);
#3126=VERTEX_POINT('',#6854);
#3127=VERTEX_POINT('',#6858);
#3128=VERTEX_POINT('',#6859);
#3129=VERTEX_POINT('',#6861);
#3130=VERTEX_POINT('',#6863);
#3131=VERTEX_POINT('',#6866);
#3132=VERTEX_POINT('',#6867);
#3133=VERTEX_POINT('',#6924);
#3134=VERTEX_POINT('',#6926);
#3135=VERTEX_POINT('',#6928);
#3136=VERTEX_POINT('',#6930);
#3137=VERTEX_POINT('',#6987);
#3138=VERTEX_POINT('',#6989);
#3139=VERTEX_POINT('',#6991);
#3140=VERTEX_POINT('',#6993);
#3141=VERTEX_POINT('',#7050);
#3142=VERTEX_POINT('',#7052);
#3143=VERTEX_POINT('',#7054);
#3144=VERTEX_POINT('',#7056);
#3145=VERTEX_POINT('',#7113);
#3146=VERTEX_POINT('',#7115);
#3147=VERTEX_POINT('',#7117);
#3148=VERTEX_POINT('',#7119);
#3149=VERTEX_POINT('',#7176);
#3150=VERTEX_POINT('',#7178);
#3151=VERTEX_POINT('',#7180);
#3152=VERTEX_POINT('',#7182);
#3153=VERTEX_POINT('',#7239);
#3154=VERTEX_POINT('',#7241);
#3155=VERTEX_POINT('',#7243);
#3156=VERTEX_POINT('',#7245);
#3157=VERTEX_POINT('',#7302);
#3158=VERTEX_POINT('',#7304);
#3159=VERTEX_POINT('',#7306);
#3160=VERTEX_POINT('',#7308);
#3161=VERTEX_POINT('',#7365);
#3162=VERTEX_POINT('',#7367);
#3163=VERTEX_POINT('',#7369);
#3164=VERTEX_POINT('',#7371);
#3165=VERTEX_POINT('',#7428);
#3166=VERTEX_POINT('',#7430);
#3167=VERTEX_POINT('',#7432);
#3168=VERTEX_POINT('',#7434);
#3169=VERTEX_POINT('',#7491);
#3170=VERTEX_POINT('',#7493);
#3171=VERTEX_POINT('',#7495);
#3172=VERTEX_POINT('',#7497);
#3173=VERTEX_POINT('',#7554);
#3174=VERTEX_POINT('',#7556);
#3175=VERTEX_POINT('',#7558);
#3176=VERTEX_POINT('',#7560);
#3177=VERTEX_POINT('',#7617);
#3178=VERTEX_POINT('',#7619);
#3179=VERTEX_POINT('',#7621);
#3180=VERTEX_POINT('',#7623);
#3181=VERTEX_POINT('',#7680);
#3182=VERTEX_POINT('',#7682);
#3183=VERTEX_POINT('',#7684);
#3184=VERTEX_POINT('',#7686);
#3185=VERTEX_POINT('',#7743);
#3186=VERTEX_POINT('',#7745);
#3187=VERTEX_POINT('',#7747);
#3188=VERTEX_POINT('',#7749);
#3189=VERTEX_POINT('',#7806);
#3190=VERTEX_POINT('',#7808);
#3191=VERTEX_POINT('',#7810);
#3192=VERTEX_POINT('',#7812);
#3193=VERTEX_POINT('',#7869);
#3194=VERTEX_POINT('',#7871);
#3195=VERTEX_POINT('',#7873);
#3196=VERTEX_POINT('',#7875);
#3197=VERTEX_POINT('',#7932);
#3198=VERTEX_POINT('',#7934);
#3199=VERTEX_POINT('',#7936);
#3200=VERTEX_POINT('',#7938);
#3201=VERTEX_POINT('',#7995);
#3202=VERTEX_POINT('',#7997);
#3203=VERTEX_POINT('',#7999);
#3204=VERTEX_POINT('',#8001);
#3205=VERTEX_POINT('',#8058);
#3206=VERTEX_POINT('',#8060);
#3207=VERTEX_POINT('',#8062);
#3208=VERTEX_POINT('',#8064);
#3209=VERTEX_POINT('',#8121);
#3210=VERTEX_POINT('',#8123);
#3211=VERTEX_POINT('',#8125);
#3212=VERTEX_POINT('',#8127);
#3213=VERTEX_POINT('',#8184);
#3214=VERTEX_POINT('',#8186);
#3215=VERTEX_POINT('',#8188);
#3216=VERTEX_POINT('',#8190);
#3217=VERTEX_POINT('',#8247);
#3218=VERTEX_POINT('',#8249);
#3219=VERTEX_POINT('',#8251);
#3220=VERTEX_POINT('',#8253);
#3221=VERTEX_POINT('',#8282);
#3222=VERTEX_POINT('',#8284);
#3223=VERTEX_POINT('',#8313);
#3224=VERTEX_POINT('',#8315);
#3225=VERTEX_POINT('',#8317);
#3226=VERTEX_POINT('',#8319);
#3227=VERTEX_POINT('',#8376);
#3228=VERTEX_POINT('',#8378);
#3229=VERTEX_POINT('',#8380);
#3230=VERTEX_POINT('',#8382);
#3231=VERTEX_POINT('',#8439);
#3232=VERTEX_POINT('',#8441);
#3233=VERTEX_POINT('',#8443);
#3234=VERTEX_POINT('',#8445);
#3235=VERTEX_POINT('',#8502);
#3236=VERTEX_POINT('',#8504);
#3237=VERTEX_POINT('',#8506);
#3238=VERTEX_POINT('',#8508);
#3239=VERTEX_POINT('',#8565);
#3240=VERTEX_POINT('',#8567);
#3241=VERTEX_POINT('',#8569);
#3242=VERTEX_POINT('',#8571);
#3243=VERTEX_POINT('',#8628);
#3244=VERTEX_POINT('',#8630);
#3245=VERTEX_POINT('',#8632);
#3246=VERTEX_POINT('',#8634);
#3247=VERTEX_POINT('',#8691);
#3248=VERTEX_POINT('',#8693);
#3249=VERTEX_POINT('',#8695);
#3250=VERTEX_POINT('',#8697);
#3251=VERTEX_POINT('',#8754);
#3252=VERTEX_POINT('',#8756);
#3253=VERTEX_POINT('',#8758);
#3254=VERTEX_POINT('',#8760);
#3255=VERTEX_POINT('',#8817);
#3256=VERTEX_POINT('',#8819);
#3257=VERTEX_POINT('',#8821);
#3258=VERTEX_POINT('',#8823);
#3259=VERTEX_POINT('',#8880);
#3260=VERTEX_POINT('',#8882);
#3261=VERTEX_POINT('',#8884);
#3262=VERTEX_POINT('',#8886);
#3263=VERTEX_POINT('',#8943);
#3264=VERTEX_POINT('',#8945);
#3265=VERTEX_POINT('',#8947);
#3266=VERTEX_POINT('',#8949);
#3267=VERTEX_POINT('',#9006);
#3268=VERTEX_POINT('',#9008);
#3269=VERTEX_POINT('',#9010);
#3270=VERTEX_POINT('',#9012);
#3271=VERTEX_POINT('',#9069);
#3272=VERTEX_POINT('',#9071);
#3273=VERTEX_POINT('',#9073);
#3274=VERTEX_POINT('',#9075);
#3275=VERTEX_POINT('',#9132);
#3276=VERTEX_POINT('',#9134);
#3277=VERTEX_POINT('',#9136);
#3278=VERTEX_POINT('',#9138);
#3279=VERTEX_POINT('',#9195);
#3280=VERTEX_POINT('',#9197);
#3281=VERTEX_POINT('',#9199);
#3282=VERTEX_POINT('',#9201);
#3283=VERTEX_POINT('',#9258);
#3284=VERTEX_POINT('',#9260);
#3285=VERTEX_POINT('',#9262);
#3286=VERTEX_POINT('',#9264);
#3287=VERTEX_POINT('',#9321);
#3288=VERTEX_POINT('',#9323);
#3289=VERTEX_POINT('',#9325);
#3290=VERTEX_POINT('',#9327);
#3291=VERTEX_POINT('',#9384);
#3292=VERTEX_POINT('',#9386);
#3293=VERTEX_POINT('',#9390);
#3294=VERTEX_POINT('',#9392);
#3295=VERTEX_POINT('',#9396);
#3296=VERTEX_POINT('',#9397);
#3297=VERTEX_POINT('',#9454);
#3298=VERTEX_POINT('',#9456);
#3299=VERTEX_POINT('',#9458);
#3300=VERTEX_POINT('',#9460);
#3301=VERTEX_POINT('',#9517);
#3302=VERTEX_POINT('',#9519);
#3303=VERTEX_POINT('',#9521);
#3304=VERTEX_POINT('',#9523);
#3305=VERTEX_POINT('',#9580);
#3306=VERTEX_POINT('',#9582);
#3307=VERTEX_POINT('',#9584);
#3308=VERTEX_POINT('',#9586);
#3309=VERTEX_POINT('',#9643);
#3310=VERTEX_POINT('',#9645);
#3311=VERTEX_POINT('',#9647);
#3312=VERTEX_POINT('',#9649);
#3313=VERTEX_POINT('',#9706);
#3314=VERTEX_POINT('',#9708);
#3315=VERTEX_POINT('',#9710);
#3316=VERTEX_POINT('',#9712);
#3317=VERTEX_POINT('',#9769);
#3318=VERTEX_POINT('',#9771);
#3319=VERTEX_POINT('',#9773);
#3320=VERTEX_POINT('',#9775);
#3321=VERTEX_POINT('',#9832);
#3322=VERTEX_POINT('',#9834);
#3323=VERTEX_POINT('',#9836);
#3324=VERTEX_POINT('',#9838);
#3325=VERTEX_POINT('',#9895);
#3326=VERTEX_POINT('',#9897);
#3327=VERTEX_POINT('',#9899);
#3328=VERTEX_POINT('',#9901);
#3329=VERTEX_POINT('',#9958);
#3330=VERTEX_POINT('',#9960);
#3331=VERTEX_POINT('',#9962);
#3332=VERTEX_POINT('',#9964);
#3333=VERTEX_POINT('',#10021);
#3334=VERTEX_POINT('',#10023);
#3335=VERTEX_POINT('',#10025);
#3336=VERTEX_POINT('',#10027);
#3337=VERTEX_POINT('',#10084);
#3338=VERTEX_POINT('',#10086);
#3339=VERTEX_POINT('',#10088);
#3340=VERTEX_POINT('',#10090);
#3341=VERTEX_POINT('',#10147);
#3342=VERTEX_POINT('',#10149);
#3343=VERTEX_POINT('',#10151);
#3344=VERTEX_POINT('',#10153);
#3345=VERTEX_POINT('',#10210);
#3346=VERTEX_POINT('',#10212);
#3347=VERTEX_POINT('',#10214);
#3348=VERTEX_POINT('',#10216);
#3349=VERTEX_POINT('',#10273);
#3350=VERTEX_POINT('',#10275);
#3351=VERTEX_POINT('',#10277);
#3352=VERTEX_POINT('',#10279);
#3353=VERTEX_POINT('',#10336);
#3354=VERTEX_POINT('',#10338);
#3355=VERTEX_POINT('',#10340);
#3356=VERTEX_POINT('',#10342);
#3357=VERTEX_POINT('',#10399);
#3358=VERTEX_POINT('',#10401);
#3359=VERTEX_POINT('',#10403);
#3360=VERTEX_POINT('',#10405);
#3361=VERTEX_POINT('',#10462);
#3362=VERTEX_POINT('',#10464);
#3363=VERTEX_POINT('',#10466);
#3364=VERTEX_POINT('',#10468);
#3365=VERTEX_POINT('',#10525);
#3366=VERTEX_POINT('',#10527);
#3367=VERTEX_POINT('',#10529);
#3368=VERTEX_POINT('',#10531);
#3369=VERTEX_POINT('',#10588);
#3370=VERTEX_POINT('',#10590);
#3371=VERTEX_POINT('',#10592);
#3372=VERTEX_POINT('',#10594);
#3373=VERTEX_POINT('',#10651);
#3374=VERTEX_POINT('',#10653);
#3375=VERTEX_POINT('',#10655);
#3376=VERTEX_POINT('',#10657);
#3377=VERTEX_POINT('',#10714);
#3378=VERTEX_POINT('',#10716);
#3379=VERTEX_POINT('',#10718);
#3380=VERTEX_POINT('',#10720);
#3381=VERTEX_POINT('',#10777);
#3382=VERTEX_POINT('',#10779);
#3383=VERTEX_POINT('',#10781);
#3384=VERTEX_POINT('',#10783);
#3385=VERTEX_POINT('',#10840);
#3386=VERTEX_POINT('',#10842);
#3387=VERTEX_POINT('',#10844);
#3388=VERTEX_POINT('',#10846);
#3389=VERTEX_POINT('',#10903);
#3390=VERTEX_POINT('',#10905);
#3391=VERTEX_POINT('',#10907);
#3392=VERTEX_POINT('',#10909);
#3393=VERTEX_POINT('',#10966);
#3394=VERTEX_POINT('',#10968);
#3395=VERTEX_POINT('',#10970);
#3396=VERTEX_POINT('',#10972);
#3397=VERTEX_POINT('',#11029);
#3398=VERTEX_POINT('',#11031);
#3399=VERTEX_POINT('',#11033);
#3400=VERTEX_POINT('',#11035);
#3401=VERTEX_POINT('',#11092);
#3402=VERTEX_POINT('',#11094);
#3403=VERTEX_POINT('',#11096);
#3404=VERTEX_POINT('',#11098);
#3405=VERTEX_POINT('',#11155);
#3406=VERTEX_POINT('',#11157);
#3407=VERTEX_POINT('',#11159);
#3408=VERTEX_POINT('',#11161);
#3409=VERTEX_POINT('',#11218);
#3410=VERTEX_POINT('',#11220);
#3411=VERTEX_POINT('',#11222);
#3412=VERTEX_POINT('',#11224);
#3413=VERTEX_POINT('',#11281);
#3414=VERTEX_POINT('',#11283);
#3415=VERTEX_POINT('',#11285);
#3416=VERTEX_POINT('',#11287);
#3417=VERTEX_POINT('',#11344);
#3418=VERTEX_POINT('',#11346);
#3419=VERTEX_POINT('',#11348);
#3420=VERTEX_POINT('',#11350);
#3421=VERTEX_POINT('',#11407);
#3422=VERTEX_POINT('',#11409);
#3423=VERTEX_POINT('',#11411);
#3424=VERTEX_POINT('',#11413);
#3425=VERTEX_POINT('',#11470);
#3426=VERTEX_POINT('',#11472);
#3427=VERTEX_POINT('',#11474);
#3428=VERTEX_POINT('',#11476);
#3429=VERTEX_POINT('',#11533);
#3430=VERTEX_POINT('',#11535);
#3431=VERTEX_POINT('',#11537);
#3432=VERTEX_POINT('',#11539);
#3433=VERTEX_POINT('',#11596);
#3434=VERTEX_POINT('',#11598);
#3435=VERTEX_POINT('',#11600);
#3436=VERTEX_POINT('',#11602);
#3437=VERTEX_POINT('',#11659);
#3438=VERTEX_POINT('',#11661);
#3439=VERTEX_POINT('',#11663);
#3440=VERTEX_POINT('',#11665);
#3441=VERTEX_POINT('',#11722);
#3442=VERTEX_POINT('',#11724);
#3443=VERTEX_POINT('',#11726);
#3444=VERTEX_POINT('',#11728);
#3445=VERTEX_POINT('',#11785);
#3446=VERTEX_POINT('',#11787);
#3447=VERTEX_POINT('',#11789);
#3448=VERTEX_POINT('',#11791);
#3449=VERTEX_POINT('',#11848);
#3450=VERTEX_POINT('',#11850);
#3451=VERTEX_POINT('',#11852);
#3452=VERTEX_POINT('',#11854);
#3453=VERTEX_POINT('',#11911);
#3454=VERTEX_POINT('',#11913);
#3455=VERTEX_POINT('',#12837);
#3456=VERTEX_POINT('',#12839);
#3457=VERTEX_POINT('',#12843);
#3458=VERTEX_POINT('',#12847);
#3459=VERTEX_POINT('',#12853);
#3460=VERTEX_POINT('',#12855);
#3461=VERTEX_POINT('',#12858);
#3462=VERTEX_POINT('',#12862);
#3463=CIRCLE('',#4744,0.00235);
#3464=CIRCLE('',#4745,0.00235);
#3465=CIRCLE('',#4747,0.021);
#3466=CIRCLE('',#4748,0.021);
#3467=CIRCLE('',#4750,0.021);
#3468=CIRCLE('',#4751,0.021);
#3469=CIRCLE('',#4753,0.021);
#3470=CIRCLE('',#4754,0.021);
#3471=CIRCLE('',#4756,0.021);
#3472=CIRCLE('',#4757,0.021);
#3473=CIRCLE('',#4759,0.021);
#3474=CIRCLE('',#4760,0.021);
#3475=CIRCLE('',#4762,0.021);
#3476=CIRCLE('',#4763,0.021);
#3477=CIRCLE('',#4765,0.021);
#3478=CIRCLE('',#4766,0.021);
#3479=CIRCLE('',#4768,0.021);
#3480=CIRCLE('',#4769,0.021);
#3481=CIRCLE('',#4771,0.021);
#3482=CIRCLE('',#4772,0.021);
#3483=CIRCLE('',#4774,0.021);
#3484=CIRCLE('',#4775,0.021);
#3485=CIRCLE('',#4777,0.021);
#3486=CIRCLE('',#4778,0.021);
#3487=CIRCLE('',#4780,0.021);
#3488=CIRCLE('',#4781,0.021);
#3489=CIRCLE('',#4783,0.021);
#3490=CIRCLE('',#4784,0.021);
#3491=CIRCLE('',#4786,0.021);
#3492=CIRCLE('',#4787,0.021);
#3493=CIRCLE('',#4789,0.021);
#3494=CIRCLE('',#4790,0.021);
#3495=CIRCLE('',#4792,0.021);
#3496=CIRCLE('',#4793,0.021);
#3497=CIRCLE('',#4795,0.021);
#3498=CIRCLE('',#4796,0.021);
#3499=CIRCLE('',#4798,0.021);
#3500=CIRCLE('',#4799,0.021);
#3501=CIRCLE('',#4801,0.021);
#3502=CIRCLE('',#4802,0.021);
#3503=CIRCLE('',#4804,0.021);
#3504=CIRCLE('',#4805,0.021);
#3505=CIRCLE('',#4807,0.021);
#3506=CIRCLE('',#4808,0.021);
#3507=CIRCLE('',#4810,0.021);
#3508=CIRCLE('',#4811,0.021);
#3509=CIRCLE('',#4813,0.021);
#3510=CIRCLE('',#4814,0.021);
#3511=CIRCLE('',#4816,0.021);
#3512=CIRCLE('',#4817,0.021);
#3513=CIRCLE('',#4819,0.021);
#3514=CIRCLE('',#4820,0.021);
#3515=CIRCLE('',#4822,0.021);
#3516=CIRCLE('',#4823,0.021);
#3517=CIRCLE('',#4825,0.021);
#3518=CIRCLE('',#4826,0.021);
#3519=CIRCLE('',#4828,0.021);
#3520=CIRCLE('',#4829,0.021);
#3521=CIRCLE('',#4831,0.021);
#3522=CIRCLE('',#4832,0.021);
#3523=CIRCLE('',#4834,0.021);
#3524=CIRCLE('',#4835,0.021);
#3525=CIRCLE('',#4837,0.021);
#3526=CIRCLE('',#4838,0.021);
#3527=CIRCLE('',#4840,0.021);
#3528=CIRCLE('',#4841,0.021);
#3529=CIRCLE('',#4843,0.021);
#3530=CIRCLE('',#4844,0.021);
#3531=CIRCLE('',#4846,0.021);
#3532=CIRCLE('',#4847,0.021);
#3533=CIRCLE('',#4849,0.021);
#3534=CIRCLE('',#4850,0.021);
#3535=CIRCLE('',#4852,0.021);
#3536=CIRCLE('',#4853,0.021);
#3537=CIRCLE('',#4855,0.021);
#3538=CIRCLE('',#4856,0.021);
#3539=CIRCLE('',#4858,0.021);
#3540=CIRCLE('',#4859,0.021);
#3541=CIRCLE('',#4861,0.021);
#3542=CIRCLE('',#4862,0.021);
#3543=CIRCLE('',#4864,0.00355);
#3544=CIRCLE('',#4865,0.00195);
#3545=CIRCLE('',#4866,0.0003540164800867);
#3546=CIRCLE('',#4867,0.0003540164800867);
#3547=CIRCLE('',#4868,0.0187500000000081);
#3548=CIRCLE('',#4869,0.0003540164800867);
#3549=CIRCLE('',#4870,0.0003540164800867);
#3550=CIRCLE('',#4871,0.0187500000000081);
#3551=CIRCLE('',#4872,0.0003540164800867);
#3552=CIRCLE('',#4873,0.0003540164800867);
#3553=CIRCLE('',#4874,0.0187500000000081);
#3554=CIRCLE('',#4875,0.0003540164800867);
#3555=CIRCLE('',#4876,0.0003540164800867);
#3556=CIRCLE('',#4877,0.0187500000000081);
#3557=CIRCLE('',#4878,0.0003540164800867);
#3558=CIRCLE('',#4879,0.0003540164800867);
#3559=CIRCLE('',#4880,0.0187500000000081);
#3560=CIRCLE('',#4881,0.0003540164800867);
#3561=CIRCLE('',#4882,0.0003540164800867);
#3562=CIRCLE('',#4883,0.0187500000000081);
#3563=CIRCLE('',#4884,0.0003540164800867);
#3564=CIRCLE('',#4885,0.0003540164800867);
#3565=CIRCLE('',#4886,0.0187500000000081);
#3566=CIRCLE('',#4887,0.0003540164800867);
#3567=CIRCLE('',#4888,0.0003540164800867);
#3568=CIRCLE('',#4889,0.0187500000000081);
#3569=CIRCLE('',#4890,0.0003540164800867);
#3570=CIRCLE('',#4891,0.0003540164800867);
#3571=CIRCLE('',#4892,0.0187500000000081);
#3572=CIRCLE('',#4893,0.0003540164800867);
#3573=CIRCLE('',#4894,0.0003540164800867);
#3574=CIRCLE('',#4895,0.0187500000000081);
#3575=CIRCLE('',#4896,0.0003540164800867);
#3576=CIRCLE('',#4897,0.0003540164800867);
#3577=CIRCLE('',#4898,0.0187500000000081);
#3578=CIRCLE('',#4899,0.0003540164800867);
#3579=CIRCLE('',#4900,0.0003540164800867);
#3580=CIRCLE('',#4901,0.0187500000000081);
#3581=CIRCLE('',#4902,0.0003540164800867);
#3582=CIRCLE('',#4903,0.0003540164800867);
#3583=CIRCLE('',#4904,0.0187500000000081);
#3584=CIRCLE('',#4905,0.0003540164800867);
#3585=CIRCLE('',#4906,0.0003540164800867);
#3586=CIRCLE('',#4907,0.0187500000000081);
#3587=CIRCLE('',#4908,0.0003540164800867);
#3588=CIRCLE('',#4909,0.0003540164800867);
#3589=CIRCLE('',#4910,0.0187500000000081);
#3590=CIRCLE('',#4911,0.0003540164800867);
#3591=CIRCLE('',#4912,0.0003540164800867);
#3592=CIRCLE('',#4913,0.0187500000000081);
#3593=CIRCLE('',#4914,0.0003540164800867);
#3594=CIRCLE('',#4915,0.0003540164800867);
#3595=CIRCLE('',#4916,0.0187500000000081);
#3596=CIRCLE('',#4917,0.0003540164800867);
#3597=CIRCLE('',#4918,0.0003540164800867);
#3598=CIRCLE('',#4919,0.0187500000000081);
#3599=CIRCLE('',#4920,0.0003540164800867);
#3600=CIRCLE('',#4921,0.0003540164800867);
#3601=CIRCLE('',#4922,0.0187500000000081);
#3602=CIRCLE('',#4923,0.0003540164800867);
#3603=CIRCLE('',#4924,0.0003540164800867);
#3604=CIRCLE('',#4925,0.0187500000000081);
#3605=CIRCLE('',#4926,0.0003540164800867);
#3606=CIRCLE('',#4927,0.0003540164800867);
#3607=CIRCLE('',#4928,0.0187500000000081);
#3608=CIRCLE('',#4929,0.0003540164800867);
#3609=CIRCLE('',#4930,0.0003540164800867);
#3610=CIRCLE('',#4931,0.0187500000000081);
#3611=CIRCLE('',#4932,0.0003540164800867);
#3612=CIRCLE('',#4933,0.021);
#3613=CIRCLE('',#4934,0.0003540164800867);
#3614=CIRCLE('',#4935,0.0187500000000081);
#3615=CIRCLE('',#4936,0.0003540164800867);
#3616=CIRCLE('',#4937,0.0003540164800867);
#3617=CIRCLE('',#4938,0.0187500000000081);
#3618=CIRCLE('',#4939,0.0003540164800867);
#3619=CIRCLE('',#4940,0.0003540164800867);
#3620=CIRCLE('',#4941,0.0187500000000081);
#3621=CIRCLE('',#4942,0.0003540164800867);
#3622=CIRCLE('',#4943,0.0003540164800867);
#3623=CIRCLE('',#4944,0.0187500000000081);
#3624=CIRCLE('',#4945,0.0003540164800867);
#3625=CIRCLE('',#4946,0.0003540164800867);
#3626=CIRCLE('',#4947,0.0187500000000081);
#3627=CIRCLE('',#4948,0.0003540164800867);
#3628=CIRCLE('',#4949,0.0003540164800867);
#3629=CIRCLE('',#4950,0.0187500000000081);
#3630=CIRCLE('',#4951,0.0003540164800867);
#3631=CIRCLE('',#4952,0.0003540164800867);
#3632=CIRCLE('',#4953,0.0187500000000081);
#3633=CIRCLE('',#4954,0.0003540164800867);
#3634=CIRCLE('',#4955,0.0003540164800867);
#3635=CIRCLE('',#4956,0.0187500000000081);
#3636=CIRCLE('',#4957,0.0003540164800867);
#3637=CIRCLE('',#4958,0.0003540164800867);
#3638=CIRCLE('',#4959,0.0187500000000081);
#3639=CIRCLE('',#4960,0.0003540164800867);
#3640=CIRCLE('',#4961,0.0003540164800867);
#3641=CIRCLE('',#4962,0.0187500000000081);
#3642=CIRCLE('',#4963,0.0003540164800867);
#3643=CIRCLE('',#4964,0.0003540164800867);
#3644=CIRCLE('',#4965,0.0187500000000081);
#3645=CIRCLE('',#4966,0.0003540164800867);
#3646=CIRCLE('',#4967,0.0003540164800867);
#3647=CIRCLE('',#4968,0.0187500000000081);
#3648=CIRCLE('',#4969,0.0003540164800867);
#3649=CIRCLE('',#4970,0.0003540164800867);
#3650=CIRCLE('',#4971,0.0187500000000081);
#3651=CIRCLE('',#4972,0.0003540164800867);
#3652=CIRCLE('',#4973,0.0003540164800867);
#3653=CIRCLE('',#4974,0.0187500000000081);
#3654=CIRCLE('',#4975,0.0003540164800867);
#3655=CIRCLE('',#4976,0.0003540164800867);
#3656=CIRCLE('',#4977,0.0187500000000081);
#3657=CIRCLE('',#4978,0.0003540164800867);
#3658=CIRCLE('',#4979,0.0003540164800867);
#3659=CIRCLE('',#4980,0.0187500000000081);
#3660=CIRCLE('',#4981,0.0003540164800867);
#3661=CIRCLE('',#4982,0.0003540164800867);
#3662=CIRCLE('',#4983,0.0187500000000081);
#3663=CIRCLE('',#4984,0.0003540164800867);
#3664=CIRCLE('',#4985,0.0003540164800867);
#3665=CIRCLE('',#4986,0.0187500000000081);
#3666=CIRCLE('',#4988,0.021);
#3667=CIRCLE('',#4990,0.0003540164800867);
#3668=CIRCLE('',#4991,0.0003540164800867);
#3669=CIRCLE('',#4992,0.0187500000000081);
#3670=CIRCLE('',#4993,0.0003540164800867);
#3671=CIRCLE('',#4994,0.0003540164800867);
#3672=CIRCLE('',#4995,0.0187500000000081);
#3673=CIRCLE('',#4996,0.0003540164800867);
#3674=CIRCLE('',#4997,0.0003540164800867);
#3675=CIRCLE('',#4998,0.0187500000000081);
#3676=CIRCLE('',#4999,0.0003540164800867);
#3677=CIRCLE('',#5000,0.0003540164800867);
#3678=CIRCLE('',#5001,0.0187500000000081);
#3679=CIRCLE('',#5002,0.0003540164800867);
#3680=CIRCLE('',#5003,0.0003540164800867);
#3681=CIRCLE('',#5004,0.0187500000000081);
#3682=CIRCLE('',#5005,0.0003540164800867);
#3683=CIRCLE('',#5006,0.0003540164800867);
#3684=CIRCLE('',#5007,0.0187500000000081);
#3685=CIRCLE('',#5008,0.0003540164800867);
#3686=CIRCLE('',#5009,0.0003540164800867);
#3687=CIRCLE('',#5010,0.0187500000000081);
#3688=CIRCLE('',#5011,0.0003540164800867);
#3689=CIRCLE('',#5012,0.0003540164800867);
#3690=CIRCLE('',#5013,0.0187500000000081);
#3691=CIRCLE('',#5014,0.0003540164800867);
#3692=CIRCLE('',#5015,0.0003540164800867);
#3693=CIRCLE('',#5016,0.0187500000000081);
#3694=CIRCLE('',#5017,0.0003540164800867);
#3695=CIRCLE('',#5018,0.0003540164800867);
#3696=CIRCLE('',#5019,0.0187500000000081);
#3697=CIRCLE('',#5020,0.0003540164800867);
#3698=CIRCLE('',#5021,0.0003540164800867);
#3699=CIRCLE('',#5022,0.0187500000000081);
#3700=CIRCLE('',#5023,0.0003540164800867);
#3701=CIRCLE('',#5024,0.0003540164800867);
#3702=CIRCLE('',#5025,0.0187500000000081);
#3703=CIRCLE('',#5026,0.0003540164800867);
#3704=CIRCLE('',#5027,0.0003540164800867);
#3705=CIRCLE('',#5028,0.0187500000000081);
#3706=CIRCLE('',#5029,0.0003540164800867);
#3707=CIRCLE('',#5030,0.0003540164800867);
#3708=CIRCLE('',#5031,0.0187500000000081);
#3709=CIRCLE('',#5032,0.0003540164800867);
#3710=CIRCLE('',#5033,0.0003540164800867);
#3711=CIRCLE('',#5034,0.0187500000000081);
#3712=CIRCLE('',#5035,0.0003540164800867);
#3713=CIRCLE('',#5036,0.0003540164800867);
#3714=CIRCLE('',#5037,0.0187500000000081);
#3715=CIRCLE('',#5038,0.0003540164800867);
#3716=CIRCLE('',#5039,0.0003540164800867);
#3717=CIRCLE('',#5040,0.0187500000000081);
#3718=CIRCLE('',#5041,0.0003540164800867);
#3719=CIRCLE('',#5042,0.0003540164800867);
#3720=CIRCLE('',#5043,0.0187500000000081);
#3721=CIRCLE('',#5044,0.0003540164800867);
#3722=CIRCLE('',#5045,0.0003540164800867);
#3723=CIRCLE('',#5046,0.0187500000000081);
#3724=CIRCLE('',#5047,0.0003540164800867);
#3725=CIRCLE('',#5048,0.0003540164800867);
#3726=CIRCLE('',#5049,0.0187500000000081);
#3727=CIRCLE('',#5050,0.0003540164800867);
#3728=CIRCLE('',#5051,0.0003540164800867);
#3729=CIRCLE('',#5052,0.0187500000000081);
#3730=CIRCLE('',#5053,0.0003540164800867);
#3731=CIRCLE('',#5054,0.0003540164800867);
#3732=CIRCLE('',#5055,0.0187500000000081);
#3733=CIRCLE('',#5056,0.0003540164800867);
#3734=CIRCLE('',#5057,0.0003540164800867);
#3735=CIRCLE('',#5058,0.0187500000000081);
#3736=CIRCLE('',#5059,0.0003540164800867);
#3737=CIRCLE('',#5060,0.0003540164800867);
#3738=CIRCLE('',#5061,0.0187500000000081);
#3739=CIRCLE('',#5062,0.0003540164800867);
#3740=CIRCLE('',#5063,0.0003540164800867);
#3741=CIRCLE('',#5064,0.0187500000000081);
#3742=CIRCLE('',#5065,0.0003540164800867);
#3743=CIRCLE('',#5066,0.0003540164800867);
#3744=CIRCLE('',#5067,0.0187500000000081);
#3745=CIRCLE('',#5068,0.0003540164800867);
#3746=CIRCLE('',#5069,0.0003540164800867);
#3747=CIRCLE('',#5070,0.0187500000000081);
#3748=CIRCLE('',#5071,0.0003540164800867);
#3749=CIRCLE('',#5072,0.0003540164800867);
#3750=CIRCLE('',#5073,0.0187500000000081);
#3751=CIRCLE('',#5074,0.0003540164800867);
#3752=CIRCLE('',#5075,0.0003540164800867);
#3753=CIRCLE('',#5076,0.0187500000000081);
#3754=CIRCLE('',#5077,0.0003540164800867);
#3755=CIRCLE('',#5078,0.0003540164800867);
#3756=CIRCLE('',#5079,0.0187500000000081);
#3757=CIRCLE('',#5080,0.0003540164800867);
#3758=CIRCLE('',#5081,0.0003540164800867);
#3759=CIRCLE('',#5082,0.0187500000000081);
#3760=CIRCLE('',#5083,0.0003540164800867);
#3761=CIRCLE('',#5084,0.0003540164800867);
#3762=CIRCLE('',#5085,0.0187500000000081);
#3763=CIRCLE('',#5086,0.0003540164800867);
#3764=CIRCLE('',#5087,0.0003540164800867);
#3765=CIRCLE('',#5088,0.0187500000000081);
#3766=CIRCLE('',#5089,0.0003540164800867);
#3767=CIRCLE('',#5090,0.0003540164800867);
#3768=CIRCLE('',#5091,0.0187500000000081);
#3769=CIRCLE('',#5092,0.0003540164800867);
#3770=CIRCLE('',#5093,0.0003540164800867);
#3771=CIRCLE('',#5094,0.0187500000000081);
#3772=CIRCLE('',#5095,0.0003540164800867);
#3773=CIRCLE('',#5096,0.0003540164800867);
#3774=CIRCLE('',#5097,0.0187500000000081);
#3775=CIRCLE('',#5098,0.0003540164800867);
#3776=CIRCLE('',#5099,0.0003540164800867);
#3777=CIRCLE('',#5100,0.0187500000000081);
#3778=CIRCLE('',#5101,0.0003540164800867);
#3779=CIRCLE('',#5102,0.0003540164800867);
#3780=CIRCLE('',#5103,0.0187500000000081);
#3781=CIRCLE('',#5104,0.0003540164800867);
#3782=CIRCLE('',#5105,0.0003540164800867);
#3783=CIRCLE('',#5106,0.0187500000000081);
#3784=CIRCLE('',#5107,0.0003540164800867);
#3785=CIRCLE('',#5108,0.0003540164800867);
#3786=CIRCLE('',#5109,0.0187500000000081);
#3787=CIRCLE('',#5231,0.00355);
#3788=CIRCLE('',#5234,0.00195);
#3789=CIRCLE('',#5237,0.0004);
#3790=CIRCLE('',#5238,0.0004);
#3791=CIRCLE('',#5240,0.0004);
#3792=CIRCLE('',#5243,0.0004);
#3793=EDGE_LOOP('',(#755));
#3794=EDGE_LOOP('',(#756));
#3795=EDGE_LOOP('',(#757,#758,#759,#760));
#3796=EDGE_LOOP('',(#761,#762,#763,#764));
#3797=EDGE_LOOP('',(#765,#766,#767,#768));
#3798=EDGE_LOOP('',(#769,#770,#771,#772));
#3799=EDGE_LOOP('',(#773,#774,#775,#776));
#3800=EDGE_LOOP('',(#777,#778,#779,#780));
#3801=EDGE_LOOP('',(#781,#782,#783,#784));
#3802=EDGE_LOOP('',(#785,#786,#787,#788));
#3803=EDGE_LOOP('',(#789,#790,#791,#792));
#3804=EDGE_LOOP('',(#793,#794,#795,#796));
#3805=EDGE_LOOP('',(#797,#798,#799,#800));
#3806=EDGE_LOOP('',(#801,#802,#803,#804));
#3807=EDGE_LOOP('',(#805,#806,#807,#808));
#3808=EDGE_LOOP('',(#809,#810,#811,#812));
#3809=EDGE_LOOP('',(#813,#814,#815,#816));
#3810=EDGE_LOOP('',(#817,#818,#819,#820));
#3811=EDGE_LOOP('',(#821,#822,#823,#824));
#3812=EDGE_LOOP('',(#825,#826,#827,#828));
#3813=EDGE_LOOP('',(#829,#830,#831,#832));
#3814=EDGE_LOOP('',(#833,#834,#835,#836));
#3815=EDGE_LOOP('',(#837,#838,#839,#840));
#3816=EDGE_LOOP('',(#841,#842,#843,#844));
#3817=EDGE_LOOP('',(#845,#846,#847,#848));
#3818=EDGE_LOOP('',(#849,#850,#851,#852));
#3819=EDGE_LOOP('',(#853,#854,#855,#856));
#3820=EDGE_LOOP('',(#857,#858,#859,#860));
#3821=EDGE_LOOP('',(#861,#862,#863,#864));
#3822=EDGE_LOOP('',(#865,#866,#867,#868));
#3823=EDGE_LOOP('',(#869,#870,#871,#872));
#3824=EDGE_LOOP('',(#873,#874,#875,#876));
#3825=EDGE_LOOP('',(#877,#878,#879,#880));
#3826=EDGE_LOOP('',(#881,#882,#883,#884));
#3827=EDGE_LOOP('',(#885,#886,#887,#888));
#3828=EDGE_LOOP('',(#889,#890,#891,#892));
#3829=EDGE_LOOP('',(#893,#894,#895,#896));
#3830=EDGE_LOOP('',(#897,#898,#899,#900));
#3831=EDGE_LOOP('',(#901,#902,#903,#904));
#3832=EDGE_LOOP('',(#905,#906,#907,#908));
#3833=EDGE_LOOP('',(#909,#910,#911,#912));
#3834=EDGE_LOOP('',(#913,#914,#915,#916));
#3835=EDGE_LOOP('',(#917,#918,#919,#920,#921,#922,#923,#924,#925,#926,#927,#928,#929,#930,#931,#932,#933,#934,#935,#936,#937,#938,#939,#940,#941,#942,#943,#944,#945,#946,#947,#948,#949,#950,#951,#952,#953,#954,#955,#956,#957,#958,#959,#960,#961,#962,#963,#964,#965,#966,#967,#968,#969,#970,#971,#972,#973,#974,#975,#976,#977,#978,#979,#980,#981,#982,#983,#984,#985,#986,#987,#988,#989,#990,#991,#992,#993,#994,#995,#996,#997,#998,#999,#1000,#1001,#1002,#1003,#1004,#1005,#1006,#1007,#1008,#1009,#1010,#1011,#1012,#1013,#1014,#1015,#1016,#1017,#1018,#1019,#1020,#1021,#1022,#1023,#1024,#1025,#1026,#1027,#1028,#1029,#1030,#1031,#1032,#1033,#1034,#1035,#1036,#1037,#1038,#1039,#1040,#1041,#1042,#1043,#1044,#1045,#1046,#1047,#1048,#1049,#1050,#1051,#1052,#1053,#1054,#1055,#1056,#1057,#1058,#1059,#1060,#1061,#1062,#1063,#1064,#1065,#1066,#1067,#1068,#1069,#1070,#1071,#1072,#1073,#1074,#1075,#1076,#1077,#1078,#1079,#1080,#1081,#1082,#1083,#1084,#1085,#1086,#1087,#1088,#1089,#1090,#1091,#1092,#1093,#1094,#1095,#1096,#1097,#1098,#1099,#1100,#1101,#1102,#1103,#1104,#1105,#1106,#1107,#1108,#1109,#1110,#1111,#1112,#1113,#1114,#1115,#1116,#1117,#1118,#1119,#1120,#1121,#1122,#1123,#1124,#1125,#1126,#1127,#1128,#1129,#1130,#1131,#1132,#1133,#1134,#1135,#1136,#1137,#1138,#1139,#1140,#1141,#1142,#1143,#1144,#1145,#1146,#1147,#1148,#1149,#1150,#1151,#1152,#1153,#1154,#1155,#1156));
#3836=EDGE_LOOP('',(#1157,#1158,#1159,#1160));
#3837=EDGE_LOOP('',(#1161));
#3838=EDGE_LOOP('',(#1162,#1163,#1164,#1165,#1166,#1167,#1168,#1169,#1170,#1171,#1172,#1173,#1174,#1175,#1176,#1177,#1178,#1179,#1180,#1181,#1182,#1183,#1184,#1185,#1186,#1187,#1188,#1189,#1190,#1191,#1192,#1193,#1194,#1195,#1196,#1197,#1198,#1199,#1200,#1201,#1202,#1203,#1204,#1205,#1206,#1207,#1208,#1209,#1210,#1211,#1212,#1213,#1214,#1215,#1216,#1217,#1218,#1219,#1220,#1221,#1222,#1223,#1224,#1225,#1226,#1227,#1228,#1229,#1230,#1231,#1232,#1233,#1234,#1235,#1236,#1237,#1238,#1239,#1240,#1241,#1242,#1243,#1244,#1245,#1246,#1247,#1248,#1249,#1250,#1251,#1252,#1253,#1254,#1255,#1256,#1257,#1258,#1259,#1260,#1261,#1262,#1263,#1264,#1265,#1266,#1267,#1268,#1269,#1270,#1271,#1272,#1273,#1274,#1275,#1276,#1277,#1278,#1279,#1280,#1281,#1282,#1283,#1284,#1285,#1286,#1287,#1288,#1289,#1290,#1291,#1292,#1293,#1294,#1295,#1296,#1297,#1298,#1299,#1300,#1301,#1302,#1303,#1304,#1305,#1306,#1307,#1308,#1309,#1310,#1311,#1312,#1313,#1314,#1315,#1316,#1317,#1318,#1319,#1320,#1321,#1322,#1323,#1324,#1325,#1326,#1327,#1328,#1329,#1330,#1331,#1332,#1333,#1334,#1335,#1336,#1337,#1338,#1339,#1340,#1341,#1342,#1343,#1344,#1345,#1346,#1347,#1348,#1349,#1350,#1351,#1352,#1353,#1354,#1355,#1356,#1357,#1358,#1359,#1360,#1361,#1362,#1363,#1364,#1365,#1366,#1367,#1368,#1369,#1370,#1371,#1372,#1373,#1374,#1375,#1376,#1377,#1378,#1379,#1380,#1381,#1382,#1383,#1384,#1385,#1386,#1387,#1388,#1389,#1390,#1391,#1392,#1393,#1394,#1395,#1396,#1397,#1398,#1399,#1400,#1401));
#3839=EDGE_LOOP('',(#1402,#1403,#1404,#1405));
#3840=EDGE_LOOP('',(#1406,#1407,#1408,#1409));
#3841=EDGE_LOOP('',(#1410,#1411,#1412,#1413));
#3842=EDGE_LOOP('',(#1414,#1415,#1416,#1417));
#3843=EDGE_LOOP('',(#1418,#1419,#1420,#1421));
#3844=EDGE_LOOP('',(#1422,#1423,#1424,#1425));
#3845=EDGE_LOOP('',(#1426,#1427,#1428,#1429));
#3846=EDGE_LOOP('',(#1430,#1431,#1432,#1433));
#3847=EDGE_LOOP('',(#1434,#1435,#1436,#1437));
#3848=EDGE_LOOP('',(#1438,#1439,#1440,#1441));
#3849=EDGE_LOOP('',(#1442,#1443,#1444,#1445));
#3850=EDGE_LOOP('',(#1446,#1447,#1448,#1449));
#3851=EDGE_LOOP('',(#1450,#1451,#1452,#1453));
#3852=EDGE_LOOP('',(#1454,#1455,#1456,#1457));
#3853=EDGE_LOOP('',(#1458,#1459,#1460,#1461));
#3854=EDGE_LOOP('',(#1462,#1463,#1464,#1465));
#3855=EDGE_LOOP('',(#1466,#1467,#1468,#1469));
#3856=EDGE_LOOP('',(#1470,#1471,#1472,#1473));
#3857=EDGE_LOOP('',(#1474,#1475,#1476,#1477));
#3858=EDGE_LOOP('',(#1478,#1479,#1480,#1481));
#3859=EDGE_LOOP('',(#1482,#1483,#1484,#1485));
#3860=EDGE_LOOP('',(#1486,#1487,#1488,#1489));
#3861=EDGE_LOOP('',(#1490,#1491,#1492,#1493));
#3862=EDGE_LOOP('',(#1494,#1495,#1496,#1497));
#3863=EDGE_LOOP('',(#1498,#1499,#1500,#1501));
#3864=EDGE_LOOP('',(#1502,#1503,#1504,#1505));
#3865=EDGE_LOOP('',(#1506,#1507,#1508,#1509));
#3866=EDGE_LOOP('',(#1510,#1511,#1512,#1513));
#3867=EDGE_LOOP('',(#1514,#1515,#1516,#1517));
#3868=EDGE_LOOP('',(#1518,#1519,#1520,#1521));
#3869=EDGE_LOOP('',(#1522,#1523,#1524,#1525));
#3870=EDGE_LOOP('',(#1526,#1527,#1528,#1529));
#3871=EDGE_LOOP('',(#1530,#1531,#1532,#1533));
#3872=EDGE_LOOP('',(#1534,#1535,#1536,#1537));
#3873=EDGE_LOOP('',(#1538,#1539,#1540,#1541));
#3874=EDGE_LOOP('',(#1542,#1543,#1544,#1545));
#3875=EDGE_LOOP('',(#1546,#1547,#1548,#1549));
#3876=EDGE_LOOP('',(#1550,#1551,#1552,#1553));
#3877=EDGE_LOOP('',(#1554,#1555,#1556,#1557));
#3878=EDGE_LOOP('',(#1558,#1559,#1560,#1561));
#3879=EDGE_LOOP('',(#1562,#1563,#1564,#1565));
#3880=EDGE_LOOP('',(#1566,#1567,#1568,#1569));
#3881=EDGE_LOOP('',(#1570,#1571,#1572,#1573));
#3882=EDGE_LOOP('',(#1574,#1575,#1576,#1577));
#3883=EDGE_LOOP('',(#1578,#1579,#1580,#1581));
#3884=EDGE_LOOP('',(#1582,#1583,#1584,#1585));
#3885=EDGE_LOOP('',(#1586,#1587,#1588,#1589));
#3886=EDGE_LOOP('',(#1590,#1591,#1592,#1593));
#3887=EDGE_LOOP('',(#1594,#1595,#1596,#1597));
#3888=EDGE_LOOP('',(#1598,#1599,#1600,#1601));
#3889=EDGE_LOOP('',(#1602,#1603,#1604,#1605));
#3890=EDGE_LOOP('',(#1606,#1607,#1608,#1609));
#3891=EDGE_LOOP('',(#1610,#1611,#1612,#1613));
#3892=EDGE_LOOP('',(#1614,#1615,#1616,#1617));
#3893=EDGE_LOOP('',(#1618,#1619,#1620,#1621));
#3894=EDGE_LOOP('',(#1622,#1623,#1624,#1625));
#3895=EDGE_LOOP('',(#1626,#1627,#1628,#1629));
#3896=EDGE_LOOP('',(#1630,#1631,#1632,#1633));
#3897=EDGE_LOOP('',(#1634,#1635,#1636,#1637));
#3898=EDGE_LOOP('',(#1638,#1639,#1640,#1641));
#3899=EDGE_LOOP('',(#1642,#1643,#1644,#1645));
#3900=EDGE_LOOP('',(#1646,#1647,#1648,#1649));
#3901=EDGE_LOOP('',(#1650,#1651,#1652,#1653));
#3902=EDGE_LOOP('',(#1654,#1655,#1656,#1657));
#3903=EDGE_LOOP('',(#1658,#1659,#1660,#1661));
#3904=EDGE_LOOP('',(#1662,#1663,#1664,#1665));
#3905=EDGE_LOOP('',(#1666,#1667,#1668,#1669));
#3906=EDGE_LOOP('',(#1670,#1671,#1672,#1673));
#3907=EDGE_LOOP('',(#1674,#1675,#1676,#1677));
#3908=EDGE_LOOP('',(#1678,#1679,#1680,#1681));
#3909=EDGE_LOOP('',(#1682,#1683,#1684,#1685));
#3910=EDGE_LOOP('',(#1686,#1687,#1688,#1689));
#3911=EDGE_LOOP('',(#1690,#1691,#1692,#1693));
#3912=EDGE_LOOP('',(#1694,#1695,#1696,#1697));
#3913=EDGE_LOOP('',(#1698,#1699,#1700,#1701));
#3914=EDGE_LOOP('',(#1702,#1703,#1704,#1705));
#3915=EDGE_LOOP('',(#1706,#1707,#1708,#1709));
#3916=EDGE_LOOP('',(#1710,#1711,#1712,#1713));
#3917=EDGE_LOOP('',(#1714,#1715,#1716,#1717));
#3918=EDGE_LOOP('',(#1718,#1719,#1720,#1721));
#3919=EDGE_LOOP('',(#1722,#1723,#1724,#1725));
#3920=EDGE_LOOP('',(#1726,#1727,#1728,#1729));
#3921=EDGE_LOOP('',(#1730,#1731,#1732,#1733));
#3922=EDGE_LOOP('',(#1734,#1735,#1736,#1737));
#3923=EDGE_LOOP('',(#1738,#1739,#1740,#1741));
#3924=EDGE_LOOP('',(#1742,#1743,#1744,#1745));
#3925=EDGE_LOOP('',(#1746,#1747,#1748,#1749));
#3926=EDGE_LOOP('',(#1750,#1751,#1752,#1753));
#3927=EDGE_LOOP('',(#1754,#1755,#1756,#1757));
#3928=EDGE_LOOP('',(#1758,#1759,#1760,#1761));
#3929=EDGE_LOOP('',(#1762,#1763,#1764,#1765));
#3930=EDGE_LOOP('',(#1766,#1767,#1768,#1769));
#3931=EDGE_LOOP('',(#1770,#1771,#1772,#1773));
#3932=EDGE_LOOP('',(#1774,#1775,#1776,#1777));
#3933=EDGE_LOOP('',(#1778,#1779,#1780,#1781));
#3934=EDGE_LOOP('',(#1782,#1783,#1784,#1785));
#3935=EDGE_LOOP('',(#1786,#1787,#1788,#1789));
#3936=EDGE_LOOP('',(#1790,#1791,#1792,#1793));
#3937=EDGE_LOOP('',(#1794,#1795,#1796,#1797));
#3938=EDGE_LOOP('',(#1798,#1799,#1800,#1801));
#3939=EDGE_LOOP('',(#1802,#1803,#1804,#1805));
#3940=EDGE_LOOP('',(#1806,#1807,#1808,#1809));
#3941=EDGE_LOOP('',(#1810,#1811,#1812,#1813));
#3942=EDGE_LOOP('',(#1814,#1815,#1816,#1817));
#3943=EDGE_LOOP('',(#1818,#1819,#1820,#1821));
#3944=EDGE_LOOP('',(#1822,#1823,#1824,#1825));
#3945=EDGE_LOOP('',(#1826,#1827,#1828,#1829));
#3946=EDGE_LOOP('',(#1830,#1831,#1832,#1833));
#3947=EDGE_LOOP('',(#1834,#1835,#1836,#1837));
#3948=EDGE_LOOP('',(#1838,#1839,#1840,#1841));
#3949=EDGE_LOOP('',(#1842,#1843,#1844,#1845));
#3950=EDGE_LOOP('',(#1846,#1847,#1848,#1849));
#3951=EDGE_LOOP('',(#1850,#1851,#1852,#1853));
#3952=EDGE_LOOP('',(#1854,#1855,#1856,#1857));
#3953=EDGE_LOOP('',(#1858,#1859,#1860,#1861));
#3954=EDGE_LOOP('',(#1862,#1863,#1864,#1865));
#3955=EDGE_LOOP('',(#1866,#1867,#1868,#1869));
#3956=EDGE_LOOP('',(#1870,#1871,#1872,#1873));
#3957=EDGE_LOOP('',(#1874,#1875,#1876,#1877));
#3958=EDGE_LOOP('',(#1878,#1879,#1880,#1881));
#3959=EDGE_LOOP('',(#1882,#1883,#1884,#1885));
#3960=EDGE_LOOP('',(#1886,#1887,#1888,#1889));
#3961=EDGE_LOOP('',(#1890,#1891,#1892,#1893));
#3962=EDGE_LOOP('',(#1894,#1895,#1896,#1897));
#3963=EDGE_LOOP('',(#1898,#1899,#1900,#1901));
#3964=EDGE_LOOP('',(#1902,#1903,#1904,#1905));
#3965=EDGE_LOOP('',(#1906,#1907,#1908,#1909));
#3966=EDGE_LOOP('',(#1910,#1911,#1912,#1913));
#3967=EDGE_LOOP('',(#1914,#1915,#1916,#1917));
#3968=EDGE_LOOP('',(#1918,#1919,#1920,#1921));
#3969=EDGE_LOOP('',(#1922,#1923,#1924,#1925));
#3970=EDGE_LOOP('',(#1926,#1927,#1928,#1929));
#3971=EDGE_LOOP('',(#1930,#1931,#1932,#1933));
#3972=EDGE_LOOP('',(#1934,#1935,#1936,#1937));
#3973=EDGE_LOOP('',(#1938,#1939,#1940,#1941));
#3974=EDGE_LOOP('',(#1942,#1943,#1944,#1945));
#3975=EDGE_LOOP('',(#1946,#1947,#1948,#1949));
#3976=EDGE_LOOP('',(#1950,#1951,#1952,#1953));
#3977=EDGE_LOOP('',(#1954,#1955,#1956,#1957));
#3978=EDGE_LOOP('',(#1958,#1959,#1960,#1961));
#3979=EDGE_LOOP('',(#1962,#1963,#1964,#1965));
#3980=EDGE_LOOP('',(#1966,#1967,#1968,#1969));
#3981=EDGE_LOOP('',(#1970,#1971,#1972,#1973));
#3982=EDGE_LOOP('',(#1974,#1975,#1976,#1977));
#3983=EDGE_LOOP('',(#1978,#1979,#1980,#1981));
#3984=EDGE_LOOP('',(#1982,#1983,#1984,#1985));
#3985=EDGE_LOOP('',(#1986,#1987,#1988,#1989));
#3986=EDGE_LOOP('',(#1990,#1991,#1992,#1993));
#3987=EDGE_LOOP('',(#1994,#1995,#1996,#1997));
#3988=EDGE_LOOP('',(#1998,#1999,#2000,#2001));
#3989=EDGE_LOOP('',(#2002,#2003,#2004,#2005));
#3990=EDGE_LOOP('',(#2006,#2007,#2008,#2009));
#3991=EDGE_LOOP('',(#2010,#2011,#2012,#2013));
#3992=EDGE_LOOP('',(#2014,#2015,#2016,#2017));
#3993=EDGE_LOOP('',(#2018,#2019,#2020,#2021));
#3994=EDGE_LOOP('',(#2022,#2023,#2024,#2025));
#3995=EDGE_LOOP('',(#2026,#2027,#2028,#2029));
#3996=EDGE_LOOP('',(#2030,#2031,#2032,#2033));
#3997=EDGE_LOOP('',(#2034,#2035,#2036,#2037));
#3998=EDGE_LOOP('',(#2038,#2039,#2040,#2041));
#3999=EDGE_LOOP('',(#2042,#2043,#2044,#2045));
#4000=EDGE_LOOP('',(#2046,#2047,#2048,#2049));
#4001=EDGE_LOOP('',(#2050,#2051,#2052,#2053));
#4002=EDGE_LOOP('',(#2054,#2055,#2056,#2057));
#4003=EDGE_LOOP('',(#2058,#2059,#2060,#2061));
#4004=EDGE_LOOP('',(#2062,#2063,#2064,#2065));
#4005=EDGE_LOOP('',(#2066,#2067,#2068,#2069));
#4006=EDGE_LOOP('',(#2070,#2071,#2072,#2073));
#4007=EDGE_LOOP('',(#2074,#2075,#2076,#2077));
#4008=EDGE_LOOP('',(#2078,#2079,#2080,#2081));
#4009=EDGE_LOOP('',(#2082,#2083,#2084,#2085));
#4010=EDGE_LOOP('',(#2086,#2087,#2088,#2089));
#4011=EDGE_LOOP('',(#2090,#2091,#2092,#2093));
#4012=EDGE_LOOP('',(#2094,#2095,#2096,#2097));
#4013=EDGE_LOOP('',(#2098,#2099,#2100,#2101));
#4014=EDGE_LOOP('',(#2102,#2103,#2104,#2105));
#4015=EDGE_LOOP('',(#2106,#2107,#2108,#2109));
#4016=EDGE_LOOP('',(#2110,#2111,#2112,#2113));
#4017=EDGE_LOOP('',(#2114,#2115,#2116,#2117));
#4018=EDGE_LOOP('',(#2118,#2119,#2120,#2121));
#4019=EDGE_LOOP('',(#2122,#2123,#2124,#2125));
#4020=EDGE_LOOP('',(#2126,#2127,#2128,#2129));
#4021=EDGE_LOOP('',(#2130,#2131,#2132,#2133));
#4022=EDGE_LOOP('',(#2134,#2135,#2136,#2137));
#4023=EDGE_LOOP('',(#2138,#2139,#2140,#2141));
#4024=EDGE_LOOP('',(#2142,#2143,#2144,#2145));
#4025=EDGE_LOOP('',(#2146,#2147,#2148,#2149));
#4026=EDGE_LOOP('',(#2150,#2151,#2152,#2153));
#4027=EDGE_LOOP('',(#2154,#2155,#2156,#2157));
#4028=EDGE_LOOP('',(#2158,#2159,#2160,#2161));
#4029=EDGE_LOOP('',(#2162,#2163,#2164,#2165));
#4030=EDGE_LOOP('',(#2166,#2167,#2168,#2169));
#4031=EDGE_LOOP('',(#2170,#2171,#2172,#2173));
#4032=EDGE_LOOP('',(#2174,#2175,#2176,#2177));
#4033=EDGE_LOOP('',(#2178,#2179,#2180,#2181));
#4034=EDGE_LOOP('',(#2182,#2183,#2184,#2185));
#4035=EDGE_LOOP('',(#2186,#2187,#2188,#2189));
#4036=EDGE_LOOP('',(#2190,#2191,#2192,#2193));
#4037=EDGE_LOOP('',(#2194,#2195,#2196,#2197));
#4038=EDGE_LOOP('',(#2198,#2199,#2200,#2201));
#4039=EDGE_LOOP('',(#2202,#2203,#2204,#2205));
#4040=EDGE_LOOP('',(#2206,#2207,#2208,#2209));
#4041=EDGE_LOOP('',(#2210,#2211,#2212,#2213));
#4042=EDGE_LOOP('',(#2214,#2215,#2216,#2217));
#4043=EDGE_LOOP('',(#2218));
#4044=EDGE_LOOP('',(#2219));
#4045=EDGE_LOOP('',(#2220));
#4046=EDGE_LOOP('',(#2221,#2222,#2223,#2224));
#4047=EDGE_LOOP('',(#2225));
#4048=EDGE_LOOP('',(#2226));
#4049=EDGE_LOOP('',(#2227));
#4050=EDGE_LOOP('',(#2228));
#4051=EDGE_LOOP('',(#2229));
#4052=EDGE_LOOP('',(#2230));
#4053=FACE_BOUND('',#3793,.T.);
#4054=FACE_BOUND('',#3794,.T.);
#4055=FACE_BOUND('',#3795,.T.);
#4056=FACE_BOUND('',#3796,.T.);
#4057=FACE_BOUND('',#3797,.T.);
#4058=FACE_BOUND('',#3798,.T.);
#4059=FACE_BOUND('',#3799,.T.);
#4060=FACE_BOUND('',#3800,.T.);
#4061=FACE_BOUND('',#3801,.T.);
#4062=FACE_BOUND('',#3802,.T.);
#4063=FACE_BOUND('',#3803,.T.);
#4064=FACE_BOUND('',#3804,.T.);
#4065=FACE_BOUND('',#3805,.T.);
#4066=FACE_BOUND('',#3806,.T.);
#4067=FACE_BOUND('',#3807,.T.);
#4068=FACE_BOUND('',#3808,.T.);
#4069=FACE_BOUND('',#3809,.T.);
#4070=FACE_BOUND('',#3810,.T.);
#4071=FACE_BOUND('',#3811,.T.);
#4072=FACE_BOUND('',#3812,.T.);
#4073=FACE_BOUND('',#3813,.T.);
#4074=FACE_BOUND('',#3814,.T.);
#4075=FACE_BOUND('',#3815,.T.);
#4076=FACE_BOUND('',#3816,.T.);
#4077=FACE_BOUND('',#3817,.T.);
#4078=FACE_BOUND('',#3818,.T.);
#4079=FACE_BOUND('',#3819,.T.);
#4080=FACE_BOUND('',#3820,.T.);
#4081=FACE_BOUND('',#3821,.T.);
#4082=FACE_BOUND('',#3822,.T.);
#4083=FACE_BOUND('',#3823,.T.);
#4084=FACE_BOUND('',#3824,.T.);
#4085=FACE_BOUND('',#3825,.T.);
#4086=FACE_BOUND('',#3826,.T.);
#4087=FACE_BOUND('',#3827,.T.);
#4088=FACE_BOUND('',#3828,.T.);
#4089=FACE_BOUND('',#3829,.T.);
#4090=FACE_BOUND('',#3830,.T.);
#4091=FACE_BOUND('',#3831,.T.);
#4092=FACE_BOUND('',#3832,.T.);
#4093=FACE_BOUND('',#3833,.T.);
#4094=FACE_BOUND('',#3834,.T.);
#4095=FACE_BOUND('',#3835,.T.);
#4096=FACE_BOUND('',#3836,.T.);
#4097=FACE_BOUND('',#3837,.T.);
#4098=FACE_BOUND('',#3838,.T.);
#4099=FACE_BOUND('',#3839,.T.);
#4100=FACE_BOUND('',#3840,.T.);
#4101=FACE_BOUND('',#3841,.T.);
#4102=FACE_BOUND('',#3842,.T.);
#4103=FACE_BOUND('',#3843,.T.);
#4104=FACE_BOUND('',#3844,.T.);
#4105=FACE_BOUND('',#3845,.T.);
#4106=FACE_BOUND('',#3846,.T.);
#4107=FACE_BOUND('',#3847,.T.);
#4108=FACE_BOUND('',#3848,.T.);
#4109=FACE_BOUND('',#3849,.T.);
#4110=FACE_BOUND('',#3850,.T.);
#4111=FACE_BOUND('',#3851,.T.);
#4112=FACE_BOUND('',#3852,.T.);
#4113=FACE_BOUND('',#3853,.T.);
#4114=FACE_BOUND('',#3854,.T.);
#4115=FACE_BOUND('',#3855,.T.);
#4116=FACE_BOUND('',#3856,.T.);
#4117=FACE_BOUND('',#3857,.T.);
#4118=FACE_BOUND('',#3858,.T.);
#4119=FACE_BOUND('',#3859,.T.);
#4120=FACE_BOUND('',#3860,.T.);
#4121=FACE_BOUND('',#3861,.T.);
#4122=FACE_BOUND('',#3862,.T.);
#4123=FACE_BOUND('',#3863,.T.);
#4124=FACE_BOUND('',#3864,.T.);
#4125=FACE_BOUND('',#3865,.T.);
#4126=FACE_BOUND('',#3866,.T.);
#4127=FACE_BOUND('',#3867,.T.);
#4128=FACE_BOUND('',#3868,.T.);
#4129=FACE_BOUND('',#3869,.T.);
#4130=FACE_BOUND('',#3870,.T.);
#4131=FACE_BOUND('',#3871,.T.);
#4132=FACE_BOUND('',#3872,.T.);
#4133=FACE_BOUND('',#3873,.T.);
#4134=FACE_BOUND('',#3874,.T.);
#4135=FACE_BOUND('',#3875,.T.);
#4136=FACE_BOUND('',#3876,.T.);
#4137=FACE_BOUND('',#3877,.T.);
#4138=FACE_BOUND('',#3878,.T.);
#4139=FACE_BOUND('',#3879,.T.);
#4140=FACE_BOUND('',#3880,.T.);
#4141=FACE_BOUND('',#3881,.T.);
#4142=FACE_BOUND('',#3882,.T.);
#4143=FACE_BOUND('',#3883,.T.);
#4144=FACE_BOUND('',#3884,.T.);
#4145=FACE_BOUND('',#3885,.T.);
#4146=FACE_BOUND('',#3886,.T.);
#4147=FACE_BOUND('',#3887,.T.);
#4148=FACE_BOUND('',#3888,.T.);
#4149=FACE_BOUND('',#3889,.T.);
#4150=FACE_BOUND('',#3890,.T.);
#4151=FACE_BOUND('',#3891,.T.);
#4152=FACE_BOUND('',#3892,.T.);
#4153=FACE_BOUND('',#3893,.T.);
#4154=FACE_BOUND('',#3894,.T.);
#4155=FACE_BOUND('',#3895,.T.);
#4156=FACE_BOUND('',#3896,.T.);
#4157=FACE_BOUND('',#3897,.T.);
#4158=FACE_BOUND('',#3898,.T.);
#4159=FACE_BOUND('',#3899,.T.);
#4160=FACE_BOUND('',#3900,.T.);
#4161=FACE_BOUND('',#3901,.T.);
#4162=FACE_BOUND('',#3902,.T.);
#4163=FACE_BOUND('',#3903,.T.);
#4164=FACE_BOUND('',#3904,.T.);
#4165=FACE_BOUND('',#3905,.T.);
#4166=FACE_BOUND('',#3906,.T.);
#4167=FACE_BOUND('',#3907,.T.);
#4168=FACE_BOUND('',#3908,.T.);
#4169=FACE_BOUND('',#3909,.T.);
#4170=FACE_BOUND('',#3910,.T.);
#4171=FACE_BOUND('',#3911,.T.);
#4172=FACE_BOUND('',#3912,.T.);
#4173=FACE_BOUND('',#3913,.T.);
#4174=FACE_BOUND('',#3914,.T.);
#4175=FACE_BOUND('',#3915,.T.);
#4176=FACE_BOUND('',#3916,.T.);
#4177=FACE_BOUND('',#3917,.T.);
#4178=FACE_BOUND('',#3918,.T.);
#4179=FACE_BOUND('',#3919,.T.);
#4180=FACE_BOUND('',#3920,.T.);
#4181=FACE_BOUND('',#3921,.T.);
#4182=FACE_BOUND('',#3922,.T.);
#4183=FACE_BOUND('',#3923,.T.);
#4184=FACE_BOUND('',#3924,.T.);
#4185=FACE_BOUND('',#3925,.T.);
#4186=FACE_BOUND('',#3926,.T.);
#4187=FACE_BOUND('',#3927,.T.);
#4188=FACE_BOUND('',#3928,.T.);
#4189=FACE_BOUND('',#3929,.T.);
#4190=FACE_BOUND('',#3930,.T.);
#4191=FACE_BOUND('',#3931,.T.);
#4192=FACE_BOUND('',#3932,.T.);
#4193=FACE_BOUND('',#3933,.T.);
#4194=FACE_BOUND('',#3934,.T.);
#4195=FACE_BOUND('',#3935,.T.);
#4196=FACE_BOUND('',#3936,.T.);
#4197=FACE_BOUND('',#3937,.T.);
#4198=FACE_BOUND('',#3938,.T.);
#4199=FACE_BOUND('',#3939,.T.);
#4200=FACE_BOUND('',#3940,.T.);
#4201=FACE_BOUND('',#3941,.T.);
#4202=FACE_BOUND('',#3942,.T.);
#4203=FACE_BOUND('',#3943,.T.);
#4204=FACE_BOUND('',#3944,.T.);
#4205=FACE_BOUND('',#3945,.T.);
#4206=FACE_BOUND('',#3946,.T.);
#4207=FACE_BOUND('',#3947,.T.);
#4208=FACE_BOUND('',#3948,.T.);
#4209=FACE_BOUND('',#3949,.T.);
#4210=FACE_BOUND('',#3950,.T.);
#4211=FACE_BOUND('',#3951,.T.);
#4212=FACE_BOUND('',#3952,.T.);
#4213=FACE_BOUND('',#3953,.T.);
#4214=FACE_BOUND('',#3954,.T.);
#4215=FACE_BOUND('',#3955,.T.);
#4216=FACE_BOUND('',#3956,.T.);
#4217=FACE_BOUND('',#3957,.T.);
#4218=FACE_BOUND('',#3958,.T.);
#4219=FACE_BOUND('',#3959,.T.);
#4220=FACE_BOUND('',#3960,.T.);
#4221=FACE_BOUND('',#3961,.T.);
#4222=FACE_BOUND('',#3962,.T.);
#4223=FACE_BOUND('',#3963,.T.);
#4224=FACE_BOUND('',#3964,.T.);
#4225=FACE_BOUND('',#3965,.T.);
#4226=FACE_BOUND('',#3966,.T.);
#4227=FACE_BOUND('',#3967,.T.);
#4228=FACE_BOUND('',#3968,.T.);
#4229=FACE_BOUND('',#3969,.T.);
#4230=FACE_BOUND('',#3970,.T.);
#4231=FACE_BOUND('',#3971,.T.);
#4232=FACE_BOUND('',#3972,.T.);
#4233=FACE_BOUND('',#3973,.T.);
#4234=FACE_BOUND('',#3974,.T.);
#4235=FACE_BOUND('',#3975,.T.);
#4236=FACE_BOUND('',#3976,.T.);
#4237=FACE_BOUND('',#3977,.T.);
#4238=FACE_BOUND('',#3978,.T.);
#4239=FACE_BOUND('',#3979,.T.);
#4240=FACE_BOUND('',#3980,.T.);
#4241=FACE_BOUND('',#3981,.T.);
#4242=FACE_BOUND('',#3982,.T.);
#4243=FACE_BOUND('',#3983,.T.);
#4244=FACE_BOUND('',#3984,.T.);
#4245=FACE_BOUND('',#3985,.T.);
#4246=FACE_BOUND('',#3986,.T.);
#4247=FACE_BOUND('',#3987,.T.);
#4248=FACE_BOUND('',#3988,.T.);
#4249=FACE_BOUND('',#3989,.T.);
#4250=FACE_BOUND('',#3990,.T.);
#4251=FACE_BOUND('',#3991,.T.);
#4252=FACE_BOUND('',#3992,.T.);
#4253=FACE_BOUND('',#3993,.T.);
#4254=FACE_BOUND('',#3994,.T.);
#4255=FACE_BOUND('',#3995,.T.);
#4256=FACE_BOUND('',#3996,.T.);
#4257=FACE_BOUND('',#3997,.T.);
#4258=FACE_BOUND('',#3998,.T.);
#4259=FACE_BOUND('',#3999,.T.);
#4260=FACE_BOUND('',#4000,.T.);
#4261=FACE_BOUND('',#4001,.T.);
#4262=FACE_BOUND('',#4002,.T.);
#4263=FACE_BOUND('',#4003,.T.);
#4264=FACE_BOUND('',#4004,.T.);
#4265=FACE_BOUND('',#4005,.T.);
#4266=FACE_BOUND('',#4006,.T.);
#4267=FACE_BOUND('',#4007,.T.);
#4268=FACE_BOUND('',#4008,.T.);
#4269=FACE_BOUND('',#4009,.T.);
#4270=FACE_BOUND('',#4010,.T.);
#4271=FACE_BOUND('',#4011,.T.);
#4272=FACE_BOUND('',#4012,.T.);
#4273=FACE_BOUND('',#4013,.T.);
#4274=FACE_BOUND('',#4014,.T.);
#4275=FACE_BOUND('',#4015,.T.);
#4276=FACE_BOUND('',#4016,.T.);
#4277=FACE_BOUND('',#4017,.T.);
#4278=FACE_BOUND('',#4018,.T.);
#4279=FACE_BOUND('',#4019,.T.);
#4280=FACE_BOUND('',#4020,.T.);
#4281=FACE_BOUND('',#4021,.T.);
#4282=FACE_BOUND('',#4022,.T.);
#4283=FACE_BOUND('',#4023,.T.);
#4284=FACE_BOUND('',#4024,.T.);
#4285=FACE_BOUND('',#4025,.T.);
#4286=FACE_BOUND('',#4026,.T.);
#4287=FACE_BOUND('',#4027,.T.);
#4288=FACE_BOUND('',#4028,.T.);
#4289=FACE_BOUND('',#4029,.T.);
#4290=FACE_BOUND('',#4030,.T.);
#4291=FACE_BOUND('',#4031,.T.);
#4292=FACE_BOUND('',#4032,.T.);
#4293=FACE_BOUND('',#4033,.T.);
#4294=FACE_BOUND('',#4034,.T.);
#4295=FACE_BOUND('',#4035,.T.);
#4296=FACE_BOUND('',#4036,.T.);
#4297=FACE_BOUND('',#4037,.T.);
#4298=FACE_BOUND('',#4038,.T.);
#4299=FACE_BOUND('',#4039,.T.);
#4300=FACE_BOUND('',#4040,.T.);
#4301=FACE_BOUND('',#4041,.T.);
#4302=FACE_BOUND('',#4042,.T.);
#4303=FACE_BOUND('',#4043,.T.);
#4304=FACE_BOUND('',#4044,.T.);
#4305=FACE_BOUND('',#4045,.T.);
#4306=FACE_BOUND('',#4046,.T.);
#4307=FACE_BOUND('',#4047,.T.);
#4308=FACE_BOUND('',#4048,.T.);
#4309=FACE_BOUND('',#4049,.T.);
#4310=FACE_BOUND('',#4050,.T.);
#4311=FACE_BOUND('',#4051,.T.);
#4312=FACE_BOUND('',#4052,.T.);
#4313=CYLINDRICAL_SURFACE('',#4743,0.00235);
#4314=CYLINDRICAL_SURFACE('',#4746,0.021);
#4315=CYLINDRICAL_SURFACE('',#4749,0.021);
#4316=CYLINDRICAL_SURFACE('',#4752,0.021);
#4317=CYLINDRICAL_SURFACE('',#4755,0.021);
#4318=CYLINDRICAL_SURFACE('',#4758,0.021);
#4319=CYLINDRICAL_SURFACE('',#4761,0.021);
#4320=CYLINDRICAL_SURFACE('',#4764,0.021);
#4321=CYLINDRICAL_SURFACE('',#4767,0.021);
#4322=CYLINDRICAL_SURFACE('',#4770,0.021);
#4323=CYLINDRICAL_SURFACE('',#4773,0.021);
#4324=CYLINDRICAL_SURFACE('',#4776,0.021);
#4325=CYLINDRICAL_SURFACE('',#4779,0.021);
#4326=CYLINDRICAL_SURFACE('',#4782,0.021);
#4327=CYLINDRICAL_SURFACE('',#4785,0.021);
#4328=CYLINDRICAL_SURFACE('',#4788,0.021);
#4329=CYLINDRICAL_SURFACE('',#4791,0.021);
#4330=CYLINDRICAL_SURFACE('',#4794,0.021);
#4331=CYLINDRICAL_SURFACE('',#4797,0.021);
#4332=CYLINDRICAL_SURFACE('',#4800,0.021);
#4333=CYLINDRICAL_SURFACE('',#4803,0.021);
#4334=CYLINDRICAL_SURFACE('',#4806,0.021);
#4335=CYLINDRICAL_SURFACE('',#4809,0.021);
#4336=CYLINDRICAL_SURFACE('',#4812,0.021);
#4337=CYLINDRICAL_SURFACE('',#4815,0.021);
#4338=CYLINDRICAL_SURFACE('',#4818,0.021);
#4339=CYLINDRICAL_SURFACE('',#4821,0.021);
#4340=CYLINDRICAL_SURFACE('',#4824,0.021);
#4341=CYLINDRICAL_SURFACE('',#4827,0.021);
#4342=CYLINDRICAL_SURFACE('',#4830,0.021);
#4343=CYLINDRICAL_SURFACE('',#4833,0.021);
#4344=CYLINDRICAL_SURFACE('',#4836,0.021);
#4345=CYLINDRICAL_SURFACE('',#4839,0.021);
#4346=CYLINDRICAL_SURFACE('',#4842,0.021);
#4347=CYLINDRICAL_SURFACE('',#4845,0.021);
#4348=CYLINDRICAL_SURFACE('',#4848,0.021);
#4349=CYLINDRICAL_SURFACE('',#4851,0.021);
#4350=CYLINDRICAL_SURFACE('',#4854,0.021);
#4351=CYLINDRICAL_SURFACE('',#4857,0.021);
#4352=CYLINDRICAL_SURFACE('',#4860,0.021);
#4353=CYLINDRICAL_SURFACE('',#4987,0.021);
#4354=CYLINDRICAL_SURFACE('',#5110,0.0187500000000081);
#4355=CYLINDRICAL_SURFACE('',#5111,0.0003540164800867);
#4356=CYLINDRICAL_SURFACE('',#5112,0.0003540164800867);
#4357=CYLINDRICAL_SURFACE('',#5113,0.0187500000000081);
#4358=CYLINDRICAL_SURFACE('',#5114,0.0003540164800867);
#4359=CYLINDRICAL_SURFACE('',#5115,0.0003540164800867);
#4360=CYLINDRICAL_SURFACE('',#5116,0.0187500000000081);
#4361=CYLINDRICAL_SURFACE('',#5117,0.0003540164800867);
#4362=CYLINDRICAL_SURFACE('',#5118,0.0003540164800867);
#4363=CYLINDRICAL_SURFACE('',#5119,0.0187500000000081);
#4364=CYLINDRICAL_SURFACE('',#5120,0.0003540164800867);
#4365=CYLINDRICAL_SURFACE('',#5121,0.0003540164800867);
#4366=CYLINDRICAL_SURFACE('',#5122,0.0187500000000081);
#4367=CYLINDRICAL_SURFACE('',#5123,0.0003540164800867);
#4368=CYLINDRICAL_SURFACE('',#5124,0.0003540164800867);
#4369=CYLINDRICAL_SURFACE('',#5125,0.0187500000000081);
#4370=CYLINDRICAL_SURFACE('',#5126,0.0003540164800867);
#4371=CYLINDRICAL_SURFACE('',#5127,0.0003540164800867);
#4372=CYLINDRICAL_SURFACE('',#5128,0.0187500000000081);
#4373=CYLINDRICAL_SURFACE('',#5129,0.0003540164800867);
#4374=CYLINDRICAL_SURFACE('',#5130,0.0003540164800867);
#4375=CYLINDRICAL_SURFACE('',#5131,0.0187500000000081);
#4376=CYLINDRICAL_SURFACE('',#5132,0.0003540164800867);
#4377=CYLINDRICAL_SURFACE('',#5133,0.0003540164800867);
#4378=CYLINDRICAL_SURFACE('',#5134,0.0187500000000081);
#4379=CYLINDRICAL_SURFACE('',#5135,0.0003540164800867);
#4380=CYLINDRICAL_SURFACE('',#5136,0.0003540164800867);
#4381=CYLINDRICAL_SURFACE('',#5137,0.0187500000000081);
#4382=CYLINDRICAL_SURFACE('',#5138,0.0003540164800867);
#4383=CYLINDRICAL_SURFACE('',#5139,0.0003540164800867);
#4384=CYLINDRICAL_SURFACE('',#5140,0.0187500000000081);
#4385=CYLINDRICAL_SURFACE('',#5141,0.0003540164800867);
#4386=CYLINDRICAL_SURFACE('',#5142,0.0003540164800867);
#4387=CYLINDRICAL_SURFACE('',#5143,0.0187500000000081);
#4388=CYLINDRICAL_SURFACE('',#5144,0.0003540164800867);
#4389=CYLINDRICAL_SURFACE('',#5145,0.0003540164800867);
#4390=CYLINDRICAL_SURFACE('',#5146,0.0187500000000081);
#4391=CYLINDRICAL_SURFACE('',#5147,0.0003540164800867);
#4392=CYLINDRICAL_SURFACE('',#5148,0.0003540164800867);
#4393=CYLINDRICAL_SURFACE('',#5149,0.0187500000000081);
#4394=CYLINDRICAL_SURFACE('',#5150,0.0003540164800867);
#4395=CYLINDRICAL_SURFACE('',#5151,0.0003540164800867);
#4396=CYLINDRICAL_SURFACE('',#5152,0.0187500000000081);
#4397=CYLINDRICAL_SURFACE('',#5153,0.0003540164800867);
#4398=CYLINDRICAL_SURFACE('',#5154,0.0003540164800867);
#4399=CYLINDRICAL_SURFACE('',#5155,0.0187500000000081);
#4400=CYLINDRICAL_SURFACE('',#5156,0.0003540164800867);
#4401=CYLINDRICAL_SURFACE('',#5157,0.0003540164800867);
#4402=CYLINDRICAL_SURFACE('',#5158,0.0187500000000081);
#4403=CYLINDRICAL_SURFACE('',#5159,0.0003540164800867);
#4404=CYLINDRICAL_SURFACE('',#5160,0.0003540164800867);
#4405=CYLINDRICAL_SURFACE('',#5161,0.0187500000000081);
#4406=CYLINDRICAL_SURFACE('',#5162,0.0003540164800867);
#4407=CYLINDRICAL_SURFACE('',#5163,0.0003540164800867);
#4408=CYLINDRICAL_SURFACE('',#5164,0.0187500000000081);
#4409=CYLINDRICAL_SURFACE('',#5165,0.0003540164800867);
#4410=CYLINDRICAL_SURFACE('',#5166,0.0003540164800867);
#4411=CYLINDRICAL_SURFACE('',#5167,0.0187500000000081);
#4412=CYLINDRICAL_SURFACE('',#5168,0.0003540164800867);
#4413=CYLINDRICAL_SURFACE('',#5169,0.0003540164800867);
#4414=CYLINDRICAL_SURFACE('',#5170,0.0187500000000081);
#4415=CYLINDRICAL_SURFACE('',#5171,0.0003540164800867);
#4416=CYLINDRICAL_SURFACE('',#5172,0.0003540164800867);
#4417=CYLINDRICAL_SURFACE('',#5173,0.0187500000000081);
#4418=CYLINDRICAL_SURFACE('',#5174,0.0003540164800867);
#4419=CYLINDRICAL_SURFACE('',#5175,0.0003540164800867);
#4420=CYLINDRICAL_SURFACE('',#5176,0.0187500000000081);
#4421=CYLINDRICAL_SURFACE('',#5177,0.0003540164800867);
#4422=CYLINDRICAL_SURFACE('',#5178,0.0003540164800867);
#4423=CYLINDRICAL_SURFACE('',#5179,0.0187500000000081);
#4424=CYLINDRICAL_SURFACE('',#5180,0.0003540164800867);
#4425=CYLINDRICAL_SURFACE('',#5181,0.0003540164800867);
#4426=CYLINDRICAL_SURFACE('',#5182,0.0187500000000081);
#4427=CYLINDRICAL_SURFACE('',#5183,0.0003540164800867);
#4428=CYLINDRICAL_SURFACE('',#5184,0.0003540164800867);
#4429=CYLINDRICAL_SURFACE('',#5185,0.0187500000000081);
#4430=CYLINDRICAL_SURFACE('',#5186,0.0003540164800867);
#4431=CYLINDRICAL_SURFACE('',#5187,0.0003540164800867);
#4432=CYLINDRICAL_SURFACE('',#5188,0.0187500000000081);
#4433=CYLINDRICAL_SURFACE('',#5189,0.0003540164800867);
#4434=CYLINDRICAL_SURFACE('',#5190,0.0003540164800867);
#4435=CYLINDRICAL_SURFACE('',#5191,0.0187500000000081);
#4436=CYLINDRICAL_SURFACE('',#5192,0.0003540164800867);
#4437=CYLINDRICAL_SURFACE('',#5193,0.0003540164800867);
#4438=CYLINDRICAL_SURFACE('',#5194,0.0187500000000081);
#4439=CYLINDRICAL_SURFACE('',#5195,0.0003540164800867);
#4440=CYLINDRICAL_SURFACE('',#5196,0.0003540164800867);
#4441=CYLINDRICAL_SURFACE('',#5197,0.0187500000000081);
#4442=CYLINDRICAL_SURFACE('',#5198,0.0003540164800867);
#4443=CYLINDRICAL_SURFACE('',#5199,0.0003540164800867);
#4444=CYLINDRICAL_SURFACE('',#5200,0.0187500000000081);
#4445=CYLINDRICAL_SURFACE('',#5201,0.0003540164800867);
#4446=CYLINDRICAL_SURFACE('',#5202,0.0003540164800867);
#4447=CYLINDRICAL_SURFACE('',#5203,0.0187500000000081);
#4448=CYLINDRICAL_SURFACE('',#5204,0.0003540164800867);
#4449=CYLINDRICAL_SURFACE('',#5205,0.0003540164800867);
#4450=CYLINDRICAL_SURFACE('',#5206,0.0187500000000081);
#4451=CYLINDRICAL_SURFACE('',#5207,0.0003540164800867);
#4452=CYLINDRICAL_SURFACE('',#5208,0.0003540164800867);
#4453=CYLINDRICAL_SURFACE('',#5209,0.0187500000000081);
#4454=CYLINDRICAL_SURFACE('',#5210,0.0003540164800867);
#4455=CYLINDRICAL_SURFACE('',#5211,0.0003540164800867);
#4456=CYLINDRICAL_SURFACE('',#5212,0.0187500000000081);
#4457=CYLINDRICAL_SURFACE('',#5213,0.0003540164800867);
#4458=CYLINDRICAL_SURFACE('',#5214,0.0003540164800867);
#4459=CYLINDRICAL_SURFACE('',#5215,0.0187500000000081);
#4460=CYLINDRICAL_SURFACE('',#5216,0.0003540164800867);
#4461=CYLINDRICAL_SURFACE('',#5217,0.0003540164800867);
#4462=CYLINDRICAL_SURFACE('',#5218,0.0187500000000081);
#4463=CYLINDRICAL_SURFACE('',#5219,0.0003540164800867);
#4464=CYLINDRICAL_SURFACE('',#5220,0.0003540164800867);
#4465=CYLINDRICAL_SURFACE('',#5221,0.0187500000000081);
#4466=CYLINDRICAL_SURFACE('',#5222,0.0003540164800867);
#4467=CYLINDRICAL_SURFACE('',#5223,0.0003540164800867);
#4468=CYLINDRICAL_SURFACE('',#5224,0.0187500000000081);
#4469=CYLINDRICAL_SURFACE('',#5225,0.0003540164800867);
#4470=CYLINDRICAL_SURFACE('',#5226,0.0003540164800867);
#4471=CYLINDRICAL_SURFACE('',#5227,0.0187500000000081);
#4472=CYLINDRICAL_SURFACE('',#5228,0.0003540164800867);
#4473=CYLINDRICAL_SURFACE('',#5229,0.0003540164800867);
#4474=CYLINDRICAL_SURFACE('',#5230,0.00355);
#4475=CYLINDRICAL_SURFACE('',#5233,0.00195);
#4476=CYLINDRICAL_SURFACE('',#5239,0.0004);
#4477=CYLINDRICAL_SURFACE('',#5242,0.0004);
#4478=ADVANCED_FACE('',(#4053,#4054),#4313,.F.);
#4479=ADVANCED_FACE('',(#4055),#4314,.T.);
#4480=ADVANCED_FACE('',(#4056),#4315,.T.);
#4481=ADVANCED_FACE('',(#4057),#4316,.T.);
#4482=ADVANCED_FACE('',(#4058),#4317,.T.);
#4483=ADVANCED_FACE('',(#4059),#4318,.T.);
#4484=ADVANCED_FACE('',(#4060),#4319,.T.);
#4485=ADVANCED_FACE('',(#4061),#4320,.T.);
#4486=ADVANCED_FACE('',(#4062),#4321,.T.);
#4487=ADVANCED_FACE('',(#4063),#4322,.T.);
#4488=ADVANCED_FACE('',(#4064),#4323,.T.);
#4489=ADVANCED_FACE('',(#4065),#4324,.T.);
#4490=ADVANCED_FACE('',(#4066),#4325,.T.);
#4491=ADVANCED_FACE('',(#4067),#4326,.T.);
#4492=ADVANCED_FACE('',(#4068),#4327,.T.);
#4493=ADVANCED_FACE('',(#4069),#4328,.T.);
#4494=ADVANCED_FACE('',(#4070),#4329,.T.);
#4495=ADVANCED_FACE('',(#4071),#4330,.T.);
#4496=ADVANCED_FACE('',(#4072),#4331,.T.);
#4497=ADVANCED_FACE('',(#4073),#4332,.T.);
#4498=ADVANCED_FACE('',(#4074),#4333,.T.);
#4499=ADVANCED_FACE('',(#4075),#4334,.T.);
#4500=ADVANCED_FACE('',(#4076),#4335,.T.);
#4501=ADVANCED_FACE('',(#4077),#4336,.T.);
#4502=ADVANCED_FACE('',(#4078),#4337,.T.);
#4503=ADVANCED_FACE('',(#4079),#4338,.T.);
#4504=ADVANCED_FACE('',(#4080),#4339,.T.);
#4505=ADVANCED_FACE('',(#4081),#4340,.T.);
#4506=ADVANCED_FACE('',(#4082),#4341,.T.);
#4507=ADVANCED_FACE('',(#4083),#4342,.T.);
#4508=ADVANCED_FACE('',(#4084),#4343,.T.);
#4509=ADVANCED_FACE('',(#4085),#4344,.T.);
#4510=ADVANCED_FACE('',(#4086),#4345,.T.);
#4511=ADVANCED_FACE('',(#4087),#4346,.T.);
#4512=ADVANCED_FACE('',(#4088),#4347,.T.);
#4513=ADVANCED_FACE('',(#4089),#4348,.T.);
#4514=ADVANCED_FACE('',(#4090),#4349,.T.);
#4515=ADVANCED_FACE('',(#4091),#4350,.T.);
#4516=ADVANCED_FACE('',(#4092),#4351,.T.);
#4517=ADVANCED_FACE('',(#4093),#4352,.T.);
#4518=ADVANCED_FACE('',(#4094,#4095),#252,.T.);
#4519=ADVANCED_FACE('',(#4096),#4353,.T.);
#4520=ADVANCED_FACE('',(#4097,#4098),#253,.F.);
#4521=ADVANCED_FACE('',(#4099),#12,.T.);
#4522=ADVANCED_FACE('',(#4100),#13,.F.);
#4523=ADVANCED_FACE('',(#4101),#4354,.T.);
#4524=ADVANCED_FACE('',(#4102),#4355,.F.);
#4525=ADVANCED_FACE('',(#4103),#4356,.F.);
#4526=ADVANCED_FACE('',(#4104),#14,.T.);
#4527=ADVANCED_FACE('',(#4105),#15,.F.);
#4528=ADVANCED_FACE('',(#4106),#4357,.T.);
#4529=ADVANCED_FACE('',(#4107),#4358,.F.);
#4530=ADVANCED_FACE('',(#4108),#4359,.F.);
#4531=ADVANCED_FACE('',(#4109),#16,.T.);
#4532=ADVANCED_FACE('',(#4110),#17,.F.);
#4533=ADVANCED_FACE('',(#4111),#4360,.T.);
#4534=ADVANCED_FACE('',(#4112),#4361,.F.);
#4535=ADVANCED_FACE('',(#4113),#4362,.F.);
#4536=ADVANCED_FACE('',(#4114),#18,.T.);
#4537=ADVANCED_FACE('',(#4115),#19,.F.);
#4538=ADVANCED_FACE('',(#4116),#4363,.T.);
#4539=ADVANCED_FACE('',(#4117),#4364,.F.);
#4540=ADVANCED_FACE('',(#4118),#4365,.F.);
#4541=ADVANCED_FACE('',(#4119),#20,.T.);
#4542=ADVANCED_FACE('',(#4120),#21,.F.);
#4543=ADVANCED_FACE('',(#4121),#4366,.T.);
#4544=ADVANCED_FACE('',(#4122),#4367,.F.);
#4545=ADVANCED_FACE('',(#4123),#4368,.F.);
#4546=ADVANCED_FACE('',(#4124),#22,.T.);
#4547=ADVANCED_FACE('',(#4125),#23,.F.);
#4548=ADVANCED_FACE('',(#4126),#4369,.T.);
#4549=ADVANCED_FACE('',(#4127),#4370,.F.);
#4550=ADVANCED_FACE('',(#4128),#4371,.F.);
#4551=ADVANCED_FACE('',(#4129),#24,.T.);
#4552=ADVANCED_FACE('',(#4130),#25,.F.);
#4553=ADVANCED_FACE('',(#4131),#4372,.T.);
#4554=ADVANCED_FACE('',(#4132),#4373,.F.);
#4555=ADVANCED_FACE('',(#4133),#4374,.F.);
#4556=ADVANCED_FACE('',(#4134),#26,.T.);
#4557=ADVANCED_FACE('',(#4135),#27,.F.);
#4558=ADVANCED_FACE('',(#4136),#4375,.T.);
#4559=ADVANCED_FACE('',(#4137),#4376,.F.);
#4560=ADVANCED_FACE('',(#4138),#4377,.F.);
#4561=ADVANCED_FACE('',(#4139),#28,.T.);
#4562=ADVANCED_FACE('',(#4140),#29,.F.);
#4563=ADVANCED_FACE('',(#4141),#4378,.T.);
#4564=ADVANCED_FACE('',(#4142),#4379,.F.);
#4565=ADVANCED_FACE('',(#4143),#4380,.F.);
#4566=ADVANCED_FACE('',(#4144),#30,.T.);
#4567=ADVANCED_FACE('',(#4145),#31,.F.);
#4568=ADVANCED_FACE('',(#4146),#4381,.T.);
#4569=ADVANCED_FACE('',(#4147),#4382,.F.);
#4570=ADVANCED_FACE('',(#4148),#4383,.F.);
#4571=ADVANCED_FACE('',(#4149),#32,.T.);
#4572=ADVANCED_FACE('',(#4150),#33,.F.);
#4573=ADVANCED_FACE('',(#4151),#4384,.T.);
#4574=ADVANCED_FACE('',(#4152),#4385,.F.);
#4575=ADVANCED_FACE('',(#4153),#4386,.F.);
#4576=ADVANCED_FACE('',(#4154),#34,.T.);
#4577=ADVANCED_FACE('',(#4155),#35,.F.);
#4578=ADVANCED_FACE('',(#4156),#4387,.T.);
#4579=ADVANCED_FACE('',(#4157),#4388,.F.);
#4580=ADVANCED_FACE('',(#4158),#4389,.F.);
#4581=ADVANCED_FACE('',(#4159),#36,.T.);
#4582=ADVANCED_FACE('',(#4160),#37,.F.);
#4583=ADVANCED_FACE('',(#4161),#4390,.T.);
#4584=ADVANCED_FACE('',(#4162),#4391,.F.);
#4585=ADVANCED_FACE('',(#4163),#4392,.F.);
#4586=ADVANCED_FACE('',(#4164),#38,.T.);
#4587=ADVANCED_FACE('',(#4165),#39,.F.);
#4588=ADVANCED_FACE('',(#4166),#4393,.T.);
#4589=ADVANCED_FACE('',(#4167),#4394,.F.);
#4590=ADVANCED_FACE('',(#4168),#4395,.F.);
#4591=ADVANCED_FACE('',(#4169),#40,.T.);
#4592=ADVANCED_FACE('',(#4170),#41,.F.);
#4593=ADVANCED_FACE('',(#4171),#4396,.T.);
#4594=ADVANCED_FACE('',(#4172),#4397,.F.);
#4595=ADVANCED_FACE('',(#4173),#4398,.F.);
#4596=ADVANCED_FACE('',(#4174),#42,.T.);
#4597=ADVANCED_FACE('',(#4175),#43,.F.);
#4598=ADVANCED_FACE('',(#4176),#4399,.T.);
#4599=ADVANCED_FACE('',(#4177),#4400,.F.);
#4600=ADVANCED_FACE('',(#4178),#4401,.F.);
#4601=ADVANCED_FACE('',(#4179),#44,.T.);
#4602=ADVANCED_FACE('',(#4180),#45,.F.);
#4603=ADVANCED_FACE('',(#4181),#4402,.T.);
#4604=ADVANCED_FACE('',(#4182),#4403,.F.);
#4605=ADVANCED_FACE('',(#4183),#4404,.F.);
#4606=ADVANCED_FACE('',(#4184),#46,.T.);
#4607=ADVANCED_FACE('',(#4185),#47,.F.);
#4608=ADVANCED_FACE('',(#4186),#4405,.T.);
#4609=ADVANCED_FACE('',(#4187),#4406,.F.);
#4610=ADVANCED_FACE('',(#4188),#4407,.F.);
#4611=ADVANCED_FACE('',(#4189),#48,.T.);
#4612=ADVANCED_FACE('',(#4190),#49,.F.);
#4613=ADVANCED_FACE('',(#4191),#4408,.T.);
#4614=ADVANCED_FACE('',(#4192),#4409,.F.);
#4615=ADVANCED_FACE('',(#4193),#4410,.F.);
#4616=ADVANCED_FACE('',(#4194),#50,.T.);
#4617=ADVANCED_FACE('',(#4195),#51,.F.);
#4618=ADVANCED_FACE('',(#4196),#4411,.T.);
#4619=ADVANCED_FACE('',(#4197),#4412,.F.);
#4620=ADVANCED_FACE('',(#4198),#4413,.F.);
#4621=ADVANCED_FACE('',(#4199),#52,.T.);
#4622=ADVANCED_FACE('',(#4200),#53,.F.);
#4623=ADVANCED_FACE('',(#4201),#4414,.T.);
#4624=ADVANCED_FACE('',(#4202),#4415,.F.);
#4625=ADVANCED_FACE('',(#4203),#4416,.F.);
#4626=ADVANCED_FACE('',(#4204),#54,.T.);
#4627=ADVANCED_FACE('',(#4205),#55,.F.);
#4628=ADVANCED_FACE('',(#4206),#4417,.T.);
#4629=ADVANCED_FACE('',(#4207),#4418,.F.);
#4630=ADVANCED_FACE('',(#4208),#4419,.F.);
#4631=ADVANCED_FACE('',(#4209),#56,.T.);
#4632=ADVANCED_FACE('',(#4210),#57,.F.);
#4633=ADVANCED_FACE('',(#4211),#4420,.T.);
#4634=ADVANCED_FACE('',(#4212),#4421,.F.);
#4635=ADVANCED_FACE('',(#4213),#4422,.F.);
#4636=ADVANCED_FACE('',(#4214),#58,.T.);
#4637=ADVANCED_FACE('',(#4215),#59,.F.);
#4638=ADVANCED_FACE('',(#4216),#4423,.T.);
#4639=ADVANCED_FACE('',(#4217),#4424,.F.);
#4640=ADVANCED_FACE('',(#4218),#4425,.F.);
#4641=ADVANCED_FACE('',(#4219),#60,.T.);
#4642=ADVANCED_FACE('',(#4220),#61,.F.);
#4643=ADVANCED_FACE('',(#4221),#4426,.T.);
#4644=ADVANCED_FACE('',(#4222),#4427,.F.);
#4645=ADVANCED_FACE('',(#4223),#4428,.F.);
#4646=ADVANCED_FACE('',(#4224),#62,.T.);
#4647=ADVANCED_FACE('',(#4225),#63,.F.);
#4648=ADVANCED_FACE('',(#4226),#4429,.T.);
#4649=ADVANCED_FACE('',(#4227),#4430,.F.);
#4650=ADVANCED_FACE('',(#4228),#4431,.F.);
#4651=ADVANCED_FACE('',(#4229),#64,.T.);
#4652=ADVANCED_FACE('',(#4230),#65,.F.);
#4653=ADVANCED_FACE('',(#4231),#4432,.T.);
#4654=ADVANCED_FACE('',(#4232),#4433,.F.);
#4655=ADVANCED_FACE('',(#4233),#4434,.F.);
#4656=ADVANCED_FACE('',(#4234),#66,.T.);
#4657=ADVANCED_FACE('',(#4235),#67,.F.);
#4658=ADVANCED_FACE('',(#4236),#4435,.T.);
#4659=ADVANCED_FACE('',(#4237),#4436,.F.);
#4660=ADVANCED_FACE('',(#4238),#4437,.F.);
#4661=ADVANCED_FACE('',(#4239),#68,.T.);
#4662=ADVANCED_FACE('',(#4240),#69,.F.);
#4663=ADVANCED_FACE('',(#4241),#4438,.T.);
#4664=ADVANCED_FACE('',(#4242),#4439,.F.);
#4665=ADVANCED_FACE('',(#4243),#4440,.F.);
#4666=ADVANCED_FACE('',(#4244),#70,.T.);
#4667=ADVANCED_FACE('',(#4245),#71,.F.);
#4668=ADVANCED_FACE('',(#4246),#4441,.T.);
#4669=ADVANCED_FACE('',(#4247),#4442,.F.);
#4670=ADVANCED_FACE('',(#4248),#4443,.F.);
#4671=ADVANCED_FACE('',(#4249),#72,.T.);
#4672=ADVANCED_FACE('',(#4250),#73,.F.);
#4673=ADVANCED_FACE('',(#4251),#4444,.T.);
#4674=ADVANCED_FACE('',(#4252),#4445,.F.);
#4675=ADVANCED_FACE('',(#4253),#4446,.F.);
#4676=ADVANCED_FACE('',(#4254),#74,.T.);
#4677=ADVANCED_FACE('',(#4255),#75,.F.);
#4678=ADVANCED_FACE('',(#4256),#4447,.T.);
#4679=ADVANCED_FACE('',(#4257),#4448,.F.);
#4680=ADVANCED_FACE('',(#4258),#4449,.F.);
#4681=ADVANCED_FACE('',(#4259),#76,.T.);
#4682=ADVANCED_FACE('',(#4260),#77,.F.);
#4683=ADVANCED_FACE('',(#4261),#4450,.T.);
#4684=ADVANCED_FACE('',(#4262),#4451,.F.);
#4685=ADVANCED_FACE('',(#4263),#4452,.F.);
#4686=ADVANCED_FACE('',(#4264),#78,.T.);
#4687=ADVANCED_FACE('',(#4265),#79,.F.);
#4688=ADVANCED_FACE('',(#4266),#4453,.T.);
#4689=ADVANCED_FACE('',(#4267),#4454,.F.);
#4690=ADVANCED_FACE('',(#4268),#4455,.F.);
#4691=ADVANCED_FACE('',(#4269),#80,.T.);
#4692=ADVANCED_FACE('',(#4270),#81,.F.);
#4693=ADVANCED_FACE('',(#4271),#4456,.T.);
#4694=ADVANCED_FACE('',(#4272),#4457,.F.);
#4695=ADVANCED_FACE('',(#4273),#4458,.F.);
#4696=ADVANCED_FACE('',(#4274),#82,.T.);
#4697=ADVANCED_FACE('',(#4275),#83,.F.);
#4698=ADVANCED_FACE('',(#4276),#4459,.T.);
#4699=ADVANCED_FACE('',(#4277),#4460,.F.);
#4700=ADVANCED_FACE('',(#4278),#4461,.F.);
#4701=ADVANCED_FACE('',(#4279),#84,.T.);
#4702=ADVANCED_FACE('',(#4280),#85,.F.);
#4703=ADVANCED_FACE('',(#4281),#4462,.T.);
#4704=ADVANCED_FACE('',(#4282),#4463,.F.);
#4705=ADVANCED_FACE('',(#4283),#4464,.F.);
#4706=ADVANCED_FACE('',(#4284),#86,.T.);
#4707=ADVANCED_FACE('',(#4285),#87,.F.);
#4708=ADVANCED_FACE('',(#4286),#4465,.T.);
#4709=ADVANCED_FACE('',(#4287),#4466,.F.);
#4710=ADVANCED_FACE('',(#4288),#4467,.F.);
#4711=ADVANCED_FACE('',(#4289),#88,.T.);
#4712=ADVANCED_FACE('',(#4290),#89,.F.);
#4713=ADVANCED_FACE('',(#4291),#4468,.T.);
#4714=ADVANCED_FACE('',(#4292),#4469,.F.);
#4715=ADVANCED_FACE('',(#4293),#4470,.F.);
#4716=ADVANCED_FACE('',(#4294),#90,.T.);
#4717=ADVANCED_FACE('',(#4295),#91,.F.);
#4718=ADVANCED_FACE('',(#4296),#4471,.T.);
#4719=ADVANCED_FACE('',(#4297),#4472,.F.);
#4720=ADVANCED_FACE('',(#4298),#4473,.F.);
#4721=ADVANCED_FACE('',(#4299),#4474,.F.);
#4722=ADVANCED_FACE('',(#4300),#254,.F.);
#4723=ADVANCED_FACE('',(#4301),#4475,.F.);
#4724=ADVANCED_FACE('',(#4302),#255,.F.);
#4725=ADVANCED_FACE('',(#4303,#4304,#4305,#4306),#256,.T.);
#4726=ADVANCED_FACE('',(#4307,#4308),#4476,.T.);
#4727=ADVANCED_FACE('',(#4309),#257,.T.);
#4728=ADVANCED_FACE('',(#4310,#4311),#4477,.T.);
#4729=ADVANCED_FACE('',(#4312),#258,.T.);
#4730=CLOSED_SHELL('',(#4478,#4479,#4480,#4481,#4482,#4483,#4484,#4485,#4486,#4487,#4488,#4489,#4490,#4491,#4492,#4493,#4494,#4495,#4496,#4497,#4498,#4499,#4500,#4501,#4502,#4503,#4504,#4505,#4506,#4507,#4508,#4509,#4510,#4511,#4512,#4513,#4514,#4515,#4516,#4517,#4518,#4519,#4520,#4521,#4522,#4523,#4524,#4525,#4526,#4527,#4528,#4529,#4530,#4531,#4532,#4533,#4534,#4535,#4536,#4537,#4538,#4539,#4540,#4541,#4542,#4543,#4544,#4545,#4546,#4547,#4548,#4549,#4550,#4551,#4552,#4553,#4554,#4555,#4556,#4557,#4558,#4559,#4560,#4561,#4562,#4563,#4564,#4565,#4566,#4567,#4568,#4569,#4570,#4571,#4572,#4573,#4574,#4575,#4576,#4577,#4578,#4579,#4580,#4581,#4582,#4583,#4584,#4585,#4586,#4587,#4588,#4589,#4590,#4591,#4592,#4593,#4594,#4595,#4596,#4597,#4598,#4599,#4600,#4601,#4602,#4603,#4604,#4605,#4606,#4607,#4608,#4609,#4610,#4611,#4612,#4613,#4614,#4615,#4616,#4617,#4618,#4619,#4620,#4621,#4622,#4623,#4624,#4625,#4626,#4627,#4628,#4629,#4630,#4631,#4632,#4633,#4634,#4635,#4636,#4637,#4638,#4639,#4640,#4641,#4642,#4643,#4644,#4645,#4646,#4647,#4648,#4649,#4650,#4651,#4652,#4653,#4654,#4655,#4656,#4657,#4658,#4659,#4660,#4661,#4662,#4663,#4664,#4665,#4666,#4667,#4668,#4669,#4670,#4671,#4672,#4673,#4674,#4675,#4676,#4677,#4678,#4679,#4680,#4681,#4682,#4683,#4684,#4685,#4686,#4687,#4688,#4689,#4690,#4691,#4692,#4693,#4694,#4695,#4696,#4697,#4698,#4699,#4700,#4701,#4702,#4703,#4704,#4705,#4706,#4707,#4708,#4709,#4710,#4711,#4712,#4713,#4714,#4715,#4716,#4717,#4718,#4719,#4720,#4721,#4722,#4723,#4724,#4725,#4726,#4727,#4728,#4729));
#4731=STYLED_ITEM('',(#4732),#4739);
#4732=PRESENTATION_STYLE_ASSIGNMENT((#4733));
#4733=SURFACE_STYLE_USAGE(.BOTH.,#4734);
#4734=SURFACE_SIDE_STYLE('',(#4735));
#4735=SURFACE_STYLE_FILL_AREA(#4736);
#4736=FILL_AREA_STYLE('',(#4737));
#4737=FILL_AREA_STYLE_COLOUR('',#4738);
#4738=COLOUR_RGB('',0.909803921568627,0.572549019607843,0.164705882352941);
#4739=MANIFOLD_SOLID_BREP('Spur gear (40 teeth)',#4730);
#4740=SHAPE_DEFINITION_REPRESENTATION(#12870,#4741);
#4741=SHAPE_REPRESENTATION('Spur gear (40 teeth)',(#4742),#12865);
#4742=AXIS2_PLACEMENT_3D('',#6499,#5245,#5246);
#4743=AXIS2_PLACEMENT_3D('',#6500,#5247,#5248);
#4744=AXIS2_PLACEMENT_3D('',#6501,#5249,#5250);
#4745=AXIS2_PLACEMENT_3D('',#6503,#5251,#5252);
#4746=AXIS2_PLACEMENT_3D('',#6505,#5253,#5254);
#4747=AXIS2_PLACEMENT_3D('',#6509,#5256,#5257);
#4748=AXIS2_PLACEMENT_3D('',#6513,#5259,#5260);
#4749=AXIS2_PLACEMENT_3D('',#6514,#5261,#5262);
#4750=AXIS2_PLACEMENT_3D('',#6515,#5263,#5264);
#4751=AXIS2_PLACEMENT_3D('',#6520,#5266,#5267);
#4752=AXIS2_PLACEMENT_3D('',#6523,#5269,#5270);
#4753=AXIS2_PLACEMENT_3D('',#6524,#5271,#5272);
#4754=AXIS2_PLACEMENT_3D('',#6529,#5274,#5275);
#4755=AXIS2_PLACEMENT_3D('',#6532,#5277,#5278);
#4756=AXIS2_PLACEMENT_3D('',#6533,#5279,#5280);
#4757=AXIS2_PLACEMENT_3D('',#6538,#5282,#5283);
#4758=AXIS2_PLACEMENT_3D('',#6541,#5285,#5286);
#4759=AXIS2_PLACEMENT_3D('',#6542,#5287,#5288);
#4760=AXIS2_PLACEMENT_3D('',#6547,#5290,#5291);
#4761=AXIS2_PLACEMENT_3D('',#6550,#5293,#5294);
#4762=AXIS2_PLACEMENT_3D('',#6551,#5295,#5296);
#4763=AXIS2_PLACEMENT_3D('',#6556,#5298,#5299);
#4764=AXIS2_PLACEMENT_3D('',#6559,#5301,#5302);
#4765=AXIS2_PLACEMENT_3D('',#6560,#5303,#5304);
#4766=AXIS2_PLACEMENT_3D('',#6565,#5306,#5307);
#4767=AXIS2_PLACEMENT_3D('',#6568,#5309,#5310);
#4768=AXIS2_PLACEMENT_3D('',#6569,#5311,#5312);
#4769=AXIS2_PLACEMENT_3D('',#6574,#5314,#5315);
#4770=AXIS2_PLACEMENT_3D('',#6577,#5317,#5318);
#4771=AXIS2_PLACEMENT_3D('',#6581,#5320,#5321);
#4772=AXIS2_PLACEMENT_3D('',#6585,#5323,#5324);
#4773=AXIS2_PLACEMENT_3D('',#6586,#5325,#5326);
#4774=AXIS2_PLACEMENT_3D('',#6587,#5327,#5328);
#4775=AXIS2_PLACEMENT_3D('',#6592,#5330,#5331);
#4776=AXIS2_PLACEMENT_3D('',#6595,#5333,#5334);
#4777=AXIS2_PLACEMENT_3D('',#6596,#5335,#5336);
#4778=AXIS2_PLACEMENT_3D('',#6601,#5338,#5339);
#4779=AXIS2_PLACEMENT_3D('',#6604,#5341,#5342);
#4780=AXIS2_PLACEMENT_3D('',#6605,#5343,#5344);
#4781=AXIS2_PLACEMENT_3D('',#6610,#5346,#5347);
#4782=AXIS2_PLACEMENT_3D('',#6613,#5349,#5350);
#4783=AXIS2_PLACEMENT_3D('',#6614,#5351,#5352);
#4784=AXIS2_PLACEMENT_3D('',#6619,#5354,#5355);
#4785=AXIS2_PLACEMENT_3D('',#6622,#5357,#5358);
#4786=AXIS2_PLACEMENT_3D('',#6623,#5359,#5360);
#4787=AXIS2_PLACEMENT_3D('',#6628,#5362,#5363);
#4788=AXIS2_PLACEMENT_3D('',#6631,#5365,#5366);
#4789=AXIS2_PLACEMENT_3D('',#6632,#5367,#5368);
#4790=AXIS2_PLACEMENT_3D('',#6637,#5370,#5371);
#4791=AXIS2_PLACEMENT_3D('',#6640,#5373,#5374);
#4792=AXIS2_PLACEMENT_3D('',#6641,#5375,#5376);
#4793=AXIS2_PLACEMENT_3D('',#6646,#5378,#5379);
#4794=AXIS2_PLACEMENT_3D('',#6649,#5381,#5382);
#4795=AXIS2_PLACEMENT_3D('',#6653,#5384,#5385);
#4796=AXIS2_PLACEMENT_3D('',#6657,#5387,#5388);
#4797=AXIS2_PLACEMENT_3D('',#6658,#5389,#5390);
#4798=AXIS2_PLACEMENT_3D('',#6659,#5391,#5392);
#4799=AXIS2_PLACEMENT_3D('',#6664,#5394,#5395);
#4800=AXIS2_PLACEMENT_3D('',#6667,#5397,#5398);
#4801=AXIS2_PLACEMENT_3D('',#6671,#5400,#5401);
#4802=AXIS2_PLACEMENT_3D('',#6675,#5403,#5404);
#4803=AXIS2_PLACEMENT_3D('',#6676,#5405,#5406);
#4804=AXIS2_PLACEMENT_3D('',#6677,#5407,#5408);
#4805=AXIS2_PLACEMENT_3D('',#6682,#5410,#5411);
#4806=AXIS2_PLACEMENT_3D('',#6685,#5413,#5414);
#4807=AXIS2_PLACEMENT_3D('',#6689,#5416,#5417);
#4808=AXIS2_PLACEMENT_3D('',#6693,#5419,#5420);
#4809=AXIS2_PLACEMENT_3D('',#6694,#5421,#5422);
#4810=AXIS2_PLACEMENT_3D('',#6698,#5424,#5425);
#4811=AXIS2_PLACEMENT_3D('',#6702,#5427,#5428);
#4812=AXIS2_PLACEMENT_3D('',#6703,#5429,#5430);
#4813=AXIS2_PLACEMENT_3D('',#6707,#5432,#5433);
#4814=AXIS2_PLACEMENT_3D('',#6711,#5435,#5436);
#4815=AXIS2_PLACEMENT_3D('',#6712,#5437,#5438);
#4816=AXIS2_PLACEMENT_3D('',#6716,#5440,#5441);
#4817=AXIS2_PLACEMENT_3D('',#6720,#5443,#5444);
#4818=AXIS2_PLACEMENT_3D('',#6721,#5445,#5446);
#4819=AXIS2_PLACEMENT_3D('',#6725,#5448,#5449);
#4820=AXIS2_PLACEMENT_3D('',#6729,#5451,#5452);
#4821=AXIS2_PLACEMENT_3D('',#6730,#5453,#5454);
#4822=AXIS2_PLACEMENT_3D('',#6731,#5455,#5456);
#4823=AXIS2_PLACEMENT_3D('',#6736,#5458,#5459);
#4824=AXIS2_PLACEMENT_3D('',#6739,#5461,#5462);
#4825=AXIS2_PLACEMENT_3D('',#6740,#5463,#5464);
#4826=AXIS2_PLACEMENT_3D('',#6745,#5466,#5467);
#4827=AXIS2_PLACEMENT_3D('',#6748,#5469,#5470);
#4828=AXIS2_PLACEMENT_3D('',#6749,#5471,#5472);
#4829=AXIS2_PLACEMENT_3D('',#6754,#5474,#5475);
#4830=AXIS2_PLACEMENT_3D('',#6757,#5477,#5478);
#4831=AXIS2_PLACEMENT_3D('',#6761,#5480,#5481);
#4832=AXIS2_PLACEMENT_3D('',#6765,#5483,#5484);
#4833=AXIS2_PLACEMENT_3D('',#6766,#5485,#5486);
#4834=AXIS2_PLACEMENT_3D('',#6767,#5487,#5488);
#4835=AXIS2_PLACEMENT_3D('',#6772,#5490,#5491);
#4836=AXIS2_PLACEMENT_3D('',#6775,#5493,#5494);
#4837=AXIS2_PLACEMENT_3D('',#6776,#5495,#5496);
#4838=AXIS2_PLACEMENT_3D('',#6781,#5498,#5499);
#4839=AXIS2_PLACEMENT_3D('',#6784,#5501,#5502);
#4840=AXIS2_PLACEMENT_3D('',#6785,#5503,#5504);
#4841=AXIS2_PLACEMENT_3D('',#6790,#5506,#5507);
#4842=AXIS2_PLACEMENT_3D('',#6793,#5509,#5510);
#4843=AXIS2_PLACEMENT_3D('',#6797,#5512,#5513);
#4844=AXIS2_PLACEMENT_3D('',#6801,#5515,#5516);
#4845=AXIS2_PLACEMENT_3D('',#6802,#5517,#5518);
#4846=AXIS2_PLACEMENT_3D('',#6803,#5519,#5520);
#4847=AXIS2_PLACEMENT_3D('',#6808,#5522,#5523);
#4848=AXIS2_PLACEMENT_3D('',#6811,#5525,#5526);
#4849=AXIS2_PLACEMENT_3D('',#6815,#5528,#5529);
#4850=AXIS2_PLACEMENT_3D('',#6819,#5531,#5532);
#4851=AXIS2_PLACEMENT_3D('',#6820,#5533,#5534);
#4852=AXIS2_PLACEMENT_3D('',#6821,#5535,#5536);
#4853=AXIS2_PLACEMENT_3D('',#6826,#5538,#5539);
#4854=AXIS2_PLACEMENT_3D('',#6829,#5541,#5542);
#4855=AXIS2_PLACEMENT_3D('',#6830,#5543,#5544);
#4856=AXIS2_PLACEMENT_3D('',#6835,#5546,#5547);
#4857=AXIS2_PLACEMENT_3D('',#6838,#5549,#5550);
#4858=AXIS2_PLACEMENT_3D('',#6839,#5551,#5552);
#4859=AXIS2_PLACEMENT_3D('',#6844,#5554,#5555);
#4860=AXIS2_PLACEMENT_3D('',#6847,#5557,#5558);
#4861=AXIS2_PLACEMENT_3D('',#6848,#5559,#5560);
#4862=AXIS2_PLACEMENT_3D('',#6853,#5562,#5563);
#4863=AXIS2_PLACEMENT_3D('',#6856,#5565,#5566);
#4864=AXIS2_PLACEMENT_3D('',#6857,#5567,#5568);
#4865=AXIS2_PLACEMENT_3D('',#6862,#5570,#5571);
#4866=AXIS2_PLACEMENT_3D('',#6865,#5573,#5574);
#4867=AXIS2_PLACEMENT_3D('',#6925,#5575,#5576);
#4868=AXIS2_PLACEMENT_3D('',#6927,#5577,#5578);
#4869=AXIS2_PLACEMENT_3D('',#6929,#5579,#5580);
#4870=AXIS2_PLACEMENT_3D('',#6988,#5581,#5582);
#4871=AXIS2_PLACEMENT_3D('',#6990,#5583,#5584);
#4872=AXIS2_PLACEMENT_3D('',#6992,#5585,#5586);
#4873=AXIS2_PLACEMENT_3D('',#7051,#5587,#5588);
#4874=AXIS2_PLACEMENT_3D('',#7053,#5589,#5590);
#4875=AXIS2_PLACEMENT_3D('',#7055,#5591,#5592);
#4876=AXIS2_PLACEMENT_3D('',#7114,#5593,#5594);
#4877=AXIS2_PLACEMENT_3D('',#7116,#5595,#5596);
#4878=AXIS2_PLACEMENT_3D('',#7118,#5597,#5598);
#4879=AXIS2_PLACEMENT_3D('',#7177,#5599,#5600);
#4880=AXIS2_PLACEMENT_3D('',#7179,#5601,#5602);
#4881=AXIS2_PLACEMENT_3D('',#7181,#5603,#5604);
#4882=AXIS2_PLACEMENT_3D('',#7240,#5605,#5606);
#4883=AXIS2_PLACEMENT_3D('',#7242,#5607,#5608);
#4884=AXIS2_PLACEMENT_3D('',#7244,#5609,#5610);
#4885=AXIS2_PLACEMENT_3D('',#7303,#5611,#5612);
#4886=AXIS2_PLACEMENT_3D('',#7305,#5613,#5614);
#4887=AXIS2_PLACEMENT_3D('',#7307,#5615,#5616);
#4888=AXIS2_PLACEMENT_3D('',#7366,#5617,#5618);
#4889=AXIS2_PLACEMENT_3D('',#7368,#5619,#5620);
#4890=AXIS2_PLACEMENT_3D('',#7370,#5621,#5622);
#4891=AXIS2_PLACEMENT_3D('',#7429,#5623,#5624);
#4892=AXIS2_PLACEMENT_3D('',#7431,#5625,#5626);
#4893=AXIS2_PLACEMENT_3D('',#7433,#5627,#5628);
#4894=AXIS2_PLACEMENT_3D('',#7492,#5629,#5630);
#4895=AXIS2_PLACEMENT_3D('',#7494,#5631,#5632);
#4896=AXIS2_PLACEMENT_3D('',#7496,#5633,#5634);
#4897=AXIS2_PLACEMENT_3D('',#7555,#5635,#5636);
#4898=AXIS2_PLACEMENT_3D('',#7557,#5637,#5638);
#4899=AXIS2_PLACEMENT_3D('',#7559,#5639,#5640);
#4900=AXIS2_PLACEMENT_3D('',#7618,#5641,#5642);
#4901=AXIS2_PLACEMENT_3D('',#7620,#5643,#5644);
#4902=AXIS2_PLACEMENT_3D('',#7622,#5645,#5646);
#4903=AXIS2_PLACEMENT_3D('',#7681,#5647,#5648);
#4904=AXIS2_PLACEMENT_3D('',#7683,#5649,#5650);
#4905=AXIS2_PLACEMENT_3D('',#7685,#5651,#5652);
#4906=AXIS2_PLACEMENT_3D('',#7744,#5653,#5654);
#4907=AXIS2_PLACEMENT_3D('',#7746,#5655,#5656);
#4908=AXIS2_PLACEMENT_3D('',#7748,#5657,#5658);
#4909=AXIS2_PLACEMENT_3D('',#7807,#5659,#5660);
#4910=AXIS2_PLACEMENT_3D('',#7809,#5661,#5662);
#4911=AXIS2_PLACEMENT_3D('',#7811,#5663,#5664);
#4912=AXIS2_PLACEMENT_3D('',#7870,#5665,#5666);
#4913=AXIS2_PLACEMENT_3D('',#7872,#5667,#5668);
#4914=AXIS2_PLACEMENT_3D('',#7874,#5669,#5670);
#4915=AXIS2_PLACEMENT_3D('',#7933,#5671,#5672);
#4916=AXIS2_PLACEMENT_3D('',#7935,#5673,#5674);
#4917=AXIS2_PLACEMENT_3D('',#7937,#5675,#5676);
#4918=AXIS2_PLACEMENT_3D('',#7996,#5677,#5678);
#4919=AXIS2_PLACEMENT_3D('',#7998,#5679,#5680);
#4920=AXIS2_PLACEMENT_3D('',#8000,#5681,#5682);
#4921=AXIS2_PLACEMENT_3D('',#8059,#5683,#5684);
#4922=AXIS2_PLACEMENT_3D('',#8061,#5685,#5686);
#4923=AXIS2_PLACEMENT_3D('',#8063,#5687,#5688);
#4924=AXIS2_PLACEMENT_3D('',#8122,#5689,#5690);
#4925=AXIS2_PLACEMENT_3D('',#8124,#5691,#5692);
#4926=AXIS2_PLACEMENT_3D('',#8126,#5693,#5694);
#4927=AXIS2_PLACEMENT_3D('',#8185,#5695,#5696);
#4928=AXIS2_PLACEMENT_3D('',#8187,#5697,#5698);
#4929=AXIS2_PLACEMENT_3D('',#8189,#5699,#5700);
#4930=AXIS2_PLACEMENT_3D('',#8248,#5701,#5702);
#4931=AXIS2_PLACEMENT_3D('',#8250,#5703,#5704);
#4932=AXIS2_PLACEMENT_3D('',#8252,#5705,#5706);
#4933=AXIS2_PLACEMENT_3D('',#8283,#5707,#5708);
#4934=AXIS2_PLACEMENT_3D('',#8314,#5709,#5710);
#4935=AXIS2_PLACEMENT_3D('',#8316,#5711,#5712);
#4936=AXIS2_PLACEMENT_3D('',#8318,#5713,#5714);
#4937=AXIS2_PLACEMENT_3D('',#8377,#5715,#5716);
#4938=AXIS2_PLACEMENT_3D('',#8379,#5717,#5718);
#4939=AXIS2_PLACEMENT_3D('',#8381,#5719,#5720);
#4940=AXIS2_PLACEMENT_3D('',#8440,#5721,#5722);
#4941=AXIS2_PLACEMENT_3D('',#8442,#5723,#5724);
#4942=AXIS2_PLACEMENT_3D('',#8444,#5725,#5726);
#4943=AXIS2_PLACEMENT_3D('',#8503,#5727,#5728);
#4944=AXIS2_PLACEMENT_3D('',#8505,#5729,#5730);
#4945=AXIS2_PLACEMENT_3D('',#8507,#5731,#5732);
#4946=AXIS2_PLACEMENT_3D('',#8566,#5733,#5734);
#4947=AXIS2_PLACEMENT_3D('',#8568,#5735,#5736);
#4948=AXIS2_PLACEMENT_3D('',#8570,#5737,#5738);
#4949=AXIS2_PLACEMENT_3D('',#8629,#5739,#5740);
#4950=AXIS2_PLACEMENT_3D('',#8631,#5741,#5742);
#4951=AXIS2_PLACEMENT_3D('',#8633,#5743,#5744);
#4952=AXIS2_PLACEMENT_3D('',#8692,#5745,#5746);
#4953=AXIS2_PLACEMENT_3D('',#8694,#5747,#5748);
#4954=AXIS2_PLACEMENT_3D('',#8696,#5749,#5750);
#4955=AXIS2_PLACEMENT_3D('',#8755,#5751,#5752);
#4956=AXIS2_PLACEMENT_3D('',#8757,#5753,#5754);
#4957=AXIS2_PLACEMENT_3D('',#8759,#5755,#5756);
#4958=AXIS2_PLACEMENT_3D('',#8818,#5757,#5758);
#4959=AXIS2_PLACEMENT_3D('',#8820,#5759,#5760);
#4960=AXIS2_PLACEMENT_3D('',#8822,#5761,#5762);
#4961=AXIS2_PLACEMENT_3D('',#8881,#5763,#5764);
#4962=AXIS2_PLACEMENT_3D('',#8883,#5765,#5766);
#4963=AXIS2_PLACEMENT_3D('',#8885,#5767,#5768);
#4964=AXIS2_PLACEMENT_3D('',#8944,#5769,#5770);
#4965=AXIS2_PLACEMENT_3D('',#8946,#5771,#5772);
#4966=AXIS2_PLACEMENT_3D('',#8948,#5773,#5774);
#4967=AXIS2_PLACEMENT_3D('',#9007,#5775,#5776);
#4968=AXIS2_PLACEMENT_3D('',#9009,#5777,#5778);
#4969=AXIS2_PLACEMENT_3D('',#9011,#5779,#5780);
#4970=AXIS2_PLACEMENT_3D('',#9070,#5781,#5782);
#4971=AXIS2_PLACEMENT_3D('',#9072,#5783,#5784);
#4972=AXIS2_PLACEMENT_3D('',#9074,#5785,#5786);
#4973=AXIS2_PLACEMENT_3D('',#9133,#5787,#5788);
#4974=AXIS2_PLACEMENT_3D('',#9135,#5789,#5790);
#4975=AXIS2_PLACEMENT_3D('',#9137,#5791,#5792);
#4976=AXIS2_PLACEMENT_3D('',#9196,#5793,#5794);
#4977=AXIS2_PLACEMENT_3D('',#9198,#5795,#5796);
#4978=AXIS2_PLACEMENT_3D('',#9200,#5797,#5798);
#4979=AXIS2_PLACEMENT_3D('',#9259,#5799,#5800);
#4980=AXIS2_PLACEMENT_3D('',#9261,#5801,#5802);
#4981=AXIS2_PLACEMENT_3D('',#9263,#5803,#5804);
#4982=AXIS2_PLACEMENT_3D('',#9322,#5805,#5806);
#4983=AXIS2_PLACEMENT_3D('',#9324,#5807,#5808);
#4984=AXIS2_PLACEMENT_3D('',#9326,#5809,#5810);
#4985=AXIS2_PLACEMENT_3D('',#9385,#5811,#5812);
#4986=AXIS2_PLACEMENT_3D('',#9387,#5813,#5814);
#4987=AXIS2_PLACEMENT_3D('',#9388,#5815,#5816);
#4988=AXIS2_PLACEMENT_3D('',#9391,#5818,#5819);
#4989=AXIS2_PLACEMENT_3D('',#9394,#5821,#5822);
#4990=AXIS2_PLACEMENT_3D('',#9395,#5823,#5824);
#4991=AXIS2_PLACEMENT_3D('',#9455,#5825,#5826);
#4992=AXIS2_PLACEMENT_3D('',#9457,#5827,#5828);
#4993=AXIS2_PLACEMENT_3D('',#9459,#5829,#5830);
#4994=AXIS2_PLACEMENT_3D('',#9518,#5831,#5832);
#4995=AXIS2_PLACEMENT_3D('',#9520,#5833,#5834);
#4996=AXIS2_PLACEMENT_3D('',#9522,#5835,#5836);
#4997=AXIS2_PLACEMENT_3D('',#9581,#5837,#5838);
#4998=AXIS2_PLACEMENT_3D('',#9583,#5839,#5840);
#4999=AXIS2_PLACEMENT_3D('',#9585,#5841,#5842);
#5000=AXIS2_PLACEMENT_3D('',#9644,#5843,#5844);
#5001=AXIS2_PLACEMENT_3D('',#9646,#5845,#5846);
#5002=AXIS2_PLACEMENT_3D('',#9648,#5847,#5848);
#5003=AXIS2_PLACEMENT_3D('',#9707,#5849,#5850);
#5004=AXIS2_PLACEMENT_3D('',#9709,#5851,#5852);
#5005=AXIS2_PLACEMENT_3D('',#9711,#5853,#5854);
#5006=AXIS2_PLACEMENT_3D('',#9770,#5855,#5856);
#5007=AXIS2_PLACEMENT_3D('',#9772,#5857,#5858);
#5008=AXIS2_PLACEMENT_3D('',#9774,#5859,#5860);
#5009=AXIS2_PLACEMENT_3D('',#9833,#5861,#5862);
#5010=AXIS2_PLACEMENT_3D('',#9835,#5863,#5864);
#5011=AXIS2_PLACEMENT_3D('',#9837,#5865,#5866);
#5012=AXIS2_PLACEMENT_3D('',#9896,#5867,#5868);
#5013=AXIS2_PLACEMENT_3D('',#9898,#5869,#5870);
#5014=AXIS2_PLACEMENT_3D('',#9900,#5871,#5872);
#5015=AXIS2_PLACEMENT_3D('',#9959,#5873,#5874);
#5016=AXIS2_PLACEMENT_3D('',#9961,#5875,#5876);
#5017=AXIS2_PLACEMENT_3D('',#9963,#5877,#5878);
#5018=AXIS2_PLACEMENT_3D('',#10022,#5879,#5880);
#5019=AXIS2_PLACEMENT_3D('',#10024,#5881,#5882);
#5020=AXIS2_PLACEMENT_3D('',#10026,#5883,#5884);
#5021=AXIS2_PLACEMENT_3D('',#10085,#5885,#5886);
#5022=AXIS2_PLACEMENT_3D('',#10087,#5887,#5888);
#5023=AXIS2_PLACEMENT_3D('',#10089,#5889,#5890);
#5024=AXIS2_PLACEMENT_3D('',#10148,#5891,#5892);
#5025=AXIS2_PLACEMENT_3D('',#10150,#5893,#5894);
#5026=AXIS2_PLACEMENT_3D('',#10152,#5895,#5896);
#5027=AXIS2_PLACEMENT_3D('',#10211,#5897,#5898);
#5028=AXIS2_PLACEMENT_3D('',#10213,#5899,#5900);
#5029=AXIS2_PLACEMENT_3D('',#10215,#5901,#5902);
#5030=AXIS2_PLACEMENT_3D('',#10274,#5903,#5904);
#5031=AXIS2_PLACEMENT_3D('',#10276,#5905,#5906);
#5032=AXIS2_PLACEMENT_3D('',#10278,#5907,#5908);
#5033=AXIS2_PLACEMENT_3D('',#10337,#5909,#5910);
#5034=AXIS2_PLACEMENT_3D('',#10339,#5911,#5912);
#5035=AXIS2_PLACEMENT_3D('',#10341,#5913,#5914);
#5036=AXIS2_PLACEMENT_3D('',#10400,#5915,#5916);
#5037=AXIS2_PLACEMENT_3D('',#10402,#5917,#5918);
#5038=AXIS2_PLACEMENT_3D('',#10404,#5919,#5920);
#5039=AXIS2_PLACEMENT_3D('',#10463,#5921,#5922);
#5040=AXIS2_PLACEMENT_3D('',#10465,#5923,#5924);
#5041=AXIS2_PLACEMENT_3D('',#10467,#5925,#5926);
#5042=AXIS2_PLACEMENT_3D('',#10526,#5927,#5928);
#5043=AXIS2_PLACEMENT_3D('',#10528,#5929,#5930);
#5044=AXIS2_PLACEMENT_3D('',#10530,#5931,#5932);
#5045=AXIS2_PLACEMENT_3D('',#10589,#5933,#5934);
#5046=AXIS2_PLACEMENT_3D('',#10591,#5935,#5936);
#5047=AXIS2_PLACEMENT_3D('',#10593,#5937,#5938);
#5048=AXIS2_PLACEMENT_3D('',#10652,#5939,#5940);
#5049=AXIS2_PLACEMENT_3D('',#10654,#5941,#5942);
#5050=AXIS2_PLACEMENT_3D('',#10656,#5943,#5944);
#5051=AXIS2_PLACEMENT_3D('',#10715,#5945,#5946);
#5052=AXIS2_PLACEMENT_3D('',#10717,#5947,#5948);
#5053=AXIS2_PLACEMENT_3D('',#10719,#5949,#5950);
#5054=AXIS2_PLACEMENT_3D('',#10778,#5951,#5952);
#5055=AXIS2_PLACEMENT_3D('',#10780,#5953,#5954);
#5056=AXIS2_PLACEMENT_3D('',#10782,#5955,#5956);
#5057=AXIS2_PLACEMENT_3D('',#10841,#5957,#5958);
#5058=AXIS2_PLACEMENT_3D('',#10843,#5959,#5960);
#5059=AXIS2_PLACEMENT_3D('',#10845,#5961,#5962);
#5060=AXIS2_PLACEMENT_3D('',#10904,#5963,#5964);
#5061=AXIS2_PLACEMENT_3D('',#10906,#5965,#5966);
#5062=AXIS2_PLACEMENT_3D('',#10908,#5967,#5968);
#5063=AXIS2_PLACEMENT_3D('',#10967,#5969,#5970);
#5064=AXIS2_PLACEMENT_3D('',#10969,#5971,#5972);
#5065=AXIS2_PLACEMENT_3D('',#10971,#5973,#5974);
#5066=AXIS2_PLACEMENT_3D('',#11030,#5975,#5976);
#5067=AXIS2_PLACEMENT_3D('',#11032,#5977,#5978);
#5068=AXIS2_PLACEMENT_3D('',#11034,#5979,#5980);
#5069=AXIS2_PLACEMENT_3D('',#11093,#5981,#5982);
#5070=AXIS2_PLACEMENT_3D('',#11095,#5983,#5984);
#5071=AXIS2_PLACEMENT_3D('',#11097,#5985,#5986);
#5072=AXIS2_PLACEMENT_3D('',#11156,#5987,#5988);
#5073=AXIS2_PLACEMENT_3D('',#11158,#5989,#5990);
#5074=AXIS2_PLACEMENT_3D('',#11160,#5991,#5992);
#5075=AXIS2_PLACEMENT_3D('',#11219,#5993,#5994);
#5076=AXIS2_PLACEMENT_3D('',#11221,#5995,#5996);
#5077=AXIS2_PLACEMENT_3D('',#11223,#5997,#5998);
#5078=AXIS2_PLACEMENT_3D('',#11282,#5999,#6000);
#5079=AXIS2_PLACEMENT_3D('',#11284,#6001,#6002);
#5080=AXIS2_PLACEMENT_3D('',#11286,#6003,#6004);
#5081=AXIS2_PLACEMENT_3D('',#11345,#6005,#6006);
#5082=AXIS2_PLACEMENT_3D('',#11347,#6007,#6008);
#5083=AXIS2_PLACEMENT_3D('',#11349,#6009,#6010);
#5084=AXIS2_PLACEMENT_3D('',#11408,#6011,#6012);
#5085=AXIS2_PLACEMENT_3D('',#11410,#6013,#6014);
#5086=AXIS2_PLACEMENT_3D('',#11412,#6015,#6016);
#5087=AXIS2_PLACEMENT_3D('',#11471,#6017,#6018);
#5088=AXIS2_PLACEMENT_3D('',#11473,#6019,#6020);
#5089=AXIS2_PLACEMENT_3D('',#11475,#6021,#6022);
#5090=AXIS2_PLACEMENT_3D('',#11534,#6023,#6024);
#5091=AXIS2_PLACEMENT_3D('',#11536,#6025,#6026);
#5092=AXIS2_PLACEMENT_3D('',#11538,#6027,#6028);
#5093=AXIS2_PLACEMENT_3D('',#11597,#6029,#6030);
#5094=AXIS2_PLACEMENT_3D('',#11599,#6031,#6032);
#5095=AXIS2_PLACEMENT_3D('',#11601,#6033,#6034);
#5096=AXIS2_PLACEMENT_3D('',#11660,#6035,#6036);
#5097=AXIS2_PLACEMENT_3D('',#11662,#6037,#6038);
#5098=AXIS2_PLACEMENT_3D('',#11664,#6039,#6040);
#5099=AXIS2_PLACEMENT_3D('',#11723,#6041,#6042);
#5100=AXIS2_PLACEMENT_3D('',#11725,#6043,#6044);
#5101=AXIS2_PLACEMENT_3D('',#11727,#6045,#6046);
#5102=AXIS2_PLACEMENT_3D('',#11786,#6047,#6048);
#5103=AXIS2_PLACEMENT_3D('',#11788,#6049,#6050);
#5104=AXIS2_PLACEMENT_3D('',#11790,#6051,#6052);
#5105=AXIS2_PLACEMENT_3D('',#11849,#6053,#6054);
#5106=AXIS2_PLACEMENT_3D('',#11851,#6055,#6056);
#5107=AXIS2_PLACEMENT_3D('',#11853,#6057,#6058);
#5108=AXIS2_PLACEMENT_3D('',#11912,#6059,#6060);
#5109=AXIS2_PLACEMENT_3D('',#11914,#6061,#6062);
#5110=AXIS2_PLACEMENT_3D('',#11933,#6065,#6066);
#5111=AXIS2_PLACEMENT_3D('',#11936,#6069,#6070);
#5112=AXIS2_PLACEMENT_3D('',#11937,#6071,#6072);
#5113=AXIS2_PLACEMENT_3D('',#11956,#6075,#6076);
#5114=AXIS2_PLACEMENT_3D('',#11959,#6079,#6080);
#5115=AXIS2_PLACEMENT_3D('',#11960,#6081,#6082);
#5116=AXIS2_PLACEMENT_3D('',#11979,#6085,#6086);
#5117=AXIS2_PLACEMENT_3D('',#11982,#6089,#6090);
#5118=AXIS2_PLACEMENT_3D('',#11983,#6091,#6092);
#5119=AXIS2_PLACEMENT_3D('',#12002,#6095,#6096);
#5120=AXIS2_PLACEMENT_3D('',#12005,#6099,#6100);
#5121=AXIS2_PLACEMENT_3D('',#12006,#6101,#6102);
#5122=AXIS2_PLACEMENT_3D('',#12025,#6105,#6106);
#5123=AXIS2_PLACEMENT_3D('',#12028,#6109,#6110);
#5124=AXIS2_PLACEMENT_3D('',#12029,#6111,#6112);
#5125=AXIS2_PLACEMENT_3D('',#12048,#6115,#6116);
#5126=AXIS2_PLACEMENT_3D('',#12051,#6119,#6120);
#5127=AXIS2_PLACEMENT_3D('',#12052,#6121,#6122);
#5128=AXIS2_PLACEMENT_3D('',#12071,#6125,#6126);
#5129=AXIS2_PLACEMENT_3D('',#12074,#6129,#6130);
#5130=AXIS2_PLACEMENT_3D('',#12075,#6131,#6132);
#5131=AXIS2_PLACEMENT_3D('',#12094,#6135,#6136);
#5132=AXIS2_PLACEMENT_3D('',#12097,#6139,#6140);
#5133=AXIS2_PLACEMENT_3D('',#12098,#6141,#6142);
#5134=AXIS2_PLACEMENT_3D('',#12117,#6145,#6146);
#5135=AXIS2_PLACEMENT_3D('',#12120,#6149,#6150);
#5136=AXIS2_PLACEMENT_3D('',#12121,#6151,#6152);
#5137=AXIS2_PLACEMENT_3D('',#12140,#6155,#6156);
#5138=AXIS2_PLACEMENT_3D('',#12143,#6159,#6160);
#5139=AXIS2_PLACEMENT_3D('',#12144,#6161,#6162);
#5140=AXIS2_PLACEMENT_3D('',#12163,#6165,#6166);
#5141=AXIS2_PLACEMENT_3D('',#12166,#6169,#6170);
#5142=AXIS2_PLACEMENT_3D('',#12167,#6171,#6172);
#5143=AXIS2_PLACEMENT_3D('',#12186,#6175,#6176);
#5144=AXIS2_PLACEMENT_3D('',#12189,#6179,#6180);
#5145=AXIS2_PLACEMENT_3D('',#12190,#6181,#6182);
#5146=AXIS2_PLACEMENT_3D('',#12209,#6185,#6186);
#5147=AXIS2_PLACEMENT_3D('',#12212,#6189,#6190);
#5148=AXIS2_PLACEMENT_3D('',#12213,#6191,#6192);
#5149=AXIS2_PLACEMENT_3D('',#12232,#6195,#6196);
#5150=AXIS2_PLACEMENT_3D('',#12235,#6199,#6200);
#5151=AXIS2_PLACEMENT_3D('',#12236,#6201,#6202);
#5152=AXIS2_PLACEMENT_3D('',#12255,#6205,#6206);
#5153=AXIS2_PLACEMENT_3D('',#12258,#6209,#6210);
#5154=AXIS2_PLACEMENT_3D('',#12259,#6211,#6212);
#5155=AXIS2_PLACEMENT_3D('',#12278,#6215,#6216);
#5156=AXIS2_PLACEMENT_3D('',#12281,#6219,#6220);
#5157=AXIS2_PLACEMENT_3D('',#12282,#6221,#6222);
#5158=AXIS2_PLACEMENT_3D('',#12301,#6225,#6226);
#5159=AXIS2_PLACEMENT_3D('',#12304,#6229,#6230);
#5160=AXIS2_PLACEMENT_3D('',#12305,#6231,#6232);
#5161=AXIS2_PLACEMENT_3D('',#12324,#6235,#6236);
#5162=AXIS2_PLACEMENT_3D('',#12327,#6239,#6240);
#5163=AXIS2_PLACEMENT_3D('',#12328,#6241,#6242);
#5164=AXIS2_PLACEMENT_3D('',#12347,#6245,#6246);
#5165=AXIS2_PLACEMENT_3D('',#12350,#6249,#6250);
#5166=AXIS2_PLACEMENT_3D('',#12351,#6251,#6252);
#5167=AXIS2_PLACEMENT_3D('',#12370,#6255,#6256);
#5168=AXIS2_PLACEMENT_3D('',#12373,#6259,#6260);
#5169=AXIS2_PLACEMENT_3D('',#12374,#6261,#6262);
#5170=AXIS2_PLACEMENT_3D('',#12393,#6265,#6266);
#5171=AXIS2_PLACEMENT_3D('',#12396,#6269,#6270);
#5172=AXIS2_PLACEMENT_3D('',#12397,#6271,#6272);
#5173=AXIS2_PLACEMENT_3D('',#12416,#6275,#6276);
#5174=AXIS2_PLACEMENT_3D('',#12419,#6279,#6280);
#5175=AXIS2_PLACEMENT_3D('',#12420,#6281,#6282);
#5176=AXIS2_PLACEMENT_3D('',#12439,#6285,#6286);
#5177=AXIS2_PLACEMENT_3D('',#12442,#6289,#6290);
#5178=AXIS2_PLACEMENT_3D('',#12443,#6291,#6292);
#5179=AXIS2_PLACEMENT_3D('',#12462,#6295,#6296);
#5180=AXIS2_PLACEMENT_3D('',#12465,#6299,#6300);
#5181=AXIS2_PLACEMENT_3D('',#12466,#6301,#6302);
#5182=AXIS2_PLACEMENT_3D('',#12485,#6305,#6306);
#5183=AXIS2_PLACEMENT_3D('',#12488,#6309,#6310);
#5184=AXIS2_PLACEMENT_3D('',#12489,#6311,#6312);
#5185=AXIS2_PLACEMENT_3D('',#12508,#6315,#6316);
#5186=AXIS2_PLACEMENT_3D('',#12511,#6319,#6320);
#5187=AXIS2_PLACEMENT_3D('',#12512,#6321,#6322);
#5188=AXIS2_PLACEMENT_3D('',#12531,#6325,#6326);
#5189=AXIS2_PLACEMENT_3D('',#12534,#6329,#6330);
#5190=AXIS2_PLACEMENT_3D('',#12535,#6331,#6332);
#5191=AXIS2_PLACEMENT_3D('',#12554,#6335,#6336);
#5192=AXIS2_PLACEMENT_3D('',#12557,#6339,#6340);
#5193=AXIS2_PLACEMENT_3D('',#12558,#6341,#6342);
#5194=AXIS2_PLACEMENT_3D('',#12577,#6345,#6346);
#5195=AXIS2_PLACEMENT_3D('',#12580,#6349,#6350);
#5196=AXIS2_PLACEMENT_3D('',#12581,#6351,#6352);
#5197=AXIS2_PLACEMENT_3D('',#12600,#6355,#6356);
#5198=AXIS2_PLACEMENT_3D('',#12603,#6359,#6360);
#5199=AXIS2_PLACEMENT_3D('',#12604,#6361,#6362);
#5200=AXIS2_PLACEMENT_3D('',#12623,#6365,#6366);
#5201=AXIS2_PLACEMENT_3D('',#12626,#6369,#6370);
#5202=AXIS2_PLACEMENT_3D('',#12627,#6371,#6372);
#5203=AXIS2_PLACEMENT_3D('',#12646,#6375,#6376);
#5204=AXIS2_PLACEMENT_3D('',#12649,#6379,#6380);
#5205=AXIS2_PLACEMENT_3D('',#12650,#6381,#6382);
#5206=AXIS2_PLACEMENT_3D('',#12669,#6385,#6386);
#5207=AXIS2_PLACEMENT_3D('',#12672,#6389,#6390);
#5208=AXIS2_PLACEMENT_3D('',#12673,#6391,#6392);
#5209=AXIS2_PLACEMENT_3D('',#12692,#6395,#6396);
#5210=AXIS2_PLACEMENT_3D('',#12695,#6399,#6400);
#5211=AXIS2_PLACEMENT_3D('',#12696,#6401,#6402);
#5212=AXIS2_PLACEMENT_3D('',#12715,#6405,#6406);
#5213=AXIS2_PLACEMENT_3D('',#12718,#6409,#6410);
#5214=AXIS2_PLACEMENT_3D('',#12719,#6411,#6412);
#5215=AXIS2_PLACEMENT_3D('',#12738,#6415,#6416);
#5216=AXIS2_PLACEMENT_3D('',#12741,#6419,#6420);
#5217=AXIS2_PLACEMENT_3D('',#12742,#6421,#6422);
#5218=AXIS2_PLACEMENT_3D('',#12761,#6425,#6426);
#5219=AXIS2_PLACEMENT_3D('',#12764,#6429,#6430);
#5220=AXIS2_PLACEMENT_3D('',#12765,#6431,#6432);
#5221=AXIS2_PLACEMENT_3D('',#12784,#6435,#6436);
#5222=AXIS2_PLACEMENT_3D('',#12787,#6439,#6440);
#5223=AXIS2_PLACEMENT_3D('',#12788,#6441,#6442);
#5224=AXIS2_PLACEMENT_3D('',#12807,#6445,#6446);
#5225=AXIS2_PLACEMENT_3D('',#12810,#6449,#6450);
#5226=AXIS2_PLACEMENT_3D('',#12811,#6451,#6452);
#5227=AXIS2_PLACEMENT_3D('',#12830,#6455,#6456);
#5228=AXIS2_PLACEMENT_3D('',#12833,#6459,#6460);
#5229=AXIS2_PLACEMENT_3D('',#12834,#6461,#6462);
#5230=AXIS2_PLACEMENT_3D('',#12835,#6463,#6464);
#5231=AXIS2_PLACEMENT_3D('',#12838,#6466,#6467);
#5232=AXIS2_PLACEMENT_3D('',#12841,#6469,#6470);
#5233=AXIS2_PLACEMENT_3D('',#12845,#6473,#6474);
#5234=AXIS2_PLACEMENT_3D('',#12848,#6476,#6477);
#5235=AXIS2_PLACEMENT_3D('',#12849,#6478,#6479);
#5236=AXIS2_PLACEMENT_3D('',#12851,#6481,#6482);
#5237=AXIS2_PLACEMENT_3D('',#12852,#6483,#6484);
#5238=AXIS2_PLACEMENT_3D('',#12854,#6485,#6486);
#5239=AXIS2_PLACEMENT_3D('',#12856,#6487,#6488);
#5240=AXIS2_PLACEMENT_3D('',#12857,#6489,#6490);
#5241=AXIS2_PLACEMENT_3D('',#12859,#6491,#6492);
#5242=AXIS2_PLACEMENT_3D('',#12860,#6493,#6494);
#5243=AXIS2_PLACEMENT_3D('',#12861,#6495,#6496);
#5244=AXIS2_PLACEMENT_3D('',#12863,#6497,#6498);
#5245=DIRECTION('',(0.,0.,1.));
#5246=DIRECTION('',(1.,0.,0.));
#5247=DIRECTION('',(0.,0.,1.));
#5248=DIRECTION('',(1.,0.,0.));
#5249=DIRECTION('',(0.,0.,1.));
#5250=DIRECTION('',(1.,0.,0.));
#5251=DIRECTION('',(0.,0.,1.));
#5252=DIRECTION('',(1.,0.,0.));
#5253=DIRECTION('',(0.,0.,-1.));
#5254=DIRECTION('',(-1.,0.,0.));
#5255=DIRECTION('',(0.,0.,-1.));
#5256=DIRECTION('',(0.,0.,1.));
#5257=DIRECTION('',(1.,0.,0.));
#5258=DIRECTION('',(0.,0.,-1.));
#5259=DIRECTION('',(0.,0.,1.));
#5260=DIRECTION('',(1.,0.,0.));
#5261=DIRECTION('',(0.,0.,-1.));
#5262=DIRECTION('',(-1.,0.,0.));
#5263=DIRECTION('',(0.,0.,1.));
#5264=DIRECTION('',(1.,0.,0.));
#5265=DIRECTION('',(0.,0.,-1.));
#5266=DIRECTION('',(0.,0.,1.));
#5267=DIRECTION('',(1.,0.,0.));
#5268=DIRECTION('',(0.,0.,-1.));
#5269=DIRECTION('',(0.,0.,-1.));
#5270=DIRECTION('',(-1.,0.,0.));
#5271=DIRECTION('',(0.,0.,1.));
#5272=DIRECTION('',(1.,0.,0.));
#5273=DIRECTION('',(0.,0.,-1.));
#5274=DIRECTION('',(0.,0.,1.));
#5275=DIRECTION('',(1.,0.,0.));
#5276=DIRECTION('',(0.,0.,-1.));
#5277=DIRECTION('',(0.,0.,-1.));
#5278=DIRECTION('',(-1.,0.,0.));
#5279=DIRECTION('',(0.,0.,1.));
#5280=DIRECTION('',(1.,0.,0.));
#5281=DIRECTION('',(0.,0.,-1.));
#5282=DIRECTION('',(0.,0.,1.));
#5283=DIRECTION('',(1.,0.,0.));
#5284=DIRECTION('',(0.,0.,-1.));
#5285=DIRECTION('',(0.,0.,-1.));
#5286=DIRECTION('',(-1.,0.,0.));
#5287=DIRECTION('',(0.,0.,1.));
#5288=DIRECTION('',(1.,0.,0.));
#5289=DIRECTION('',(0.,0.,-1.));
#5290=DIRECTION('',(0.,0.,1.));
#5291=DIRECTION('',(1.,0.,0.));
#5292=DIRECTION('',(0.,0.,-1.));
#5293=DIRECTION('',(0.,0.,-1.));
#5294=DIRECTION('',(-1.,0.,0.));
#5295=DIRECTION('',(0.,0.,1.));
#5296=DIRECTION('',(1.,0.,0.));
#5297=DIRECTION('',(0.,0.,-1.));
#5298=DIRECTION('',(0.,0.,1.));
#5299=DIRECTION('',(1.,0.,0.));
#5300=DIRECTION('',(0.,0.,-1.));
#5301=DIRECTION('',(0.,0.,-1.));
#5302=DIRECTION('',(-1.,0.,0.));
#5303=DIRECTION('',(0.,0.,1.));
#5304=DIRECTION('',(1.,0.,0.));
#5305=DIRECTION('',(0.,0.,-1.));
#5306=DIRECTION('',(0.,0.,1.));
#5307=DIRECTION('',(1.,0.,0.));
#5308=DIRECTION('',(0.,0.,-1.));
#5309=DIRECTION('',(0.,0.,-1.));
#5310=DIRECTION('',(-1.,0.,0.));
#5311=DIRECTION('',(0.,0.,1.));
#5312=DIRECTION('',(1.,0.,0.));
#5313=DIRECTION('',(0.,0.,-1.));
#5314=DIRECTION('',(0.,0.,1.));
#5315=DIRECTION('',(1.,0.,0.));
#5316=DIRECTION('',(0.,0.,-1.));
#5317=DIRECTION('',(0.,0.,-1.));
#5318=DIRECTION('',(-1.,0.,0.));
#5319=DIRECTION('',(0.,0.,-1.));
#5320=DIRECTION('',(0.,0.,1.));
#5321=DIRECTION('',(1.,0.,0.));
#5322=DIRECTION('',(0.,0.,-1.));
#5323=DIRECTION('',(0.,0.,1.));
#5324=DIRECTION('',(1.,0.,0.));
#5325=DIRECTION('',(0.,0.,-1.));
#5326=DIRECTION('',(-1.,0.,0.));
#5327=DIRECTION('',(0.,0.,1.));
#5328=DIRECTION('',(1.,0.,0.));
#5329=DIRECTION('',(0.,0.,-1.));
#5330=DIRECTION('',(0.,0.,1.));
#5331=DIRECTION('',(1.,0.,0.));
#5332=DIRECTION('',(0.,0.,-1.));
#5333=DIRECTION('',(0.,0.,-1.));
#5334=DIRECTION('',(-1.,0.,0.));
#5335=DIRECTION('',(0.,0.,1.));
#5336=DIRECTION('',(1.,0.,0.));
#5337=DIRECTION('',(0.,0.,-1.));
#5338=DIRECTION('',(0.,0.,1.));
#5339=DIRECTION('',(1.,0.,0.));
#5340=DIRECTION('',(0.,0.,-1.));
#5341=DIRECTION('',(0.,0.,-1.));
#5342=DIRECTION('',(-1.,0.,0.));
#5343=DIRECTION('',(0.,0.,1.));
#5344=DIRECTION('',(1.,0.,0.));
#5345=DIRECTION('',(0.,0.,-1.));
#5346=DIRECTION('',(0.,0.,1.));
#5347=DIRECTION('',(1.,0.,0.));
#5348=DIRECTION('',(0.,0.,-1.));
#5349=DIRECTION('',(0.,0.,-1.));
#5350=DIRECTION('',(-1.,0.,0.));
#5351=DIRECTION('',(0.,0.,1.));
#5352=DIRECTION('',(1.,0.,0.));
#5353=DIRECTION('',(0.,0.,-1.));
#5354=DIRECTION('',(0.,0.,1.));
#5355=DIRECTION('',(1.,0.,0.));
#5356=DIRECTION('',(0.,0.,-1.));
#5357=DIRECTION('',(0.,0.,-1.));
#5358=DIRECTION('',(-1.,0.,0.));
#5359=DIRECTION('',(0.,0.,1.));
#5360=DIRECTION('',(1.,0.,0.));
#5361=DIRECTION('',(0.,0.,-1.));
#5362=DIRECTION('',(0.,0.,1.));
#5363=DIRECTION('',(1.,0.,0.));
#5364=DIRECTION('',(0.,0.,-1.));
#5365=DIRECTION('',(0.,0.,-1.));
#5366=DIRECTION('',(-1.,0.,0.));
#5367=DIRECTION('',(0.,0.,1.));
#5368=DIRECTION('',(1.,0.,0.));
#5369=DIRECTION('',(0.,0.,-1.));
#5370=DIRECTION('',(0.,0.,1.));
#5371=DIRECTION('',(1.,0.,0.));
#5372=DIRECTION('',(0.,0.,-1.));
#5373=DIRECTION('',(0.,0.,-1.));
#5374=DIRECTION('',(-1.,0.,0.));
#5375=DIRECTION('',(0.,0.,1.));
#5376=DIRECTION('',(1.,0.,0.));
#5377=DIRECTION('',(0.,0.,-1.));
#5378=DIRECTION('',(0.,0.,1.));
#5379=DIRECTION('',(1.,0.,0.));
#5380=DIRECTION('',(0.,0.,-1.));
#5381=DIRECTION('',(0.,0.,-1.));
#5382=DIRECTION('',(-1.,0.,0.));
#5383=DIRECTION('',(0.,0.,-1.));
#5384=DIRECTION('',(0.,0.,1.));
#5385=DIRECTION('',(1.,0.,0.));
#5386=DIRECTION('',(0.,0.,-1.));
#5387=DIRECTION('',(0.,0.,1.));
#5388=DIRECTION('',(1.,0.,0.));
#5389=DIRECTION('',(0.,0.,-1.));
#5390=DIRECTION('',(-1.,0.,0.));
#5391=DIRECTION('',(0.,0.,1.));
#5392=DIRECTION('',(1.,0.,0.));
#5393=DIRECTION('',(0.,0.,-1.));
#5394=DIRECTION('',(0.,0.,1.));
#5395=DIRECTION('',(1.,0.,0.));
#5396=DIRECTION('',(0.,0.,-1.));
#5397=DIRECTION('',(0.,0.,-1.));
#5398=DIRECTION('',(-1.,0.,0.));
#5399=DIRECTION('',(0.,0.,-1.));
#5400=DIRECTION('',(0.,0.,1.));
#5401=DIRECTION('',(1.,0.,0.));
#5402=DIRECTION('',(0.,0.,-1.));
#5403=DIRECTION('',(0.,0.,1.));
#5404=DIRECTION('',(1.,0.,0.));
#5405=DIRECTION('',(0.,0.,-1.));
#5406=DIRECTION('',(-1.,0.,0.));
#5407=DIRECTION('',(0.,0.,1.));
#5408=DIRECTION('',(1.,0.,0.));
#5409=DIRECTION('',(0.,0.,-1.));
#5410=DIRECTION('',(0.,0.,1.));
#5411=DIRECTION('',(1.,0.,0.));
#5412=DIRECTION('',(0.,0.,-1.));
#5413=DIRECTION('',(0.,0.,-1.));
#5414=DIRECTION('',(-1.,0.,0.));
#5415=DIRECTION('',(0.,0.,-1.));
#5416=DIRECTION('',(0.,0.,1.));
#5417=DIRECTION('',(1.,0.,0.));
#5418=DIRECTION('',(0.,0.,-1.));
#5419=DIRECTION('',(0.,0.,1.));
#5420=DIRECTION('',(1.,0.,0.));
#5421=DIRECTION('',(0.,0.,-1.));
#5422=DIRECTION('',(-1.,0.,0.));
#5423=DIRECTION('',(0.,0.,-1.));
#5424=DIRECTION('',(0.,0.,1.));
#5425=DIRECTION('',(1.,0.,0.));
#5426=DIRECTION('',(0.,0.,-1.));
#5427=DIRECTION('',(0.,0.,1.));
#5428=DIRECTION('',(1.,0.,0.));
#5429=DIRECTION('',(0.,0.,-1.));
#5430=DIRECTION('',(-1.,0.,0.));
#5431=DIRECTION('',(0.,0.,-1.));
#5432=DIRECTION('',(0.,0.,1.));
#5433=DIRECTION('',(1.,0.,0.));
#5434=DIRECTION('',(0.,0.,-1.));
#5435=DIRECTION('',(0.,0.,1.));
#5436=DIRECTION('',(1.,0.,0.));
#5437=DIRECTION('',(0.,0.,-1.));
#5438=DIRECTION('',(-1.,0.,0.));
#5439=DIRECTION('',(0.,0.,-1.));
#5440=DIRECTION('',(0.,0.,1.));
#5441=DIRECTION('',(1.,0.,0.));
#5442=DIRECTION('',(0.,0.,-1.));
#5443=DIRECTION('',(0.,0.,1.));
#5444=DIRECTION('',(1.,0.,0.));
#5445=DIRECTION('',(0.,0.,-1.));
#5446=DIRECTION('',(-1.,0.,0.));
#5447=DIRECTION('',(0.,0.,-1.));
#5448=DIRECTION('',(0.,0.,1.));
#5449=DIRECTION('',(1.,0.,0.));
#5450=DIRECTION('',(0.,0.,-1.));
#5451=DIRECTION('',(0.,0.,1.));
#5452=DIRECTION('',(1.,0.,0.));
#5453=DIRECTION('',(0.,0.,-1.));
#5454=DIRECTION('',(-1.,0.,0.));
#5455=DIRECTION('',(0.,0.,1.));
#5456=DIRECTION('',(1.,0.,0.));
#5457=DIRECTION('',(0.,0.,-1.));
#5458=DIRECTION('',(0.,0.,1.));
#5459=DIRECTION('',(1.,0.,0.));
#5460=DIRECTION('',(0.,0.,-1.));
#5461=DIRECTION('',(0.,0.,-1.));
#5462=DIRECTION('',(-1.,0.,0.));
#5463=DIRECTION('',(0.,0.,1.));
#5464=DIRECTION('',(1.,0.,0.));
#5465=DIRECTION('',(0.,0.,-1.));
#5466=DIRECTION('',(0.,0.,1.));
#5467=DIRECTION('',(1.,0.,0.));
#5468=DIRECTION('',(0.,0.,-1.));
#5469=DIRECTION('',(0.,0.,-1.));
#5470=DIRECTION('',(-1.,0.,0.));
#5471=DIRECTION('',(0.,0.,1.));
#5472=DIRECTION('',(1.,0.,0.));
#5473=DIRECTION('',(0.,0.,-1.));
#5474=DIRECTION('',(0.,0.,1.));
#5475=DIRECTION('',(1.,0.,0.));
#5476=DIRECTION('',(0.,0.,-1.));
#5477=DIRECTION('',(0.,0.,-1.));
#5478=DIRECTION('',(-1.,0.,0.));
#5479=DIRECTION('',(0.,0.,-1.));
#5480=DIRECTION('',(0.,0.,1.));
#5481=DIRECTION('',(1.,0.,0.));
#5482=DIRECTION('',(0.,0.,-1.));
#5483=DIRECTION('',(0.,0.,1.));
#5484=DIRECTION('',(1.,0.,0.));
#5485=DIRECTION('',(0.,0.,-1.));
#5486=DIRECTION('',(-1.,0.,0.));
#5487=DIRECTION('',(0.,0.,1.));
#5488=DIRECTION('',(1.,0.,0.));
#5489=DIRECTION('',(0.,0.,-1.));
#5490=DIRECTION('',(0.,0.,1.));
#5491=DIRECTION('',(1.,0.,0.));
#5492=DIRECTION('',(0.,0.,-1.));
#5493=DIRECTION('',(0.,0.,-1.));
#5494=DIRECTION('',(-1.,0.,0.));
#5495=DIRECTION('',(0.,0.,1.));
#5496=DIRECTION('',(1.,0.,0.));
#5497=DIRECTION('',(0.,0.,-1.));
#5498=DIRECTION('',(0.,0.,1.));
#5499=DIRECTION('',(1.,0.,0.));
#5500=DIRECTION('',(0.,0.,-1.));
#5501=DIRECTION('',(0.,0.,-1.));
#5502=DIRECTION('',(-1.,0.,0.));
#5503=DIRECTION('',(0.,0.,1.));
#5504=DIRECTION('',(1.,0.,0.));
#5505=DIRECTION('',(0.,0.,-1.));
#5506=DIRECTION('',(0.,0.,1.));
#5507=DIRECTION('',(1.,0.,0.));
#5508=DIRECTION('',(0.,0.,-1.));
#5509=DIRECTION('',(0.,0.,-1.));
#5510=DIRECTION('',(-1.,0.,0.));
#5511=DIRECTION('',(0.,0.,-1.));
#5512=DIRECTION('',(0.,0.,1.));
#5513=DIRECTION('',(1.,0.,0.));
#5514=DIRECTION('',(0.,0.,-1.));
#5515=DIRECTION('',(0.,0.,1.));
#5516=DIRECTION('',(1.,0.,0.));
#5517=DIRECTION('',(0.,0.,-1.));
#5518=DIRECTION('',(-1.,0.,0.));
#5519=DIRECTION('',(0.,0.,1.));
#5520=DIRECTION('',(1.,0.,0.));
#5521=DIRECTION('',(0.,0.,-1.));
#5522=DIRECTION('',(0.,0.,1.));
#5523=DIRECTION('',(1.,0.,0.));
#5524=DIRECTION('',(0.,0.,-1.));
#5525=DIRECTION('',(0.,0.,-1.));
#5526=DIRECTION('',(-1.,0.,0.));
#5527=DIRECTION('',(0.,0.,-1.));
#5528=DIRECTION('',(0.,0.,1.));
#5529=DIRECTION('',(1.,0.,0.));
#5530=DIRECTION('',(0.,0.,-1.));
#5531=DIRECTION('',(0.,0.,1.));
#5532=DIRECTION('',(1.,0.,0.));
#5533=DIRECTION('',(0.,0.,-1.));
#5534=DIRECTION('',(-1.,0.,0.));
#5535=DIRECTION('',(0.,0.,1.));
#5536=DIRECTION('',(1.,0.,0.));
#5537=DIRECTION('',(0.,0.,-1.));
#5538=DIRECTION('',(0.,0.,1.));
#5539=DIRECTION('',(1.,0.,0.));
#5540=DIRECTION('',(0.,0.,-1.));
#5541=DIRECTION('',(0.,0.,-1.));
#5542=DIRECTION('',(-1.,0.,0.));
#5543=DIRECTION('',(0.,0.,1.));
#5544=DIRECTION('',(1.,0.,0.));
#5545=DIRECTION('',(0.,0.,-1.));
#5546=DIRECTION('',(0.,0.,1.));
#5547=DIRECTION('',(1.,0.,0.));
#5548=DIRECTION('',(0.,0.,-1.));
#5549=DIRECTION('',(0.,0.,-1.));
#5550=DIRECTION('',(-1.,0.,0.));
#5551=DIRECTION('',(0.,0.,1.));
#5552=DIRECTION('',(1.,0.,0.));
#5553=DIRECTION('',(0.,0.,-1.));
#5554=DIRECTION('',(0.,0.,1.));
#5555=DIRECTION('',(1.,0.,0.));
#5556=DIRECTION('',(0.,0.,-1.));
#5557=DIRECTION('',(0.,0.,-1.));
#5558=DIRECTION('',(-1.,0.,0.));
#5559=DIRECTION('',(0.,0.,1.));
#5560=DIRECTION('',(1.,0.,0.));
#5561=DIRECTION('',(0.,0.,-1.));
#5562=DIRECTION('',(0.,0.,1.));
#5563=DIRECTION('',(1.,0.,0.));
#5564=DIRECTION('',(0.,0.,-1.));
#5565=DIRECTION('',(0.,0.,1.));
#5566=DIRECTION('',(1.,0.,0.));
#5567=DIRECTION('',(0.,0.,1.));
#5568=DIRECTION('',(1.,0.,0.));
#5569=DIRECTION('',(-0.996605433790759,0.0823262372438695,0.));
#5570=DIRECTION('',(0.,0.,1.));
#5571=DIRECTION('',(1.,0.,0.));
#5572=DIRECTION('',(0.996605433790759,0.0823262372438695,0.));
#5573=DIRECTION('',(0.,0.,1.));
#5574=DIRECTION('',(-0.891006524188368,0.453990499739547,0.));
#5575=DIRECTION('',(0.,0.,1.));
#5576=DIRECTION('',(-0.951056516295154,0.309016994374948,0.));
#5577=DIRECTION('',(0.,0.,1.));
#5578=DIRECTION('',(-0.951056516295154,0.309016994374948,0.));
#5579=DIRECTION('',(0.,0.,1.));
#5580=DIRECTION('',(-0.951056516295154,0.309016994374948,0.));
#5581=DIRECTION('',(0.,0.,1.));
#5582=DIRECTION('',(-0.987688340595138,0.156434465040231,0.));
#5583=DIRECTION('',(0.,0.,1.));
#5584=DIRECTION('',(-0.987688340595138,0.156434465040231,0.));
#5585=DIRECTION('',(0.,0.,1.));
#5586=DIRECTION('',(-0.987688340595138,0.156434465040231,0.));
#5587=DIRECTION('',(0.,0.,1.));
#5588=DIRECTION('',(-1.,1.22464679914735E-16,0.));
#5589=DIRECTION('',(0.,0.,1.));
#5590=DIRECTION('',(-1.,1.22464679914735E-16,0.));
#5591=DIRECTION('',(0.,0.,1.));
#5592=DIRECTION('',(-1.,1.22464679914735E-16,0.));
#5593=DIRECTION('',(0.,0.,1.));
#5594=DIRECTION('',(-0.987688340595138,-0.156434465040231,0.));
#5595=DIRECTION('',(0.,0.,1.));
#5596=DIRECTION('',(-0.987688340595138,-0.156434465040231,0.));
#5597=DIRECTION('',(0.,0.,1.));
#5598=DIRECTION('',(-0.987688340595138,-0.156434465040231,0.));
#5599=DIRECTION('',(0.,0.,1.));
#5600=DIRECTION('',(-0.951056516295154,-0.309016994374948,0.));
#5601=DIRECTION('',(0.,0.,1.));
#5602=DIRECTION('',(-0.951056516295154,-0.309016994374948,0.));
#5603=DIRECTION('',(0.,0.,1.));
#5604=DIRECTION('',(-0.951056516295154,-0.309016994374948,0.));
#5605=DIRECTION('',(0.,0.,1.));
#5606=DIRECTION('',(-0.891006524188368,-0.453990499739547,0.));
#5607=DIRECTION('',(0.,0.,1.));
#5608=DIRECTION('',(-0.891006524188368,-0.453990499739547,0.));
#5609=DIRECTION('',(0.,0.,1.));
#5610=DIRECTION('',(-0.891006524188368,-0.453990499739547,0.));
#5611=DIRECTION('',(0.,0.,1.));
#5612=DIRECTION('',(-0.809016994374948,-0.587785252292473,0.));
#5613=DIRECTION('',(0.,0.,1.));
#5614=DIRECTION('',(-0.809016994374948,-0.587785252292473,0.));
#5615=DIRECTION('',(0.,0.,1.));
#5616=DIRECTION('',(-0.809016994374948,-0.587785252292473,0.));
#5617=DIRECTION('',(0.,0.,1.));
#5618=DIRECTION('',(-0.707106781186548,-0.707106781186548,0.));
#5619=DIRECTION('',(0.,0.,1.));
#5620=DIRECTION('',(-0.707106781186548,-0.707106781186548,0.));
#5621=DIRECTION('',(0.,0.,1.));
#5622=DIRECTION('',(-0.707106781186548,-0.707106781186548,0.));
#5623=DIRECTION('',(0.,0.,1.));
#5624=DIRECTION('',(-0.587785252292473,-0.809016994374947,0.));
#5625=DIRECTION('',(0.,0.,1.));
#5626=DIRECTION('',(-0.587785252292473,-0.809016994374947,0.));
#5627=DIRECTION('',(0.,0.,1.));
#5628=DIRECTION('',(-0.587785252292473,-0.809016994374947,0.));
#5629=DIRECTION('',(0.,0.,1.));
#5630=DIRECTION('',(-0.453990499739547,-0.891006524188368,0.));
#5631=DIRECTION('',(0.,0.,1.));
#5632=DIRECTION('',(-0.453990499739547,-0.891006524188368,0.));
#5633=DIRECTION('',(0.,0.,1.));
#5634=DIRECTION('',(-0.453990499739547,-0.891006524188368,0.));
#5635=DIRECTION('',(0.,0.,1.));
#5636=DIRECTION('',(-0.309016994374948,-0.951056516295154,0.));
#5637=DIRECTION('',(0.,0.,1.));
#5638=DIRECTION('',(-0.309016994374948,-0.951056516295154,0.));
#5639=DIRECTION('',(0.,0.,1.));
#5640=DIRECTION('',(-0.309016994374948,-0.951056516295154,0.));
#5641=DIRECTION('',(0.,0.,1.));
#5642=DIRECTION('',(-0.156434465040231,-0.987688340595138,0.));
#5643=DIRECTION('',(0.,0.,1.));
#5644=DIRECTION('',(-0.156434465040231,-0.987688340595138,0.));
#5645=DIRECTION('',(0.,0.,1.));
#5646=DIRECTION('',(-0.156434465040231,-0.987688340595138,0.));
#5647=DIRECTION('',(0.,0.,1.));
#5648=DIRECTION('',(-1.83697019872103E-16,-1.,0.));
#5649=DIRECTION('',(0.,0.,1.));
#5650=DIRECTION('',(-1.83697019872103E-16,-1.,0.));
#5651=DIRECTION('',(0.,0.,1.));
#5652=DIRECTION('',(-1.83697019872103E-16,-1.,0.));
#5653=DIRECTION('',(0.,0.,1.));
#5654=DIRECTION('',(0.156434465040231,-0.987688340595138,0.));
#5655=DIRECTION('',(0.,0.,1.));
#5656=DIRECTION('',(0.156434465040231,-0.987688340595138,0.));
#5657=DIRECTION('',(0.,0.,1.));
#5658=DIRECTION('',(0.156434465040231,-0.987688340595138,0.));
#5659=DIRECTION('',(0.,0.,1.));
#5660=DIRECTION('',(0.309016994374948,-0.951056516295154,0.));
#5661=DIRECTION('',(0.,0.,1.));
#5662=DIRECTION('',(0.309016994374948,-0.951056516295154,0.));
#5663=DIRECTION('',(0.,0.,1.));
#5664=DIRECTION('',(0.309016994374948,-0.951056516295154,0.));
#5665=DIRECTION('',(0.,0.,1.));
#5666=DIRECTION('',(0.453990499739547,-0.891006524188368,0.));
#5667=DIRECTION('',(0.,0.,1.));
#5668=DIRECTION('',(0.453990499739547,-0.891006524188368,0.));
#5669=DIRECTION('',(0.,0.,1.));
#5670=DIRECTION('',(0.453990499739547,-0.891006524188368,0.));
#5671=DIRECTION('',(0.,0.,1.));
#5672=DIRECTION('',(0.587785252292473,-0.809016994374948,0.));
#5673=DIRECTION('',(0.,0.,1.));
#5674=DIRECTION('',(0.587785252292473,-0.809016994374948,0.));
#5675=DIRECTION('',(0.,0.,1.));
#5676=DIRECTION('',(0.587785252292473,-0.809016994374948,0.));
#5677=DIRECTION('',(0.,0.,1.));
#5678=DIRECTION('',(0.707106781186547,-0.707106781186548,0.));
#5679=DIRECTION('',(0.,0.,1.));
#5680=DIRECTION('',(0.707106781186547,-0.707106781186548,0.));
#5681=DIRECTION('',(0.,0.,1.));
#5682=DIRECTION('',(0.707106781186547,-0.707106781186548,0.));
#5683=DIRECTION('',(0.,0.,1.));
#5684=DIRECTION('',(0.809016994374947,-0.587785252292473,0.));
#5685=DIRECTION('',(0.,0.,1.));
#5686=DIRECTION('',(0.809016994374947,-0.587785252292473,0.));
#5687=DIRECTION('',(0.,0.,1.));
#5688=DIRECTION('',(0.809016994374947,-0.587785252292473,0.));
#5689=DIRECTION('',(0.,0.,1.));
#5690=DIRECTION('',(0.891006524188368,-0.453990499739547,0.));
#5691=DIRECTION('',(0.,0.,1.));
#5692=DIRECTION('',(0.891006524188368,-0.453990499739547,0.));
#5693=DIRECTION('',(0.,0.,1.));
#5694=DIRECTION('',(0.891006524188368,-0.453990499739547,0.));
#5695=DIRECTION('',(0.,0.,1.));
#5696=DIRECTION('',(0.951056516295154,-0.309016994374948,0.));
#5697=DIRECTION('',(0.,0.,1.));
#5698=DIRECTION('',(0.951056516295154,-0.309016994374948,0.));
#5699=DIRECTION('',(0.,0.,1.));
#5700=DIRECTION('',(0.951056516295154,-0.309016994374948,0.));
#5701=DIRECTION('',(0.,0.,1.));
#5702=DIRECTION('',(0.987688340595138,-0.156434465040231,0.));
#5703=DIRECTION('',(0.,0.,1.));
#5704=DIRECTION('',(0.987688340595138,-0.156434465040231,0.));
#5705=DIRECTION('',(0.,0.,1.));
#5706=DIRECTION('',(0.987688340595138,-0.156434465040231,0.));
#5707=DIRECTION('',(0.,0.,1.));
#5708=DIRECTION('',(1.,0.,0.));
#5709=DIRECTION('',(0.,0.,1.));
#5710=DIRECTION('',(1.,0.,0.));
#5711=DIRECTION('',(0.,0.,1.));
#5712=DIRECTION('',(1.,0.,0.));
#5713=DIRECTION('',(0.,0.,1.));
#5714=DIRECTION('',(1.,0.,0.));
#5715=DIRECTION('',(0.,0.,1.));
#5716=DIRECTION('',(0.987688340595138,0.156434465040231,0.));
#5717=DIRECTION('',(0.,0.,1.));
#5718=DIRECTION('',(0.987688340595138,0.156434465040231,0.));
#5719=DIRECTION('',(0.,0.,1.));
#5720=DIRECTION('',(0.987688340595138,0.156434465040231,0.));
#5721=DIRECTION('',(0.,0.,1.));
#5722=DIRECTION('',(0.951056516295154,0.309016994374948,0.));
#5723=DIRECTION('',(0.,0.,1.));
#5724=DIRECTION('',(0.951056516295154,0.309016994374948,0.));
#5725=DIRECTION('',(0.,0.,1.));
#5726=DIRECTION('',(0.951056516295154,0.309016994374948,0.));
#5727=DIRECTION('',(0.,0.,1.));
#5728=DIRECTION('',(0.891006524188368,0.453990499739547,0.));
#5729=DIRECTION('',(0.,0.,1.));
#5730=DIRECTION('',(0.891006524188368,0.453990499739547,0.));
#5731=DIRECTION('',(0.,0.,1.));
#5732=DIRECTION('',(0.891006524188368,0.453990499739547,0.));
#5733=DIRECTION('',(0.,0.,1.));
#5734=DIRECTION('',(0.809016994374948,0.587785252292473,0.));
#5735=DIRECTION('',(0.,0.,1.));
#5736=DIRECTION('',(0.809016994374948,0.587785252292473,0.));
#5737=DIRECTION('',(0.,0.,1.));
#5738=DIRECTION('',(0.809016994374948,0.587785252292473,0.));
#5739=DIRECTION('',(0.,0.,1.));
#5740=DIRECTION('',(0.707106781186548,0.707106781186548,0.));
#5741=DIRECTION('',(0.,0.,1.));
#5742=DIRECTION('',(0.707106781186548,0.707106781186548,0.));
#5743=DIRECTION('',(0.,0.,1.));
#5744=DIRECTION('',(0.707106781186548,0.707106781186548,0.));
#5745=DIRECTION('',(0.,0.,1.));
#5746=DIRECTION('',(0.587785252292473,0.809016994374948,0.));
#5747=DIRECTION('',(0.,0.,1.));
#5748=DIRECTION('',(0.587785252292473,0.809016994374948,0.));
#5749=DIRECTION('',(0.,0.,1.));
#5750=DIRECTION('',(0.587785252292473,0.809016994374948,0.));
#5751=DIRECTION('',(0.,0.,1.));
#5752=DIRECTION('',(0.453990499739547,0.891006524188368,0.));
#5753=DIRECTION('',(0.,0.,1.));
#5754=DIRECTION('',(0.453990499739547,0.891006524188368,0.));
#5755=DIRECTION('',(0.,0.,1.));
#5756=DIRECTION('',(0.453990499739547,0.891006524188368,0.));
#5757=DIRECTION('',(0.,0.,1.));
#5758=DIRECTION('',(0.309016994374948,0.951056516295154,0.));
#5759=DIRECTION('',(0.,0.,1.));
#5760=DIRECTION('',(0.309016994374948,0.951056516295154,0.));
#5761=DIRECTION('',(0.,0.,1.));
#5762=DIRECTION('',(0.309016994374948,0.951056516295154,0.));
#5763=DIRECTION('',(0.,0.,1.));
#5764=DIRECTION('',(0.156434465040231,0.987688340595138,0.));
#5765=DIRECTION('',(0.,0.,1.));
#5766=DIRECTION('',(0.156434465040231,0.987688340595138,0.));
#5767=DIRECTION('',(0.,0.,1.));
#5768=DIRECTION('',(0.156434465040231,0.987688340595138,0.));
#5769=DIRECTION('',(0.,0.,1.));
#5770=DIRECTION('',(6.12323399573677E-17,1.,0.));
#5771=DIRECTION('',(0.,0.,1.));
#5772=DIRECTION('',(6.12323399573677E-17,1.,0.));
#5773=DIRECTION('',(0.,0.,1.));
#5774=DIRECTION('',(6.12323399573677E-17,1.,0.));
#5775=DIRECTION('',(0.,0.,1.));
#5776=DIRECTION('',(-0.156434465040231,0.987688340595138,0.));
#5777=DIRECTION('',(0.,0.,1.));
#5778=DIRECTION('',(-0.156434465040231,0.987688340595138,0.));
#5779=DIRECTION('',(0.,0.,1.));
#5780=DIRECTION('',(-0.156434465040231,0.987688340595138,0.));
#5781=DIRECTION('',(0.,0.,1.));
#5782=DIRECTION('',(-0.309016994374948,0.951056516295154,0.));
#5783=DIRECTION('',(0.,0.,1.));
#5784=DIRECTION('',(-0.309016994374948,0.951056516295154,0.));
#5785=DIRECTION('',(0.,0.,1.));
#5786=DIRECTION('',(-0.309016994374948,0.951056516295154,0.));
#5787=DIRECTION('',(0.,0.,1.));
#5788=DIRECTION('',(-0.453990499739547,0.891006524188368,0.));
#5789=DIRECTION('',(0.,0.,1.));
#5790=DIRECTION('',(-0.453990499739547,0.891006524188368,0.));
#5791=DIRECTION('',(0.,0.,1.));
#5792=DIRECTION('',(-0.453990499739547,0.891006524188368,0.));
#5793=DIRECTION('',(0.,0.,1.));
#5794=DIRECTION('',(-0.587785252292473,0.809016994374948,0.));
#5795=DIRECTION('',(0.,0.,1.));
#5796=DIRECTION('',(-0.587785252292473,0.809016994374948,0.));
#5797=DIRECTION('',(0.,0.,1.));
#5798=DIRECTION('',(-0.587785252292473,0.809016994374948,0.));
#5799=DIRECTION('',(0.,0.,1.));
#5800=DIRECTION('',(-0.707106781186548,0.707106781186548,0.));
#5801=DIRECTION('',(0.,0.,1.));
#5802=DIRECTION('',(-0.707106781186548,0.707106781186548,0.));
#5803=DIRECTION('',(0.,0.,1.));
#5804=DIRECTION('',(-0.707106781186548,0.707106781186548,0.));
#5805=DIRECTION('',(0.,0.,1.));
#5806=DIRECTION('',(-0.809016994374947,0.587785252292473,0.));
#5807=DIRECTION('',(0.,0.,1.));
#5808=DIRECTION('',(-0.809016994374947,0.587785252292473,0.));
#5809=DIRECTION('',(0.,0.,1.));
#5810=DIRECTION('',(-0.809016994374947,0.587785252292473,0.));
#5811=DIRECTION('',(0.,0.,1.));
#5812=DIRECTION('',(-0.891006524188368,0.453990499739547,0.));
#5813=DIRECTION('',(0.,0.,1.));
#5814=DIRECTION('',(-0.891006524188368,0.453990499739547,0.));
#5815=DIRECTION('',(0.,0.,-1.));
#5816=DIRECTION('',(-1.,0.,0.));
#5817=DIRECTION('',(0.,0.,-1.));
#5818=DIRECTION('',(0.,0.,1.));
#5819=DIRECTION('',(1.,0.,0.));
#5820=DIRECTION('',(0.,0.,-1.));
#5821=DIRECTION('',(0.,0.,1.));
#5822=DIRECTION('',(1.,0.,0.));
#5823=DIRECTION('',(0.,0.,1.));
#5824=DIRECTION('',(-0.891006524188368,0.453990499739547,0.));
#5825=DIRECTION('',(0.,0.,1.));
#5826=DIRECTION('',(-0.809016994374947,0.587785252292473,0.));
#5827=DIRECTION('',(0.,0.,1.));
#5828=DIRECTION('',(-0.809016994374947,0.587785252292473,0.));
#5829=DIRECTION('',(0.,0.,1.));
#5830=DIRECTION('',(-0.809016994374947,0.587785252292473,0.));
#5831=DIRECTION('',(0.,0.,1.));
#5832=DIRECTION('',(-0.707106781186548,0.707106781186548,0.));
#5833=DIRECTION('',(0.,0.,1.));
#5834=DIRECTION('',(-0.707106781186548,0.707106781186548,0.));
#5835=DIRECTION('',(0.,0.,1.));
#5836=DIRECTION('',(-0.707106781186548,0.707106781186548,0.));
#5837=DIRECTION('',(0.,0.,1.));
#5838=DIRECTION('',(-0.587785252292473,0.809016994374948,0.));
#5839=DIRECTION('',(0.,0.,1.));
#5840=DIRECTION('',(-0.587785252292473,0.809016994374948,0.));
#5841=DIRECTION('',(0.,0.,1.));
#5842=DIRECTION('',(-0.587785252292473,0.809016994374948,0.));
#5843=DIRECTION('',(0.,0.,1.));
#5844=DIRECTION('',(-0.453990499739547,0.891006524188368,0.));
#5845=DIRECTION('',(0.,0.,1.));
#5846=DIRECTION('',(-0.453990499739547,0.891006524188368,0.));
#5847=DIRECTION('',(0.,0.,1.));
#5848=DIRECTION('',(-0.453990499739547,0.891006524188368,0.));
#5849=DIRECTION('',(0.,0.,1.));
#5850=DIRECTION('',(-0.309016994374948,0.951056516295154,0.));
#5851=DIRECTION('',(0.,0.,1.));
#5852=DIRECTION('',(-0.309016994374948,0.951056516295154,0.));
#5853=DIRECTION('',(0.,0.,1.));
#5854=DIRECTION('',(-0.309016994374948,0.951056516295154,0.));
#5855=DIRECTION('',(0.,0.,1.));
#5856=DIRECTION('',(-0.156434465040231,0.987688340595138,0.));
#5857=DIRECTION('',(0.,0.,1.));
#5858=DIRECTION('',(-0.156434465040231,0.987688340595138,0.));
#5859=DIRECTION('',(0.,0.,1.));
#5860=DIRECTION('',(-0.156434465040231,0.987688340595138,0.));
#5861=DIRECTION('',(0.,0.,1.));
#5862=DIRECTION('',(6.12323399573677E-17,1.,0.));
#5863=DIRECTION('',(0.,0.,1.));
#5864=DIRECTION('',(6.12323399573677E-17,1.,0.));
#5865=DIRECTION('',(0.,0.,1.));
#5866=DIRECTION('',(6.12323399573677E-17,1.,0.));
#5867=DIRECTION('',(0.,0.,1.));
#5868=DIRECTION('',(0.156434465040231,0.987688340595138,0.));
#5869=DIRECTION('',(0.,0.,1.));
#5870=DIRECTION('',(0.156434465040231,0.987688340595138,0.));
#5871=DIRECTION('',(0.,0.,1.));
#5872=DIRECTION('',(0.156434465040231,0.987688340595138,0.));
#5873=DIRECTION('',(0.,0.,1.));
#5874=DIRECTION('',(0.309016994374948,0.951056516295154,0.));
#5875=DIRECTION('',(0.,0.,1.));
#5876=DIRECTION('',(0.309016994374948,0.951056516295154,0.));
#5877=DIRECTION('',(0.,0.,1.));
#5878=DIRECTION('',(0.309016994374948,0.951056516295154,0.));
#5879=DIRECTION('',(0.,0.,1.));
#5880=DIRECTION('',(0.453990499739547,0.891006524188368,0.));
#5881=DIRECTION('',(0.,0.,1.));
#5882=DIRECTION('',(0.453990499739547,0.891006524188368,0.));
#5883=DIRECTION('',(0.,0.,1.));
#5884=DIRECTION('',(0.453990499739547,0.891006524188368,0.));
#5885=DIRECTION('',(0.,0.,1.));
#5886=DIRECTION('',(0.587785252292473,0.809016994374948,0.));
#5887=DIRECTION('',(0.,0.,1.));
#5888=DIRECTION('',(0.587785252292473,0.809016994374948,0.));
#5889=DIRECTION('',(0.,0.,1.));
#5890=DIRECTION('',(0.587785252292473,0.809016994374948,0.));
#5891=DIRECTION('',(0.,0.,1.));
#5892=DIRECTION('',(0.707106781186548,0.707106781186548,0.));
#5893=DIRECTION('',(0.,0.,1.));
#5894=DIRECTION('',(0.707106781186548,0.707106781186548,0.));
#5895=DIRECTION('',(0.,0.,1.));
#5896=DIRECTION('',(0.707106781186548,0.707106781186548,0.));
#5897=DIRECTION('',(0.,0.,1.));
#5898=DIRECTION('',(0.809016994374948,0.587785252292473,0.));
#5899=DIRECTION('',(0.,0.,1.));
#5900=DIRECTION('',(0.809016994374948,0.587785252292473,0.));
#5901=DIRECTION('',(0.,0.,1.));
#5902=DIRECTION('',(0.809016994374948,0.587785252292473,0.));
#5903=DIRECTION('',(0.,0.,1.));
#5904=DIRECTION('',(0.891006524188368,0.453990499739547,0.));
#5905=DIRECTION('',(0.,0.,1.));
#5906=DIRECTION('',(0.891006524188368,0.453990499739547,0.));
#5907=DIRECTION('',(0.,0.,1.));
#5908=DIRECTION('',(0.891006524188368,0.453990499739547,0.));
#5909=DIRECTION('',(0.,0.,1.));
#5910=DIRECTION('',(0.951056516295154,0.309016994374948,0.));
#5911=DIRECTION('',(0.,0.,1.));
#5912=DIRECTION('',(0.951056516295154,0.309016994374948,0.));
#5913=DIRECTION('',(0.,0.,1.));
#5914=DIRECTION('',(0.951056516295154,0.309016994374948,0.));
#5915=DIRECTION('',(0.,0.,1.));
#5916=DIRECTION('',(0.987688340595138,0.156434465040231,0.));
#5917=DIRECTION('',(0.,0.,1.));
#5918=DIRECTION('',(0.987688340595138,0.156434465040231,0.));
#5919=DIRECTION('',(0.,0.,1.));
#5920=DIRECTION('',(0.987688340595138,0.156434465040231,0.));
#5921=DIRECTION('',(0.,0.,1.));
#5922=DIRECTION('',(1.,0.,0.));
#5923=DIRECTION('',(0.,0.,1.));
#5924=DIRECTION('',(1.,0.,0.));
#5925=DIRECTION('',(0.,0.,1.));
#5926=DIRECTION('',(1.,0.,0.));
#5927=DIRECTION('',(0.,0.,1.));
#5928=DIRECTION('',(0.987688340595138,-0.156434465040231,0.));
#5929=DIRECTION('',(0.,0.,1.));
#5930=DIRECTION('',(0.987688340595138,-0.156434465040231,0.));
#5931=DIRECTION('',(0.,0.,1.));
#5932=DIRECTION('',(0.987688340595138,-0.156434465040231,0.));
#5933=DIRECTION('',(0.,0.,1.));
#5934=DIRECTION('',(0.951056516295154,-0.309016994374948,0.));
#5935=DIRECTION('',(0.,0.,1.));
#5936=DIRECTION('',(0.951056516295154,-0.309016994374948,0.));
#5937=DIRECTION('',(0.,0.,1.));
#5938=DIRECTION('',(0.951056516295154,-0.309016994374948,0.));
#5939=DIRECTION('',(0.,0.,1.));
#5940=DIRECTION('',(0.891006524188368,-0.453990499739547,0.));
#5941=DIRECTION('',(0.,0.,1.));
#5942=DIRECTION('',(0.891006524188368,-0.453990499739547,0.));
#5943=DIRECTION('',(0.,0.,1.));
#5944=DIRECTION('',(0.891006524188368,-0.453990499739547,0.));
#5945=DIRECTION('',(0.,0.,1.));
#5946=DIRECTION('',(0.809016994374947,-0.587785252292473,0.));
#5947=DIRECTION('',(0.,0.,1.));
#5948=DIRECTION('',(0.809016994374947,-0.587785252292473,0.));
#5949=DIRECTION('',(0.,0.,1.));
#5950=DIRECTION('',(0.809016994374947,-0.587785252292473,0.));
#5951=DIRECTION('',(0.,0.,1.));
#5952=DIRECTION('',(0.707106781186547,-0.707106781186548,0.));
#5953=DIRECTION('',(0.,0.,1.));
#5954=DIRECTION('',(0.707106781186547,-0.707106781186548,0.));
#5955=DIRECTION('',(0.,0.,1.));
#5956=DIRECTION('',(0.707106781186547,-0.707106781186548,0.));
#5957=DIRECTION('',(0.,0.,1.));
#5958=DIRECTION('',(0.587785252292473,-0.809016994374948,0.));
#5959=DIRECTION('',(0.,0.,1.));
#5960=DIRECTION('',(0.587785252292473,-0.809016994374948,0.));
#5961=DIRECTION('',(0.,0.,1.));
#5962=DIRECTION('',(0.587785252292473,-0.809016994374948,0.));
#5963=DIRECTION('',(0.,0.,1.));
#5964=DIRECTION('',(0.453990499739547,-0.891006524188368,0.));
#5965=DIRECTION('',(0.,0.,1.));
#5966=DIRECTION('',(0.453990499739547,-0.891006524188368,0.));
#5967=DIRECTION('',(0.,0.,1.));
#5968=DIRECTION('',(0.453990499739547,-0.891006524188368,0.));
#5969=DIRECTION('',(0.,0.,1.));
#5970=DIRECTION('',(0.309016994374948,-0.951056516295154,0.));
#5971=DIRECTION('',(0.,0.,1.));
#5972=DIRECTION('',(0.309016994374948,-0.951056516295154,0.));
#5973=DIRECTION('',(0.,0.,1.));
#5974=DIRECTION('',(0.309016994374948,-0.951056516295154,0.));
#5975=DIRECTION('',(0.,0.,1.));
#5976=DIRECTION('',(0.156434465040231,-0.987688340595138,0.));
#5977=DIRECTION('',(0.,0.,1.));
#5978=DIRECTION('',(0.156434465040231,-0.987688340595138,0.));
#5979=DIRECTION('',(0.,0.,1.));
#5980=DIRECTION('',(0.156434465040231,-0.987688340595138,0.));
#5981=DIRECTION('',(0.,0.,1.));
#5982=DIRECTION('',(-1.83697019872103E-16,-1.,0.));
#5983=DIRECTION('',(0.,0.,1.));
#5984=DIRECTION('',(-1.83697019872103E-16,-1.,0.));
#5985=DIRECTION('',(0.,0.,1.));
#5986=DIRECTION('',(-1.83697019872103E-16,-1.,0.));
#5987=DIRECTION('',(0.,0.,1.));
#5988=DIRECTION('',(-0.156434465040231,-0.987688340595138,0.));
#5989=DIRECTION('',(0.,0.,1.));
#5990=DIRECTION('',(-0.156434465040231,-0.987688340595138,0.));
#5991=DIRECTION('',(0.,0.,1.));
#5992=DIRECTION('',(-0.156434465040231,-0.987688340595138,0.));
#5993=DIRECTION('',(0.,0.,1.));
#5994=DIRECTION('',(-0.309016994374948,-0.951056516295154,0.));
#5995=DIRECTION('',(0.,0.,1.));
#5996=DIRECTION('',(-0.309016994374948,-0.951056516295154,0.));
#5997=DIRECTION('',(0.,0.,1.));
#5998=DIRECTION('',(-0.309016994374948,-0.951056516295154,0.));
#5999=DIRECTION('',(0.,0.,1.));
#6000=DIRECTION('',(-0.453990499739547,-0.891006524188368,0.));
#6001=DIRECTION('',(0.,0.,1.));
#6002=DIRECTION('',(-0.453990499739547,-0.891006524188368,0.));
#6003=DIRECTION('',(0.,0.,1.));
#6004=DIRECTION('',(-0.453990499739547,-0.891006524188368,0.));
#6005=DIRECTION('',(0.,0.,1.));
#6006=DIRECTION('',(-0.587785252292473,-0.809016994374947,0.));
#6007=DIRECTION('',(0.,0.,1.));
#6008=DIRECTION('',(-0.587785252292473,-0.809016994374947,0.));
#6009=DIRECTION('',(0.,0.,1.));
#6010=DIRECTION('',(-0.587785252292473,-0.809016994374947,0.));
#6011=DIRECTION('',(0.,0.,1.));
#6012=DIRECTION('',(-0.707106781186548,-0.707106781186548,0.));
#6013=DIRECTION('',(0.,0.,1.));
#6014=DIRECTION('',(-0.707106781186548,-0.707106781186548,0.));
#6015=DIRECTION('',(0.,0.,1.));
#6016=DIRECTION('',(-0.707106781186548,-0.707106781186548,0.));
#6017=DIRECTION('',(0.,0.,1.));
#6018=DIRECTION('',(-0.809016994374948,-0.587785252292473,0.));
#6019=DIRECTION('',(0.,0.,1.));
#6020=DIRECTION('',(-0.809016994374948,-0.587785252292473,0.));
#6021=DIRECTION('',(0.,0.,1.));
#6022=DIRECTION('',(-0.809016994374948,-0.587785252292473,0.));
#6023=DIRECTION('',(0.,0.,1.));
#6024=DIRECTION('',(-0.891006524188368,-0.453990499739547,0.));
#6025=DIRECTION('',(0.,0.,1.));
#6026=DIRECTION('',(-0.891006524188368,-0.453990499739547,0.));
#6027=DIRECTION('',(0.,0.,1.));
#6028=DIRECTION('',(-0.891006524188368,-0.453990499739547,0.));
#6029=DIRECTION('',(0.,0.,1.));
#6030=DIRECTION('',(-0.951056516295154,-0.309016994374948,0.));
#6031=DIRECTION('',(0.,0.,1.));
#6032=DIRECTION('',(-0.951056516295154,-0.309016994374948,0.));
#6033=DIRECTION('',(0.,0.,1.));
#6034=DIRECTION('',(-0.951056516295154,-0.309016994374948,0.));
#6035=DIRECTION('',(0.,0.,1.));
#6036=DIRECTION('',(-0.987688340595138,-0.156434465040231,0.));
#6037=DIRECTION('',(0.,0.,1.));
#6038=DIRECTION('',(-0.987688340595138,-0.156434465040231,0.));
#6039=DIRECTION('',(0.,0.,1.));
#6040=DIRECTION('',(-0.987688340595138,-0.156434465040231,0.));
#6041=DIRECTION('',(0.,0.,1.));
#6042=DIRECTION('',(-1.,1.22464679914735E-16,0.));
#6043=DIRECTION('',(0.,0.,1.));
#6044=DIRECTION('',(-1.,1.22464679914735E-16,0.));
#6045=DIRECTION('',(0.,0.,1.));
#6046=DIRECTION('',(-1.,1.22464679914735E-16,0.));
#6047=DIRECTION('',(0.,0.,1.));
#6048=DIRECTION('',(-0.987688340595138,0.156434465040231,0.));
#6049=DIRECTION('',(0.,0.,1.));
#6050=DIRECTION('',(-0.987688340595138,0.156434465040231,0.));
#6051=DIRECTION('',(0.,0.,1.));
#6052=DIRECTION('',(-0.987688340595138,0.156434465040231,0.));
#6053=DIRECTION('',(0.,0.,1.));
#6054=DIRECTION('',(-0.951056516295154,0.309016994374948,0.));
#6055=DIRECTION('',(0.,0.,1.));
#6056=DIRECTION('',(-0.951056516295154,0.309016994374948,0.));
#6057=DIRECTION('',(0.,0.,1.));
#6058=DIRECTION('',(-0.951056516295154,0.309016994374948,0.));
#6059=DIRECTION('',(0.,0.,1.));
#6060=DIRECTION('',(-0.891006524188368,0.453990499739547,0.));
#6061=DIRECTION('',(0.,0.,1.));
#6062=DIRECTION('',(-0.891006524188368,0.453990499739547,0.));
#6063=DIRECTION('',(0.,0.,-1.));
#6064=DIRECTION('',(0.,0.,-1.));
#6065=DIRECTION('',(0.,0.,-1.));
#6066=DIRECTION('',(-1.,0.,0.));
#6067=DIRECTION('',(0.,0.,-1.));
#6068=DIRECTION('',(0.,0.,-1.));
#6069=DIRECTION('',(0.,0.,-1.));
#6070=DIRECTION('',(-1.,0.,0.));
#6071=DIRECTION('',(0.,0.,-1.));
#6072=DIRECTION('',(-1.,0.,0.));
#6073=DIRECTION('',(0.,0.,-1.));
#6074=DIRECTION('',(0.,0.,-1.));
#6075=DIRECTION('',(0.,0.,-1.));
#6076=DIRECTION('',(-0.987688340595138,0.156434465040231,0.));
#6077=DIRECTION('',(0.,0.,-1.));
#6078=DIRECTION('',(0.,0.,-1.));
#6079=DIRECTION('',(0.,0.,-1.));
#6080=DIRECTION('',(-0.987688340595138,0.156434465040231,0.));
#6081=DIRECTION('',(0.,0.,-1.));
#6082=DIRECTION('',(-0.987688340595138,0.156434465040231,0.));
#6083=DIRECTION('',(0.,0.,-1.));
#6084=DIRECTION('',(0.,0.,-1.));
#6085=DIRECTION('',(0.,0.,-1.));
#6086=DIRECTION('',(-0.951056516295154,0.309016994374948,0.));
#6087=DIRECTION('',(0.,0.,-1.));
#6088=DIRECTION('',(0.,0.,-1.));
#6089=DIRECTION('',(0.,0.,-1.));
#6090=DIRECTION('',(-0.951056516295154,0.309016994374948,0.));
#6091=DIRECTION('',(0.,0.,-1.));
#6092=DIRECTION('',(-0.951056516295154,0.309016994374948,0.));
#6093=DIRECTION('',(0.,0.,-1.));
#6094=DIRECTION('',(0.,0.,-1.));
#6095=DIRECTION('',(0.,0.,-1.));
#6096=DIRECTION('',(-0.891006524188368,0.453990499739547,0.));
#6097=DIRECTION('',(0.,0.,-1.));
#6098=DIRECTION('',(0.,0.,-1.));
#6099=DIRECTION('',(0.,0.,-1.));
#6100=DIRECTION('',(-0.891006524188368,0.453990499739547,0.));
#6101=DIRECTION('',(0.,0.,-1.));
#6102=DIRECTION('',(-0.891006524188368,0.453990499739547,0.));
#6103=DIRECTION('',(0.,0.,-1.));
#6104=DIRECTION('',(0.,0.,-1.));
#6105=DIRECTION('',(0.,0.,-1.));
#6106=DIRECTION('',(-0.453990499739547,0.891006524188368,0.));
#6107=DIRECTION('',(0.,0.,-1.));
#6108=DIRECTION('',(0.,0.,-1.));
#6109=DIRECTION('',(0.,0.,-1.));
#6110=DIRECTION('',(-0.453990499739547,0.891006524188368,0.));
#6111=DIRECTION('',(0.,0.,-1.));
#6112=DIRECTION('',(-0.453990499739547,0.891006524188368,0.));
#6113=DIRECTION('',(0.,0.,-1.));
#6114=DIRECTION('',(0.,0.,-1.));
#6115=DIRECTION('',(0.,0.,-1.));
#6116=DIRECTION('',(-0.587785252292473,0.809016994374948,0.));
#6117=DIRECTION('',(0.,0.,-1.));
#6118=DIRECTION('',(0.,0.,-1.));
#6119=DIRECTION('',(0.,0.,-1.));
#6120=DIRECTION('',(-0.587785252292473,0.809016994374948,0.));
#6121=DIRECTION('',(0.,0.,-1.));
#6122=DIRECTION('',(-0.587785252292473,0.809016994374948,0.));
#6123=DIRECTION('',(0.,0.,-1.));
#6124=DIRECTION('',(0.,0.,-1.));
#6125=DIRECTION('',(0.,0.,-1.));
#6126=DIRECTION('',(-0.809016994374947,0.587785252292473,0.));
#6127=DIRECTION('',(0.,0.,-1.));
#6128=DIRECTION('',(0.,0.,-1.));
#6129=DIRECTION('',(0.,0.,-1.));
#6130=DIRECTION('',(-0.809016994374947,0.587785252292473,0.));
#6131=DIRECTION('',(0.,0.,-1.));
#6132=DIRECTION('',(-0.809016994374947,0.587785252292473,0.));
#6133=DIRECTION('',(0.,0.,-1.));
#6134=DIRECTION('',(0.,0.,-1.));
#6135=DIRECTION('',(0.,0.,-1.));
#6136=DIRECTION('',(-0.707106781186547,0.707106781186548,0.));
#6137=DIRECTION('',(0.,0.,-1.));
#6138=DIRECTION('',(0.,0.,-1.));
#6139=DIRECTION('',(0.,0.,-1.));
#6140=DIRECTION('',(-0.707106781186547,0.707106781186548,0.));
#6141=DIRECTION('',(0.,0.,-1.));
#6142=DIRECTION('',(-0.707106781186547,0.707106781186548,0.));
#6143=DIRECTION('',(0.,0.,-1.));
#6144=DIRECTION('',(0.,0.,-1.));
#6145=DIRECTION('',(0.,0.,-1.));
#6146=DIRECTION('',(-0.309016994374948,-0.951056516295154,0.));
#6147=DIRECTION('',(0.,0.,-1.));
#6148=DIRECTION('',(0.,0.,-1.));
#6149=DIRECTION('',(0.,0.,-1.));
#6150=DIRECTION('',(-0.309016994374948,-0.951056516295154,0.));
#6151=DIRECTION('',(0.,0.,-1.));
#6152=DIRECTION('',(-0.309016994374948,-0.951056516295154,0.));
#6153=DIRECTION('',(0.,0.,-1.));
#6154=DIRECTION('',(0.,0.,-1.));
#6155=DIRECTION('',(0.,0.,-1.));
#6156=DIRECTION('',(-0.453990499739547,-0.891006524188368,0.));
#6157=DIRECTION('',(0.,0.,-1.));
#6158=DIRECTION('',(0.,0.,-1.));
#6159=DIRECTION('',(0.,0.,-1.));
#6160=DIRECTION('',(-0.453990499739547,-0.891006524188368,0.));
#6161=DIRECTION('',(0.,0.,-1.));
#6162=DIRECTION('',(-0.453990499739547,-0.891006524188368,0.));
#6163=DIRECTION('',(0.,0.,-1.));
#6164=DIRECTION('',(0.,0.,-1.));
#6165=DIRECTION('',(0.,0.,-1.));
#6166=DIRECTION('',(-0.707106781186548,-0.707106781186548,0.));
#6167=DIRECTION('',(0.,0.,-1.));
#6168=DIRECTION('',(0.,0.,-1.));
#6169=DIRECTION('',(0.,0.,-1.));
#6170=DIRECTION('',(-0.707106781186548,-0.707106781186548,0.));
#6171=DIRECTION('',(0.,0.,-1.));
#6172=DIRECTION('',(-0.707106781186548,-0.707106781186548,0.));
#6173=DIRECTION('',(0.,0.,-1.));
#6174=DIRECTION('',(0.,0.,-1.));
#6175=DIRECTION('',(0.,0.,-1.));
#6176=DIRECTION('',(-0.587785252292473,-0.809016994374948,0.));
#6177=DIRECTION('',(0.,0.,-1.));
#6178=DIRECTION('',(0.,0.,-1.));
#6179=DIRECTION('',(0.,0.,-1.));
#6180=DIRECTION('',(-0.587785252292473,-0.809016994374948,0.));
#6181=DIRECTION('',(0.,0.,-1.));
#6182=DIRECTION('',(-0.587785252292473,-0.809016994374948,0.));
#6183=DIRECTION('',(0.,0.,-1.));
#6184=DIRECTION('',(0.,0.,-1.));
#6185=DIRECTION('',(0.,0.,-1.));
#6186=DIRECTION('',(-0.809016994374948,-0.587785252292473,0.));
#6187=DIRECTION('',(0.,0.,-1.));
#6188=DIRECTION('',(0.,0.,-1.));
#6189=DIRECTION('',(0.,0.,-1.));
#6190=DIRECTION('',(-0.809016994374948,-0.587785252292473,0.));
#6191=DIRECTION('',(0.,0.,-1.));
#6192=DIRECTION('',(-0.809016994374948,-0.587785252292473,0.));
#6193=DIRECTION('',(0.,0.,-1.));
#6194=DIRECTION('',(0.,0.,-1.));
#6195=DIRECTION('',(0.,0.,-1.));
#6196=DIRECTION('',(-0.891006524188368,-0.453990499739547,0.));
#6197=DIRECTION('',(0.,0.,-1.));
#6198=DIRECTION('',(0.,0.,-1.));
#6199=DIRECTION('',(0.,0.,-1.));
#6200=DIRECTION('',(-0.891006524188368,-0.453990499739547,0.));
#6201=DIRECTION('',(0.,0.,-1.));
#6202=DIRECTION('',(-0.891006524188368,-0.453990499739547,0.));
#6203=DIRECTION('',(0.,0.,-1.));
#6204=DIRECTION('',(0.,0.,-1.));
#6205=DIRECTION('',(0.,0.,-1.));
#6206=DIRECTION('',(-0.951056516295154,-0.309016994374948,0.));
#6207=DIRECTION('',(0.,0.,-1.));
#6208=DIRECTION('',(0.,0.,-1.));
#6209=DIRECTION('',(0.,0.,-1.));
#6210=DIRECTION('',(-0.951056516295154,-0.309016994374948,0.));
#6211=DIRECTION('',(0.,0.,-1.));
#6212=DIRECTION('',(-0.951056516295154,-0.309016994374948,0.));
#6213=DIRECTION('',(0.,0.,-1.));
#6214=DIRECTION('',(0.,0.,-1.));
#6215=DIRECTION('',(0.,0.,-1.));
#6216=DIRECTION('',(-0.987688340595138,-0.156434465040231,0.));
#6217=DIRECTION('',(0.,0.,-1.));
#6218=DIRECTION('',(0.,0.,-1.));
#6219=DIRECTION('',(0.,0.,-1.));
#6220=DIRECTION('',(-0.987688340595138,-0.156434465040231,0.));
#6221=DIRECTION('',(0.,0.,-1.));
#6222=DIRECTION('',(-0.987688340595138,-0.156434465040231,0.));
#6223=DIRECTION('',(0.,0.,-1.));
#6224=DIRECTION('',(0.,0.,-1.));
#6225=DIRECTION('',(0.,0.,-1.));
#6226=DIRECTION('',(-0.156434465040231,-0.987688340595138,0.));
#6227=DIRECTION('',(0.,0.,-1.));
#6228=DIRECTION('',(0.,0.,-1.));
#6229=DIRECTION('',(0.,0.,-1.));
#6230=DIRECTION('',(-0.156434465040231,-0.987688340595138,0.));
#6231=DIRECTION('',(0.,0.,-1.));
#6232=DIRECTION('',(-0.156434465040231,-0.987688340595138,0.));
#6233=DIRECTION('',(0.,0.,-1.));
#6234=DIRECTION('',(0.,0.,-1.));
#6235=DIRECTION('',(0.,0.,-1.));
#6236=DIRECTION('',(-6.12323399573677E-17,-1.,0.));
#6237=DIRECTION('',(0.,0.,-1.));
#6238=DIRECTION('',(0.,0.,-1.));
#6239=DIRECTION('',(0.,0.,-1.));
#6240=DIRECTION('',(-6.12323399573677E-17,-1.,0.));
#6241=DIRECTION('',(0.,0.,-1.));
#6242=DIRECTION('',(-6.12323399573677E-17,-1.,0.));
#6243=DIRECTION('',(0.,0.,-1.));
#6244=DIRECTION('',(0.,0.,-1.));
#6245=DIRECTION('',(0.,0.,-1.));
#6246=DIRECTION('',(0.156434465040231,-0.987688340595138,0.));
#6247=DIRECTION('',(0.,0.,-1.));
#6248=DIRECTION('',(0.,0.,-1.));
#6249=DIRECTION('',(0.,0.,-1.));
#6250=DIRECTION('',(0.156434465040231,-0.987688340595138,0.));
#6251=DIRECTION('',(0.,0.,-1.));
#6252=DIRECTION('',(0.156434465040231,-0.987688340595138,0.));
#6253=DIRECTION('',(0.,0.,-1.));
#6254=DIRECTION('',(0.,0.,-1.));
#6255=DIRECTION('',(0.,0.,-1.));
#6256=DIRECTION('',(0.309016994374948,-0.951056516295154,0.));
#6257=DIRECTION('',(0.,0.,-1.));
#6258=DIRECTION('',(0.,0.,-1.));
#6259=DIRECTION('',(0.,0.,-1.));
#6260=DIRECTION('',(0.309016994374948,-0.951056516295154,0.));
#6261=DIRECTION('',(0.,0.,-1.));
#6262=DIRECTION('',(0.309016994374948,-0.951056516295154,0.));
#6263=DIRECTION('',(0.,0.,-1.));
#6264=DIRECTION('',(0.,0.,-1.));
#6265=DIRECTION('',(0.,0.,-1.));
#6266=DIRECTION('',(0.707106781186548,-0.707106781186548,0.));
#6267=DIRECTION('',(0.,0.,-1.));
#6268=DIRECTION('',(0.,0.,-1.));
#6269=DIRECTION('',(0.,0.,-1.));
#6270=DIRECTION('',(0.707106781186548,-0.707106781186548,0.));
#6271=DIRECTION('',(0.,0.,-1.));
#6272=DIRECTION('',(0.707106781186548,-0.707106781186548,0.));
#6273=DIRECTION('',(0.,0.,-1.));
#6274=DIRECTION('',(0.,0.,-1.));
#6275=DIRECTION('',(0.,0.,-1.));
#6276=DIRECTION('',(0.809016994374947,-0.587785252292473,0.));
#6277=DIRECTION('',(0.,0.,-1.));
#6278=DIRECTION('',(0.,0.,-1.));
#6279=DIRECTION('',(0.,0.,-1.));
#6280=DIRECTION('',(0.809016994374947,-0.587785252292473,0.));
#6281=DIRECTION('',(0.,0.,-1.));
#6282=DIRECTION('',(0.809016994374947,-0.587785252292473,0.));
#6283=DIRECTION('',(0.,0.,-1.));
#6284=DIRECTION('',(0.,0.,-1.));
#6285=DIRECTION('',(0.,0.,-1.));
#6286=DIRECTION('',(0.587785252292473,-0.809016994374948,0.));
#6287=DIRECTION('',(0.,0.,-1.));
#6288=DIRECTION('',(0.,0.,-1.));
#6289=DIRECTION('',(0.,0.,-1.));
#6290=DIRECTION('',(0.587785252292473,-0.809016994374948,0.));
#6291=DIRECTION('',(0.,0.,-1.));
#6292=DIRECTION('',(0.587785252292473,-0.809016994374948,0.));
#6293=DIRECTION('',(0.,0.,-1.));
#6294=DIRECTION('',(0.,0.,-1.));
#6295=DIRECTION('',(0.,0.,-1.));
#6296=DIRECTION('',(0.453990499739547,-0.891006524188368,0.));
#6297=DIRECTION('',(0.,0.,-1.));
#6298=DIRECTION('',(0.,0.,-1.));
#6299=DIRECTION('',(0.,0.,-1.));
#6300=DIRECTION('',(0.453990499739547,-0.891006524188368,0.));
#6301=DIRECTION('',(0.,0.,-1.));
#6302=DIRECTION('',(0.453990499739547,-0.891006524188368,0.));
#6303=DIRECTION('',(0.,0.,-1.));
#6304=DIRECTION('',(0.,0.,-1.));
#6305=DIRECTION('',(0.,0.,-1.));
#6306=DIRECTION('',(-0.309016994374948,0.951056516295154,0.));
#6307=DIRECTION('',(0.,0.,-1.));
#6308=DIRECTION('',(0.,0.,-1.));
#6309=DIRECTION('',(0.,0.,-1.));
#6310=DIRECTION('',(-0.309016994374948,0.951056516295154,0.));
#6311=DIRECTION('',(0.,0.,-1.));
#6312=DIRECTION('',(-0.309016994374948,0.951056516295154,0.));
#6313=DIRECTION('',(0.,0.,-1.));
#6314=DIRECTION('',(0.,0.,-1.));
#6315=DIRECTION('',(0.,0.,-1.));
#6316=DIRECTION('',(-0.156434465040231,0.987688340595138,0.));
#6317=DIRECTION('',(0.,0.,-1.));
#6318=DIRECTION('',(0.,0.,-1.));
#6319=DIRECTION('',(0.,0.,-1.));
#6320=DIRECTION('',(-0.156434465040231,0.987688340595138,0.));
#6321=DIRECTION('',(0.,0.,-1.));
#6322=DIRECTION('',(-0.156434465040231,0.987688340595138,0.));
#6323=DIRECTION('',(0.,0.,-1.));
#6324=DIRECTION('',(0.,0.,-1.));
#6325=DIRECTION('',(0.,0.,-1.));
#6326=DIRECTION('',(1.83697019872103E-16,1.,0.));
#6327=DIRECTION('',(0.,0.,-1.));
#6328=DIRECTION('',(0.,0.,-1.));
#6329=DIRECTION('',(0.,0.,-1.));
#6330=DIRECTION('',(1.83697019872103E-16,1.,0.));
#6331=DIRECTION('',(0.,0.,-1.));
#6332=DIRECTION('',(1.83697019872103E-16,1.,0.));
#6333=DIRECTION('',(0.,0.,-1.));
#6334=DIRECTION('',(0.,0.,-1.));
#6335=DIRECTION('',(0.,0.,-1.));
#6336=DIRECTION('',(0.156434465040231,0.987688340595138,0.));
#6337=DIRECTION('',(0.,0.,-1.));
#6338=DIRECTION('',(0.,0.,-1.));
#6339=DIRECTION('',(0.,0.,-1.));
#6340=DIRECTION('',(0.156434465040231,0.987688340595138,0.));
#6341=DIRECTION('',(0.,0.,-1.));
#6342=DIRECTION('',(0.156434465040231,0.987688340595138,0.));
#6343=DIRECTION('',(0.,0.,-1.));
#6344=DIRECTION('',(0.,0.,-1.));
#6345=DIRECTION('',(0.,0.,-1.));
#6346=DIRECTION('',(0.309016994374948,0.951056516295154,0.));
#6347=DIRECTION('',(0.,0.,-1.));
#6348=DIRECTION('',(0.,0.,-1.));
#6349=DIRECTION('',(0.,0.,-1.));
#6350=DIRECTION('',(0.309016994374948,0.951056516295154,0.));
#6351=DIRECTION('',(0.,0.,-1.));
#6352=DIRECTION('',(0.309016994374948,0.951056516295154,0.));
#6353=DIRECTION('',(0.,0.,-1.));
#6354=DIRECTION('',(0.,0.,-1.));
#6355=DIRECTION('',(0.,0.,-1.));
#6356=DIRECTION('',(0.453990499739547,0.891006524188368,0.));
#6357=DIRECTION('',(0.,0.,-1.));
#6358=DIRECTION('',(0.,0.,-1.));
#6359=DIRECTION('',(0.,0.,-1.));
#6360=DIRECTION('',(0.453990499739547,0.891006524188368,0.));
#6361=DIRECTION('',(0.,0.,-1.));
#6362=DIRECTION('',(0.453990499739547,0.891006524188368,0.));
#6363=DIRECTION('',(0.,0.,-1.));
#6364=DIRECTION('',(0.,0.,-1.));
#6365=DIRECTION('',(0.,0.,-1.));
#6366=DIRECTION('',(0.707106781186548,0.707106781186548,0.));
#6367=DIRECTION('',(0.,0.,-1.));
#6368=DIRECTION('',(0.,0.,-1.));
#6369=DIRECTION('',(0.,0.,-1.));
#6370=DIRECTION('',(0.707106781186548,0.707106781186548,0.));
#6371=DIRECTION('',(0.,0.,-1.));
#6372=DIRECTION('',(0.707106781186548,0.707106781186548,0.));
#6373=DIRECTION('',(0.,0.,-1.));
#6374=DIRECTION('',(0.,0.,-1.));
#6375=DIRECTION('',(0.,0.,-1.));
#6376=DIRECTION('',(0.587785252292473,0.809016994374947,0.));
#6377=DIRECTION('',(0.,0.,-1.));
#6378=DIRECTION('',(0.,0.,-1.));
#6379=DIRECTION('',(0.,0.,-1.));
#6380=DIRECTION('',(0.587785252292473,0.809016994374947,0.));
#6381=DIRECTION('',(0.,0.,-1.));
#6382=DIRECTION('',(0.587785252292473,0.809016994374947,0.));
#6383=DIRECTION('',(0.,0.,-1.));
#6384=DIRECTION('',(0.,0.,-1.));
#6385=DIRECTION('',(0.,0.,-1.));
#6386=DIRECTION('',(0.809016994374948,0.587785252292473,0.));
#6387=DIRECTION('',(0.,0.,-1.));
#6388=DIRECTION('',(0.,0.,-1.));
#6389=DIRECTION('',(0.,0.,-1.));
#6390=DIRECTION('',(0.809016994374948,0.587785252292473,0.));
#6391=DIRECTION('',(0.,0.,-1.));
#6392=DIRECTION('',(0.809016994374948,0.587785252292473,0.));
#6393=DIRECTION('',(0.,0.,-1.));
#6394=DIRECTION('',(0.,0.,-1.));
#6395=DIRECTION('',(0.,0.,-1.));
#6396=DIRECTION('',(0.891006524188368,0.453990499739547,0.));
#6397=DIRECTION('',(0.,0.,-1.));
#6398=DIRECTION('',(0.,0.,-1.));
#6399=DIRECTION('',(0.,0.,-1.));
#6400=DIRECTION('',(0.891006524188368,0.453990499739547,0.));
#6401=DIRECTION('',(0.,0.,-1.));
#6402=DIRECTION('',(0.891006524188368,0.453990499739547,0.));
#6403=DIRECTION('',(0.,0.,-1.));
#6404=DIRECTION('',(0.,0.,-1.));
#6405=DIRECTION('',(0.,0.,-1.));
#6406=DIRECTION('',(0.951056516295154,0.309016994374948,0.));
#6407=DIRECTION('',(0.,0.,-1.));
#6408=DIRECTION('',(0.,0.,-1.));
#6409=DIRECTION('',(0.,0.,-1.));
#6410=DIRECTION('',(0.951056516295154,0.309016994374948,0.));
#6411=DIRECTION('',(0.,0.,-1.));
#6412=DIRECTION('',(0.951056516295154,0.309016994374948,0.));
#6413=DIRECTION('',(0.,0.,-1.));
#6414=DIRECTION('',(0.,0.,-1.));
#6415=DIRECTION('',(0.,0.,-1.));
#6416=DIRECTION('',(0.987688340595138,0.156434465040231,0.));
#6417=DIRECTION('',(0.,0.,-1.));
#6418=DIRECTION('',(0.,0.,-1.));
#6419=DIRECTION('',(0.,0.,-1.));
#6420=DIRECTION('',(0.987688340595138,0.156434465040231,0.));
#6421=DIRECTION('',(0.,0.,-1.));
#6422=DIRECTION('',(0.987688340595138,0.156434465040231,0.));
#6423=DIRECTION('',(0.,0.,-1.));
#6424=DIRECTION('',(0.,0.,-1.));
#6425=DIRECTION('',(0.,0.,-1.));
#6426=DIRECTION('',(1.,-1.22464679914735E-16,0.));
#6427=DIRECTION('',(0.,0.,-1.));
#6428=DIRECTION('',(0.,0.,-1.));
#6429=DIRECTION('',(0.,0.,-1.));
#6430=DIRECTION('',(1.,-1.22464679914735E-16,0.));
#6431=DIRECTION('',(0.,0.,-1.));
#6432=DIRECTION('',(1.,-1.22464679914735E-16,0.));
#6433=DIRECTION('',(0.,0.,-1.));
#6434=DIRECTION('',(0.,0.,-1.));
#6435=DIRECTION('',(0.,0.,-1.));
#6436=DIRECTION('',(0.987688340595138,-0.156434465040231,0.));
#6437=DIRECTION('',(0.,0.,-1.));
#6438=DIRECTION('',(0.,0.,-1.));
#6439=DIRECTION('',(0.,0.,-1.));
#6440=DIRECTION('',(0.987688340595138,-0.156434465040231,0.));
#6441=DIRECTION('',(0.,0.,-1.));
#6442=DIRECTION('',(0.987688340595138,-0.156434465040231,0.));
#6443=DIRECTION('',(0.,0.,-1.));
#6444=DIRECTION('',(0.,0.,-1.));
#6445=DIRECTION('',(0.,0.,-1.));
#6446=DIRECTION('',(0.951056516295154,-0.309016994374948,0.));
#6447=DIRECTION('',(0.,0.,-1.));
#6448=DIRECTION('',(0.,0.,-1.));
#6449=DIRECTION('',(0.,0.,-1.));
#6450=DIRECTION('',(0.951056516295154,-0.309016994374948,0.));
#6451=DIRECTION('',(0.,0.,-1.));
#6452=DIRECTION('',(0.951056516295154,-0.309016994374948,0.));
#6453=DIRECTION('',(0.,0.,-1.));
#6454=DIRECTION('',(0.,0.,-1.));
#6455=DIRECTION('',(0.,0.,-1.));
#6456=DIRECTION('',(0.891006524188368,-0.453990499739547,0.));
#6457=DIRECTION('',(0.,0.,-1.));
#6458=DIRECTION('',(0.,0.,-1.));
#6459=DIRECTION('',(0.,0.,-1.));
#6460=DIRECTION('',(0.891006524188368,-0.453990499739547,0.));
#6461=DIRECTION('',(0.,0.,-1.));
#6462=DIRECTION('',(0.891006524188368,-0.453990499739547,0.));
#6463=DIRECTION('',(0.,0.,1.));
#6464=DIRECTION('',(1.,0.,0.));
#6465=DIRECTION('',(0.,0.,1.));
#6466=DIRECTION('',(0.,0.,1.));
#6467=DIRECTION('',(1.,0.,0.));
#6468=DIRECTION('',(0.,0.,1.));
#6469=DIRECTION('',(0.0823262372438695,-0.996605433790759,0.));
#6470=DIRECTION('',(0.996605433790759,0.0823262372438695,0.));
#6471=DIRECTION('',(0.,0.,1.));
#6472=DIRECTION('',(0.996605433790759,0.0823262372438695,0.));
#6473=DIRECTION('',(0.,0.,1.));
#6474=DIRECTION('',(1.,0.,0.));
#6475=DIRECTION('',(0.,0.,1.));
#6476=DIRECTION('',(0.,0.,1.));
#6477=DIRECTION('',(1.,0.,0.));
#6478=DIRECTION('',(0.0823262372438695,0.996605433790759,0.));
#6479=DIRECTION('',(-0.996605433790759,0.0823262372438695,0.));
#6480=DIRECTION('',(-0.996605433790759,0.0823262372438695,0.));
#6481=DIRECTION('',(0.,0.,1.));
#6482=DIRECTION('',(1.,0.,0.));
#6483=DIRECTION('',(0.,0.,1.));
#6484=DIRECTION('',(1.,0.,0.));
#6485=DIRECTION('',(0.,0.,1.));
#6486=DIRECTION('',(1.,0.,0.));
#6487=DIRECTION('',(0.,0.,-1.));
#6488=DIRECTION('',(-1.,0.,0.));
#6489=DIRECTION('',(0.,0.,1.));
#6490=DIRECTION('',(1.,0.,0.));
#6491=DIRECTION('',(0.,0.,1.));
#6492=DIRECTION('',(1.,0.,0.));
#6493=DIRECTION('',(0.,0.,-1.));
#6494=DIRECTION('',(-1.,0.,0.));
#6495=DIRECTION('',(0.,0.,1.));
#6496=DIRECTION('',(1.,0.,0.));
#6497=DIRECTION('',(0.,0.,1.));
#6498=DIRECTION('',(1.,0.,0.));
#6499=CARTESIAN_POINT('',(0.,0.,0.));
#6500=CARTESIAN_POINT('',(0.,1.43895998899814E-19,-0.0563743930247451));
#6501=CARTESIAN_POINT('',(0.,1.43895998899814E-19,0.));
#6502=CARTESIAN_POINT('',(0.00235,1.43895998899814E-19,0.));
#6503=CARTESIAN_POINT('',(0.,1.43895998899814E-19,0.0015));
#6504=CARTESIAN_POINT('',(0.00235,1.43895998899814E-19,0.0015));
#6505=CARTESIAN_POINT('',(0.,1.28587913910472E-18,0.003));
#6506=CARTESIAN_POINT('',(-0.0181011804055481,0.0106464673918537,0.003));
#6507=CARTESIAN_POINT('',(-0.0181011804055481,0.0106464673918537,0.003));
#6508=CARTESIAN_POINT('',(-0.0181011804055481,0.0106464673918537,0.));
#6509=CARTESIAN_POINT('',(0.,1.28587913910472E-18,0.003));
#6510=CARTESIAN_POINT('',(-0.0177038358438908,0.0112948747851655,0.003));
#6511=CARTESIAN_POINT('',(-0.0177038358438908,0.0112948747851655,0.003));
#6512=CARTESIAN_POINT('',(-0.0177038358438908,0.0112948747851655,0.));
#6513=CARTESIAN_POINT('',(0.,1.28587913910472E-18,0.));
#6514=CARTESIAN_POINT('',(0.,1.28587913910472E-18,0.003));
#6515=CARTESIAN_POINT('',(0.,1.28587913910472E-18,0.003));
#6516=CARTESIAN_POINT('',(-0.0192527799415349,0.00838632604439088,0.003));
#6517=CARTESIAN_POINT('',(-0.0195437992685819,0.00768374323812158,0.003));
#6518=CARTESIAN_POINT('',(-0.0192527799415349,0.00838632604439088,0.003));
#6519=CARTESIAN_POINT('',(-0.0192527799415349,0.00838632604439088,0.));
#6520=CARTESIAN_POINT('',(0.,1.28587913910472E-18,0.));
#6521=CARTESIAN_POINT('',(-0.0195437992685819,0.00768374323812158,0.));
#6522=CARTESIAN_POINT('',(-0.0195437992685819,0.00768374323812158,0.003));
#6523=CARTESIAN_POINT('',(0.,1.28587913910472E-18,0.003));
#6524=CARTESIAN_POINT('',(0.,1.28587913910472E-18,0.003));
#6525=CARTESIAN_POINT('',(-0.0203276567007052,0.0052712781237829,0.003));
#6526=CARTESIAN_POINT('',(-0.0205051849314721,0.00453181982498516,0.003));
#6527=CARTESIAN_POINT('',(-0.0203276567007052,0.0052712781237829,0.003));
#6528=CARTESIAN_POINT('',(-0.0203276567007052,0.0052712781237829,0.));
#6529=CARTESIAN_POINT('',(0.,1.28587913910472E-18,0.));
#6530=CARTESIAN_POINT('',(-0.0205051849314721,0.00453181982498516,0.));
#6531=CARTESIAN_POINT('',(-0.0205051849314721,0.00453181982498516,0.003));
#6532=CARTESIAN_POINT('',(0.,1.28587913910472E-18,0.003));
#6533=CARTESIAN_POINT('',(0.,1.28587913910472E-18,0.003));
#6534=CARTESIAN_POINT('',(-0.0209019990882795,0.00202643384139829,0.003));
#6535=CARTESIAN_POINT('',(-0.0209616648885424,0.00126830796750989,0.003));
#6536=CARTESIAN_POINT('',(-0.0209019990882795,0.00202643384139829,0.003));
#6537=CARTESIAN_POINT('',(-0.0209019990882795,0.00202643384139829,0.));
#6538=CARTESIAN_POINT('',(0.,1.28587913910472E-18,0.));
#6539=CARTESIAN_POINT('',(-0.0209616648885424,0.00126830796750989,0.));
#6540=CARTESIAN_POINT('',(-0.0209616648885424,0.00126830796750989,0.003));
#6541=CARTESIAN_POINT('',(0.,1.28587913910472E-18,0.003));
#6542=CARTESIAN_POINT('',(0.,1.28587913910472E-18,0.003));
#6543=CARTESIAN_POINT('',(-0.0209616648885424,-0.00126830796750988,0.003));
#6544=CARTESIAN_POINT('',(-0.0209019990882795,-0.00202643384139829,0.003));
#6545=CARTESIAN_POINT('',(-0.0209616648885424,-0.00126830796750988,0.003));
#6546=CARTESIAN_POINT('',(-0.0209616648885424,-0.00126830796750988,0.));
#6547=CARTESIAN_POINT('',(0.,1.28587913910472E-18,0.));
#6548=CARTESIAN_POINT('',(-0.0209019990882795,-0.00202643384139829,0.));
#6549=CARTESIAN_POINT('',(-0.0209019990882795,-0.00202643384139829,0.003));
#6550=CARTESIAN_POINT('',(0.,1.28587913910472E-18,0.003));
#6551=CARTESIAN_POINT('',(0.,1.28587913910472E-18,0.003));
#6552=CARTESIAN_POINT('',(-0.0205051849314721,-0.00453181982498515,0.003));
#6553=CARTESIAN_POINT('',(-0.0203276567007053,-0.0052712781237829,0.003));
#6554=CARTESIAN_POINT('',(-0.0205051849314721,-0.00453181982498515,0.003));
#6555=CARTESIAN_POINT('',(-0.0205051849314721,-0.00453181982498515,0.));
#6556=CARTESIAN_POINT('',(0.,1.28587913910472E-18,0.));
#6557=CARTESIAN_POINT('',(-0.0203276567007053,-0.0052712781237829,0.));
#6558=CARTESIAN_POINT('',(-0.0203276567007053,-0.0052712781237829,0.003));
#6559=CARTESIAN_POINT('',(0.,1.28587913910472E-18,0.003));
#6560=CARTESIAN_POINT('',(0.,1.28587913910472E-18,0.003));
#6561=CARTESIAN_POINT('',(-0.0195437992685819,-0.00768374323812158,0.003));
#6562=CARTESIAN_POINT('',(-0.019252779941535,-0.00838632604439087,0.003));
#6563=CARTESIAN_POINT('',(-0.0195437992685819,-0.00768374323812158,0.003));
#6564=CARTESIAN_POINT('',(-0.0195437992685819,-0.00768374323812158,0.));
#6565=CARTESIAN_POINT('',(0.,1.28587913910472E-18,0.));
#6566=CARTESIAN_POINT('',(-0.019252779941535,-0.00838632604439087,0.));
#6567=CARTESIAN_POINT('',(-0.019252779941535,-0.00838632604439087,0.003));
#6568=CARTESIAN_POINT('',(0.,1.28587913910472E-18,0.003));
#6569=CARTESIAN_POINT('',(0.,1.28587913910472E-18,0.003));
#6570=CARTESIAN_POINT('',(-0.0181011804055481,-0.0106464673918537,0.003));
#6571=CARTESIAN_POINT('',(-0.0177038358438908,-0.0112948747851655,0.003));
#6572=CARTESIAN_POINT('',(-0.0181011804055481,-0.0106464673918537,0.003));
#6573=CARTESIAN_POINT('',(-0.0181011804055481,-0.0106464673918537,0.));
#6574=CARTESIAN_POINT('',(0.,1.28587913910472E-18,0.));
#6575=CARTESIAN_POINT('',(-0.0177038358438908,-0.0112948747851655,0.));
#6576=CARTESIAN_POINT('',(-0.0177038358438908,-0.0112948747851655,0.003));
#6577=CARTESIAN_POINT('',(0.,1.28587913910472E-18,0.003));
#6578=CARTESIAN_POINT('',(-0.0133470401847988,-0.0162128504065561,0.003));
#6579=CARTESIAN_POINT('',(-0.0133470401847988,-0.0162128504065561,0.003));
#6580=CARTESIAN_POINT('',(-0.0133470401847988,-0.0162128504065561,0.));
#6581=CARTESIAN_POINT('',(0.,1.28587913910472E-18,0.003));
#6582=CARTESIAN_POINT('',(-0.0139253062231891,-0.0157189645521074,0.003));
#6583=CARTESIAN_POINT('',(-0.0139253062231891,-0.0157189645521074,0.003));
#6584=CARTESIAN_POINT('',(-0.0139253062231891,-0.0157189645521074,0.));
#6585=CARTESIAN_POINT('',(0.,1.28587913910472E-18,0.));
#6586=CARTESIAN_POINT('',(0.,1.28587913910472E-18,0.003));
#6587=CARTESIAN_POINT('',(0.,1.28587913910472E-18,0.003));
#6588=CARTESIAN_POINT('',(-0.0162128504065561,-0.0133470401847988,0.003));
#6589=CARTESIAN_POINT('',(-0.0157189645521074,-0.0139253062231891,0.003));
#6590=CARTESIAN_POINT('',(-0.0162128504065561,-0.0133470401847988,0.003));
#6591=CARTESIAN_POINT('',(-0.0162128504065561,-0.0133470401847988,0.));
#6592=CARTESIAN_POINT('',(0.,1.28587913910472E-18,0.));
#6593=CARTESIAN_POINT('',(-0.0157189645521074,-0.0139253062231891,0.));
#6594=CARTESIAN_POINT('',(-0.0157189645521074,-0.0139253062231891,0.003));
#6595=CARTESIAN_POINT('',(0.,1.28587913910472E-18,0.003));
#6596=CARTESIAN_POINT('',(0.,1.28587913910472E-18,0.003));
#6597=CARTESIAN_POINT('',(-0.0112948747851655,-0.0177038358438908,0.003));
#6598=CARTESIAN_POINT('',(-0.0106464673918537,-0.0181011804055481,0.003));
#6599=CARTESIAN_POINT('',(-0.0112948747851655,-0.0177038358438908,0.003));
#6600=CARTESIAN_POINT('',(-0.0112948747851655,-0.0177038358438908,0.));
#6601=CARTESIAN_POINT('',(0.,1.28587913910472E-18,0.));
#6602=CARTESIAN_POINT('',(-0.0106464673918537,-0.0181011804055481,0.));
#6603=CARTESIAN_POINT('',(-0.0106464673918537,-0.0181011804055481,0.003));
#6604=CARTESIAN_POINT('',(0.,1.28587913910472E-18,0.003));
#6605=CARTESIAN_POINT('',(0.,1.28587913910472E-18,0.003));
#6606=CARTESIAN_POINT('',(-0.00838632604439088,-0.0192527799415349,0.003));
#6607=CARTESIAN_POINT('',(-0.00768374323812158,-0.0195437992685819,0.003));
#6608=CARTESIAN_POINT('',(-0.00838632604439088,-0.0192527799415349,0.003));
#6609=CARTESIAN_POINT('',(-0.00838632604439088,-0.0192527799415349,0.));
#6610=CARTESIAN_POINT('',(0.,1.28587913910472E-18,0.));
#6611=CARTESIAN_POINT('',(-0.00768374323812158,-0.0195437992685819,0.));
#6612=CARTESIAN_POINT('',(-0.00768374323812158,-0.0195437992685819,0.003));
#6613=CARTESIAN_POINT('',(0.,1.28587913910472E-18,0.003));
#6614=CARTESIAN_POINT('',(0.,1.28587913910472E-18,0.003));
#6615=CARTESIAN_POINT('',(-0.0052712781237829,-0.0203276567007052,0.003));
#6616=CARTESIAN_POINT('',(-0.00453181982498516,-0.0205051849314721,0.003));
#6617=CARTESIAN_POINT('',(-0.0052712781237829,-0.0203276567007052,0.003));
#6618=CARTESIAN_POINT('',(-0.0052712781237829,-0.0203276567007052,0.));
#6619=CARTESIAN_POINT('',(0.,1.28587913910472E-18,0.));
#6620=CARTESIAN_POINT('',(-0.00453181982498516,-0.0205051849314721,0.));
#6621=CARTESIAN_POINT('',(-0.00453181982498516,-0.0205051849314721,0.003));
#6622=CARTESIAN_POINT('',(0.,1.28587913910472E-18,0.003));
#6623=CARTESIAN_POINT('',(0.,1.28587913910472E-18,0.003));
#6624=CARTESIAN_POINT('',(-0.00202643384139829,-0.0209019990882795,0.003));
#6625=CARTESIAN_POINT('',(-0.00126830796750989,-0.0209616648885424,0.003));
#6626=CARTESIAN_POINT('',(-0.00202643384139829,-0.0209019990882795,0.003));
#6627=CARTESIAN_POINT('',(-0.00202643384139829,-0.0209019990882795,0.));
#6628=CARTESIAN_POINT('',(0.,1.28587913910472E-18,0.));
#6629=CARTESIAN_POINT('',(-0.00126830796750989,-0.0209616648885424,0.));
#6630=CARTESIAN_POINT('',(-0.00126830796750989,-0.0209616648885424,0.003));
#6631=CARTESIAN_POINT('',(0.,1.28587913910472E-18,0.003));
#6632=CARTESIAN_POINT('',(0.,1.28587913910472E-18,0.003));
#6633=CARTESIAN_POINT('',(0.00126830796750988,-0.0209616648885424,0.003));
#6634=CARTESIAN_POINT('',(0.00202643384139829,-0.0209019990882795,0.003));
#6635=CARTESIAN_POINT('',(0.00126830796750988,-0.0209616648885424,0.003));
#6636=CARTESIAN_POINT('',(0.00126830796750988,-0.0209616648885424,0.));
#6637=CARTESIAN_POINT('',(0.,1.28587913910472E-18,0.));
#6638=CARTESIAN_POINT('',(0.00202643384139829,-0.0209019990882795,0.));
#6639=CARTESIAN_POINT('',(0.00202643384139829,-0.0209019990882795,0.003));
#6640=CARTESIAN_POINT('',(0.,1.28587913910472E-18,0.003));
#6641=CARTESIAN_POINT('',(0.,1.28587913910472E-18,0.003));
#6642=CARTESIAN_POINT('',(0.00453181982498515,-0.0205051849314721,0.003));
#6643=CARTESIAN_POINT('',(0.00527127812378289,-0.0203276567007053,0.003));
#6644=CARTESIAN_POINT('',(0.00453181982498515,-0.0205051849314721,0.003));
#6645=CARTESIAN_POINT('',(0.00453181982498515,-0.0205051849314721,0.));
#6646=CARTESIAN_POINT('',(0.,1.28587913910472E-18,0.));
#6647=CARTESIAN_POINT('',(0.00527127812378289,-0.0203276567007053,0.));
#6648=CARTESIAN_POINT('',(0.00527127812378289,-0.0203276567007053,0.003));
#6649=CARTESIAN_POINT('',(0.,1.28587913910472E-18,0.003));
#6650=CARTESIAN_POINT('',(-0.00838632604439087,0.019252779941535,0.003));
#6651=CARTESIAN_POINT('',(-0.00838632604439087,0.019252779941535,0.003));
#6652=CARTESIAN_POINT('',(-0.00838632604439087,0.019252779941535,0.));
#6653=CARTESIAN_POINT('',(0.,1.28587913910472E-18,0.003));
#6654=CARTESIAN_POINT('',(-0.00768374323812158,0.0195437992685819,0.003));
#6655=CARTESIAN_POINT('',(-0.00768374323812158,0.0195437992685819,0.003));
#6656=CARTESIAN_POINT('',(-0.00768374323812158,0.0195437992685819,0.));
#6657=CARTESIAN_POINT('',(0.,1.28587913910472E-18,0.));
#6658=CARTESIAN_POINT('',(0.,1.28587913910472E-18,0.003));
#6659=CARTESIAN_POINT('',(0.,1.28587913910472E-18,0.003));
#6660=CARTESIAN_POINT('',(-0.0106464673918537,0.0181011804055481,0.003));
#6661=CARTESIAN_POINT('',(-0.0112948747851655,0.0177038358438908,0.003));
#6662=CARTESIAN_POINT('',(-0.0106464673918537,0.0181011804055481,0.003));
#6663=CARTESIAN_POINT('',(-0.0106464673918537,0.0181011804055481,0.));
#6664=CARTESIAN_POINT('',(0.,1.28587913910472E-18,0.));
#6665=CARTESIAN_POINT('',(-0.0112948747851655,0.0177038358438908,0.));
#6666=CARTESIAN_POINT('',(-0.0112948747851655,0.0177038358438908,0.003));
#6667=CARTESIAN_POINT('',(0.,1.28587913910472E-18,0.003));
#6668=CARTESIAN_POINT('',(-0.0162128504065561,0.0133470401847988,0.003));
#6669=CARTESIAN_POINT('',(-0.0162128504065561,0.0133470401847988,0.003));
#6670=CARTESIAN_POINT('',(-0.0162128504065561,0.0133470401847988,0.));
#6671=CARTESIAN_POINT('',(0.,1.28587913910472E-18,0.003));
#6672=CARTESIAN_POINT('',(-0.0157189645521074,0.0139253062231891,0.003));
#6673=CARTESIAN_POINT('',(-0.0157189645521074,0.0139253062231891,0.003));
#6674=CARTESIAN_POINT('',(-0.0157189645521074,0.0139253062231891,0.));
#6675=CARTESIAN_POINT('',(0.,1.28587913910472E-18,0.));
#6676=CARTESIAN_POINT('',(0.,1.28587913910472E-18,0.003));
#6677=CARTESIAN_POINT('',(0.,1.28587913910472E-18,0.003));
#6678=CARTESIAN_POINT('',(-0.0133470401847988,0.0162128504065561,0.003));
#6679=CARTESIAN_POINT('',(-0.0139253062231891,0.0157189645521074,0.003));
#6680=CARTESIAN_POINT('',(-0.0133470401847988,0.0162128504065561,0.003));
#6681=CARTESIAN_POINT('',(-0.0133470401847988,0.0162128504065561,0.));
#6682=CARTESIAN_POINT('',(0.,1.28587913910472E-18,0.));
#6683=CARTESIAN_POINT('',(-0.0139253062231891,0.0157189645521074,0.));
#6684=CARTESIAN_POINT('',(-0.0139253062231891,0.0157189645521074,0.003));
#6685=CARTESIAN_POINT('',(0.,1.28587913910472E-18,0.003));
#6686=CARTESIAN_POINT('',(-0.0052712781237829,0.0203276567007053,0.003));
#6687=CARTESIAN_POINT('',(-0.0052712781237829,0.0203276567007053,0.003));
#6688=CARTESIAN_POINT('',(-0.0052712781237829,0.0203276567007053,0.));
#6689=CARTESIAN_POINT('',(0.,1.28587913910472E-18,0.003));
#6690=CARTESIAN_POINT('',(-0.00453181982498515,0.0205051849314721,0.003));
#6691=CARTESIAN_POINT('',(-0.00453181982498515,0.0205051849314721,0.003));
#6692=CARTESIAN_POINT('',(-0.00453181982498515,0.0205051849314721,0.));
#6693=CARTESIAN_POINT('',(0.,1.28587913910472E-18,0.));
#6694=CARTESIAN_POINT('',(0.,1.28587913910472E-18,0.003));
#6695=CARTESIAN_POINT('',(-0.00202643384139829,0.0209019990882795,0.003));
#6696=CARTESIAN_POINT('',(-0.00202643384139829,0.0209019990882795,0.003));
#6697=CARTESIAN_POINT('',(-0.00202643384139829,0.0209019990882795,0.));
#6698=CARTESIAN_POINT('',(0.,1.28587913910472E-18,0.003));
#6699=CARTESIAN_POINT('',(-0.00126830796750989,0.0209616648885424,0.003));
#6700=CARTESIAN_POINT('',(-0.00126830796750989,0.0209616648885424,0.003));
#6701=CARTESIAN_POINT('',(-0.00126830796750989,0.0209616648885424,0.));
#6702=CARTESIAN_POINT('',(0.,1.28587913910472E-18,0.));
#6703=CARTESIAN_POINT('',(0.,1.28587913910472E-18,0.003));
#6704=CARTESIAN_POINT('',(0.00126830796750989,0.0209616648885424,0.003));
#6705=CARTESIAN_POINT('',(0.00126830796750989,0.0209616648885424,0.003));
#6706=CARTESIAN_POINT('',(0.00126830796750989,0.0209616648885424,0.));
#6707=CARTESIAN_POINT('',(0.,1.28587913910472E-18,0.003));
#6708=CARTESIAN_POINT('',(0.00202643384139829,0.0209019990882795,0.003));
#6709=CARTESIAN_POINT('',(0.00202643384139829,0.0209019990882795,0.003));
#6710=CARTESIAN_POINT('',(0.00202643384139829,0.0209019990882795,0.));
#6711=CARTESIAN_POINT('',(0.,1.28587913910472E-18,0.));
#6712=CARTESIAN_POINT('',(0.,1.28587913910472E-18,0.003));
#6713=CARTESIAN_POINT('',(0.00453181982498515,0.0205051849314721,0.003));
#6714=CARTESIAN_POINT('',(0.00453181982498515,0.0205051849314721,0.003));
#6715=CARTESIAN_POINT('',(0.00453181982498515,0.0205051849314721,0.));
#6716=CARTESIAN_POINT('',(0.,1.28587913910472E-18,0.003));
#6717=CARTESIAN_POINT('',(0.0052712781237829,0.0203276567007052,0.003));
#6718=CARTESIAN_POINT('',(0.0052712781237829,0.0203276567007052,0.003));
#6719=CARTESIAN_POINT('',(0.0052712781237829,0.0203276567007052,0.));
#6720=CARTESIAN_POINT('',(0.,1.28587913910472E-18,0.));
#6721=CARTESIAN_POINT('',(0.,1.28587913910472E-18,0.003));
#6722=CARTESIAN_POINT('',(0.0209019990882795,0.00202643384139829,0.003));
#6723=CARTESIAN_POINT('',(0.0209019990882795,0.00202643384139829,0.003));
#6724=CARTESIAN_POINT('',(0.0209019990882795,0.00202643384139829,0.));
#6725=CARTESIAN_POINT('',(0.,1.28587913910472E-18,0.003));
#6726=CARTESIAN_POINT('',(0.0209616648885424,0.00126830796750989,0.003));
#6727=CARTESIAN_POINT('',(0.0209616648885424,0.00126830796750989,0.003));
#6728=CARTESIAN_POINT('',(0.0209616648885424,0.00126830796750989,0.));
#6729=CARTESIAN_POINT('',(0.,1.28587913910472E-18,0.));
#6730=CARTESIAN_POINT('',(0.,1.28587913910472E-18,0.003));
#6731=CARTESIAN_POINT('',(0.,1.28587913910472E-18,0.003));
#6732=CARTESIAN_POINT('',(0.0205051849314721,0.00453181982498515,0.003));
#6733=CARTESIAN_POINT('',(0.0203276567007052,0.0052712781237829,0.003));
#6734=CARTESIAN_POINT('',(0.0205051849314721,0.00453181982498515,0.003));
#6735=CARTESIAN_POINT('',(0.0205051849314721,0.00453181982498515,0.));
#6736=CARTESIAN_POINT('',(0.,1.28587913910472E-18,0.));
#6737=CARTESIAN_POINT('',(0.0203276567007052,0.0052712781237829,0.));
#6738=CARTESIAN_POINT('',(0.0203276567007052,0.0052712781237829,0.003));
#6739=CARTESIAN_POINT('',(0.,1.28587913910472E-18,0.003));
#6740=CARTESIAN_POINT('',(0.,1.28587913910472E-18,0.003));
#6741=CARTESIAN_POINT('',(0.0195437992685819,0.00768374323812158,0.003));
#6742=CARTESIAN_POINT('',(0.019252779941535,0.00838632604439087,0.003));
#6743=CARTESIAN_POINT('',(0.0195437992685819,0.00768374323812158,0.003));
#6744=CARTESIAN_POINT('',(0.0195437992685819,0.00768374323812158,0.));
#6745=CARTESIAN_POINT('',(0.,1.28587913910472E-18,0.));
#6746=CARTESIAN_POINT('',(0.019252779941535,0.00838632604439087,0.));
#6747=CARTESIAN_POINT('',(0.019252779941535,0.00838632604439087,0.003));
#6748=CARTESIAN_POINT('',(0.,1.28587913910472E-18,0.003));
#6749=CARTESIAN_POINT('',(0.,1.28587913910472E-18,0.003));
#6750=CARTESIAN_POINT('',(0.0181011804055481,0.0106464673918537,0.003));
#6751=CARTESIAN_POINT('',(0.0177038358438908,0.0112948747851655,0.003));
#6752=CARTESIAN_POINT('',(0.0181011804055481,0.0106464673918537,0.003));
#6753=CARTESIAN_POINT('',(0.0181011804055481,0.0106464673918537,0.));
#6754=CARTESIAN_POINT('',(0.,1.28587913910472E-18,0.));
#6755=CARTESIAN_POINT('',(0.0177038358438908,0.0112948747851655,0.));
#6756=CARTESIAN_POINT('',(0.0177038358438908,0.0112948747851655,0.003));
#6757=CARTESIAN_POINT('',(0.,1.28587913910472E-18,0.003));
#6758=CARTESIAN_POINT('',(0.0133470401847988,0.0162128504065561,0.003));
#6759=CARTESIAN_POINT('',(0.0133470401847988,0.0162128504065561,0.003));
#6760=CARTESIAN_POINT('',(0.0133470401847988,0.0162128504065561,0.));
#6761=CARTESIAN_POINT('',(0.,1.28587913910472E-18,0.003));
#6762=CARTESIAN_POINT('',(0.0139253062231891,0.0157189645521074,0.003));
#6763=CARTESIAN_POINT('',(0.0139253062231891,0.0157189645521074,0.003));
#6764=CARTESIAN_POINT('',(0.0139253062231891,0.0157189645521074,0.));
#6765=CARTESIAN_POINT('',(0.,1.28587913910472E-18,0.));
#6766=CARTESIAN_POINT('',(0.,1.28587913910472E-18,0.003));
#6767=CARTESIAN_POINT('',(0.,1.28587913910472E-18,0.003));
#6768=CARTESIAN_POINT('',(0.0162128504065561,0.0133470401847988,0.003));
#6769=CARTESIAN_POINT('',(0.0157189645521074,0.0139253062231891,0.003));
#6770=CARTESIAN_POINT('',(0.0162128504065561,0.0133470401847988,0.003));
#6771=CARTESIAN_POINT('',(0.0162128504065561,0.0133470401847988,0.));
#6772=CARTESIAN_POINT('',(0.,1.28587913910472E-18,0.));
#6773=CARTESIAN_POINT('',(0.0157189645521074,0.0139253062231891,0.));
#6774=CARTESIAN_POINT('',(0.0157189645521074,0.0139253062231891,0.003));
#6775=CARTESIAN_POINT('',(0.,1.28587913910472E-18,0.003));
#6776=CARTESIAN_POINT('',(0.,1.28587913910472E-18,0.003));
#6777=CARTESIAN_POINT('',(0.0112948747851655,0.0177038358438908,0.003));
#6778=CARTESIAN_POINT('',(0.0106464673918537,0.0181011804055481,0.003));
#6779=CARTESIAN_POINT('',(0.0112948747851655,0.0177038358438908,0.003));
#6780=CARTESIAN_POINT('',(0.0112948747851655,0.0177038358438908,0.));
#6781=CARTESIAN_POINT('',(0.,1.28587913910472E-18,0.));
#6782=CARTESIAN_POINT('',(0.0106464673918537,0.0181011804055481,0.));
#6783=CARTESIAN_POINT('',(0.0106464673918537,0.0181011804055481,0.003));
#6784=CARTESIAN_POINT('',(0.,1.28587913910472E-18,0.003));
#6785=CARTESIAN_POINT('',(0.,1.28587913910472E-18,0.003));
#6786=CARTESIAN_POINT('',(0.00838632604439088,0.0192527799415349,0.003));
#6787=CARTESIAN_POINT('',(0.00768374323812158,0.0195437992685819,0.003));
#6788=CARTESIAN_POINT('',(0.00838632604439088,0.0192527799415349,0.003));
#6789=CARTESIAN_POINT('',(0.00838632604439088,0.0192527799415349,0.));
#6790=CARTESIAN_POINT('',(0.,1.28587913910472E-18,0.));
#6791=CARTESIAN_POINT('',(0.00768374323812158,0.0195437992685819,0.));
#6792=CARTESIAN_POINT('',(0.00768374323812158,0.0195437992685819,0.003));
#6793=CARTESIAN_POINT('',(0.,1.28587913910472E-18,0.003));
#6794=CARTESIAN_POINT('',(0.0139253062231891,-0.0157189645521074,0.003));
#6795=CARTESIAN_POINT('',(0.0139253062231891,-0.0157189645521074,0.003));
#6796=CARTESIAN_POINT('',(0.0139253062231891,-0.0157189645521074,0.));
#6797=CARTESIAN_POINT('',(0.,1.28587913910472E-18,0.003));
#6798=CARTESIAN_POINT('',(0.0133470401847988,-0.0162128504065561,0.003));
#6799=CARTESIAN_POINT('',(0.0133470401847988,-0.0162128504065561,0.003));
#6800=CARTESIAN_POINT('',(0.0133470401847988,-0.0162128504065561,0.));
#6801=CARTESIAN_POINT('',(0.,1.28587913910472E-18,0.));
#6802=CARTESIAN_POINT('',(0.,1.28587913910472E-18,0.003));
#6803=CARTESIAN_POINT('',(0.,1.28587913910472E-18,0.003));
#6804=CARTESIAN_POINT('',(0.0157189645521074,-0.0139253062231891,0.003));
#6805=CARTESIAN_POINT('',(0.0162128504065561,-0.0133470401847988,0.003));
#6806=CARTESIAN_POINT('',(0.0157189645521074,-0.0139253062231891,0.003));
#6807=CARTESIAN_POINT('',(0.0157189645521074,-0.0139253062231891,0.));
#6808=CARTESIAN_POINT('',(0.,1.28587913910472E-18,0.));
#6809=CARTESIAN_POINT('',(0.0162128504065561,-0.0133470401847988,0.));
#6810=CARTESIAN_POINT('',(0.0162128504065561,-0.0133470401847988,0.003));
#6811=CARTESIAN_POINT('',(0.,1.28587913910472E-18,0.003));
#6812=CARTESIAN_POINT('',(0.0112948747851655,-0.0177038358438908,0.003));
#6813=CARTESIAN_POINT('',(0.0112948747851655,-0.0177038358438908,0.003));
#6814=CARTESIAN_POINT('',(0.0112948747851655,-0.0177038358438908,0.));
#6815=CARTESIAN_POINT('',(0.,1.28587913910472E-18,0.003));
#6816=CARTESIAN_POINT('',(0.0106464673918537,-0.0181011804055481,0.003));
#6817=CARTESIAN_POINT('',(0.0106464673918537,-0.0181011804055481,0.003));
#6818=CARTESIAN_POINT('',(0.0106464673918537,-0.0181011804055481,0.));
#6819=CARTESIAN_POINT('',(0.,1.28587913910472E-18,0.));
#6820=CARTESIAN_POINT('',(0.,1.28587913910472E-18,0.003));
#6821=CARTESIAN_POINT('',(0.,1.28587913910472E-18,0.003));
#6822=CARTESIAN_POINT('',(0.00768374323812158,-0.0195437992685819,0.003));
#6823=CARTESIAN_POINT('',(0.00838632604439087,-0.019252779941535,0.003));
#6824=CARTESIAN_POINT('',(0.00768374323812158,-0.0195437992685819,0.003));
#6825=CARTESIAN_POINT('',(0.00768374323812158,-0.0195437992685819,0.));
#6826=CARTESIAN_POINT('',(0.,1.28587913910472E-18,0.));
#6827=CARTESIAN_POINT('',(0.00838632604439087,-0.019252779941535,0.));
#6828=CARTESIAN_POINT('',(0.00838632604439087,-0.019252779941535,0.003));
#6829=CARTESIAN_POINT('',(0.,1.28587913910472E-18,0.003));
#6830=CARTESIAN_POINT('',(0.,1.28587913910472E-18,0.003));
#6831=CARTESIAN_POINT('',(0.0177038358438908,-0.0112948747851655,0.003));
#6832=CARTESIAN_POINT('',(0.0181011804055481,-0.0106464673918537,0.003));
#6833=CARTESIAN_POINT('',(0.0177038358438908,-0.0112948747851655,0.003));
#6834=CARTESIAN_POINT('',(0.0177038358438908,-0.0112948747851655,0.));
#6835=CARTESIAN_POINT('',(0.,1.28587913910472E-18,0.));
#6836=CARTESIAN_POINT('',(0.0181011804055481,-0.0106464673918537,0.));
#6837=CARTESIAN_POINT('',(0.0181011804055481,-0.0106464673918537,0.003));
#6838=CARTESIAN_POINT('',(0.,1.28587913910472E-18,0.003));
#6839=CARTESIAN_POINT('',(0.,1.28587913910472E-18,0.003));
#6840=CARTESIAN_POINT('',(0.0192527799415349,-0.00838632604439088,0.003));
#6841=CARTESIAN_POINT('',(0.0195437992685819,-0.00768374323812158,0.003));
#6842=CARTESIAN_POINT('',(0.0192527799415349,-0.00838632604439088,0.003));
#6843=CARTESIAN_POINT('',(0.0192527799415349,-0.00838632604439088,0.));
#6844=CARTESIAN_POINT('',(0.,1.28587913910472E-18,0.));
#6845=CARTESIAN_POINT('',(0.0195437992685819,-0.00768374323812158,0.));
#6846=CARTESIAN_POINT('',(0.0195437992685819,-0.00768374323812158,0.003));
#6847=CARTESIAN_POINT('',(0.,1.28587913910472E-18,0.003));
#6848=CARTESIAN_POINT('',(0.,1.28587913910472E-18,0.003));
#6849=CARTESIAN_POINT('',(0.0203276567007052,-0.0052712781237829,0.003));
#6850=CARTESIAN_POINT('',(0.0205051849314721,-0.00453181982498516,0.003));
#6851=CARTESIAN_POINT('',(0.0203276567007052,-0.0052712781237829,0.003));
#6852=CARTESIAN_POINT('',(0.0203276567007052,-0.0052712781237829,0.));
#6853=CARTESIAN_POINT('',(0.,1.28587913910472E-18,0.));
#6854=CARTESIAN_POINT('',(0.0205051849314721,-0.00453181982498516,0.));
#6855=CARTESIAN_POINT('',(0.0205051849314721,-0.00453181982498516,0.003));
#6856=CARTESIAN_POINT('',(0.,0.,0.003));
#6857=CARTESIAN_POINT('',(4.33680868994202E-19,-2.13153874026837E-20,0.003));
#6858=CARTESIAN_POINT('',(0.00197484176581315,0.00295,0.003));
#6859=CARTESIAN_POINT('',(0.00197484176581315,-0.00295,0.003));
#6860=CARTESIAN_POINT('',(0.00806768896421935,0.00244669029794599,0.003));
#6861=CARTESIAN_POINT('',(0.0141605361626255,0.00194338059589198,0.003));
#6862=CARTESIAN_POINT('',(0.014,-9.75781955236954E-18,0.003));
#6863=CARTESIAN_POINT('',(0.0141605361626255,-0.00194338059589198,0.003));
#6864=CARTESIAN_POINT('',(0.00806768896421935,-0.00244669029794599,0.003));
#6865=CARTESIAN_POINT('',(-0.0170864820795883,0.00854491520234884,0.003));
#6866=CARTESIAN_POINT('',(-0.0171854318075255,0.00820500842172487,0.003));
#6867=CARTESIAN_POINT('',(-0.0167698525242701,0.00838656940078777,0.003));
#6868=CARTESIAN_POINT('',(-0.016908800128344,0.00810277595764043,0.003));
#6869=CARTESIAN_POINT('',(-0.0169258017458459,0.00811097294598999,0.003));
#6870=CARTESIAN_POINT('',(-0.0169510773988602,0.00812315909435276,0.003));
#6871=CARTESIAN_POINT('',(-0.0169617314054288,0.00812772587932522,0.003));
#6872=CARTESIAN_POINT('',(-0.0169803205775038,0.00813558672831457,0.003));
#6873=CARTESIAN_POINT('',(-0.0170043309790559,0.0081450546415721,0.003));
#6874=CARTESIAN_POINT('',(-0.0170361704559556,0.00815694008662677,0.003));
#6875=CARTESIAN_POINT('',(-0.0170751471684742,0.00817058490198576,0.003));
#6876=CARTESIAN_POINT('',(-0.0171215930228426,0.00818581749325935,0.003));
#6877=CARTESIAN_POINT('',(-0.0171755058063597,0.00820230940043366,0.003));
#6878=CARTESIAN_POINT('',(-0.017236974892677,0.00821977738686672,0.003));
#6879=CARTESIAN_POINT('',(-0.01730605089092,0.00823792190959998,0.003));
#6880=CARTESIAN_POINT('',(-0.0173827845179367,0.00825644581028821,0.003));
#6881=CARTESIAN_POINT('',(-0.0174672150181921,0.00827504908572092,0.003));
#6882=CARTESIAN_POINT('',(-0.0175593734672603,0.00829343071195589,0.003));
#6883=CARTESIAN_POINT('',(-0.0176592817550645,0.00831128841957804,0.003));
#6884=CARTESIAN_POINT('',(-0.0177669528318404,0.0083283190609264,0.003));
#6885=CARTESIAN_POINT('',(-0.0178823905909055,0.00834421882142957,0.003));
#6886=CARTESIAN_POINT('',(-0.018005589906016,0.00835868342990679,0.003));
#6887=CARTESIAN_POINT('',(-0.0181365364683508,0.0083714085535838,0.003));
#6888=CARTESIAN_POINT('',(-0.0182752073312843,0.00838208942595309,0.003));
#6889=CARTESIAN_POINT('',(-0.0184215687613122,0.00839042347597959,0.003));
#6890=CARTESIAN_POINT('',(-0.0185755845697829,0.00839610130174104,0.003));
#6891=CARTESIAN_POINT('',(-0.0187371838650182,0.00839884280948371,0.003));
#6892=CARTESIAN_POINT('',(-0.0189063857926437,0.00839825865527135,0.003));
#6893=CARTESIAN_POINT('',(-0.0190784143431916,0.00839448295716518,0.003));
#6894=CARTESIAN_POINT('',(-0.0191957065837593,0.00838902873391543,0.003));
#6895=CARTESIAN_POINT('',(-0.0192527799415349,0.00838632604439088,0.003));
#6896=CARTESIAN_POINT('',(-0.0176858550585628,0.0062267994063971,0.003));
#6897=CARTESIAN_POINT('',(-0.0177036731636369,0.00623302521937659,0.003));
#6898=CARTESIAN_POINT('',(-0.0177301626574261,0.00624228089687806,0.003));
#6899=CARTESIAN_POINT('',(-0.0177409253823398,0.00624658521254727,0.003));
#6900=CARTESIAN_POINT('',(-0.0177596283715969,0.00625417128255192,0.003));
#6901=CARTESIAN_POINT('',(-0.0177833011150215,0.00626445437464033,0.003));
#6902=CARTESIAN_POINT('',(-0.0178142193038423,0.00627856400586998,0.003));
#6903=CARTESIAN_POINT('',(-0.0178514283430409,0.0062964763621318,0.003));
#6904=CARTESIAN_POINT('',(-0.0178950415902074,0.00631854747212918,0.003));
#6905=CARTESIAN_POINT('',(-0.0179448252244227,0.00634500802754908,0.003));
#6906=CARTESIAN_POINT('',(-0.0180006421638515,0.0063761215036569,0.003));
#6907=CARTESIAN_POINT('',(-0.0180623163856923,0.00641213549536562,0.003));
#6908=CARTESIAN_POINT('',(-0.0181296736294916,0.00645329598758348,0.003));
#6909=CARTESIAN_POINT('',(-0.018202529510972,0.00649984286464237,0.003));
#6910=CARTESIAN_POINT('',(-0.0182806931478116,0.0065520109563621,0.003));
#6911=CARTESIAN_POINT('',(-0.0183639662817709,0.00661002947800913,0.003));
#6912=CARTESIAN_POINT('',(-0.0184521437122821,0.00667412194454965,0.003));
#6913=CARTESIAN_POINT('',(-0.0185450133629931,0.00674450593831853,0.003));
#6914=CARTESIAN_POINT('',(-0.0186423564568867,0.00682139298672926,0.003));
#6915=CARTESIAN_POINT('',(-0.0187439476803302,0.00690498816768581,0.003));
#6916=CARTESIAN_POINT('',(-0.0188495553051447,0.00699549075793776,0.003));
#6917=CARTESIAN_POINT('',(-0.0189589415281101,0.00709309085432616,0.003));
#6918=CARTESIAN_POINT('',(-0.0190718619797879,0.00719798164780735,0.003));
#6919=CARTESIAN_POINT('',(-0.0191880684759994,0.00731031106658772,0.003));
#6920=CARTESIAN_POINT('',(-0.0193072992470083,0.00743036795640639,0.003));
#6921=CARTESIAN_POINT('',(-0.0194262719799239,0.00755468033279109,0.003));
#6922=CARTESIAN_POINT('',(-0.0195053534003639,0.00764147518972305,0.003));
#6923=CARTESIAN_POINT('',(-0.0195437992685819,0.00768374323812158,0.003));
#6924=CARTESIAN_POINT('',(-0.0179537524634145,0.00635011827402583,0.003));
#6925=CARTESIAN_POINT('',(-0.0181241348293441,0.00603979986085443,0.003));
#6926=CARTESIAN_POINT('',(-0.0177882765335984,0.00592787634522114,0.003));
#6927=CARTESIAN_POINT('',(7.76219377486869E-15,-2.52841663026562E-15,0.003));
#6928=CARTESIAN_POINT('',(-0.0178753363094566,0.00565993390631226,0.003));
#6929=CARTESIAN_POINT('',(-0.0182128383702908,0.00576679843319419,0.003));
#6930=CARTESIAN_POINT('',(-0.0182573967274888,0.00541559732132695,0.003));
#6931=CARTESIAN_POINT('',(-0.0179681781624932,0.00535789823726638,0.003));
#6932=CARTESIAN_POINT('',(-0.0179862527533586,0.0053633346681485,0.003));
#6933=CARTESIAN_POINT('',(-0.0180131235547417,0.00537141680154534,0.003));
#6934=CARTESIAN_POINT('',(-0.0180243607953742,0.00537426070799854,0.003));
#6935=CARTESIAN_POINT('',(-0.0180439508116005,0.00537911678970341,0.003));
#6936=CARTESIAN_POINT('',(-0.018069146713212,0.00538471208291543,0.003));
#6937=CARTESIAN_POINT('',(-0.0181024534865554,0.00539147040688275,0.003));
#6938=CARTESIAN_POINT('',(-0.018143084850456,0.00539884993075053,0.003));
#6939=CARTESIAN_POINT('',(-0.0181913417815517,0.00540662925116703,0.003));
#6940=CARTESIAN_POINT('',(-0.0182471707119169,0.00541448429814895,0.003));
#6941=CARTESIAN_POINT('',(-0.0183106156068925,0.00542212134104801,0.003));
#6942=CARTESIAN_POINT('',(-0.0183816795936792,0.00542923660776506,0.003));
#6943=CARTESIAN_POINT('',(-0.0184603662789098,0.00543552866460421,0.003));
#6944=CARTESIAN_POINT('',(-0.0185466674930431,0.00544069506270543,0.003));
#6945=CARTESIAN_POINT('',(-0.0186405668385417,0.00544443362293998,0.003));
#6946=CARTESIAN_POINT('',(-0.0187420386504734,0.0054464423729924,0.003));
#6947=CARTESIAN_POINT('',(-0.0188510482968929,0.00544641987158928,0.003));
#6948=CARTESIAN_POINT('',(-0.0189675520961145,0.00544406543557172,0.003));
#6949=CARTESIAN_POINT('',(-0.0190914973865076,0.00543907934176331,0.003));
#6950=CARTESIAN_POINT('',(-0.0192228224272817,0.00543116324262403,0.003));
#6951=CARTESIAN_POINT('',(-0.0193614568783367,0.00542001971347089,0.003));
#6952=CARTESIAN_POINT('',(-0.0195073200889456,0.00540535518550307,0.003));
#6953=CARTESIAN_POINT('',(-0.0196603279148749,0.00538686972720174,0.003));
#6954=CARTESIAN_POINT('',(-0.0198203665209244,0.00536429778313381,0.003));
#6955=CARTESIAN_POINT('',(-0.0199873939101946,0.00533725180779727,0.003));
#6956=CARTESIAN_POINT('',(-0.0201567138545069,0.0053066114005236,0.003));
#6957=CARTESIAN_POINT('',(-0.0202717088044615,0.00528287577890624,0.003));
#6958=CARTESIAN_POINT('',(-0.0203276567007052,0.0052712781237829,0.003));
#6959=CARTESIAN_POINT('',(-0.0184421988688506,0.0033834598980578,0.003));
#6960=CARTESIAN_POINT('',(-0.0184607715352066,0.00338682169521308,0.003));
#6961=CARTESIAN_POINT('',(-0.018488382806329,0.00339181955017549,0.003));
#6962=CARTESIAN_POINT('',(-0.0184996863675583,0.00339438721146196,0.003));
#6963=CARTESIAN_POINT('',(-0.0185193458147849,0.0033989540922374,0.003));
#6964=CARTESIAN_POINT('',(-0.018544335737465,0.00340540734944473,0.003));
#6965=CARTESIAN_POINT('',(-0.018577080504689,0.00341450659737216,0.003));
#6966=CARTESIAN_POINT('',(-0.0186166335487396,0.00342637764666285,0.003));
#6967=CARTESIAN_POINT('',(-0.0186631625267468,0.00344135440968208,0.003));
#6968=CARTESIAN_POINT('',(-0.0187164725846454,0.00345970131556978,0.003));
#6969=CARTESIAN_POINT('',(-0.0187764695449174,0.00348170004009713,0.003));
#6970=CARTESIAN_POINT('',(-0.0188430182842718,0.00350762266590567,0.003));
#6971=CARTESIAN_POINT('',(-0.0189159851682079,0.00353773940976209,0.003));
#6972=CARTESIAN_POINT('',(-0.0189952256087018,0.00357231604667986,0.003));
#6973=CARTESIAN_POINT('',(-0.0190805878089872,0.00361161437590791,0.003));
#6974=CARTESIAN_POINT('',(-0.0191719118088798,0.00365589180511412,0.003));
#6975=CARTESIAN_POINT('',(-0.0192690298996158,0.00370540119786552,0.003));
#6976=CARTESIAN_POINT('',(-0.0193717666532308,0.00376039063374813,0.003));
#6977=CARTESIAN_POINT('',(-0.0194799390763937,0.00382110326018758,0.003));
#6978=CARTESIAN_POINT('',(-0.0195933567107084,0.00388777687705614,0.003));
#6979=CARTESIAN_POINT('',(-0.0197118218547065,0.00396064455794961,0.003));
#6980=CARTESIAN_POINT('',(-0.0198351293706176,0.00403993125992104,0.003));
#6981=CARTESIAN_POINT('',(-0.0199630681193203,0.00412586602322785,0.003));
#6982=CARTESIAN_POINT('',(-0.020095416113265,0.00421863377939402,0.003));
#6983=CARTESIAN_POINT('',(-0.020231959990964,0.0043185607677969,0.003));
#6984=CARTESIAN_POINT('',(-0.020368914712211,0.00442273121671573,0.003));
#6985=CARTESIAN_POINT('',(-0.0204606002161496,0.00449608642522991,0.003));
#6986=CARTESIAN_POINT('',(-0.0205051849314721,0.00453181982498516,0.003));
#6987=CARTESIAN_POINT('',(-0.0187260893331853,0.00346335211857644,0.003));
#6988=CARTESIAN_POINT('',(-0.0188458295145003,0.00313020056574859,0.003));
#6989=CARTESIAN_POINT('',(-0.0184965974964065,0.00307219482714348,0.003));
#6990=CARTESIAN_POINT('',(8.06215979183239E-15,-1.28301299517E-15,0.003));
#6991=CARTESIAN_POINT('',(-0.0185406699898642,0.00279393205481966,0.003));
#6992=CARTESIAN_POINT('',(-0.0188907341353715,0.00284668394770759,0.003));
#6993=CARTESIAN_POINT('',(-0.0188798039471956,0.00249283624154091,0.003));
#6994=CARTESIAN_POINT('',(-0.0185851200173174,0.00248109128044606,0.003));
#6995=CARTESIAN_POINT('',(-0.018603822525133,0.00248363329088994,0.003));
#6996=CARTESIAN_POINT('',(-0.0186316268265759,0.00248741240037356,0.003));
#6997=CARTESIAN_POINT('',(-0.0186431706031138,0.00248846340189225,0.003));
#6998=CARTESIAN_POINT('',(-0.0186632790922762,0.00249019514346463,0.003));
#6999=CARTESIAN_POINT('',(-0.018689040087229,0.00249178004194257,0.003));
#7000=CARTESIAN_POINT('',(-0.0187229940337175,0.00249324483245686,0.003));
#7001=CARTESIAN_POINT('',(-0.018764279569973,0.00249417735646458,0.003));
#7002=CARTESIAN_POINT('',(-0.018813159331997,0.00249431185333725,0.003));
#7003=CARTESIAN_POINT('',(-0.018869529715659,0.00249333662280069,0.003));
#7004=CARTESIAN_POINT('',(-0.0189333881954172,0.00249095467282365,0.003));
#7005=CARTESIAN_POINT('',(-0.0190046903395451,0.00248686548204371,0.003));
#7006=CARTESIAN_POINT('',(-0.0190833925556531,0.00248077076371228,0.003));
#7007=CARTESIAN_POINT('',(-0.0191694394613549,0.00247237307061446,0.003));
#7008=CARTESIAN_POINT('',(-0.0192627675897636,0.00246137650908804,0.003));
#7009=CARTESIAN_POINT('',(-0.0193633043530475,0.00244748683947777,0.003));
#7010=CARTESIAN_POINT('',(-0.0194709683898335,0.00243041174938241,0.003));
#7011=CARTESIAN_POINT('',(-0.0195856695190209,0.0024098610908728,0.003));
#7012=CARTESIAN_POINT('',(-0.0197073088402962,0.00238554706895622,0.003));
#7013=CARTESIAN_POINT('',(-0.0198357787011629,0.00235718466763347,0.003));
#7014=CARTESIAN_POINT('',(-0.0199709631000529,0.00232449112762891,0.003));
#7015=CARTESIAN_POINT('',(-0.0201127364549055,0.0022871891110141,0.003));
#7016=CARTESIAN_POINT('',(-0.0202609687378152,0.0022449955419831,0.003));
#7017=CARTESIAN_POINT('',(-0.0204155059730603,0.0021976659422795,0.003));
#7018=CARTESIAN_POINT('',(-0.0205762460553192,0.00214482410749202,0.003));
#7019=CARTESIAN_POINT('',(-0.0207386881744262,0.0020880734595676,0.003));
#7020=CARTESIAN_POINT('',(-0.0208485542764536,0.00204664088936087,0.003));
#7021=CARTESIAN_POINT('',(-0.0209019990882795,0.00202643384139829,0.003));
#7022=CARTESIAN_POINT('',(-0.0187444345368383,0.000456808377968713,0.003));
#7023=CARTESIAN_POINT('',(-0.0187633044437915,0.000457223380696646,0.003));
#7024=CARTESIAN_POINT('',(-0.0187913576111155,0.000457840349343896,0.003));
#7025=CARTESIAN_POINT('',(-0.0188029236774687,0.000458608131905174,0.003));
#7026=CARTESIAN_POINT('',(-0.0188230555018279,0.000460043371690096,0.003));
#7027=CARTESIAN_POINT('',(-0.0188487472689304,0.000462507893406769,0.003));
#7028=CARTESIAN_POINT('',(-0.0188825123297148,0.000466372704349327,0.003));
#7029=CARTESIAN_POINT('',(-0.0189234354514039,0.000471910142037606,0.003));
#7030=CARTESIAN_POINT('',(-0.0189717344623924,0.000479423780468132,0.003));
#7031=CARTESIAN_POINT('',(-0.0190272582734229,0.000489205275110775,0.003));
#7032=CARTESIAN_POINT('',(-0.0190899579302578,0.000501547566450209,0.003));
#7033=CARTESIAN_POINT('',(-0.0191597425363002,0.000516740525278908,0.003));
#7034=CARTESIAN_POINT('',(-0.0192365223735273,0.000535071946588404,0.003));
#7035=CARTESIAN_POINT('',(-0.019320196210406,0.000556826951810843,0.003));
#7036=CARTESIAN_POINT('',(-0.0194106550734652,0.000582287863257957,0.003));
#7037=CARTESIAN_POINT('',(-0.0195077812393268,0.00061173394276793,0.003));
#7038=CARTESIAN_POINT('',(-0.0196114486205771,0.000645441176168419,0.003));
#7039=CARTESIAN_POINT('',(-0.0197215227572585,0.000683682031753847,0.003));
#7040=CARTESIAN_POINT('',(-0.0198378609456285,0.000726725289865405,0.003));
#7041=CARTESIAN_POINT('',(-0.0199603122722462,0.000774835616921634,0.003));
#7042=CARTESIAN_POINT('',(-0.0200887179304194,0.00082827414431906,0.003));
#7043=CARTESIAN_POINT('',(-0.0202229104990002,0.0008872951501335,0.003));
#7044=CARTESIAN_POINT('',(-0.0203627172681305,0.000952157884192207,0.003));
#7045=CARTESIAN_POINT('',(-0.0205079479129597,0.00102307972770884,0.003));
#7046=CARTESIAN_POINT('',(-0.0206584427339165,0.00110041628060279,0.003));
#7047=CARTESIAN_POINT('',(-0.0208100071637312,0.00118187977988146,0.003));
#7048=CARTESIAN_POINT('',(-0.0209120391497748,0.00123998909129226,0.003));
#7049=CARTESIAN_POINT('',(-0.0209616648885424,0.00126830796750989,0.003));
#7050=CARTESIAN_POINT('',(-0.0190373277352455,0.000491306739761017,0.003));
#7051=CARTESIAN_POINT('',(-0.0191034773312872,0.000143525344173937,0.003));
#7052=CARTESIAN_POINT('',(-0.0187494708421655,0.000140865676391477,0.003));
#7053=CARTESIAN_POINT('',(8.16360867794685E-15,-6.01732205729555E-18,0.003));
#7054=CARTESIAN_POINT('',(-0.0187494708421655,-0.00014086567639148,0.003));
#7055=CARTESIAN_POINT('',(-0.0191034773312873,-0.00014352534417394,0.003));
#7056=CARTESIAN_POINT('',(-0.0190373277352456,-0.000491306739761022,0.003));
#7057=CARTESIAN_POINT('',(-0.0187444345368383,-0.000456808377968708,0.003));
#7058=CARTESIAN_POINT('',(-0.0187633044437915,-0.000457223380696642,0.003));
#7059=CARTESIAN_POINT('',(-0.0187913576111155,-0.000457840349343892,0.003));
#7060=CARTESIAN_POINT('',(-0.0188029236774687,-0.000458608131905169,0.003));
#7061=CARTESIAN_POINT('',(-0.0188230555018279,-0.000460043371690091,0.003));
#7062=CARTESIAN_POINT('',(-0.0188487472689304,-0.000462507893406764,0.003));
#7063=CARTESIAN_POINT('',(-0.0188825123297148,-0.000466372704349322,0.003));
#7064=CARTESIAN_POINT('',(-0.0189234354514039,-0.000471910142037602,0.003));
#7065=CARTESIAN_POINT('',(-0.0189717344623924,-0.000479423780468127,0.003));
#7066=CARTESIAN_POINT('',(-0.0190272582734229,-0.00048920527511077,0.003));
#7067=CARTESIAN_POINT('',(-0.0190899579302578,-0.000501547566450205,0.003));
#7068=CARTESIAN_POINT('',(-0.0191597425363002,-0.000516740525278903,0.003));
#7069=CARTESIAN_POINT('',(-0.0192365223735273,-0.000535071946588399,0.003));
#7070=CARTESIAN_POINT('',(-0.019320196210406,-0.000556826951810838,0.003));
#7071=CARTESIAN_POINT('',(-0.0194106550734652,-0.000582287863257953,0.003));
#7072=CARTESIAN_POINT('',(-0.0195077812393268,-0.000611733942767925,0.003));
#7073=CARTESIAN_POINT('',(-0.0196114486205771,-0.000645441176168414,0.003));
#7074=CARTESIAN_POINT('',(-0.0197215227572585,-0.000683682031753843,0.003));
#7075=CARTESIAN_POINT('',(-0.0198378609456285,-0.000726725289865401,0.003));
#7076=CARTESIAN_POINT('',(-0.0199603122722462,-0.000774835616921629,0.003));
#7077=CARTESIAN_POINT('',(-0.0200887179304194,-0.000828274144319055,0.003));
#7078=CARTESIAN_POINT('',(-0.0202229104990002,-0.000887295150133495,0.003));
#7079=CARTESIAN_POINT('',(-0.0203627172681305,-0.000952157884192202,0.003));
#7080=CARTESIAN_POINT('',(-0.0205079479129597,-0.00102307972770883,0.003));
#7081=CARTESIAN_POINT('',(-0.0206584427339165,-0.00110041628060278,0.003));
#7082=CARTESIAN_POINT('',(-0.0208100071637312,-0.00118187977988146,0.003));
#7083=CARTESIAN_POINT('',(-0.0209120391497748,-0.00123998909129225,0.003));
#7084=CARTESIAN_POINT('',(-0.0209616648885424,-0.00126830796750988,0.003));
#7085=CARTESIAN_POINT('',(-0.0185851200173174,-0.00248109128044606,0.003));
#7086=CARTESIAN_POINT('',(-0.018603822525133,-0.00248363329088994,0.003));
#7087=CARTESIAN_POINT('',(-0.0186316268265759,-0.00248741240037355,0.003));
#7088=CARTESIAN_POINT('',(-0.0186431706031138,-0.00248846340189224,0.003));
#7089=CARTESIAN_POINT('',(-0.0186632790922762,-0.00249019514346463,0.003));
#7090=CARTESIAN_POINT('',(-0.018689040087229,-0.00249178004194256,0.003));
#7091=CARTESIAN_POINT('',(-0.0187229940337175,-0.00249324483245685,0.003));
#7092=CARTESIAN_POINT('',(-0.018764279569973,-0.00249417735646458,0.003));
#7093=CARTESIAN_POINT('',(-0.018813159331997,-0.00249431185333725,0.003));
#7094=CARTESIAN_POINT('',(-0.018869529715659,-0.00249333662280068,0.003));
#7095=CARTESIAN_POINT('',(-0.0189333881954172,-0.00249095467282365,0.003));
#7096=CARTESIAN_POINT('',(-0.0190046903395451,-0.0024868654820437,0.003));
#7097=CARTESIAN_POINT('',(-0.0190833925556531,-0.00248077076371227,0.003));
#7098=CARTESIAN_POINT('',(-0.0191694394613549,-0.00247237307061445,0.003));
#7099=CARTESIAN_POINT('',(-0.0192627675897636,-0.00246137650908803,0.003));
#7100=CARTESIAN_POINT('',(-0.0193633043530475,-0.00244748683947777,0.003));
#7101=CARTESIAN_POINT('',(-0.0194709683898335,-0.0024304117493824,0.003));
#7102=CARTESIAN_POINT('',(-0.0195856695190209,-0.00240986109087279,0.003));
#7103=CARTESIAN_POINT('',(-0.0197073088402962,-0.00238554706895621,0.003));
#7104=CARTESIAN_POINT('',(-0.019835778701163,-0.00235718466763346,0.003));
#7105=CARTESIAN_POINT('',(-0.0199709631000529,-0.0023244911276289,0.003));
#7106=CARTESIAN_POINT('',(-0.0201127364549055,-0.00228718911101409,0.003));
#7107=CARTESIAN_POINT('',(-0.0202609687378152,-0.0022449955419831,0.003));
#7108=CARTESIAN_POINT('',(-0.0204155059730603,-0.0021976659422795,0.003));
#7109=CARTESIAN_POINT('',(-0.0205762460553192,-0.00214482410749202,0.003));
#7110=CARTESIAN_POINT('',(-0.0207386881744262,-0.00208807345956759,0.003));
#7111=CARTESIAN_POINT('',(-0.0208485542764536,-0.00204664088936087,0.003));
#7112=CARTESIAN_POINT('',(-0.0209019990882795,-0.00202643384139829,0.003));
#7113=CARTESIAN_POINT('',(-0.0188798039471956,-0.00249283624154091,0.003));
#7114=CARTESIAN_POINT('',(-0.0188907341353714,-0.00284668394770759,0.003));
#7115=CARTESIAN_POINT('',(-0.0185406699898642,-0.00279393205481966,0.003));
#7116=CARTESIAN_POINT('',(8.0640424249464E-15,1.27112651749481E-15,0.003));
#7117=CARTESIAN_POINT('',(-0.0184965974964065,-0.00307219482714348,0.003));
#7118=CARTESIAN_POINT('',(-0.0188458295145004,-0.0031302005657486,0.003));
#7119=CARTESIAN_POINT('',(-0.0187260893331853,-0.00346335211857645,0.003));
#7120=CARTESIAN_POINT('',(-0.0184421988688506,-0.0033834598980578,0.003));
#7121=CARTESIAN_POINT('',(-0.0184607715352067,-0.00338682169521308,0.003));
#7122=CARTESIAN_POINT('',(-0.018488382806329,-0.00339181955017548,0.003));
#7123=CARTESIAN_POINT('',(-0.0184996863675584,-0.00339438721146196,0.003));
#7124=CARTESIAN_POINT('',(-0.0185193458147849,-0.0033989540922374,0.003));
#7125=CARTESIAN_POINT('',(-0.018544335737465,-0.00340540734944472,0.003));
#7126=CARTESIAN_POINT('',(-0.018577080504689,-0.00341450659737215,0.003));
#7127=CARTESIAN_POINT('',(-0.0186166335487397,-0.00342637764666285,0.003));
#7128=CARTESIAN_POINT('',(-0.0186631625267468,-0.00344135440968207,0.003));
#7129=CARTESIAN_POINT('',(-0.0187164725846454,-0.00345970131556977,0.003));
#7130=CARTESIAN_POINT('',(-0.0187764695449174,-0.00348170004009712,0.003));
#7131=CARTESIAN_POINT('',(-0.0188430182842718,-0.00350762266590566,0.003));
#7132=CARTESIAN_POINT('',(-0.0189159851682079,-0.00353773940976208,0.003));
#7133=CARTESIAN_POINT('',(-0.0189952256087018,-0.00357231604667985,0.003));
#7134=CARTESIAN_POINT('',(-0.0190805878089872,-0.0036116143759079,0.003));
#7135=CARTESIAN_POINT('',(-0.0191719118088798,-0.00365589180511411,0.003));
#7136=CARTESIAN_POINT('',(-0.0192690298996158,-0.00370540119786552,0.003));
#7137=CARTESIAN_POINT('',(-0.0193717666532308,-0.00376039063374812,0.003));
#7138=CARTESIAN_POINT('',(-0.0194799390763937,-0.00382110326018757,0.003));
#7139=CARTESIAN_POINT('',(-0.0195933567107084,-0.00388777687705613,0.003));
#7140=CARTESIAN_POINT('',(-0.0197118218547065,-0.0039606445579496,0.003));
#7141=CARTESIAN_POINT('',(-0.0198351293706176,-0.00403993125992103,0.003));
#7142=CARTESIAN_POINT('',(-0.0199630681193203,-0.00412586602322784,0.003));
#7143=CARTESIAN_POINT('',(-0.020095416113265,-0.00421863377939402,0.003));
#7144=CARTESIAN_POINT('',(-0.020231959990964,-0.0043185607677969,0.003));
#7145=CARTESIAN_POINT('',(-0.020368914712211,-0.00442273121671573,0.003));
#7146=CARTESIAN_POINT('',(-0.0204606002161496,-0.0044960864252299,0.003));
#7147=CARTESIAN_POINT('',(-0.0205051849314721,-0.00453181982498515,0.003));
#7148=CARTESIAN_POINT('',(-0.0179681781624932,-0.00535789823726638,0.003));
#7149=CARTESIAN_POINT('',(-0.0179862527533586,-0.0053633346681485,0.003));
#7150=CARTESIAN_POINT('',(-0.0180131235547417,-0.00537141680154534,0.003));
#7151=CARTESIAN_POINT('',(-0.0180243607953742,-0.00537426070799854,0.003));
#7152=CARTESIAN_POINT('',(-0.0180439508116005,-0.0053791167897034,0.003));
#7153=CARTESIAN_POINT('',(-0.018069146713212,-0.00538471208291543,0.003));
#7154=CARTESIAN_POINT('',(-0.0181024534865554,-0.00539147040688274,0.003));
#7155=CARTESIAN_POINT('',(-0.018143084850456,-0.00539884993075053,0.003));
#7156=CARTESIAN_POINT('',(-0.0181913417815517,-0.00540662925116703,0.003));
#7157=CARTESIAN_POINT('',(-0.0182471707119169,-0.00541448429814895,0.003));
#7158=CARTESIAN_POINT('',(-0.0183106156068925,-0.005422121341048,0.003));
#7159=CARTESIAN_POINT('',(-0.0183816795936792,-0.00542923660776505,0.003));
#7160=CARTESIAN_POINT('',(-0.0184603662789098,-0.00543552866460421,0.003));
#7161=CARTESIAN_POINT('',(-0.0185466674930431,-0.00544069506270543,0.003));
#7162=CARTESIAN_POINT('',(-0.0186405668385417,-0.00544443362293998,0.003));
#7163=CARTESIAN_POINT('',(-0.0187420386504734,-0.00544644237299239,0.003));
#7164=CARTESIAN_POINT('',(-0.0188510482968929,-0.00544641987158928,0.003));
#7165=CARTESIAN_POINT('',(-0.0189675520961145,-0.00544406543557172,0.003));
#7166=CARTESIAN_POINT('',(-0.0190914973865076,-0.00543907934176331,0.003));
#7167=CARTESIAN_POINT('',(-0.0192228224272817,-0.00543116324262402,0.003));
#7168=CARTESIAN_POINT('',(-0.0193614568783367,-0.00542001971347089,0.003));
#7169=CARTESIAN_POINT('',(-0.0195073200889456,-0.00540535518550306,0.003));
#7170=CARTESIAN_POINT('',(-0.0196603279148749,-0.00538686972720174,0.003));
#7171=CARTESIAN_POINT('',(-0.0198203665209244,-0.0053642977831338,0.003));
#7172=CARTESIAN_POINT('',(-0.0199873939101946,-0.00533725180779727,0.003));
#7173=CARTESIAN_POINT('',(-0.0201567138545069,-0.00530661140052359,0.003));
#7174=CARTESIAN_POINT('',(-0.0202717088044615,-0.00528287577890624,0.003));
#7175=CARTESIAN_POINT('',(-0.0203276567007053,-0.0052712781237829,0.003));
#7176=CARTESIAN_POINT('',(-0.0182573967274888,-0.00541559732132694,0.003));
#7177=CARTESIAN_POINT('',(-0.0182128383702907,-0.00576679843319418,0.003));
#7178=CARTESIAN_POINT('',(-0.0178753363094566,-0.00565993390631226,0.003));
#7179=CARTESIAN_POINT('',(7.76591268442135E-15,2.51697100355914E-15,0.003));
#7180=CARTESIAN_POINT('',(-0.0177882765335984,-0.00592787634522114,0.003));
#7181=CARTESIAN_POINT('',(-0.0181241348293442,-0.00603979986085445,0.003));
#7182=CARTESIAN_POINT('',(-0.0179537524634146,-0.00635011827402585,0.003));
#7183=CARTESIAN_POINT('',(-0.0176858550585628,-0.0062267994063971,0.003));
#7184=CARTESIAN_POINT('',(-0.0177036731636369,-0.00623302521937658,0.003));
#7185=CARTESIAN_POINT('',(-0.0177301626574261,-0.00624228089687806,0.003));
#7186=CARTESIAN_POINT('',(-0.0177409253823398,-0.00624658521254726,0.003));
#7187=CARTESIAN_POINT('',(-0.0177596283715969,-0.00625417128255192,0.003));
#7188=CARTESIAN_POINT('',(-0.0177833011150215,-0.00626445437464033,0.003));
#7189=CARTESIAN_POINT('',(-0.0178142193038423,-0.00627856400586998,0.003));
#7190=CARTESIAN_POINT('',(-0.0178514283430409,-0.0062964763621318,0.003));
#7191=CARTESIAN_POINT('',(-0.0178950415902074,-0.00631854747212917,0.003));
#7192=CARTESIAN_POINT('',(-0.0179448252244227,-0.00634500802754908,0.003));
#7193=CARTESIAN_POINT('',(-0.0180006421638515,-0.0063761215036569,0.003));
#7194=CARTESIAN_POINT('',(-0.0180623163856924,-0.00641213549536562,0.003));
#7195=CARTESIAN_POINT('',(-0.0181296736294916,-0.00645329598758347,0.003));
#7196=CARTESIAN_POINT('',(-0.018202529510972,-0.00649984286464236,0.003));
#7197=CARTESIAN_POINT('',(-0.0182806931478117,-0.0065520109563621,0.003));
#7198=CARTESIAN_POINT('',(-0.0183639662817709,-0.00661002947800912,0.003));
#7199=CARTESIAN_POINT('',(-0.0184521437122821,-0.00667412194454964,0.003));
#7200=CARTESIAN_POINT('',(-0.0185450133629931,-0.00674450593831853,0.003));
#7201=CARTESIAN_POINT('',(-0.0186423564568867,-0.00682139298672926,0.003));
#7202=CARTESIAN_POINT('',(-0.0187439476803302,-0.00690498816768581,0.003));
#7203=CARTESIAN_POINT('',(-0.0188495553051447,-0.00699549075793775,0.003));
#7204=CARTESIAN_POINT('',(-0.0189589415281101,-0.00709309085432616,0.003));
#7205=CARTESIAN_POINT('',(-0.0190718619797879,-0.00719798164780734,0.003));
#7206=CARTESIAN_POINT('',(-0.0191880684759994,-0.00731031106658772,0.003));
#7207=CARTESIAN_POINT('',(-0.0193072992470083,-0.00743036795640638,0.003));
#7208=CARTESIAN_POINT('',(-0.0194262719799239,-0.00755468033279109,0.003));
#7209=CARTESIAN_POINT('',(-0.0195053534003639,-0.00764147518972304,0.003));
#7210=CARTESIAN_POINT('',(-0.0195437992685819,-0.00768374323812158,0.003));
#7211=CARTESIAN_POINT('',(-0.016908800128344,-0.00810277595764043,0.003));
#7212=CARTESIAN_POINT('',(-0.0169258017458459,-0.00811097294598999,0.003));
#7213=CARTESIAN_POINT('',(-0.0169510773988602,-0.00812315909435276,0.003));
#7214=CARTESIAN_POINT('',(-0.0169617314054288,-0.00812772587932521,0.003));
#7215=CARTESIAN_POINT('',(-0.0169803205775039,-0.00813558672831457,0.003));
#7216=CARTESIAN_POINT('',(-0.0170043309790559,-0.0081450546415721,0.003));
#7217=CARTESIAN_POINT('',(-0.0170361704559556,-0.00815694008662676,0.003));
#7218=CARTESIAN_POINT('',(-0.0170751471684742,-0.00817058490198576,0.003));
#7219=CARTESIAN_POINT('',(-0.0171215930228426,-0.00818581749325934,0.003));
#7220=CARTESIAN_POINT('',(-0.0171755058063597,-0.00820230940043365,0.003));
#7221=CARTESIAN_POINT('',(-0.017236974892677,-0.00821977738686672,0.003));
#7222=CARTESIAN_POINT('',(-0.01730605089092,-0.00823792190959998,0.003));
#7223=CARTESIAN_POINT('',(-0.0173827845179367,-0.00825644581028821,0.003));
#7224=CARTESIAN_POINT('',(-0.0174672150181921,-0.00827504908572092,0.003));
#7225=CARTESIAN_POINT('',(-0.0175593734672603,-0.00829343071195589,0.003));
#7226=CARTESIAN_POINT('',(-0.0176592817550645,-0.00831128841957804,0.003));
#7227=CARTESIAN_POINT('',(-0.0177669528318404,-0.0083283190609264,0.003));
#7228=CARTESIAN_POINT('',(-0.0178823905909055,-0.00834421882142957,0.003));
#7229=CARTESIAN_POINT('',(-0.018005589906016,-0.00835868342990679,0.003));
#7230=CARTESIAN_POINT('',(-0.0181365364683508,-0.0083714085535838,0.003));
#7231=CARTESIAN_POINT('',(-0.0182752073312843,-0.00838208942595308,0.003));
#7232=CARTESIAN_POINT('',(-0.0184215687613122,-0.00839042347597959,0.003));
#7233=CARTESIAN_POINT('',(-0.0185755845697829,-0.00839610130174104,0.003));
#7234=CARTESIAN_POINT('',(-0.0187371838650182,-0.00839884280948371,0.003));
#7235=CARTESIAN_POINT('',(-0.0189063857926437,-0.00839825865527135,0.003));
#7236=CARTESIAN_POINT('',(-0.0190784143431916,-0.00839448295716518,0.003));
#7237=CARTESIAN_POINT('',(-0.0191957065837593,-0.00838902873391543,0.003));
#7238=CARTESIAN_POINT('',(-0.019252779941535,-0.00838632604439087,0.003));
#7239=CARTESIAN_POINT('',(-0.0171854318075254,-0.00820500842172485,0.003));
#7240=CARTESIAN_POINT('',(-0.0170864820795883,-0.00854491520234881,0.003));
#7241=CARTESIAN_POINT('',(-0.0167698525242701,-0.00838656940078777,0.003));
#7242=CARTESIAN_POINT('',(7.27656040001931E-15,3.700839310168E-15,0.003));
#7243=CARTESIAN_POINT('',(-0.016641949166628,-0.0086375938741858,0.003));
#7244=CARTESIAN_POINT('',(-0.0169561637941347,-0.00880067923843956,0.003));
#7245=CARTESIAN_POINT('',(-0.0167393346229064,-0.00908052344273444,0.003));
#7246=CARTESIAN_POINT('',(-0.0164940268007455,-0.00891681444778848,0.003));
#7247=CARTESIAN_POINT('',(-0.0165106516036557,-0.00892575097641433,0.003));
#7248=CARTESIAN_POINT('',(-0.0165353670608611,-0.00893903657095694,0.003));
#7249=CARTESIAN_POINT('',(-0.0165453239354523,-0.00894497155447191,0.003));
#7250=CARTESIAN_POINT('',(-0.0165626099370729,-0.00895539001948554,0.003));
#7251=CARTESIAN_POINT('',(-0.0165843825997334,-0.00896924974260019,0.003));
#7252=CARTESIAN_POINT('',(-0.0166127129017308,-0.00898802233118401,0.003));
#7253=CARTESIAN_POINT('',(-0.0166466617260425,-0.00901153493275808,0.003));
#7254=CARTESIAN_POINT('',(-0.0166862853394792,-0.00904015692575565,0.003));
#7255=CARTESIAN_POINT('',(-0.0167313167117142,-0.00907407958401578,0.003));
#7256=CARTESIAN_POINT('',(-0.0167815792320053,-0.00911354169466259,0.003));
#7257=CARTESIAN_POINT('',(-0.0168368603123058,-0.00915876026827203,0.003));
#7258=CARTESIAN_POINT('',(-0.0168969493570801,-0.00920995100092908,0.003));
#7259=CARTESIAN_POINT('',(-0.0169616267259501,-0.00926732197953568,0.003));
#7260=CARTESIAN_POINT('',(-0.0170306671511948,-0.00933107528219298,0.003));
#7261=CARTESIAN_POINT('',(-0.0171038389582948,-0.00940140628772543,0.003));
#7262=CARTESIAN_POINT('',(-0.0171809045075981,-0.00947850365881814,0.003));
#7263=CARTESIAN_POINT('',(-0.0172616202963878,-0.00956254912295563,0.003));
#7264=CARTESIAN_POINT('',(-0.0173457371509773,-0.0096537173790323,0.003));
#7265=CARTESIAN_POINT('',(-0.0174330004504663,-0.00975217573328518,0.003));
#7266=CARTESIAN_POINT('',(-0.0175231501458828,-0.00985808475876272,0.003));
#7267=CARTESIAN_POINT('',(-0.017615921624061,-0.00997159501127887,0.003));
#7268=CARTESIAN_POINT('',(-0.0177110433024321,-0.0100928590754863,0.003));
#7269=CARTESIAN_POINT('',(-0.0178082469113063,-0.0102219842337906,0.003));
#7270=CARTESIAN_POINT('',(-0.017907228718339,-0.0103592148259517,0.003));
#7271=CARTESIAN_POINT('',(-0.0180052899593907,-0.0105006081465266,0.003));
#7272=CARTESIAN_POINT('',(-0.0180698200493046,-0.010598705474443,0.003));
#7273=CARTESIAN_POINT('',(-0.0181011804055481,-0.0106464673918537,0.003));
#7274=CARTESIAN_POINT('',(-0.0154330713179445,-0.0106481364423657,0.003));
#7275=CARTESIAN_POINT('',(-0.0154485813258351,-0.0106588921511253,0.003));
#7276=CARTESIAN_POINT('',(-0.0154716394600182,-0.0106748822510378,0.003));
#7277=CARTESIAN_POINT('',(-0.0154814478955225,-0.0106810594651272,0.003));
#7278=CARTESIAN_POINT('',(-0.015498578496336,-0.0106917315212103,0.003));
#7279=CARTESIAN_POINT('',(-0.0155208121820564,-0.0107048389230667,0.003));
#7280=CARTESIAN_POINT('',(-0.015550400368922,-0.0107215588301059,0.003));
#7281=CARTESIAN_POINT('',(-0.0155867626940401,-0.0107411329563175,0.003));
#7282=CARTESIAN_POINT('',(-0.0156302538206017,-0.0107634437414969,0.003));
#7283=CARTESIAN_POINT('',(-0.0156809229456143,-0.0107881664233755,0.003));
#7284=CARTESIAN_POINT('',(-0.0157389026503639,-0.0108150352335436,0.003));
#7285=CARTESIAN_POINT('',(-0.0158042897797363,-0.0108437622339252,0.003));
#7286=CARTESIAN_POINT('',(-0.0158771809119776,-0.0108740618585503,0.003));
#7287=CARTESIAN_POINT('',(-0.0159576617392302,-0.0109056439369326,0.003));
#7288=CARTESIAN_POINT('',(-0.0160458100449955,-0.0109382160125249,0.003));
#7289=CARTESIAN_POINT('',(-0.0161416947350499,-0.0109714829616888,0.003));
#7290=CARTESIAN_POINT('',(-0.0162453760229322,-0.0110051473948772,0.003));
#7291=CARTESIAN_POINT('',(-0.0163569052810966,-0.0110389098470292,0.003));
#7292=CARTESIAN_POINT('',(-0.0164763250449114,-0.0110724689911261,0.003));
#7293=CARTESIAN_POINT('',(-0.0166036687898555,-0.0111055220028422,0.003));
#7294=CARTESIAN_POINT('',(-0.0167389615278,-0.0111377642782084,0.003));
#7295=CARTESIAN_POINT('',(-0.0168822172730939,-0.0111688916942585,0.003));
#7296=CARTESIAN_POINT('',(-0.017033448683752,-0.0111985929971688,0.003));
#7297=CARTESIAN_POINT('',(-0.0171926295572073,-0.0112265804517029,0.003));
#7298=CARTESIAN_POINT('',(-0.0173598397101809,-0.0112524725024301,0.003));
#7299=CARTESIAN_POINT('',(-0.0175303409531199,-0.0112756544837097,0.003));
#7300=CARTESIAN_POINT('',(-0.0176470423600672,-0.0112886159599055,0.003));
#7301=CARTESIAN_POINT('',(-0.0177038358438908,-0.0112948747851655,0.003));
#7302=CARTESIAN_POINT('',(-0.0156903045212826,-0.0107923849839181,0.003));
#7303=CARTESIAN_POINT('',(-0.0155393998933035,-0.0111126278002739,0.003));
#7304=CARTESIAN_POINT('',(-0.0152514393139866,-0.0109066997231878,0.003));
#7305=CARTESIAN_POINT('',(6.60803504904938E-15,4.79358067057904E-15,0.003));
#7306=CARTESIAN_POINT('',(-0.0150858417797124,-0.0111346251754375,0.003));
#7307=CARTESIAN_POINT('',(-0.0153706757320323,-0.0113448566853944,0.003));
#7308=CARTESIAN_POINT('',(-0.0151127388093158,-0.0115873359877534,0.003));
#7309=CARTESIAN_POINT('',(-0.0148960608625573,-0.0113872679242648,0.003));
#7310=CARTESIAN_POINT('',(-0.0149110830054815,-0.0113986951215436,0.003));
#7311=CARTESIAN_POINT('',(-0.0149334158495207,-0.0114156834976974,0.003));
#7312=CARTESIAN_POINT('',(-0.014942321702492,-0.0114231030100669,0.003));
#7313=CARTESIAN_POINT('',(-0.0149577650777472,-0.0114360973329039,0.003));
#7314=CARTESIAN_POINT('',(-0.0149771015444297,-0.011453192414664,0.003));
#7315=CARTESIAN_POINT('',(-0.0150021463735455,-0.0114761657171684,0.003));
#7316=CARTESIAN_POINT('',(-0.0150319990502462,-0.0115046996057701,0.003));
#7317=CARTESIAN_POINT('',(-0.0150666573650868,-0.0115391677133093,0.003));
#7318=CARTESIAN_POINT('',(-0.0151058276535067,-0.0115797171859804,0.003));
#7319=CARTESIAN_POINT('',(-0.0151492981245987,-0.0116265562430349,0.003));
#7320=CARTESIAN_POINT('',(-0.0151968248596946,-0.0116798659671909,0.003));
#7321=CARTESIAN_POINT('',(-0.0152481661137374,-0.0117398264545569,0.003));
#7322=CARTESIAN_POINT('',(-0.0153030723985235,-0.0118066088708145,0.003));
#7323=CARTESIAN_POINT('',(-0.0153612896077717,-0.0118803775665129,0.003));
#7324=CARTESIAN_POINT('',(-0.0154225583552785,-0.0119612892731593,0.003));
#7325=CARTESIAN_POINT('',(-0.015486614413784,-0.0120494931556564,0.003));
#7326=CARTESIAN_POINT('',(-0.0155531888500521,-0.0121451306119045,0.003));
#7327=CARTESIAN_POINT('',(-0.0156220082292097,-0.0122483352106124,0.003));
#7328=CARTESIAN_POINT('',(-0.0156927948927006,-0.0123592323667154,0.003));
#7329=CARTESIAN_POINT('',(-0.0157652668740281,-0.0124779399957194,0.003));
#7330=CARTESIAN_POINT('',(-0.0158391392657356,-0.0126045654052274,0.003));
#7331=CARTESIAN_POINT('',(-0.0159141199593877,-0.012739216816448,0.003));
#7332=CARTESIAN_POINT('',(-0.015989927205474,-0.0128819582243368,0.003));
#7333=CARTESIAN_POINT('',(-0.0160662227879392,-0.0130329834462192,0.003));
#7334=CARTESIAN_POINT('',(-0.0161409579439259,-0.0131879761381741,0.003));
#7335=CARTESIAN_POINT('',(-0.0161893477583369,-0.0132949604552954,0.003));
#7336=CARTESIAN_POINT('',(-0.0162128504065561,-0.0133470401847988,0.003));
#7337=CARTESIAN_POINT('',(-0.0135773290722702,-0.0129313044687412,0.003));
#7338=CARTESIAN_POINT('',(-0.0135909655626803,-0.012944354056665,0.003));
#7339=CARTESIAN_POINT('',(-0.0136112384102431,-0.0129637543787993,0.003));
#7340=CARTESIAN_POINT('',(-0.0136199597584486,-0.0129713899184937,0.003));
#7341=CARTESIAN_POINT('',(-0.0136352099757552,-0.0129846104002312,0.003));
#7342=CARTESIAN_POINT('',(-0.0136551194785124,-0.0130010345429519,0.003));
#7343=CARTESIAN_POINT('',(-0.0136817278159857,-0.0130221772123742,0.003));
#7344=CARTESIAN_POINT('',(-0.0137145803925791,-0.0130471986694881,0.003));
#7345=CARTESIAN_POINT('',(-0.0137540458954593,-0.0130760382829971,0.003));
#7346=CARTESIAN_POINT('',(-0.0138002237199483,-0.0131083829851022,0.003));
#7347=CARTESIAN_POINT('',(-0.0138532863903757,-0.0131439910197266,0.003));
#7348=CARTESIAN_POINT('',(-0.0139133746027449,-0.0131825931436676,0.003));
#7349=CARTESIAN_POINT('',(-0.0139806284186233,-0.0132239224149126,0.003));
#7350=CARTESIAN_POINT('',(-0.0140551778678056,-0.0132677056406598,0.003));
#7351=CARTESIAN_POINT('',(-0.0141371455264326,-0.013313666133008,0.003));
#7352=CARTESIAN_POINT('',(-0.0142266456194449,-0.0133615231810185,0.003));
#7353=CARTESIAN_POINT('',(-0.0143237841410274,-0.013410992475976,0.003));
#7354=CARTESIAN_POINT('',(-0.0144286586778108,-0.0134617862761537,0.003));
#7355=CARTESIAN_POINT('',(-0.0145413583794133,-0.0135136136183661,0.003));
#7356=CARTESIAN_POINT('',(-0.0146619636813365,-0.0135661806432762,0.003));
#7357=CARTESIAN_POINT('',(-0.0147905469380728,-0.0136191904098139,0.003));
#7358=CARTESIAN_POINT('',(-0.014927169566745,-0.0136723447315983,0.003));
#7359=CARTESIAN_POINT('',(-0.0150718927603521,-0.013725338167007,0.003));
#7360=CARTESIAN_POINT('',(-0.0152247356506316,-0.0137778824243169,0.003));
#7361=CARTESIAN_POINT('',(-0.0153858367600486,-0.013829613131764,0.003));
#7362=CARTESIAN_POINT('',(-0.0155506123889164,-0.0138791819751135,0.003));
#7363=CARTESIAN_POINT('',(-0.0156638493862945,-0.0139102399961942,0.003));
#7364=CARTESIAN_POINT('',(-0.0157189645521074,-0.0139253062231891,0.003));
#7365=CARTESIAN_POINT('',(-0.0138088298645905,-0.0131140172099351,0.003));
#7366=CARTESIAN_POINT('',(-0.0136096861093342,-0.0134067106210591,0.003));
#7367=CARTESIAN_POINT('',(-0.0133574850511675,-0.0131582709011418,0.003));
#7368=CARTESIAN_POINT('',(5.77679794436086E-15,5.76828816589827E-15,0.003));
#7369=CARTESIAN_POINT('',(-0.0131582709011418,-0.0133574850511675,0.003));
#7370=CARTESIAN_POINT('',(-0.0134067106210592,-0.0136096861093342,0.003));
#7371=CARTESIAN_POINT('',(-0.0131140172099352,-0.0138088298645905,0.003));
#7372=CARTESIAN_POINT('',(-0.0129313044687412,-0.0135773290722702,0.003));
#7373=CARTESIAN_POINT('',(-0.012944354056665,-0.0135909655626803,0.003));
#7374=CARTESIAN_POINT('',(-0.0129637543787993,-0.0136112384102431,0.003));
#7375=CARTESIAN_POINT('',(-0.0129713899184938,-0.0136199597584486,0.003));
#7376=CARTESIAN_POINT('',(-0.0129846104002312,-0.0136352099757552,0.003));
#7377=CARTESIAN_POINT('',(-0.0130010345429519,-0.0136551194785124,0.003));
#7378=CARTESIAN_POINT('',(-0.0130221772123742,-0.0136817278159857,0.003));
#7379=CARTESIAN_POINT('',(-0.0130471986694881,-0.0137145803925791,0.003));
#7380=CARTESIAN_POINT('',(-0.0130760382829971,-0.0137540458954593,0.003));
#7381=CARTESIAN_POINT('',(-0.0131083829851022,-0.0138002237199483,0.003));
#7382=CARTESIAN_POINT('',(-0.0131439910197266,-0.0138532863903757,0.003));
#7383=CARTESIAN_POINT('',(-0.0131825931436676,-0.0139133746027449,0.003));
#7384=CARTESIAN_POINT('',(-0.0132239224149126,-0.0139806284186233,0.003));
#7385=CARTESIAN_POINT('',(-0.0132677056406598,-0.0140551778678056,0.003));
#7386=CARTESIAN_POINT('',(-0.013313666133008,-0.0141371455264326,0.003));
#7387=CARTESIAN_POINT('',(-0.0133615231810185,-0.0142266456194449,0.003));
#7388=CARTESIAN_POINT('',(-0.013410992475976,-0.0143237841410274,0.003));
#7389=CARTESIAN_POINT('',(-0.0134617862761537,-0.0144286586778108,0.003));
#7390=CARTESIAN_POINT('',(-0.0135136136183661,-0.0145413583794133,0.003));
#7391=CARTESIAN_POINT('',(-0.0135661806432762,-0.0146619636813365,0.003));
#7392=CARTESIAN_POINT('',(-0.0136191904098139,-0.0147905469380728,0.003));
#7393=CARTESIAN_POINT('',(-0.0136723447315983,-0.014927169566745,0.003));
#7394=CARTESIAN_POINT('',(-0.013725338167007,-0.0150718927603521,0.003));
#7395=CARTESIAN_POINT('',(-0.0137778824243169,-0.0152247356506316,0.003));
#7396=CARTESIAN_POINT('',(-0.013829613131764,-0.0153858367600486,0.003));
#7397=CARTESIAN_POINT('',(-0.0138791819751135,-0.0155506123889164,0.003));
#7398=CARTESIAN_POINT('',(-0.0139102399961942,-0.0156638493862945,0.003));
#7399=CARTESIAN_POINT('',(-0.0139253062231891,-0.0157189645521074,0.003));
#7400=CARTESIAN_POINT('',(-0.0113872679242648,-0.0148960608625572,0.003));
#7401=CARTESIAN_POINT('',(-0.0113986951215436,-0.0149110830054815,0.003));
#7402=CARTESIAN_POINT('',(-0.0114156834976974,-0.0149334158495207,0.003));
#7403=CARTESIAN_POINT('',(-0.0114231030100669,-0.014942321702492,0.003));
#7404=CARTESIAN_POINT('',(-0.0114360973329039,-0.0149577650777472,0.003));
#7405=CARTESIAN_POINT('',(-0.011453192414664,-0.0149771015444297,0.003));
#7406=CARTESIAN_POINT('',(-0.0114761657171684,-0.0150021463735455,0.003));
#7407=CARTESIAN_POINT('',(-0.0115046996057701,-0.0150319990502462,0.003));
#7408=CARTESIAN_POINT('',(-0.0115391677133093,-0.0150666573650868,0.003));
#7409=CARTESIAN_POINT('',(-0.0115797171859804,-0.0151058276535067,0.003));
#7410=CARTESIAN_POINT('',(-0.0116265562430349,-0.0151492981245987,0.003));
#7411=CARTESIAN_POINT('',(-0.0116798659671909,-0.0151968248596946,0.003));
#7412=CARTESIAN_POINT('',(-0.0117398264545569,-0.0152481661137374,0.003));
#7413=CARTESIAN_POINT('',(-0.0118066088708145,-0.0153030723985235,0.003));
#7414=CARTESIAN_POINT('',(-0.0118803775665129,-0.0153612896077717,0.003));
#7415=CARTESIAN_POINT('',(-0.0119612892731593,-0.0154225583552785,0.003));
#7416=CARTESIAN_POINT('',(-0.0120494931556564,-0.015486614413784,0.003));
#7417=CARTESIAN_POINT('',(-0.0121451306119046,-0.0155531888500521,0.003));
#7418=CARTESIAN_POINT('',(-0.0122483352106124,-0.0156220082292097,0.003));
#7419=CARTESIAN_POINT('',(-0.0123592323667154,-0.0156927948927006,0.003));
#7420=CARTESIAN_POINT('',(-0.0124779399957194,-0.0157652668740281,0.003));
#7421=CARTESIAN_POINT('',(-0.0126045654052274,-0.0158391392657356,0.003));
#7422=CARTESIAN_POINT('',(-0.012739216816448,-0.0159141199593877,0.003));
#7423=CARTESIAN_POINT('',(-0.0128819582243368,-0.015989927205474,0.003));
#7424=CARTESIAN_POINT('',(-0.0130329834462192,-0.0160662227879392,0.003));
#7425=CARTESIAN_POINT('',(-0.0131879761381741,-0.0161409579439259,0.003));
#7426=CARTESIAN_POINT('',(-0.0132949604552954,-0.0161893477583369,0.003));
#7427=CARTESIAN_POINT('',(-0.0133470401847988,-0.0162128504065561,0.003));
#7428=CARTESIAN_POINT('',(-0.0115873359877534,-0.0151127388093157,0.003));
#7429=CARTESIAN_POINT('',(-0.0113448566853944,-0.0153706757320322,0.003));
#7430=CARTESIAN_POINT('',(-0.0111346251754374,-0.0150858417797124,0.003));
#7431=CARTESIAN_POINT('',(4.80331690218899E-15,6.60096126272223E-15,0.003));
#7432=CARTESIAN_POINT('',(-0.0109066997231878,-0.0152514393139866,0.003));
#7433=CARTESIAN_POINT('',(-0.011112627800274,-0.0155393998933036,0.003));
#7434=CARTESIAN_POINT('',(-0.0107923849839182,-0.0156903045212826,0.003));
#7435=CARTESIAN_POINT('',(-0.0106481364423657,-0.0154330713179445,0.003));
#7436=CARTESIAN_POINT('',(-0.0106588921511253,-0.0154485813258351,0.003));
#7437=CARTESIAN_POINT('',(-0.0106748822510378,-0.0154716394600182,0.003));
#7438=CARTESIAN_POINT('',(-0.0106810594651272,-0.0154814478955225,0.003));
#7439=CARTESIAN_POINT('',(-0.0106917315212103,-0.015498578496336,0.003));
#7440=CARTESIAN_POINT('',(-0.0107048389230667,-0.0155208121820564,0.003));
#7441=CARTESIAN_POINT('',(-0.010721558830106,-0.015550400368922,0.003));
#7442=CARTESIAN_POINT('',(-0.0107411329563175,-0.0155867626940401,0.003));
#7443=CARTESIAN_POINT('',(-0.0107634437414969,-0.0156302538206017,0.003));
#7444=CARTESIAN_POINT('',(-0.0107881664233755,-0.0156809229456143,0.003));
#7445=CARTESIAN_POINT('',(-0.0108150352335437,-0.0157389026503639,0.003));
#7446=CARTESIAN_POINT('',(-0.0108437622339252,-0.0158042897797363,0.003));
#7447=CARTESIAN_POINT('',(-0.0108740618585503,-0.0158771809119776,0.003));
#7448=CARTESIAN_POINT('',(-0.0109056439369326,-0.0159576617392302,0.003));
#7449=CARTESIAN_POINT('',(-0.010938216012525,-0.0160458100449955,0.003));
#7450=CARTESIAN_POINT('',(-0.0109714829616888,-0.0161416947350499,0.003));
#7451=CARTESIAN_POINT('',(-0.0110051473948772,-0.0162453760229322,0.003));
#7452=CARTESIAN_POINT('',(-0.0110389098470292,-0.0163569052810966,0.003));
#7453=CARTESIAN_POINT('',(-0.0110724689911261,-0.0164763250449114,0.003));
#7454=CARTESIAN_POINT('',(-0.0111055220028422,-0.0166036687898555,0.003));
#7455=CARTESIAN_POINT('',(-0.0111377642782084,-0.0167389615278,0.003));
#7456=CARTESIAN_POINT('',(-0.0111688916942585,-0.0168822172730938,0.003));
#7457=CARTESIAN_POINT('',(-0.0111985929971688,-0.017033448683752,0.003));
#7458=CARTESIAN_POINT('',(-0.0112265804517029,-0.0171926295572073,0.003));
#7459=CARTESIAN_POINT('',(-0.0112524725024302,-0.0173598397101809,0.003));
#7460=CARTESIAN_POINT('',(-0.0112756544837097,-0.0175303409531199,0.003));
#7461=CARTESIAN_POINT('',(-0.0112886159599055,-0.0176470423600672,0.003));
#7462=CARTESIAN_POINT('',(-0.0112948747851655,-0.0177038358438908,0.003));
#7463=CARTESIAN_POINT('',(-0.00891681444778848,-0.0164940268007455,0.003));
#7464=CARTESIAN_POINT('',(-0.00892575097641433,-0.0165106516036557,0.003));
#7465=CARTESIAN_POINT('',(-0.00893903657095695,-0.0165353670608611,0.003));
#7466=CARTESIAN_POINT('',(-0.00894497155447191,-0.0165453239354523,0.003));
#7467=CARTESIAN_POINT('',(-0.00895539001948554,-0.0165626099370729,0.003));
#7468=CARTESIAN_POINT('',(-0.0089692497426002,-0.0165843825997334,0.003));
#7469=CARTESIAN_POINT('',(-0.00898802233118401,-0.0166127129017308,0.003));
#7470=CARTESIAN_POINT('',(-0.00901153493275809,-0.0166466617260425,0.003));
#7471=CARTESIAN_POINT('',(-0.00904015692575566,-0.0166862853394792,0.003));
#7472=CARTESIAN_POINT('',(-0.00907407958401578,-0.0167313167117142,0.003));
#7473=CARTESIAN_POINT('',(-0.00911354169466259,-0.0167815792320052,0.003));
#7474=CARTESIAN_POINT('',(-0.00915876026827204,-0.0168368603123058,0.003));
#7475=CARTESIAN_POINT('',(-0.00920995100092908,-0.01689694935708,0.003));
#7476=CARTESIAN_POINT('',(-0.00926732197953568,-0.0169616267259501,0.003));
#7477=CARTESIAN_POINT('',(-0.00933107528219298,-0.0170306671511948,0.003));
#7478=CARTESIAN_POINT('',(-0.00940140628772544,-0.0171038389582948,0.003));
#7479=CARTESIAN_POINT('',(-0.00947850365881815,-0.0171809045075981,0.003));
#7480=CARTESIAN_POINT('',(-0.00956254912295564,-0.0172616202963878,0.003));
#7481=CARTESIAN_POINT('',(-0.0096537173790323,-0.0173457371509773,0.003));
#7482=CARTESIAN_POINT('',(-0.00975217573328518,-0.0174330004504663,0.003));
#7483=CARTESIAN_POINT('',(-0.00985808475876273,-0.0175231501458828,0.003));
#7484=CARTESIAN_POINT('',(-0.00997159501127888,-0.017615921624061,0.003));
#7485=CARTESIAN_POINT('',(-0.0100928590754863,-0.0177110433024321,0.003));
#7486=CARTESIAN_POINT('',(-0.0102219842337906,-0.0178082469113063,0.003));
#7487=CARTESIAN_POINT('',(-0.0103592148259517,-0.017907228718339,0.003));
#7488=CARTESIAN_POINT('',(-0.0105006081465266,-0.0180052899593907,0.003));
#7489=CARTESIAN_POINT('',(-0.010598705474443,-0.0180698200493046,0.003));
#7490=CARTESIAN_POINT('',(-0.0106464673918537,-0.0181011804055481,0.003));
#7491=CARTESIAN_POINT('',(-0.00908052344273442,-0.0167393346229064,0.003));
#7492=CARTESIAN_POINT('',(-0.00880067923843953,-0.0169561637941347,0.003));
#7493=CARTESIAN_POINT('',(-0.0086375938741858,-0.016641949166628,0.003));
#7494=CARTESIAN_POINT('',(3.71156225659039E-15,7.27109678592354E-15,0.003));
#7495=CARTESIAN_POINT('',(-0.00838656940078777,-0.0167698525242701,0.003));
#7496=CARTESIAN_POINT('',(-0.00854491520234884,-0.0170864820795883,0.003));
#7497=CARTESIAN_POINT('',(-0.00820500842172487,-0.0171854318075255,0.003));
#7498=CARTESIAN_POINT('',(-0.00810277595764043,-0.016908800128344,0.003));
#7499=CARTESIAN_POINT('',(-0.00811097294598999,-0.0169258017458459,0.003));
#7500=CARTESIAN_POINT('',(-0.00812315909435276,-0.0169510773988602,0.003));
#7501=CARTESIAN_POINT('',(-0.00812772587932522,-0.0169617314054288,0.003));
#7502=CARTESIAN_POINT('',(-0.00813558672831457,-0.0169803205775038,0.003));
#7503=CARTESIAN_POINT('',(-0.0081450546415721,-0.0170043309790559,0.003));
#7504=CARTESIAN_POINT('',(-0.00815694008662677,-0.0170361704559556,0.003));
#7505=CARTESIAN_POINT('',(-0.00817058490198576,-0.0170751471684742,0.003));
#7506=CARTESIAN_POINT('',(-0.00818581749325935,-0.0171215930228426,0.003));
#7507=CARTESIAN_POINT('',(-0.00820230940043366,-0.0171755058063597,0.003));
#7508=CARTESIAN_POINT('',(-0.00821977738686672,-0.017236974892677,0.003));
#7509=CARTESIAN_POINT('',(-0.00823792190959998,-0.01730605089092,0.003));
#7510=CARTESIAN_POINT('',(-0.00825644581028821,-0.0173827845179367,0.003));
#7511=CARTESIAN_POINT('',(-0.00827504908572092,-0.0174672150181921,0.003));
#7512=CARTESIAN_POINT('',(-0.00829343071195589,-0.0175593734672603,0.003));
#7513=CARTESIAN_POINT('',(-0.00831128841957804,-0.0176592817550645,0.003));
#7514=CARTESIAN_POINT('',(-0.0083283190609264,-0.0177669528318404,0.003));
#7515=CARTESIAN_POINT('',(-0.00834421882142957,-0.0178823905909055,0.003));
#7516=CARTESIAN_POINT('',(-0.00835868342990679,-0.018005589906016,0.003));
#7517=CARTESIAN_POINT('',(-0.0083714085535838,-0.0181365364683508,0.003));
#7518=CARTESIAN_POINT('',(-0.00838208942595309,-0.0182752073312843,0.003));
#7519=CARTESIAN_POINT('',(-0.00839042347597959,-0.0184215687613122,0.003));
#7520=CARTESIAN_POINT('',(-0.00839610130174104,-0.0185755845697829,0.003));
#7521=CARTESIAN_POINT('',(-0.00839884280948371,-0.0187371838650182,0.003));
#7522=CARTESIAN_POINT('',(-0.00839825865527135,-0.0189063857926437,0.003));
#7523=CARTESIAN_POINT('',(-0.00839448295716519,-0.0190784143431916,0.003));
#7524=CARTESIAN_POINT('',(-0.00838902873391543,-0.0191957065837593,0.003));
#7525=CARTESIAN_POINT('',(-0.00838632604439088,-0.0192527799415349,0.003));
#7526=CARTESIAN_POINT('',(-0.00622679940639711,-0.0176858550585628,0.003));
#7527=CARTESIAN_POINT('',(-0.00623302521937659,-0.0177036731636369,0.003));
#7528=CARTESIAN_POINT('',(-0.00624228089687806,-0.0177301626574261,0.003));
#7529=CARTESIAN_POINT('',(-0.00624658521254727,-0.0177409253823398,0.003));
#7530=CARTESIAN_POINT('',(-0.00625417128255192,-0.0177596283715969,0.003));
#7531=CARTESIAN_POINT('',(-0.00626445437464033,-0.0177833011150215,0.003));
#7532=CARTESIAN_POINT('',(-0.00627856400586998,-0.0178142193038423,0.003));
#7533=CARTESIAN_POINT('',(-0.0062964763621318,-0.0178514283430409,0.003));
#7534=CARTESIAN_POINT('',(-0.00631854747212918,-0.0178950415902074,0.003));
#7535=CARTESIAN_POINT('',(-0.00634500802754908,-0.0179448252244227,0.003));
#7536=CARTESIAN_POINT('',(-0.0063761215036569,-0.0180006421638515,0.003));
#7537=CARTESIAN_POINT('',(-0.00641213549536562,-0.0180623163856923,0.003));
#7538=CARTESIAN_POINT('',(-0.00645329598758348,-0.0181296736294916,0.003));
#7539=CARTESIAN_POINT('',(-0.00649984286464237,-0.018202529510972,0.003));
#7540=CARTESIAN_POINT('',(-0.0065520109563621,-0.0182806931478116,0.003));
#7541=CARTESIAN_POINT('',(-0.00661002947800913,-0.0183639662817709,0.003));
#7542=CARTESIAN_POINT('',(-0.00667412194454965,-0.0184521437122821,0.003));
#7543=CARTESIAN_POINT('',(-0.00674450593831853,-0.0185450133629931,0.003));
#7544=CARTESIAN_POINT('',(-0.00682139298672927,-0.0186423564568867,0.003));
#7545=CARTESIAN_POINT('',(-0.00690498816768581,-0.0187439476803302,0.003));
#7546=CARTESIAN_POINT('',(-0.00699549075793776,-0.0188495553051447,0.003));
#7547=CARTESIAN_POINT('',(-0.00709309085432617,-0.0189589415281101,0.003));
#7548=CARTESIAN_POINT('',(-0.00719798164780735,-0.0190718619797879,0.003));
#7549=CARTESIAN_POINT('',(-0.00731031106658772,-0.0191880684759994,0.003));
#7550=CARTESIAN_POINT('',(-0.00743036795640639,-0.0193072992470083,0.003));
#7551=CARTESIAN_POINT('',(-0.00755468033279109,-0.0194262719799239,0.003));
#7552=CARTESIAN_POINT('',(-0.00764147518972305,-0.0195053534003639,0.003));
#7553=CARTESIAN_POINT('',(-0.00768374323812158,-0.0195437992685819,0.003));
#7554=CARTESIAN_POINT('',(-0.00635011827402583,-0.0179537524634145,0.003));
#7555=CARTESIAN_POINT('',(-0.00603979986085444,-0.0181241348293441,0.003));
#7556=CARTESIAN_POINT('',(-0.00592787634522114,-0.0177882765335984,0.003));
#7557=CARTESIAN_POINT('',(2.52841663026562E-15,7.76219377486869E-15,0.003));
#7558=CARTESIAN_POINT('',(-0.00565993390631226,-0.0178753363094566,0.003));
#7559=CARTESIAN_POINT('',(-0.00576679843319419,-0.0182128383702908,0.003));
#7560=CARTESIAN_POINT('',(-0.00541559732132695,-0.0182573967274888,0.003));
#7561=CARTESIAN_POINT('',(-0.00535789823726638,-0.0179681781624932,0.003));
#7562=CARTESIAN_POINT('',(-0.0053633346681485,-0.0179862527533586,0.003));
#7563=CARTESIAN_POINT('',(-0.00537141680154534,-0.0180131235547417,0.003));
#7564=CARTESIAN_POINT('',(-0.00537426070799855,-0.0180243607953742,0.003));
#7565=CARTESIAN_POINT('',(-0.00537911678970341,-0.0180439508116005,0.003));
#7566=CARTESIAN_POINT('',(-0.00538471208291543,-0.018069146713212,0.003));
#7567=CARTESIAN_POINT('',(-0.00539147040688275,-0.0181024534865554,0.003));
#7568=CARTESIAN_POINT('',(-0.00539884993075053,-0.018143084850456,0.003));
#7569=CARTESIAN_POINT('',(-0.00540662925116703,-0.0181913417815517,0.003));
#7570=CARTESIAN_POINT('',(-0.00541448429814895,-0.0182471707119169,0.003));
#7571=CARTESIAN_POINT('',(-0.00542212134104801,-0.0183106156068925,0.003));
#7572=CARTESIAN_POINT('',(-0.00542923660776506,-0.0183816795936792,0.003));
#7573=CARTESIAN_POINT('',(-0.00543552866460422,-0.0184603662789098,0.003));
#7574=CARTESIAN_POINT('',(-0.00544069506270543,-0.0185466674930431,0.003));
#7575=CARTESIAN_POINT('',(-0.00544443362293998,-0.0186405668385417,0.003));
#7576=CARTESIAN_POINT('',(-0.0054464423729924,-0.0187420386504734,0.003));
#7577=CARTESIAN_POINT('',(-0.00544641987158928,-0.0188510482968929,0.003));
#7578=CARTESIAN_POINT('',(-0.00544406543557173,-0.0189675520961145,0.003));
#7579=CARTESIAN_POINT('',(-0.00543907934176331,-0.0190914973865076,0.003));
#7580=CARTESIAN_POINT('',(-0.00543116324262403,-0.0192228224272817,0.003));
#7581=CARTESIAN_POINT('',(-0.00542001971347089,-0.0193614568783367,0.003));
#7582=CARTESIAN_POINT('',(-0.00540535518550307,-0.0195073200889456,0.003));
#7583=CARTESIAN_POINT('',(-0.00538686972720174,-0.0196603279148749,0.003));
#7584=CARTESIAN_POINT('',(-0.00536429778313381,-0.0198203665209244,0.003));
#7585=CARTESIAN_POINT('',(-0.00533725180779728,-0.0199873939101946,0.003));
#7586=CARTESIAN_POINT('',(-0.0053066114005236,-0.0201567138545069,0.003));
#7587=CARTESIAN_POINT('',(-0.00528287577890624,-0.0202717088044615,0.003));
#7588=CARTESIAN_POINT('',(-0.0052712781237829,-0.0203276567007052,0.003));
#7589=CARTESIAN_POINT('',(-0.00338345989805781,-0.0184421988688506,0.003));
#7590=CARTESIAN_POINT('',(-0.00338682169521308,-0.0184607715352066,0.003));
#7591=CARTESIAN_POINT('',(-0.00339181955017549,-0.018488382806329,0.003));
#7592=CARTESIAN_POINT('',(-0.00339438721146196,-0.0184996863675583,0.003));
#7593=CARTESIAN_POINT('',(-0.0033989540922374,-0.0185193458147849,0.003));
#7594=CARTESIAN_POINT('',(-0.00340540734944473,-0.018544335737465,0.003));
#7595=CARTESIAN_POINT('',(-0.00341450659737216,-0.018577080504689,0.003));
#7596=CARTESIAN_POINT('',(-0.00342637764666285,-0.0186166335487396,0.003));
#7597=CARTESIAN_POINT('',(-0.00344135440968208,-0.0186631625267468,0.003));
#7598=CARTESIAN_POINT('',(-0.00345970131556978,-0.0187164725846454,0.003));
#7599=CARTESIAN_POINT('',(-0.00348170004009713,-0.0187764695449174,0.003));
#7600=CARTESIAN_POINT('',(-0.00350762266590567,-0.0188430182842718,0.003));
#7601=CARTESIAN_POINT('',(-0.00353773940976209,-0.0189159851682079,0.003));
#7602=CARTESIAN_POINT('',(-0.00357231604667986,-0.0189952256087018,0.003));
#7603=CARTESIAN_POINT('',(-0.00361161437590792,-0.0190805878089872,0.003));
#7604=CARTESIAN_POINT('',(-0.00365589180511412,-0.0191719118088798,0.003));
#7605=CARTESIAN_POINT('',(-0.00370540119786552,-0.0192690298996158,0.003));
#7606=CARTESIAN_POINT('',(-0.00376039063374813,-0.0193717666532308,0.003));
#7607=CARTESIAN_POINT('',(-0.00382110326018758,-0.0194799390763937,0.003));
#7608=CARTESIAN_POINT('',(-0.00388777687705614,-0.0195933567107084,0.003));
#7609=CARTESIAN_POINT('',(-0.00396064455794961,-0.0197118218547065,0.003));
#7610=CARTESIAN_POINT('',(-0.00403993125992104,-0.0198351293706176,0.003));
#7611=CARTESIAN_POINT('',(-0.00412586602322785,-0.0199630681193203,0.003));
#7612=CARTESIAN_POINT('',(-0.00421863377939402,-0.020095416113265,0.003));
#7613=CARTESIAN_POINT('',(-0.0043185607677969,-0.020231959990964,0.003));
#7614=CARTESIAN_POINT('',(-0.00442273121671573,-0.020368914712211,0.003));
#7615=CARTESIAN_POINT('',(-0.00449608642522991,-0.0204606002161496,0.003));
#7616=CARTESIAN_POINT('',(-0.00453181982498516,-0.0205051849314721,0.003));
#7617=CARTESIAN_POINT('',(-0.00346335211857644,-0.0187260893331853,0.003));
#7618=CARTESIAN_POINT('',(-0.00313020056574859,-0.0188458295145003,0.003));
#7619=CARTESIAN_POINT('',(-0.00307219482714348,-0.0184965974964065,0.003));
#7620=CARTESIAN_POINT('',(1.28301299517E-15,8.06215979183239E-15,0.003));
#7621=CARTESIAN_POINT('',(-0.00279393205481966,-0.0185406699898642,0.003));
#7622=CARTESIAN_POINT('',(-0.0028466839477076,-0.0188907341353715,0.003));
#7623=CARTESIAN_POINT('',(-0.00249283624154091,-0.0188798039471956,0.003));
#7624=CARTESIAN_POINT('',(-0.00248109128044607,-0.0185851200173174,0.003));
#7625=CARTESIAN_POINT('',(-0.00248363329088994,-0.018603822525133,0.003));
#7626=CARTESIAN_POINT('',(-0.00248741240037356,-0.0186316268265759,0.003));
#7627=CARTESIAN_POINT('',(-0.00248846340189225,-0.0186431706031138,0.003));
#7628=CARTESIAN_POINT('',(-0.00249019514346464,-0.0186632790922762,0.003));
#7629=CARTESIAN_POINT('',(-0.00249178004194257,-0.018689040087229,0.003));
#7630=CARTESIAN_POINT('',(-0.00249324483245686,-0.0187229940337175,0.003));
#7631=CARTESIAN_POINT('',(-0.00249417735646458,-0.018764279569973,0.003));
#7632=CARTESIAN_POINT('',(-0.00249431185333725,-0.018813159331997,0.003));
#7633=CARTESIAN_POINT('',(-0.00249333662280069,-0.018869529715659,0.003));
#7634=CARTESIAN_POINT('',(-0.00249095467282366,-0.0189333881954172,0.003));
#7635=CARTESIAN_POINT('',(-0.00248686548204371,-0.0190046903395451,0.003));
#7636=CARTESIAN_POINT('',(-0.00248077076371228,-0.0190833925556531,0.003));
#7637=CARTESIAN_POINT('',(-0.00247237307061446,-0.0191694394613549,0.003));
#7638=CARTESIAN_POINT('',(-0.00246137650908804,-0.0192627675897636,0.003));
#7639=CARTESIAN_POINT('',(-0.00244748683947777,-0.0193633043530475,0.003));
#7640=CARTESIAN_POINT('',(-0.00243041174938241,-0.0194709683898335,0.003));
#7641=CARTESIAN_POINT('',(-0.0024098610908728,-0.0195856695190209,0.003));
#7642=CARTESIAN_POINT('',(-0.00238554706895622,-0.0197073088402962,0.003));
#7643=CARTESIAN_POINT('',(-0.00235718466763347,-0.0198357787011629,0.003));
#7644=CARTESIAN_POINT('',(-0.00232449112762891,-0.0199709631000529,0.003));
#7645=CARTESIAN_POINT('',(-0.0022871891110141,-0.0201127364549055,0.003));
#7646=CARTESIAN_POINT('',(-0.0022449955419831,-0.0202609687378152,0.003));
#7647=CARTESIAN_POINT('',(-0.0021976659422795,-0.0204155059730603,0.003));
#7648=CARTESIAN_POINT('',(-0.00214482410749202,-0.0205762460553192,0.003));
#7649=CARTESIAN_POINT('',(-0.0020880734595676,-0.0207386881744262,0.003));
#7650=CARTESIAN_POINT('',(-0.00204664088936087,-0.0208485542764536,0.003));
#7651=CARTESIAN_POINT('',(-0.00202643384139829,-0.0209019990882795,0.003));
#7652=CARTESIAN_POINT('',(-0.000456808377968714,-0.0187444345368383,0.003));
#7653=CARTESIAN_POINT('',(-0.000457223380696648,-0.0187633044437915,0.003));
#7654=CARTESIAN_POINT('',(-0.000457840349343898,-0.0187913576111155,0.003));
#7655=CARTESIAN_POINT('',(-0.000458608131905175,-0.0188029236774687,0.003));
#7656=CARTESIAN_POINT('',(-0.000460043371690097,-0.0188230555018279,0.003));
#7657=CARTESIAN_POINT('',(-0.00046250789340677,-0.0188487472689304,0.003));
#7658=CARTESIAN_POINT('',(-0.000466372704349328,-0.0188825123297148,0.003));
#7659=CARTESIAN_POINT('',(-0.000471910142037608,-0.0189234354514039,0.003));
#7660=CARTESIAN_POINT('',(-0.000479423780468133,-0.0189717344623924,0.003));
#7661=CARTESIAN_POINT('',(-0.000489205275110776,-0.0190272582734229,0.003));
#7662=CARTESIAN_POINT('',(-0.000501547566450211,-0.0190899579302578,0.003));
#7663=CARTESIAN_POINT('',(-0.000516740525278909,-0.0191597425363002,0.003));
#7664=CARTESIAN_POINT('',(-0.000535071946588405,-0.0192365223735273,0.003));
#7665=CARTESIAN_POINT('',(-0.000556826951810844,-0.019320196210406,0.003));
#7666=CARTESIAN_POINT('',(-0.000582287863257959,-0.0194106550734652,0.003));
#7667=CARTESIAN_POINT('',(-0.000611733942767931,-0.0195077812393268,0.003));
#7668=CARTESIAN_POINT('',(-0.00064544117616842,-0.0196114486205771,0.003));
#7669=CARTESIAN_POINT('',(-0.000683682031753849,-0.0197215227572585,0.003));
#7670=CARTESIAN_POINT('',(-0.000726725289865407,-0.0198378609456285,0.003));
#7671=CARTESIAN_POINT('',(-0.000774835616921635,-0.0199603122722462,0.003));
#7672=CARTESIAN_POINT('',(-0.000828274144319062,-0.0200887179304194,0.003));
#7673=CARTESIAN_POINT('',(-0.000887295150133501,-0.0202229104990002,0.003));
#7674=CARTESIAN_POINT('',(-0.000952157884192208,-0.0203627172681305,0.003));
#7675=CARTESIAN_POINT('',(-0.00102307972770884,-0.0205079479129597,0.003));
#7676=CARTESIAN_POINT('',(-0.00110041628060279,-0.0206584427339165,0.003));
#7677=CARTESIAN_POINT('',(-0.00118187977988147,-0.0208100071637312,0.003));
#7678=CARTESIAN_POINT('',(-0.00123998909129226,-0.0209120391497748,0.003));
#7679=CARTESIAN_POINT('',(-0.00126830796750989,-0.0209616648885424,0.003));
#7680=CARTESIAN_POINT('',(-0.000491306739761018,-0.0190373277352455,0.003));
#7681=CARTESIAN_POINT('',(-0.000143525344173938,-0.0191034773312872,0.003));
#7682=CARTESIAN_POINT('',(-0.000140865676391478,-0.0187494708421655,0.003));
#7683=CARTESIAN_POINT('',(6.01732205729605E-18,8.16360867794685E-15,0.003));
#7684=CARTESIAN_POINT('',(0.000140865676391479,-0.0187494708421655,0.003));
#7685=CARTESIAN_POINT('',(0.000143525344173938,-0.0191034773312873,0.003));
#7686=CARTESIAN_POINT('',(0.00049130673976102,-0.0190373277352456,0.003));
#7687=CARTESIAN_POINT('',(0.000456808377968707,-0.0187444345368383,0.003));
#7688=CARTESIAN_POINT('',(0.000457223380696641,-0.0187633044437915,0.003));
#7689=CARTESIAN_POINT('',(0.000457840349343891,-0.0187913576111155,0.003));
#7690=CARTESIAN_POINT('',(0.000458608131905168,-0.0188029236774687,0.003));
#7691=CARTESIAN_POINT('',(0.00046004337169009,-0.0188230555018279,0.003));
#7692=CARTESIAN_POINT('',(0.000462507893406763,-0.0188487472689304,0.003));
#7693=CARTESIAN_POINT('',(0.000466372704349321,-0.0188825123297148,0.003));
#7694=CARTESIAN_POINT('',(0.000471910142037601,-0.0189234354514039,0.003));
#7695=CARTESIAN_POINT('',(0.000479423780468126,-0.0189717344623924,0.003));
#7696=CARTESIAN_POINT('',(0.000489205275110769,-0.0190272582734229,0.003));
#7697=CARTESIAN_POINT('',(0.000501547566450204,-0.0190899579302578,0.003));
#7698=CARTESIAN_POINT('',(0.000516740525278902,-0.0191597425363002,0.003));
#7699=CARTESIAN_POINT('',(0.000535071946588398,-0.0192365223735273,0.003));
#7700=CARTESIAN_POINT('',(0.000556826951810837,-0.019320196210406,0.003));
#7701=CARTESIAN_POINT('',(0.000582287863257951,-0.0194106550734652,0.003));
#7702=CARTESIAN_POINT('',(0.000611733942767924,-0.0195077812393268,0.003));
#7703=CARTESIAN_POINT('',(0.000645441176168413,-0.0196114486205771,0.003));
#7704=CARTESIAN_POINT('',(0.000683682031753841,-0.0197215227572585,0.003));
#7705=CARTESIAN_POINT('',(0.000726725289865399,-0.0198378609456285,0.003));
#7706=CARTESIAN_POINT('',(0.000774835616921627,-0.0199603122722462,0.003));
#7707=CARTESIAN_POINT('',(0.000828274144319054,-0.0200887179304194,0.003));
#7708=CARTESIAN_POINT('',(0.000887295150133494,-0.0202229104990002,0.003));
#7709=CARTESIAN_POINT('',(0.000952157884192201,-0.0203627172681305,0.003));
#7710=CARTESIAN_POINT('',(0.00102307972770883,-0.0205079479129597,0.003));
#7711=CARTESIAN_POINT('',(0.00110041628060278,-0.0206584427339165,0.003));
#7712=CARTESIAN_POINT('',(0.00118187977988146,-0.0208100071637312,0.003));
#7713=CARTESIAN_POINT('',(0.00123998909129225,-0.0209120391497748,0.003));
#7714=CARTESIAN_POINT('',(0.00126830796750988,-0.0209616648885424,0.003));
#7715=CARTESIAN_POINT('',(0.00248109128044606,-0.0185851200173174,0.003));
#7716=CARTESIAN_POINT('',(0.00248363329088994,-0.018603822525133,0.003));
#7717=CARTESIAN_POINT('',(0.00248741240037355,-0.0186316268265759,0.003));
#7718=CARTESIAN_POINT('',(0.00248846340189224,-0.0186431706031138,0.003));
#7719=CARTESIAN_POINT('',(0.00249019514346463,-0.0186632790922762,0.003));
#7720=CARTESIAN_POINT('',(0.00249178004194256,-0.018689040087229,0.003));
#7721=CARTESIAN_POINT('',(0.00249324483245685,-0.0187229940337175,0.003));
#7722=CARTESIAN_POINT('',(0.00249417735646457,-0.018764279569973,0.003));
#7723=CARTESIAN_POINT('',(0.00249431185333724,-0.018813159331997,0.003));
#7724=CARTESIAN_POINT('',(0.00249333662280068,-0.018869529715659,0.003));
#7725=CARTESIAN_POINT('',(0.00249095467282365,-0.0189333881954172,0.003));
#7726=CARTESIAN_POINT('',(0.0024868654820437,-0.0190046903395451,0.003));
#7727=CARTESIAN_POINT('',(0.00248077076371227,-0.0190833925556531,0.003));
#7728=CARTESIAN_POINT('',(0.00247237307061445,-0.0191694394613549,0.003));
#7729=CARTESIAN_POINT('',(0.00246137650908803,-0.0192627675897636,0.003));
#7730=CARTESIAN_POINT('',(0.00244748683947777,-0.0193633043530475,0.003));
#7731=CARTESIAN_POINT('',(0.0024304117493824,-0.0194709683898335,0.003));
#7732=CARTESIAN_POINT('',(0.00240986109087279,-0.0195856695190209,0.003));
#7733=CARTESIAN_POINT('',(0.00238554706895621,-0.0197073088402962,0.003));
#7734=CARTESIAN_POINT('',(0.00235718466763346,-0.019835778701163,0.003));
#7735=CARTESIAN_POINT('',(0.0023244911276289,-0.0199709631000529,0.003));
#7736=CARTESIAN_POINT('',(0.00228718911101409,-0.0201127364549055,0.003));
#7737=CARTESIAN_POINT('',(0.0022449955419831,-0.0202609687378152,0.003));
#7738=CARTESIAN_POINT('',(0.0021976659422795,-0.0204155059730603,0.003));
#7739=CARTESIAN_POINT('',(0.00214482410749202,-0.0205762460553192,0.003));
#7740=CARTESIAN_POINT('',(0.00208807345956759,-0.0207386881744262,0.003));
#7741=CARTESIAN_POINT('',(0.00204664088936087,-0.0208485542764536,0.003));
#7742=CARTESIAN_POINT('',(0.00202643384139829,-0.0209019990882795,0.003));
#7743=CARTESIAN_POINT('',(0.00249283624154091,-0.0188798039471956,0.003));
#7744=CARTESIAN_POINT('',(0.00284668394770759,-0.0188907341353714,0.003));
#7745=CARTESIAN_POINT('',(0.00279393205481966,-0.0185406699898642,0.003));
#7746=CARTESIAN_POINT('',(-1.2711265174948E-15,8.0640424249464E-15,0.003));
#7747=CARTESIAN_POINT('',(0.00307219482714348,-0.0184965974964065,0.003));
#7748=CARTESIAN_POINT('',(0.0031302005657486,-0.0188458295145004,0.003));
#7749=CARTESIAN_POINT('',(0.00346335211857645,-0.0187260893331853,0.003));
#7750=CARTESIAN_POINT('',(0.0033834598980578,-0.0184421988688506,0.003));
#7751=CARTESIAN_POINT('',(0.00338682169521308,-0.0184607715352067,0.003));
#7752=CARTESIAN_POINT('',(0.00339181955017548,-0.018488382806329,0.003));
#7753=CARTESIAN_POINT('',(0.00339438721146196,-0.0184996863675584,0.003));
#7754=CARTESIAN_POINT('',(0.00339895409223739,-0.0185193458147849,0.003));
#7755=CARTESIAN_POINT('',(0.00340540734944472,-0.018544335737465,0.003));
#7756=CARTESIAN_POINT('',(0.00341450659737215,-0.018577080504689,0.003));
#7757=CARTESIAN_POINT('',(0.00342637764666285,-0.0186166335487397,0.003));
#7758=CARTESIAN_POINT('',(0.00344135440968207,-0.0186631625267468,0.003));
#7759=CARTESIAN_POINT('',(0.00345970131556977,-0.0187164725846454,0.003));
#7760=CARTESIAN_POINT('',(0.00348170004009712,-0.0187764695449174,0.003));
#7761=CARTESIAN_POINT('',(0.00350762266590566,-0.0188430182842718,0.003));
#7762=CARTESIAN_POINT('',(0.00353773940976208,-0.0189159851682079,0.003));
#7763=CARTESIAN_POINT('',(0.00357231604667985,-0.0189952256087018,0.003));
#7764=CARTESIAN_POINT('',(0.0036116143759079,-0.0190805878089872,0.003));
#7765=CARTESIAN_POINT('',(0.00365589180511411,-0.0191719118088798,0.003));
#7766=CARTESIAN_POINT('',(0.00370540119786552,-0.0192690298996158,0.003));
#7767=CARTESIAN_POINT('',(0.00376039063374812,-0.0193717666532308,0.003));
#7768=CARTESIAN_POINT('',(0.00382110326018757,-0.0194799390763937,0.003));
#7769=CARTESIAN_POINT('',(0.00388777687705613,-0.0195933567107084,0.003));
#7770=CARTESIAN_POINT('',(0.0039606445579496,-0.0197118218547065,0.003));
#7771=CARTESIAN_POINT('',(0.00403993125992103,-0.0198351293706176,0.003));
#7772=CARTESIAN_POINT('',(0.00412586602322784,-0.0199630681193203,0.003));
#7773=CARTESIAN_POINT('',(0.00421863377939402,-0.020095416113265,0.003));
#7774=CARTESIAN_POINT('',(0.0043185607677969,-0.020231959990964,0.003));
#7775=CARTESIAN_POINT('',(0.00442273121671573,-0.020368914712211,0.003));
#7776=CARTESIAN_POINT('',(0.0044960864252299,-0.0204606002161496,0.003));
#7777=CARTESIAN_POINT('',(0.00453181982498515,-0.0205051849314721,0.003));
#7778=CARTESIAN_POINT('',(0.00535789823726638,-0.0179681781624932,0.003));
#7779=CARTESIAN_POINT('',(0.00536333466814849,-0.0179862527533586,0.003));
#7780=CARTESIAN_POINT('',(0.00537141680154533,-0.0180131235547417,0.003));
#7781=CARTESIAN_POINT('',(0.00537426070799854,-0.0180243607953742,0.003));
#7782=CARTESIAN_POINT('',(0.0053791167897034,-0.0180439508116005,0.003));
#7783=CARTESIAN_POINT('',(0.00538471208291543,-0.018069146713212,0.003));
#7784=CARTESIAN_POINT('',(0.00539147040688274,-0.0181024534865554,0.003));
#7785=CARTESIAN_POINT('',(0.00539884993075053,-0.018143084850456,0.003));
#7786=CARTESIAN_POINT('',(0.00540662925116703,-0.0181913417815517,0.003));
#7787=CARTESIAN_POINT('',(0.00541448429814895,-0.0182471707119169,0.003));
#7788=CARTESIAN_POINT('',(0.005422121341048,-0.0183106156068925,0.003));
#7789=CARTESIAN_POINT('',(0.00542923660776505,-0.0183816795936792,0.003));
#7790=CARTESIAN_POINT('',(0.00543552866460421,-0.0184603662789098,0.003));
#7791=CARTESIAN_POINT('',(0.00544069506270543,-0.0185466674930431,0.003));
#7792=CARTESIAN_POINT('',(0.00544443362293998,-0.0186405668385417,0.003));
#7793=CARTESIAN_POINT('',(0.00544644237299239,-0.0187420386504734,0.003));
#7794=CARTESIAN_POINT('',(0.00544641987158928,-0.0188510482968929,0.003));
#7795=CARTESIAN_POINT('',(0.00544406543557172,-0.0189675520961145,0.003));
#7796=CARTESIAN_POINT('',(0.00543907934176331,-0.0190914973865076,0.003));
#7797=CARTESIAN_POINT('',(0.00543116324262402,-0.0192228224272817,0.003));
#7798=CARTESIAN_POINT('',(0.00542001971347089,-0.0193614568783367,0.003));
#7799=CARTESIAN_POINT('',(0.00540535518550306,-0.0195073200889456,0.003));
#7800=CARTESIAN_POINT('',(0.00538686972720174,-0.0196603279148749,0.003));
#7801=CARTESIAN_POINT('',(0.0053642977831338,-0.0198203665209244,0.003));
#7802=CARTESIAN_POINT('',(0.00533725180779727,-0.0199873939101946,0.003));
#7803=CARTESIAN_POINT('',(0.00530661140052359,-0.0201567138545069,0.003));
#7804=CARTESIAN_POINT('',(0.00528287577890624,-0.0202717088044615,0.003));
#7805=CARTESIAN_POINT('',(0.00527127812378289,-0.0203276567007053,0.003));
#7806=CARTESIAN_POINT('',(0.00541559732132694,-0.0182573967274888,0.003));
#7807=CARTESIAN_POINT('',(0.00576679843319418,-0.0182128383702907,0.003));
#7808=CARTESIAN_POINT('',(0.00565993390631226,-0.0178753363094566,0.003));
#7809=CARTESIAN_POINT('',(-2.51697100355914E-15,7.76591268442135E-15,0.003));
#7810=CARTESIAN_POINT('',(0.00592787634522114,-0.0177882765335984,0.003));
#7811=CARTESIAN_POINT('',(0.00603979986085445,-0.0181241348293442,0.003));
#7812=CARTESIAN_POINT('',(0.00635011827402585,-0.0179537524634146,0.003));
#7813=CARTESIAN_POINT('',(0.0062267994063971,-0.0176858550585628,0.003));
#7814=CARTESIAN_POINT('',(0.00623302521937658,-0.0177036731636369,0.003));
#7815=CARTESIAN_POINT('',(0.00624228089687805,-0.0177301626574261,0.003));
#7816=CARTESIAN_POINT('',(0.00624658521254726,-0.0177409253823398,0.003));
#7817=CARTESIAN_POINT('',(0.00625417128255191,-0.0177596283715969,0.003));
#7818=CARTESIAN_POINT('',(0.00626445437464033,-0.0177833011150215,0.003));
#7819=CARTESIAN_POINT('',(0.00627856400586998,-0.0178142193038423,0.003));
#7820=CARTESIAN_POINT('',(0.0062964763621318,-0.0178514283430409,0.003));
#7821=CARTESIAN_POINT('',(0.00631854747212917,-0.0178950415902074,0.003));
#7822=CARTESIAN_POINT('',(0.00634500802754907,-0.0179448252244227,0.003));
#7823=CARTESIAN_POINT('',(0.00637612150365689,-0.0180006421638515,0.003));
#7824=CARTESIAN_POINT('',(0.00641213549536562,-0.0180623163856924,0.003));
#7825=CARTESIAN_POINT('',(0.00645329598758347,-0.0181296736294916,0.003));
#7826=CARTESIAN_POINT('',(0.00649984286464236,-0.018202529510972,0.003));
#7827=CARTESIAN_POINT('',(0.0065520109563621,-0.0182806931478117,0.003));
#7828=CARTESIAN_POINT('',(0.00661002947800912,-0.0183639662817709,0.003));
#7829=CARTESIAN_POINT('',(0.00667412194454964,-0.0184521437122821,0.003));
#7830=CARTESIAN_POINT('',(0.00674450593831853,-0.0185450133629931,0.003));
#7831=CARTESIAN_POINT('',(0.00682139298672926,-0.0186423564568867,0.003));
#7832=CARTESIAN_POINT('',(0.00690498816768581,-0.0187439476803302,0.003));
#7833=CARTESIAN_POINT('',(0.00699549075793775,-0.0188495553051447,0.003));
#7834=CARTESIAN_POINT('',(0.00709309085432616,-0.0189589415281101,0.003));
#7835=CARTESIAN_POINT('',(0.00719798164780734,-0.0190718619797879,0.003));
#7836=CARTESIAN_POINT('',(0.00731031106658772,-0.0191880684759994,0.003));
#7837=CARTESIAN_POINT('',(0.00743036795640638,-0.0193072992470083,0.003));
#7838=CARTESIAN_POINT('',(0.00755468033279108,-0.0194262719799239,0.003));
#7839=CARTESIAN_POINT('',(0.00764147518972304,-0.0195053534003639,0.003));
#7840=CARTESIAN_POINT('',(0.00768374323812158,-0.0195437992685819,0.003));
#7841=CARTESIAN_POINT('',(0.00810277595764043,-0.016908800128344,0.003));
#7842=CARTESIAN_POINT('',(0.00811097294598998,-0.0169258017458459,0.003));
#7843=CARTESIAN_POINT('',(0.00812315909435276,-0.0169510773988602,0.003));
#7844=CARTESIAN_POINT('',(0.00812772587932521,-0.0169617314054288,0.003));
#7845=CARTESIAN_POINT('',(0.00813558672831456,-0.0169803205775039,0.003));
#7846=CARTESIAN_POINT('',(0.0081450546415721,-0.0170043309790559,0.003));
#7847=CARTESIAN_POINT('',(0.00815694008662676,-0.0170361704559556,0.003));
#7848=CARTESIAN_POINT('',(0.00817058490198576,-0.0170751471684742,0.003));
#7849=CARTESIAN_POINT('',(0.00818581749325934,-0.0171215930228426,0.003));
#7850=CARTESIAN_POINT('',(0.00820230940043365,-0.0171755058063597,0.003));
#7851=CARTESIAN_POINT('',(0.00821977738686672,-0.017236974892677,0.003));
#7852=CARTESIAN_POINT('',(0.00823792190959997,-0.01730605089092,0.003));
#7853=CARTESIAN_POINT('',(0.00825644581028821,-0.0173827845179367,0.003));
#7854=CARTESIAN_POINT('',(0.00827504908572092,-0.0174672150181921,0.003));
#7855=CARTESIAN_POINT('',(0.00829343071195589,-0.0175593734672603,0.003));
#7856=CARTESIAN_POINT('',(0.00831128841957804,-0.0176592817550645,0.003));
#7857=CARTESIAN_POINT('',(0.0083283190609264,-0.0177669528318404,0.003));
#7858=CARTESIAN_POINT('',(0.00834421882142956,-0.0178823905909055,0.003));
#7859=CARTESIAN_POINT('',(0.00835868342990678,-0.018005589906016,0.003));
#7860=CARTESIAN_POINT('',(0.00837140855358379,-0.0181365364683508,0.003));
#7861=CARTESIAN_POINT('',(0.00838208942595308,-0.0182752073312843,0.003));
#7862=CARTESIAN_POINT('',(0.00839042347597959,-0.0184215687613122,0.003));
#7863=CARTESIAN_POINT('',(0.00839610130174104,-0.0185755845697829,0.003));
#7864=CARTESIAN_POINT('',(0.00839884280948371,-0.0187371838650182,0.003));
#7865=CARTESIAN_POINT('',(0.00839825865527135,-0.0189063857926437,0.003));
#7866=CARTESIAN_POINT('',(0.00839448295716518,-0.0190784143431916,0.003));
#7867=CARTESIAN_POINT('',(0.00838902873391543,-0.0191957065837593,0.003));
#7868=CARTESIAN_POINT('',(0.00838632604439087,-0.019252779941535,0.003));
#7869=CARTESIAN_POINT('',(0.00820500842172485,-0.0171854318075254,0.003));
#7870=CARTESIAN_POINT('',(0.00854491520234881,-0.0170864820795883,0.003));
#7871=CARTESIAN_POINT('',(0.00838656940078777,-0.0167698525242701,0.003));
#7872=CARTESIAN_POINT('',(-3.700839310168E-15,7.27656040001931E-15,0.003));
#7873=CARTESIAN_POINT('',(0.0086375938741858,-0.016641949166628,0.003));
#7874=CARTESIAN_POINT('',(0.00880067923843956,-0.0169561637941347,0.003));
#7875=CARTESIAN_POINT('',(0.00908052344273444,-0.0167393346229064,0.003));
#7876=CARTESIAN_POINT('',(0.00891681444778848,-0.0164940268007455,0.003));
#7877=CARTESIAN_POINT('',(0.00892575097641433,-0.0165106516036557,0.003));
#7878=CARTESIAN_POINT('',(0.00893903657095694,-0.0165353670608611,0.003));
#7879=CARTESIAN_POINT('',(0.0089449715544719,-0.0165453239354523,0.003));
#7880=CARTESIAN_POINT('',(0.00895539001948554,-0.0165626099370729,0.003));
#7881=CARTESIAN_POINT('',(0.00896924974260019,-0.0165843825997334,0.003));
#7882=CARTESIAN_POINT('',(0.00898802233118401,-0.0166127129017308,0.003));
#7883=CARTESIAN_POINT('',(0.00901153493275808,-0.0166466617260425,0.003));
#7884=CARTESIAN_POINT('',(0.00904015692575565,-0.0166862853394792,0.003));
#7885=CARTESIAN_POINT('',(0.00907407958401578,-0.0167313167117142,0.003));
#7886=CARTESIAN_POINT('',(0.00911354169466259,-0.0167815792320053,0.003));
#7887=CARTESIAN_POINT('',(0.00915876026827203,-0.0168368603123058,0.003));
#7888=CARTESIAN_POINT('',(0.00920995100092908,-0.0168969493570801,0.003));
#7889=CARTESIAN_POINT('',(0.00926732197953568,-0.0169616267259501,0.003));
#7890=CARTESIAN_POINT('',(0.00933107528219297,-0.0170306671511948,0.003));
#7891=CARTESIAN_POINT('',(0.00940140628772543,-0.0171038389582948,0.003));
#7892=CARTESIAN_POINT('',(0.00947850365881814,-0.0171809045075981,0.003));
#7893=CARTESIAN_POINT('',(0.00956254912295563,-0.0172616202963878,0.003));
#7894=CARTESIAN_POINT('',(0.0096537173790323,-0.0173457371509773,0.003));
#7895=CARTESIAN_POINT('',(0.00975217573328518,-0.0174330004504663,0.003));
#7896=CARTESIAN_POINT('',(0.00985808475876272,-0.0175231501458828,0.003));
#7897=CARTESIAN_POINT('',(0.00997159501127887,-0.017615921624061,0.003));
#7898=CARTESIAN_POINT('',(0.0100928590754863,-0.0177110433024321,0.003));
#7899=CARTESIAN_POINT('',(0.0102219842337906,-0.0178082469113063,0.003));
#7900=CARTESIAN_POINT('',(0.0103592148259517,-0.017907228718339,0.003));
#7901=CARTESIAN_POINT('',(0.0105006081465266,-0.0180052899593907,0.003));
#7902=CARTESIAN_POINT('',(0.010598705474443,-0.0180698200493046,0.003));
#7903=CARTESIAN_POINT('',(0.0106464673918537,-0.0181011804055481,0.003));
#7904=CARTESIAN_POINT('',(0.0106481364423657,-0.0154330713179445,0.003));
#7905=CARTESIAN_POINT('',(0.0106588921511253,-0.0154485813258351,0.003));
#7906=CARTESIAN_POINT('',(0.0106748822510378,-0.0154716394600182,0.003));
#7907=CARTESIAN_POINT('',(0.0106810594651272,-0.0154814478955225,0.003));
#7908=CARTESIAN_POINT('',(0.0106917315212103,-0.015498578496336,0.003));
#7909=CARTESIAN_POINT('',(0.0107048389230667,-0.0155208121820564,0.003));
#7910=CARTESIAN_POINT('',(0.0107215588301059,-0.015550400368922,0.003));
#7911=CARTESIAN_POINT('',(0.0107411329563175,-0.0155867626940401,0.003));
#7912=CARTESIAN_POINT('',(0.0107634437414969,-0.0156302538206017,0.003));
#7913=CARTESIAN_POINT('',(0.0107881664233755,-0.0156809229456143,0.003));
#7914=CARTESIAN_POINT('',(0.0108150352335436,-0.0157389026503639,0.003));
#7915=CARTESIAN_POINT('',(0.0108437622339252,-0.0158042897797363,0.003));
#7916=CARTESIAN_POINT('',(0.0108740618585503,-0.0158771809119776,0.003));
#7917=CARTESIAN_POINT('',(0.0109056439369326,-0.0159576617392302,0.003));
#7918=CARTESIAN_POINT('',(0.0109382160125249,-0.0160458100449955,0.003));
#7919=CARTESIAN_POINT('',(0.0109714829616888,-0.0161416947350499,0.003));
#7920=CARTESIAN_POINT('',(0.0110051473948772,-0.0162453760229322,0.003));
#7921=CARTESIAN_POINT('',(0.0110389098470292,-0.0163569052810966,0.003));
#7922=CARTESIAN_POINT('',(0.0110724689911261,-0.0164763250449114,0.003));
#7923=CARTESIAN_POINT('',(0.0111055220028422,-0.0166036687898555,0.003));
#7924=CARTESIAN_POINT('',(0.0111377642782084,-0.0167389615278,0.003));
#7925=CARTESIAN_POINT('',(0.0111688916942585,-0.0168822172730938,0.003));
#7926=CARTESIAN_POINT('',(0.0111985929971688,-0.017033448683752,0.003));
#7927=CARTESIAN_POINT('',(0.0112265804517029,-0.0171926295572073,0.003));
#7928=CARTESIAN_POINT('',(0.0112524725024301,-0.0173598397101809,0.003));
#7929=CARTESIAN_POINT('',(0.0112756544837097,-0.0175303409531199,0.003));
#7930=CARTESIAN_POINT('',(0.0112886159599055,-0.0176470423600672,0.003));
#7931=CARTESIAN_POINT('',(0.0112948747851655,-0.0177038358438908,0.003));
#7932=CARTESIAN_POINT('',(0.0107923849839181,-0.0156903045212826,0.003));
#7933=CARTESIAN_POINT('',(0.0111126278002739,-0.0155393998933035,0.003));
#7934=CARTESIAN_POINT('',(0.0109066997231878,-0.0152514393139866,0.003));
#7935=CARTESIAN_POINT('',(-4.79358067057903E-15,6.60803504904938E-15,0.003));
#7936=CARTESIAN_POINT('',(0.0111346251754374,-0.0150858417797124,0.003));
#7937=CARTESIAN_POINT('',(0.0113448566853944,-0.0153706757320323,0.003));
#7938=CARTESIAN_POINT('',(0.0115873359877534,-0.0151127388093158,0.003));
#7939=CARTESIAN_POINT('',(0.0113872679242648,-0.0148960608625573,0.003));
#7940=CARTESIAN_POINT('',(0.0113986951215436,-0.0149110830054815,0.003));
#7941=CARTESIAN_POINT('',(0.0114156834976974,-0.0149334158495207,0.003));
#7942=CARTESIAN_POINT('',(0.0114231030100669,-0.014942321702492,0.003));
#7943=CARTESIAN_POINT('',(0.0114360973329039,-0.0149577650777472,0.003));
#7944=CARTESIAN_POINT('',(0.011453192414664,-0.0149771015444297,0.003));
#7945=CARTESIAN_POINT('',(0.0114761657171684,-0.0150021463735455,0.003));
#7946=CARTESIAN_POINT('',(0.0115046996057701,-0.0150319990502462,0.003));
#7947=CARTESIAN_POINT('',(0.0115391677133093,-0.0150666573650868,0.003));
#7948=CARTESIAN_POINT('',(0.0115797171859804,-0.0151058276535067,0.003));
#7949=CARTESIAN_POINT('',(0.0116265562430349,-0.0151492981245987,0.003));
#7950=CARTESIAN_POINT('',(0.0116798659671909,-0.0151968248596946,0.003));
#7951=CARTESIAN_POINT('',(0.0117398264545569,-0.0152481661137374,0.003));
#7952=CARTESIAN_POINT('',(0.0118066088708145,-0.0153030723985235,0.003));
#7953=CARTESIAN_POINT('',(0.0118803775665129,-0.0153612896077717,0.003));
#7954=CARTESIAN_POINT('',(0.0119612892731593,-0.0154225583552785,0.003));
#7955=CARTESIAN_POINT('',(0.0120494931556564,-0.015486614413784,0.003));
#7956=CARTESIAN_POINT('',(0.0121451306119045,-0.0155531888500521,0.003));
#7957=CARTESIAN_POINT('',(0.0122483352106124,-0.0156220082292097,0.003));
#7958=CARTESIAN_POINT('',(0.0123592323667154,-0.0156927948927006,0.003));
#7959=CARTESIAN_POINT('',(0.0124779399957194,-0.0157652668740281,0.003));
#7960=CARTESIAN_POINT('',(0.0126045654052274,-0.0158391392657356,0.003));
#7961=CARTESIAN_POINT('',(0.012739216816448,-0.0159141199593877,0.003));
#7962=CARTESIAN_POINT('',(0.0128819582243368,-0.015989927205474,0.003));
#7963=CARTESIAN_POINT('',(0.0130329834462192,-0.0160662227879392,0.003));
#7964=CARTESIAN_POINT('',(0.0131879761381741,-0.0161409579439259,0.003));
#7965=CARTESIAN_POINT('',(0.0132949604552954,-0.0161893477583369,0.003));
#7966=CARTESIAN_POINT('',(0.0133470401847988,-0.0162128504065561,0.003));
#7967=CARTESIAN_POINT('',(0.0129313044687412,-0.0135773290722702,0.003));
#7968=CARTESIAN_POINT('',(0.012944354056665,-0.0135909655626803,0.003));
#7969=CARTESIAN_POINT('',(0.0129637543787993,-0.0136112384102431,0.003));
#7970=CARTESIAN_POINT('',(0.0129713899184937,-0.0136199597584486,0.003));
#7971=CARTESIAN_POINT('',(0.0129846104002312,-0.0136352099757552,0.003));
#7972=CARTESIAN_POINT('',(0.0130010345429519,-0.0136551194785124,0.003));
#7973=CARTESIAN_POINT('',(0.0130221772123742,-0.0136817278159857,0.003));
#7974=CARTESIAN_POINT('',(0.0130471986694881,-0.0137145803925791,0.003));
#7975=CARTESIAN_POINT('',(0.0130760382829971,-0.0137540458954593,0.003));
#7976=CARTESIAN_POINT('',(0.0131083829851021,-0.0138002237199483,0.003));
#7977=CARTESIAN_POINT('',(0.0131439910197266,-0.0138532863903757,0.003));
#7978=CARTESIAN_POINT('',(0.0131825931436676,-0.0139133746027449,0.003));
#7979=CARTESIAN_POINT('',(0.0132239224149126,-0.0139806284186233,0.003));
#7980=CARTESIAN_POINT('',(0.0132677056406598,-0.0140551778678056,0.003));
#7981=CARTESIAN_POINT('',(0.013313666133008,-0.0141371455264326,0.003));
#7982=CARTESIAN_POINT('',(0.0133615231810185,-0.0142266456194449,0.003));
#7983=CARTESIAN_POINT('',(0.013410992475976,-0.0143237841410274,0.003));
#7984=CARTESIAN_POINT('',(0.0134617862761537,-0.0144286586778108,0.003));
#7985=CARTESIAN_POINT('',(0.0135136136183661,-0.0145413583794133,0.003));
#7986=CARTESIAN_POINT('',(0.0135661806432762,-0.0146619636813365,0.003));
#7987=CARTESIAN_POINT('',(0.0136191904098139,-0.0147905469380728,0.003));
#7988=CARTESIAN_POINT('',(0.0136723447315983,-0.014927169566745,0.003));
#7989=CARTESIAN_POINT('',(0.013725338167007,-0.0150718927603521,0.003));
#7990=CARTESIAN_POINT('',(0.0137778824243169,-0.0152247356506316,0.003));
#7991=CARTESIAN_POINT('',(0.013829613131764,-0.0153858367600486,0.003));
#7992=CARTESIAN_POINT('',(0.0138791819751135,-0.0155506123889164,0.003));
#7993=CARTESIAN_POINT('',(0.0139102399961942,-0.0156638493862945,0.003));
#7994=CARTESIAN_POINT('',(0.0139253062231891,-0.0157189645521074,0.003));
#7995=CARTESIAN_POINT('',(0.0131140172099351,-0.0138088298645905,0.003));
#7996=CARTESIAN_POINT('',(0.0134067106210591,-0.0136096861093342,0.003));
#7997=CARTESIAN_POINT('',(0.0131582709011418,-0.0133574850511675,0.003));
#7998=CARTESIAN_POINT('',(-5.76828816589827E-15,5.77679794436086E-15,0.003));
#7999=CARTESIAN_POINT('',(0.0133574850511675,-0.0131582709011418,0.003));
#8000=CARTESIAN_POINT('',(0.0136096861093342,-0.0134067106210592,0.003));
#8001=CARTESIAN_POINT('',(0.0138088298645905,-0.0131140172099352,0.003));
#8002=CARTESIAN_POINT('',(0.0135773290722702,-0.0129313044687412,0.003));
#8003=CARTESIAN_POINT('',(0.0135909655626803,-0.012944354056665,0.003));
#8004=CARTESIAN_POINT('',(0.0136112384102431,-0.0129637543787993,0.003));
#8005=CARTESIAN_POINT('',(0.0136199597584486,-0.0129713899184938,0.003));
#8006=CARTESIAN_POINT('',(0.0136352099757552,-0.0129846104002312,0.003));
#8007=CARTESIAN_POINT('',(0.0136551194785123,-0.0130010345429519,0.003));
#8008=CARTESIAN_POINT('',(0.0136817278159857,-0.0130221772123742,0.003));
#8009=CARTESIAN_POINT('',(0.0137145803925791,-0.0130471986694881,0.003));
#8010=CARTESIAN_POINT('',(0.0137540458954593,-0.0130760382829971,0.003));
#8011=CARTESIAN_POINT('',(0.0138002237199483,-0.0131083829851022,0.003));
#8012=CARTESIAN_POINT('',(0.0138532863903757,-0.0131439910197266,0.003));
#8013=CARTESIAN_POINT('',(0.0139133746027449,-0.0131825931436676,0.003));
#8014=CARTESIAN_POINT('',(0.0139806284186233,-0.0132239224149126,0.003));
#8015=CARTESIAN_POINT('',(0.0140551778678056,-0.0132677056406598,0.003));
#8016=CARTESIAN_POINT('',(0.0141371455264326,-0.013313666133008,0.003));
#8017=CARTESIAN_POINT('',(0.0142266456194449,-0.0133615231810185,0.003));
#8018=CARTESIAN_POINT('',(0.0143237841410274,-0.013410992475976,0.003));
#8019=CARTESIAN_POINT('',(0.0144286586778108,-0.0134617862761537,0.003));
#8020=CARTESIAN_POINT('',(0.0145413583794133,-0.0135136136183661,0.003));
#8021=CARTESIAN_POINT('',(0.0146619636813365,-0.0135661806432762,0.003));
#8022=CARTESIAN_POINT('',(0.0147905469380728,-0.0136191904098139,0.003));
#8023=CARTESIAN_POINT('',(0.014927169566745,-0.0136723447315983,0.003));
#8024=CARTESIAN_POINT('',(0.0150718927603521,-0.013725338167007,0.003));
#8025=CARTESIAN_POINT('',(0.0152247356506316,-0.0137778824243169,0.003));
#8026=CARTESIAN_POINT('',(0.0153858367600486,-0.013829613131764,0.003));
#8027=CARTESIAN_POINT('',(0.0155506123889164,-0.0138791819751135,0.003));
#8028=CARTESIAN_POINT('',(0.0156638493862945,-0.0139102399961942,0.003));
#8029=CARTESIAN_POINT('',(0.0157189645521074,-0.0139253062231891,0.003));
#8030=CARTESIAN_POINT('',(0.0148960608625572,-0.0113872679242648,0.003));
#8031=CARTESIAN_POINT('',(0.0149110830054815,-0.0113986951215436,0.003));
#8032=CARTESIAN_POINT('',(0.0149334158495207,-0.0114156834976974,0.003));
#8033=CARTESIAN_POINT('',(0.014942321702492,-0.0114231030100669,0.003));
#8034=CARTESIAN_POINT('',(0.0149577650777472,-0.0114360973329039,0.003));
#8035=CARTESIAN_POINT('',(0.0149771015444297,-0.011453192414664,0.003));
#8036=CARTESIAN_POINT('',(0.0150021463735455,-0.0114761657171684,0.003));
#8037=CARTESIAN_POINT('',(0.0150319990502462,-0.0115046996057701,0.003));
#8038=CARTESIAN_POINT('',(0.0150666573650868,-0.0115391677133093,0.003));
#8039=CARTESIAN_POINT('',(0.0151058276535067,-0.0115797171859804,0.003));
#8040=CARTESIAN_POINT('',(0.0151492981245987,-0.0116265562430349,0.003));
#8041=CARTESIAN_POINT('',(0.0151968248596946,-0.0116798659671909,0.003));
#8042=CARTESIAN_POINT('',(0.0152481661137374,-0.0117398264545569,0.003));
#8043=CARTESIAN_POINT('',(0.0153030723985235,-0.0118066088708145,0.003));
#8044=CARTESIAN_POINT('',(0.0153612896077717,-0.0118803775665129,0.003));
#8045=CARTESIAN_POINT('',(0.0154225583552785,-0.0119612892731593,0.003));
#8046=CARTESIAN_POINT('',(0.015486614413784,-0.0120494931556564,0.003));
#8047=CARTESIAN_POINT('',(0.0155531888500521,-0.0121451306119046,0.003));
#8048=CARTESIAN_POINT('',(0.0156220082292097,-0.0122483352106124,0.003));
#8049=CARTESIAN_POINT('',(0.0156927948927006,-0.0123592323667154,0.003));
#8050=CARTESIAN_POINT('',(0.0157652668740281,-0.0124779399957194,0.003));
#8051=CARTESIAN_POINT('',(0.0158391392657356,-0.0126045654052274,0.003));
#8052=CARTESIAN_POINT('',(0.0159141199593877,-0.012739216816448,0.003));
#8053=CARTESIAN_POINT('',(0.015989927205474,-0.0128819582243368,0.003));
#8054=CARTESIAN_POINT('',(0.0160662227879392,-0.0130329834462192,0.003));
#8055=CARTESIAN_POINT('',(0.0161409579439259,-0.0131879761381741,0.003));
#8056=CARTESIAN_POINT('',(0.0161893477583369,-0.0132949604552954,0.003));
#8057=CARTESIAN_POINT('',(0.0162128504065561,-0.0133470401847988,0.003));
#8058=CARTESIAN_POINT('',(0.0151127388093157,-0.0115873359877534,0.003));
#8059=CARTESIAN_POINT('',(0.0153706757320322,-0.0113448566853944,0.003));
#8060=CARTESIAN_POINT('',(0.0150858417797124,-0.0111346251754375,0.003));
#8061=CARTESIAN_POINT('',(-6.60096126272223E-15,4.803316902189E-15,0.003));
#8062=CARTESIAN_POINT('',(0.0152514393139866,-0.0109066997231878,0.003));
#8063=CARTESIAN_POINT('',(0.0155393998933036,-0.011112627800274,0.003));
#8064=CARTESIAN_POINT('',(0.0156903045212826,-0.0107923849839182,0.003));
#8065=CARTESIAN_POINT('',(0.0154330713179445,-0.0106481364423657,0.003));
#8066=CARTESIAN_POINT('',(0.0154485813258351,-0.0106588921511253,0.003));
#8067=CARTESIAN_POINT('',(0.0154716394600182,-0.0106748822510378,0.003));
#8068=CARTESIAN_POINT('',(0.0154814478955225,-0.0106810594651272,0.003));
#8069=CARTESIAN_POINT('',(0.015498578496336,-0.0106917315212103,0.003));
#8070=CARTESIAN_POINT('',(0.0155208121820564,-0.0107048389230667,0.003));
#8071=CARTESIAN_POINT('',(0.015550400368922,-0.010721558830106,0.003));
#8072=CARTESIAN_POINT('',(0.0155867626940401,-0.0107411329563175,0.003));
#8073=CARTESIAN_POINT('',(0.0156302538206017,-0.0107634437414969,0.003));
#8074=CARTESIAN_POINT('',(0.0156809229456143,-0.0107881664233755,0.003));
#8075=CARTESIAN_POINT('',(0.0157389026503639,-0.0108150352335437,0.003));
#8076=CARTESIAN_POINT('',(0.0158042897797363,-0.0108437622339252,0.003));
#8077=CARTESIAN_POINT('',(0.0158771809119776,-0.0108740618585503,0.003));
#8078=CARTESIAN_POINT('',(0.0159576617392302,-0.0109056439369326,0.003));
#8079=CARTESIAN_POINT('',(0.0160458100449955,-0.010938216012525,0.003));
#8080=CARTESIAN_POINT('',(0.0161416947350499,-0.0109714829616888,0.003));
#8081=CARTESIAN_POINT('',(0.0162453760229322,-0.0110051473948772,0.003));
#8082=CARTESIAN_POINT('',(0.0163569052810966,-0.0110389098470292,0.003));
#8083=CARTESIAN_POINT('',(0.0164763250449114,-0.0110724689911261,0.003));
#8084=CARTESIAN_POINT('',(0.0166036687898555,-0.0111055220028422,0.003));
#8085=CARTESIAN_POINT('',(0.0167389615278,-0.0111377642782084,0.003));
#8086=CARTESIAN_POINT('',(0.0168822172730938,-0.0111688916942585,0.003));
#8087=CARTESIAN_POINT('',(0.017033448683752,-0.0111985929971688,0.003));
#8088=CARTESIAN_POINT('',(0.0171926295572073,-0.0112265804517029,0.003));
#8089=CARTESIAN_POINT('',(0.0173598397101809,-0.0112524725024302,0.003));
#8090=CARTESIAN_POINT('',(0.0175303409531199,-0.0112756544837097,0.003));
#8091=CARTESIAN_POINT('',(0.0176470423600672,-0.0112886159599055,0.003));
#8092=CARTESIAN_POINT('',(0.0177038358438908,-0.0112948747851655,0.003));
#8093=CARTESIAN_POINT('',(0.0164940268007455,-0.00891681444778849,0.003));
#8094=CARTESIAN_POINT('',(0.0165106516036557,-0.00892575097641433,0.003));
#8095=CARTESIAN_POINT('',(0.0165353670608611,-0.00893903657095695,0.003));
#8096=CARTESIAN_POINT('',(0.0165453239354523,-0.00894497155447191,0.003));
#8097=CARTESIAN_POINT('',(0.0165626099370729,-0.00895539001948554,0.003));
#8098=CARTESIAN_POINT('',(0.0165843825997334,-0.0089692497426002,0.003));
#8099=CARTESIAN_POINT('',(0.0166127129017308,-0.00898802233118401,0.003));
#8100=CARTESIAN_POINT('',(0.0166466617260425,-0.00901153493275809,0.003));
#8101=CARTESIAN_POINT('',(0.0166862853394792,-0.00904015692575566,0.003));
#8102=CARTESIAN_POINT('',(0.0167313167117142,-0.00907407958401578,0.003));
#8103=CARTESIAN_POINT('',(0.0167815792320052,-0.00911354169466259,0.003));
#8104=CARTESIAN_POINT('',(0.0168368603123058,-0.00915876026827204,0.003));
#8105=CARTESIAN_POINT('',(0.01689694935708,-0.00920995100092908,0.003));
#8106=CARTESIAN_POINT('',(0.0169616267259501,-0.00926732197953568,0.003));
#8107=CARTESIAN_POINT('',(0.0170306671511948,-0.00933107528219298,0.003));
#8108=CARTESIAN_POINT('',(0.0171038389582948,-0.00940140628772544,0.003));
#8109=CARTESIAN_POINT('',(0.0171809045075981,-0.00947850365881815,0.003));
#8110=CARTESIAN_POINT('',(0.0172616202963878,-0.00956254912295564,0.003));
#8111=CARTESIAN_POINT('',(0.0173457371509773,-0.0096537173790323,0.003));
#8112=CARTESIAN_POINT('',(0.0174330004504663,-0.00975217573328518,0.003));
#8113=CARTESIAN_POINT('',(0.0175231501458828,-0.00985808475876273,0.003));
#8114=CARTESIAN_POINT('',(0.017615921624061,-0.00997159501127888,0.003));
#8115=CARTESIAN_POINT('',(0.0177110433024321,-0.0100928590754863,0.003));
#8116=CARTESIAN_POINT('',(0.0178082469113063,-0.0102219842337906,0.003));
#8117=CARTESIAN_POINT('',(0.017907228718339,-0.0103592148259517,0.003));
#8118=CARTESIAN_POINT('',(0.0180052899593907,-0.0105006081465266,0.003));
#8119=CARTESIAN_POINT('',(0.0180698200493046,-0.010598705474443,0.003));
#8120=CARTESIAN_POINT('',(0.0181011804055481,-0.0106464673918537,0.003));
#8121=CARTESIAN_POINT('',(0.0167393346229064,-0.00908052344273442,0.003));
#8122=CARTESIAN_POINT('',(0.0169561637941347,-0.00880067923843953,0.003));
#8123=CARTESIAN_POINT('',(0.016641949166628,-0.0086375938741858,0.003));
#8124=CARTESIAN_POINT('',(-7.27109678592354E-15,3.71156225659039E-15,0.003));
#8125=CARTESIAN_POINT('',(0.0167698525242701,-0.00838656940078777,0.003));
#8126=CARTESIAN_POINT('',(0.0170864820795883,-0.00854491520234884,0.003));
#8127=CARTESIAN_POINT('',(0.0171854318075255,-0.00820500842172487,0.003));
#8128=CARTESIAN_POINT('',(0.016908800128344,-0.00810277595764043,0.003));
#8129=CARTESIAN_POINT('',(0.0169258017458459,-0.00811097294598999,0.003));
#8130=CARTESIAN_POINT('',(0.0169510773988602,-0.00812315909435277,0.003));
#8131=CARTESIAN_POINT('',(0.0169617314054288,-0.00812772587932522,0.003));
#8132=CARTESIAN_POINT('',(0.0169803205775038,-0.00813558672831457,0.003));
#8133=CARTESIAN_POINT('',(0.0170043309790559,-0.0081450546415721,0.003));
#8134=CARTESIAN_POINT('',(0.0170361704559556,-0.00815694008662677,0.003));
#8135=CARTESIAN_POINT('',(0.0170751471684742,-0.00817058490198576,0.003));
#8136=CARTESIAN_POINT('',(0.0171215930228426,-0.00818581749325935,0.003));
#8137=CARTESIAN_POINT('',(0.0171755058063597,-0.00820230940043366,0.003));
#8138=CARTESIAN_POINT('',(0.017236974892677,-0.00821977738686673,0.003));
#8139=CARTESIAN_POINT('',(0.01730605089092,-0.00823792190959998,0.003));
#8140=CARTESIAN_POINT('',(0.0173827845179367,-0.00825644581028821,0.003));
#8141=CARTESIAN_POINT('',(0.0174672150181921,-0.00827504908572092,0.003));
#8142=CARTESIAN_POINT('',(0.0175593734672603,-0.0082934307119559,0.003));
#8143=CARTESIAN_POINT('',(0.0176592817550645,-0.00831128841957804,0.003));
#8144=CARTESIAN_POINT('',(0.0177669528318404,-0.0083283190609264,0.003));
#8145=CARTESIAN_POINT('',(0.0178823905909055,-0.00834421882142957,0.003));
#8146=CARTESIAN_POINT('',(0.018005589906016,-0.00835868342990679,0.003));
#8147=CARTESIAN_POINT('',(0.0181365364683508,-0.0083714085535838,0.003));
#8148=CARTESIAN_POINT('',(0.0182752073312843,-0.00838208942595309,0.003));
#8149=CARTESIAN_POINT('',(0.0184215687613122,-0.00839042347597959,0.003));
#8150=CARTESIAN_POINT('',(0.0185755845697829,-0.00839610130174104,0.003));
#8151=CARTESIAN_POINT('',(0.0187371838650182,-0.00839884280948372,0.003));
#8152=CARTESIAN_POINT('',(0.0189063857926437,-0.00839825865527135,0.003));
#8153=CARTESIAN_POINT('',(0.0190784143431916,-0.00839448295716519,0.003));
#8154=CARTESIAN_POINT('',(0.0191957065837593,-0.00838902873391544,0.003));
#8155=CARTESIAN_POINT('',(0.0192527799415349,-0.00838632604439088,0.003));
#8156=CARTESIAN_POINT('',(0.0176858550585628,-0.00622679940639711,0.003));
#8157=CARTESIAN_POINT('',(0.0177036731636369,-0.00623302521937659,0.003));
#8158=CARTESIAN_POINT('',(0.0177301626574261,-0.00624228089687806,0.003));
#8159=CARTESIAN_POINT('',(0.0177409253823398,-0.00624658521254727,0.003));
#8160=CARTESIAN_POINT('',(0.0177596283715969,-0.00625417128255192,0.003));
#8161=CARTESIAN_POINT('',(0.0177833011150215,-0.00626445437464033,0.003));
#8162=CARTESIAN_POINT('',(0.0178142193038423,-0.00627856400586998,0.003));
#8163=CARTESIAN_POINT('',(0.0178514283430409,-0.0062964763621318,0.003));
#8164=CARTESIAN_POINT('',(0.0178950415902074,-0.00631854747212918,0.003));
#8165=CARTESIAN_POINT('',(0.0179448252244227,-0.00634500802754908,0.003));
#8166=CARTESIAN_POINT('',(0.0180006421638515,-0.0063761215036569,0.003));
#8167=CARTESIAN_POINT('',(0.0180623163856923,-0.00641213549536563,0.003));
#8168=CARTESIAN_POINT('',(0.0181296736294916,-0.00645329598758348,0.003));
#8169=CARTESIAN_POINT('',(0.018202529510972,-0.00649984286464237,0.003));
#8170=CARTESIAN_POINT('',(0.0182806931478116,-0.0065520109563621,0.003));
#8171=CARTESIAN_POINT('',(0.0183639662817709,-0.00661002947800913,0.003));
#8172=CARTESIAN_POINT('',(0.0184521437122821,-0.00667412194454965,0.003));
#8173=CARTESIAN_POINT('',(0.0185450133629931,-0.00674450593831854,0.003));
#8174=CARTESIAN_POINT('',(0.0186423564568867,-0.00682139298672927,0.003));
#8175=CARTESIAN_POINT('',(0.0187439476803302,-0.00690498816768581,0.003));
#8176=CARTESIAN_POINT('',(0.0188495553051447,-0.00699549075793776,0.003));
#8177=CARTESIAN_POINT('',(0.0189589415281101,-0.00709309085432617,0.003));
#8178=CARTESIAN_POINT('',(0.0190718619797879,-0.00719798164780735,0.003));
#8179=CARTESIAN_POINT('',(0.0191880684759994,-0.00731031106658772,0.003));
#8180=CARTESIAN_POINT('',(0.0193072992470083,-0.00743036795640639,0.003));
#8181=CARTESIAN_POINT('',(0.0194262719799239,-0.00755468033279109,0.003));
#8182=CARTESIAN_POINT('',(0.0195053534003639,-0.00764147518972305,0.003));
#8183=CARTESIAN_POINT('',(0.0195437992685819,-0.00768374323812158,0.003));
#8184=CARTESIAN_POINT('',(0.0179537524634145,-0.00635011827402583,0.003));
#8185=CARTESIAN_POINT('',(0.0181241348293441,-0.00603979986085444,0.003));
#8186=CARTESIAN_POINT('',(0.0177882765335984,-0.00592787634522114,0.003));
#8187=CARTESIAN_POINT('',(-7.76219377486869E-15,2.52841663026562E-15,0.003));
#8188=CARTESIAN_POINT('',(0.0178753363094566,-0.00565993390631226,0.003));
#8189=CARTESIAN_POINT('',(0.0182128383702908,-0.0057667984331942,0.003));
#8190=CARTESIAN_POINT('',(0.0182573967274888,-0.00541559732132695,0.003));
#8191=CARTESIAN_POINT('',(0.0179681781624932,-0.00535789823726638,0.003));
#8192=CARTESIAN_POINT('',(0.0179862527533586,-0.0053633346681485,0.003));
#8193=CARTESIAN_POINT('',(0.0180131235547417,-0.00537141680154534,0.003));
#8194=CARTESIAN_POINT('',(0.0180243607953742,-0.00537426070799855,0.003));
#8195=CARTESIAN_POINT('',(0.0180439508116005,-0.00537911678970341,0.003));
#8196=CARTESIAN_POINT('',(0.018069146713212,-0.00538471208291544,0.003));
#8197=CARTESIAN_POINT('',(0.0181024534865554,-0.00539147040688275,0.003));
#8198=CARTESIAN_POINT('',(0.018143084850456,-0.00539884993075054,0.003));
#8199=CARTESIAN_POINT('',(0.0181913417815517,-0.00540662925116704,0.003));
#8200=CARTESIAN_POINT('',(0.0182471707119169,-0.00541448429814896,0.003));
#8201=CARTESIAN_POINT('',(0.0183106156068925,-0.00542212134104801,0.003));
#8202=CARTESIAN_POINT('',(0.0183816795936792,-0.00542923660776506,0.003));
#8203=CARTESIAN_POINT('',(0.0184603662789098,-0.00543552866460422,0.003));
#8204=CARTESIAN_POINT('',(0.0185466674930431,-0.00544069506270544,0.003));
#8205=CARTESIAN_POINT('',(0.0186405668385417,-0.00544443362293999,0.003));
#8206=CARTESIAN_POINT('',(0.0187420386504734,-0.0054464423729924,0.003));
#8207=CARTESIAN_POINT('',(0.0188510482968929,-0.00544641987158929,0.003));
#8208=CARTESIAN_POINT('',(0.0189675520961145,-0.00544406543557173,0.003));
#8209=CARTESIAN_POINT('',(0.0190914973865076,-0.00543907934176332,0.003));
#8210=CARTESIAN_POINT('',(0.0192228224272817,-0.00543116324262403,0.003));
#8211=CARTESIAN_POINT('',(0.0193614568783367,-0.00542001971347089,0.003));
#8212=CARTESIAN_POINT('',(0.0195073200889456,-0.00540535518550307,0.003));
#8213=CARTESIAN_POINT('',(0.0196603279148749,-0.00538686972720174,0.003));
#8214=CARTESIAN_POINT('',(0.0198203665209244,-0.00536429778313381,0.003));
#8215=CARTESIAN_POINT('',(0.0199873939101946,-0.00533725180779728,0.003));
#8216=CARTESIAN_POINT('',(0.0201567138545069,-0.0053066114005236,0.003));
#8217=CARTESIAN_POINT('',(0.0202717088044615,-0.00528287577890624,0.003));
#8218=CARTESIAN_POINT('',(0.0203276567007052,-0.0052712781237829,0.003));
#8219=CARTESIAN_POINT('',(0.0184421988688506,-0.00338345989805781,0.003));
#8220=CARTESIAN_POINT('',(0.0184607715352066,-0.00338682169521308,0.003));
#8221=CARTESIAN_POINT('',(0.018488382806329,-0.00339181955017549,0.003));
#8222=CARTESIAN_POINT('',(0.0184996863675583,-0.00339438721146196,0.003));
#8223=CARTESIAN_POINT('',(0.0185193458147849,-0.0033989540922374,0.003));
#8224=CARTESIAN_POINT('',(0.018544335737465,-0.00340540734944473,0.003));
#8225=CARTESIAN_POINT('',(0.018577080504689,-0.00341450659737216,0.003));
#8226=CARTESIAN_POINT('',(0.0186166335487396,-0.00342637764666286,0.003));
#8227=CARTESIAN_POINT('',(0.0186631625267468,-0.00344135440968208,0.003));
#8228=CARTESIAN_POINT('',(0.0187164725846454,-0.00345970131556978,0.003));
#8229=CARTESIAN_POINT('',(0.0187764695449174,-0.00348170004009713,0.003));
#8230=CARTESIAN_POINT('',(0.0188430182842718,-0.00350762266590567,0.003));
#8231=CARTESIAN_POINT('',(0.0189159851682079,-0.00353773940976209,0.003));
#8232=CARTESIAN_POINT('',(0.0189952256087018,-0.00357231604667986,0.003));
#8233=CARTESIAN_POINT('',(0.0190805878089872,-0.00361161437590792,0.003));
#8234=CARTESIAN_POINT('',(0.0191719118088798,-0.00365589180511412,0.003));
#8235=CARTESIAN_POINT('',(0.0192690298996158,-0.00370540119786553,0.003));
#8236=CARTESIAN_POINT('',(0.0193717666532308,-0.00376039063374813,0.003));
#8237=CARTESIAN_POINT('',(0.0194799390763937,-0.00382110326018758,0.003));
#8238=CARTESIAN_POINT('',(0.0195933567107084,-0.00388777687705614,0.003));
#8239=CARTESIAN_POINT('',(0.0197118218547065,-0.00396064455794961,0.003));
#8240=CARTESIAN_POINT('',(0.0198351293706176,-0.00403993125992104,0.003));
#8241=CARTESIAN_POINT('',(0.0199630681193203,-0.00412586602322785,0.003));
#8242=CARTESIAN_POINT('',(0.020095416113265,-0.00421863377939402,0.003));
#8243=CARTESIAN_POINT('',(0.020231959990964,-0.0043185607677969,0.003));
#8244=CARTESIAN_POINT('',(0.020368914712211,-0.00442273121671573,0.003));
#8245=CARTESIAN_POINT('',(0.0204606002161496,-0.00449608642522991,0.003));
#8246=CARTESIAN_POINT('',(0.0205051849314721,-0.00453181982498516,0.003));
#8247=CARTESIAN_POINT('',(0.0187260893331853,-0.00346335211857644,0.003));
#8248=CARTESIAN_POINT('',(0.0188458295145003,-0.00313020056574859,0.003));
#8249=CARTESIAN_POINT('',(0.0184965974964065,-0.00307219482714348,0.003));
#8250=CARTESIAN_POINT('',(-8.06215979183239E-15,1.28301299517E-15,0.003));
#8251=CARTESIAN_POINT('',(0.0185406699898642,-0.00279393205481966,0.003));
#8252=CARTESIAN_POINT('',(0.0188907341353715,-0.0028466839477076,0.003));
#8253=CARTESIAN_POINT('',(0.0188798039471956,-0.00249283624154091,0.003));
#8254=CARTESIAN_POINT('',(0.0185851200173174,-0.00248109128044607,0.003));
#8255=CARTESIAN_POINT('',(0.018603822525133,-0.00248363329088994,0.003));
#8256=CARTESIAN_POINT('',(0.0186316268265759,-0.00248741240037356,0.003));
#8257=CARTESIAN_POINT('',(0.0186431706031138,-0.00248846340189225,0.003));
#8258=CARTESIAN_POINT('',(0.0186632790922762,-0.00249019514346464,0.003));
#8259=CARTESIAN_POINT('',(0.018689040087229,-0.00249178004194257,0.003));
#8260=CARTESIAN_POINT('',(0.0187229940337175,-0.00249324483245686,0.003));
#8261=CARTESIAN_POINT('',(0.018764279569973,-0.00249417735646458,0.003));
#8262=CARTESIAN_POINT('',(0.018813159331997,-0.00249431185333725,0.003));
#8263=CARTESIAN_POINT('',(0.018869529715659,-0.00249333662280069,0.003));
#8264=CARTESIAN_POINT('',(0.0189333881954172,-0.00249095467282366,0.003));
#8265=CARTESIAN_POINT('',(0.0190046903395451,-0.00248686548204371,0.003));
#8266=CARTESIAN_POINT('',(0.0190833925556531,-0.00248077076371228,0.003));
#8267=CARTESIAN_POINT('',(0.0191694394613549,-0.00247237307061446,0.003));
#8268=CARTESIAN_POINT('',(0.0192627675897636,-0.00246137650908804,0.003));
#8269=CARTESIAN_POINT('',(0.0193633043530475,-0.00244748683947777,0.003));
#8270=CARTESIAN_POINT('',(0.0194709683898335,-0.00243041174938241,0.003));
#8271=CARTESIAN_POINT('',(0.0195856695190209,-0.0024098610908728,0.003));
#8272=CARTESIAN_POINT('',(0.0197073088402962,-0.00238554706895622,0.003));
#8273=CARTESIAN_POINT('',(0.0198357787011629,-0.00235718466763347,0.003));
#8274=CARTESIAN_POINT('',(0.0199709631000529,-0.00232449112762891,0.003));
#8275=CARTESIAN_POINT('',(0.0201127364549055,-0.0022871891110141,0.003));
#8276=CARTESIAN_POINT('',(0.0202609687378152,-0.00224499554198311,0.003));
#8277=CARTESIAN_POINT('',(0.0204155059730603,-0.0021976659422795,0.003));
#8278=CARTESIAN_POINT('',(0.0205762460553192,-0.00214482410749202,0.003));
#8279=CARTESIAN_POINT('',(0.0207386881744262,-0.0020880734595676,0.003));
#8280=CARTESIAN_POINT('',(0.0208485542764536,-0.00204664088936088,0.003));
#8281=CARTESIAN_POINT('',(0.0209019990882795,-0.00202643384139829,0.003));
#8282=CARTESIAN_POINT('',(0.0209019990882795,-0.00202643384139829,0.003));
#8283=CARTESIAN_POINT('',(0.,1.28587913910472E-18,0.003));
#8284=CARTESIAN_POINT('',(0.0209616648885424,-0.00126830796750989,0.003));
#8285=CARTESIAN_POINT('',(0.0187444345368383,-0.000456808377968711,0.003));
#8286=CARTESIAN_POINT('',(0.0187633044437915,-0.000457223380696644,0.003));
#8287=CARTESIAN_POINT('',(0.0187913576111155,-0.000457840349343894,0.003));
#8288=CARTESIAN_POINT('',(0.0188029236774687,-0.000458608131905171,0.003));
#8289=CARTESIAN_POINT('',(0.0188230555018279,-0.000460043371690094,0.003));
#8290=CARTESIAN_POINT('',(0.0188487472689304,-0.000462507893406766,0.003));
#8291=CARTESIAN_POINT('',(0.0188825123297148,-0.000466372704349325,0.003));
#8292=CARTESIAN_POINT('',(0.0189234354514039,-0.000471910142037604,0.003));
#8293=CARTESIAN_POINT('',(0.0189717344623924,-0.000479423780468129,0.003));
#8294=CARTESIAN_POINT('',(0.0190272582734229,-0.000489205275110772,0.003));
#8295=CARTESIAN_POINT('',(0.0190899579302578,-0.000501547566450207,0.003));
#8296=CARTESIAN_POINT('',(0.0191597425363002,-0.000516740525278905,0.003));
#8297=CARTESIAN_POINT('',(0.0192365223735273,-0.000535071946588402,0.003));
#8298=CARTESIAN_POINT('',(0.019320196210406,-0.000556826951810841,0.003));
#8299=CARTESIAN_POINT('',(0.0194106550734652,-0.000582287863257955,0.003));
#8300=CARTESIAN_POINT('',(0.0195077812393268,-0.000611733942767927,0.003));
#8301=CARTESIAN_POINT('',(0.0196114486205771,-0.000645441176168417,0.003));
#8302=CARTESIAN_POINT('',(0.0197215227572585,-0.000683682031753845,0.003));
#8303=CARTESIAN_POINT('',(0.0198378609456285,-0.000726725289865403,0.003));
#8304=CARTESIAN_POINT('',(0.0199603122722462,-0.000774835616921631,0.003));
#8305=CARTESIAN_POINT('',(0.0200887179304194,-0.000828274144319058,0.003));
#8306=CARTESIAN_POINT('',(0.0202229104990002,-0.000887295150133497,0.003));
#8307=CARTESIAN_POINT('',(0.0203627172681305,-0.000952157884192205,0.003));
#8308=CARTESIAN_POINT('',(0.0205079479129597,-0.00102307972770883,0.003));
#8309=CARTESIAN_POINT('',(0.0206584427339165,-0.00110041628060279,0.003));
#8310=CARTESIAN_POINT('',(0.0208100071637312,-0.00118187977988146,0.003));
#8311=CARTESIAN_POINT('',(0.0209120391497748,-0.00123998909129225,0.003));
#8312=CARTESIAN_POINT('',(0.0209616648885424,-0.00126830796750989,0.003));
#8313=CARTESIAN_POINT('',(0.0190373277352455,-0.000491306739761015,0.003));
#8314=CARTESIAN_POINT('',(0.0191034773312872,-0.000143525344173935,0.003));
#8315=CARTESIAN_POINT('',(0.0187494708421655,-0.000140865676391475,0.003));
#8316=CARTESIAN_POINT('',(-8.16360867794685E-15,6.01732205729455E-18,0.003));
#8317=CARTESIAN_POINT('',(0.0187494708421655,0.000140865676391482,0.003));
#8318=CARTESIAN_POINT('',(0.0191034773312873,0.000143525344173942,0.003));
#8319=CARTESIAN_POINT('',(0.0190373277352456,0.000491306739761024,0.003));
#8320=CARTESIAN_POINT('',(0.0187444345368383,0.000456808377968711,0.003));
#8321=CARTESIAN_POINT('',(0.0187633044437915,0.000457223380696644,0.003));
#8322=CARTESIAN_POINT('',(0.0187913576111155,0.000457840349343894,0.003));
#8323=CARTESIAN_POINT('',(0.0188029236774687,0.000458608131905171,0.003));
#8324=CARTESIAN_POINT('',(0.0188230555018279,0.000460043371690094,0.003));
#8325=CARTESIAN_POINT('',(0.0188487472689304,0.000462507893406766,0.003));
#8326=CARTESIAN_POINT('',(0.0188825123297148,0.000466372704349325,0.003));
#8327=CARTESIAN_POINT('',(0.0189234354514039,0.000471910142037604,0.003));
#8328=CARTESIAN_POINT('',(0.0189717344623924,0.000479423780468129,0.003));
#8329=CARTESIAN_POINT('',(0.0190272582734229,0.000489205275110772,0.003));
#8330=CARTESIAN_POINT('',(0.0190899579302578,0.000501547566450207,0.003));
#8331=CARTESIAN_POINT('',(0.0191597425363002,0.000516740525278905,0.003));
#8332=CARTESIAN_POINT('',(0.0192365223735273,0.000535071946588402,0.003));
#8333=CARTESIAN_POINT('',(0.019320196210406,0.000556826951810841,0.003));
#8334=CARTESIAN_POINT('',(0.0194106550734652,0.000582287863257955,0.003));
#8335=CARTESIAN_POINT('',(0.0195077812393268,0.000611733942767927,0.003));
#8336=CARTESIAN_POINT('',(0.0196114486205771,0.000645441176168417,0.003));
#8337=CARTESIAN_POINT('',(0.0197215227572585,0.000683682031753845,0.003));
#8338=CARTESIAN_POINT('',(0.0198378609456285,0.000726725289865403,0.003));
#8339=CARTESIAN_POINT('',(0.0199603122722462,0.000774835616921631,0.003));
#8340=CARTESIAN_POINT('',(0.0200887179304194,0.000828274144319058,0.003));
#8341=CARTESIAN_POINT('',(0.0202229104990002,0.000887295150133497,0.003));
#8342=CARTESIAN_POINT('',(0.0203627172681305,0.000952157884192205,0.003));
#8343=CARTESIAN_POINT('',(0.0205079479129597,0.00102307972770883,0.003));
#8344=CARTESIAN_POINT('',(0.0206584427339165,0.00110041628060279,0.003));
#8345=CARTESIAN_POINT('',(0.0208100071637312,0.00118187977988146,0.003));
#8346=CARTESIAN_POINT('',(0.0209120391497748,0.00123998909129225,0.003));
#8347=CARTESIAN_POINT('',(0.0209616648885424,0.00126830796750989,0.003));
#8348=CARTESIAN_POINT('',(0.0185851200173174,0.00248109128044606,0.003));
#8349=CARTESIAN_POINT('',(0.018603822525133,0.00248363329088994,0.003));
#8350=CARTESIAN_POINT('',(0.0186316268265759,0.00248741240037355,0.003));
#8351=CARTESIAN_POINT('',(0.0186431706031138,0.00248846340189225,0.003));
#8352=CARTESIAN_POINT('',(0.0186632790922762,0.00249019514346463,0.003));
#8353=CARTESIAN_POINT('',(0.018689040087229,0.00249178004194257,0.003));
#8354=CARTESIAN_POINT('',(0.0187229940337175,0.00249324483245685,0.003));
#8355=CARTESIAN_POINT('',(0.018764279569973,0.00249417735646458,0.003));
#8356=CARTESIAN_POINT('',(0.018813159331997,0.00249431185333725,0.003));
#8357=CARTESIAN_POINT('',(0.018869529715659,0.00249333662280068,0.003));
#8358=CARTESIAN_POINT('',(0.0189333881954172,0.00249095467282365,0.003));
#8359=CARTESIAN_POINT('',(0.0190046903395451,0.0024868654820437,0.003));
#8360=CARTESIAN_POINT('',(0.0190833925556531,0.00248077076371227,0.003));
#8361=CARTESIAN_POINT('',(0.0191694394613549,0.00247237307061446,0.003));
#8362=CARTESIAN_POINT('',(0.0192627675897636,0.00246137650908804,0.003));
#8363=CARTESIAN_POINT('',(0.0193633043530475,0.00244748683947777,0.003));
#8364=CARTESIAN_POINT('',(0.0194709683898335,0.00243041174938241,0.003));
#8365=CARTESIAN_POINT('',(0.0195856695190209,0.0024098610908728,0.003));
#8366=CARTESIAN_POINT('',(0.0197073088402962,0.00238554706895621,0.003));
#8367=CARTESIAN_POINT('',(0.019835778701163,0.00235718466763347,0.003));
#8368=CARTESIAN_POINT('',(0.0199709631000529,0.0023244911276289,0.003));
#8369=CARTESIAN_POINT('',(0.0201127364549055,0.0022871891110141,0.003));
#8370=CARTESIAN_POINT('',(0.0202609687378152,0.0022449955419831,0.003));
#8371=CARTESIAN_POINT('',(0.0204155059730603,0.0021976659422795,0.003));
#8372=CARTESIAN_POINT('',(0.0205762460553192,0.00214482410749202,0.003));
#8373=CARTESIAN_POINT('',(0.0207386881744262,0.0020880734595676,0.003));
#8374=CARTESIAN_POINT('',(0.0208485542764536,0.00204664088936087,0.003));
#8375=CARTESIAN_POINT('',(0.0209019990882795,0.00202643384139829,0.003));
#8376=CARTESIAN_POINT('',(0.0188798039471956,0.00249283624154091,0.003));
#8377=CARTESIAN_POINT('',(0.0188907341353714,0.00284668394770759,0.003));
#8378=CARTESIAN_POINT('',(0.0185406699898642,0.00279393205481966,0.003));
#8379=CARTESIAN_POINT('',(-8.0640424249464E-15,-1.27112651749481E-15,0.003));
#8380=CARTESIAN_POINT('',(0.0184965974964065,0.00307219482714349,0.003));
#8381=CARTESIAN_POINT('',(0.0188458295145004,0.00313020056574861,0.003));
#8382=CARTESIAN_POINT('',(0.0187260893331853,0.00346335211857646,0.003));
#8383=CARTESIAN_POINT('',(0.0184421988688506,0.0033834598980578,0.003));
#8384=CARTESIAN_POINT('',(0.0184607715352067,0.00338682169521308,0.003));
#8385=CARTESIAN_POINT('',(0.018488382806329,0.00339181955017549,0.003));
#8386=CARTESIAN_POINT('',(0.0184996863675584,0.00339438721146196,0.003));
#8387=CARTESIAN_POINT('',(0.0185193458147849,0.0033989540922374,0.003));
#8388=CARTESIAN_POINT('',(0.018544335737465,0.00340540734944472,0.003));
#8389=CARTESIAN_POINT('',(0.018577080504689,0.00341450659737216,0.003));
#8390=CARTESIAN_POINT('',(0.0186166335487397,0.00342637764666285,0.003));
#8391=CARTESIAN_POINT('',(0.0186631625267468,0.00344135440968208,0.003));
#8392=CARTESIAN_POINT('',(0.0187164725846454,0.00345970131556978,0.003));
#8393=CARTESIAN_POINT('',(0.0187764695449174,0.00348170004009713,0.003));
#8394=CARTESIAN_POINT('',(0.0188430182842718,0.00350762266590567,0.003));
#8395=CARTESIAN_POINT('',(0.0189159851682079,0.00353773940976209,0.003));
#8396=CARTESIAN_POINT('',(0.0189952256087018,0.00357231604667985,0.003));
#8397=CARTESIAN_POINT('',(0.0190805878089872,0.00361161437590791,0.003));
#8398=CARTESIAN_POINT('',(0.0191719118088798,0.00365589180511412,0.003));
#8399=CARTESIAN_POINT('',(0.0192690298996158,0.00370540119786552,0.003));
#8400=CARTESIAN_POINT('',(0.0193717666532308,0.00376039063374813,0.003));
#8401=CARTESIAN_POINT('',(0.0194799390763937,0.00382110326018757,0.003));
#8402=CARTESIAN_POINT('',(0.0195933567107084,0.00388777687705614,0.003));
#8403=CARTESIAN_POINT('',(0.0197118218547065,0.00396064455794961,0.003));
#8404=CARTESIAN_POINT('',(0.0198351293706176,0.00403993125992104,0.003));
#8405=CARTESIAN_POINT('',(0.0199630681193203,0.00412586602322785,0.003));
#8406=CARTESIAN_POINT('',(0.020095416113265,0.00421863377939402,0.003));
#8407=CARTESIAN_POINT('',(0.020231959990964,0.0043185607677969,0.003));
#8408=CARTESIAN_POINT('',(0.020368914712211,0.00442273121671573,0.003));
#8409=CARTESIAN_POINT('',(0.0204606002161496,0.0044960864252299,0.003));
#8410=CARTESIAN_POINT('',(0.0205051849314721,0.00453181982498515,0.003));
#8411=CARTESIAN_POINT('',(0.0179681781624932,0.00535789823726638,0.003));
#8412=CARTESIAN_POINT('',(0.0179862527533586,0.0053633346681485,0.003));
#8413=CARTESIAN_POINT('',(0.0180131235547417,0.00537141680154534,0.003));
#8414=CARTESIAN_POINT('',(0.0180243607953742,0.00537426070799854,0.003));
#8415=CARTESIAN_POINT('',(0.0180439508116005,0.0053791167897034,0.003));
#8416=CARTESIAN_POINT('',(0.018069146713212,0.00538471208291543,0.003));
#8417=CARTESIAN_POINT('',(0.0181024534865554,0.00539147040688274,0.003));
#8418=CARTESIAN_POINT('',(0.018143084850456,0.00539884993075053,0.003));
#8419=CARTESIAN_POINT('',(0.0181913417815517,0.00540662925116703,0.003));
#8420=CARTESIAN_POINT('',(0.0182471707119169,0.00541448429814895,0.003));
#8421=CARTESIAN_POINT('',(0.0183106156068925,0.00542212134104801,0.003));
#8422=CARTESIAN_POINT('',(0.0183816795936792,0.00542923660776505,0.003));
#8423=CARTESIAN_POINT('',(0.0184603662789098,0.00543552866460421,0.003));
#8424=CARTESIAN_POINT('',(0.0185466674930431,0.00544069506270543,0.003));
#8425=CARTESIAN_POINT('',(0.0186405668385417,0.00544443362293998,0.003));
#8426=CARTESIAN_POINT('',(0.0187420386504734,0.0054464423729924,0.003));
#8427=CARTESIAN_POINT('',(0.0188510482968929,0.00544641987158928,0.003));
#8428=CARTESIAN_POINT('',(0.0189675520961145,0.00544406543557172,0.003));
#8429=CARTESIAN_POINT('',(0.0190914973865076,0.00543907934176331,0.003));
#8430=CARTESIAN_POINT('',(0.0192228224272817,0.00543116324262402,0.003));
#8431=CARTESIAN_POINT('',(0.0193614568783367,0.00542001971347089,0.003));
#8432=CARTESIAN_POINT('',(0.0195073200889456,0.00540535518550306,0.003));
#8433=CARTESIAN_POINT('',(0.0196603279148749,0.00538686972720174,0.003));
#8434=CARTESIAN_POINT('',(0.0198203665209244,0.0053642977831338,0.003));
#8435=CARTESIAN_POINT('',(0.0199873939101946,0.00533725180779727,0.003));
#8436=CARTESIAN_POINT('',(0.0201567138545069,0.00530661140052359,0.003));
#8437=CARTESIAN_POINT('',(0.0202717088044615,0.00528287577890624,0.003));
#8438=CARTESIAN_POINT('',(0.0203276567007052,0.0052712781237829,0.003));
#8439=CARTESIAN_POINT('',(0.0182573967274888,0.00541559732132694,0.003));
#8440=CARTESIAN_POINT('',(0.0182128383702907,0.00576679843319418,0.003));
#8441=CARTESIAN_POINT('',(0.0178753363094566,0.00565993390631227,0.003));
#8442=CARTESIAN_POINT('',(-7.76591268442135E-15,-2.51697100355914E-15,0.003));
#8443=CARTESIAN_POINT('',(0.0177882765335984,0.00592787634522115,0.003));
#8444=CARTESIAN_POINT('',(0.0181241348293442,0.00603979986085446,0.003));
#8445=CARTESIAN_POINT('',(0.0179537524634146,0.00635011827402585,0.003));
#8446=CARTESIAN_POINT('',(0.0176858550585628,0.0062267994063971,0.003));
#8447=CARTESIAN_POINT('',(0.0177036731636369,0.00623302521937658,0.003));
#8448=CARTESIAN_POINT('',(0.0177301626574261,0.00624228089687806,0.003));
#8449=CARTESIAN_POINT('',(0.0177409253823398,0.00624658521254726,0.003));
#8450=CARTESIAN_POINT('',(0.0177596283715969,0.00625417128255192,0.003));
#8451=CARTESIAN_POINT('',(0.0177833011150215,0.00626445437464033,0.003));
#8452=CARTESIAN_POINT('',(0.0178142193038423,0.00627856400586998,0.003));
#8453=CARTESIAN_POINT('',(0.0178514283430409,0.0062964763621318,0.003));
#8454=CARTESIAN_POINT('',(0.0178950415902074,0.00631854747212917,0.003));
#8455=CARTESIAN_POINT('',(0.0179448252244227,0.00634500802754908,0.003));
#8456=CARTESIAN_POINT('',(0.0180006421638515,0.0063761215036569,0.003));
#8457=CARTESIAN_POINT('',(0.0180623163856923,0.00641213549536562,0.003));
#8458=CARTESIAN_POINT('',(0.0181296736294916,0.00645329598758348,0.003));
#8459=CARTESIAN_POINT('',(0.018202529510972,0.00649984286464237,0.003));
#8460=CARTESIAN_POINT('',(0.0182806931478116,0.0065520109563621,0.003));
#8461=CARTESIAN_POINT('',(0.0183639662817709,0.00661002947800912,0.003));
#8462=CARTESIAN_POINT('',(0.0184521437122821,0.00667412194454964,0.003));
#8463=CARTESIAN_POINT('',(0.0185450133629931,0.00674450593831853,0.003));
#8464=CARTESIAN_POINT('',(0.0186423564568867,0.00682139298672926,0.003));
#8465=CARTESIAN_POINT('',(0.0187439476803302,0.00690498816768581,0.003));
#8466=CARTESIAN_POINT('',(0.0188495553051447,0.00699549075793775,0.003));
#8467=CARTESIAN_POINT('',(0.0189589415281101,0.00709309085432616,0.003));
#8468=CARTESIAN_POINT('',(0.0190718619797879,0.00719798164780734,0.003));
#8469=CARTESIAN_POINT('',(0.0191880684759994,0.00731031106658772,0.003));
#8470=CARTESIAN_POINT('',(0.0193072992470083,0.00743036795640638,0.003));
#8471=CARTESIAN_POINT('',(0.0194262719799239,0.00755468033279109,0.003));
#8472=CARTESIAN_POINT('',(0.0195053534003639,0.00764147518972305,0.003));
#8473=CARTESIAN_POINT('',(0.0195437992685819,0.00768374323812158,0.003));
#8474=CARTESIAN_POINT('',(0.016908800128344,0.00810277595764043,0.003));
#8475=CARTESIAN_POINT('',(0.0169258017458459,0.00811097294598999,0.003));
#8476=CARTESIAN_POINT('',(0.0169510773988602,0.00812315909435276,0.003));
#8477=CARTESIAN_POINT('',(0.0169617314054288,0.00812772587932521,0.003));
#8478=CARTESIAN_POINT('',(0.0169803205775039,0.00813558672831457,0.003));
#8479=CARTESIAN_POINT('',(0.0170043309790559,0.0081450546415721,0.003));
#8480=CARTESIAN_POINT('',(0.0170361704559556,0.00815694008662676,0.003));
#8481=CARTESIAN_POINT('',(0.0170751471684742,0.00817058490198576,0.003));
#8482=CARTESIAN_POINT('',(0.0171215930228426,0.00818581749325935,0.003));
#8483=CARTESIAN_POINT('',(0.0171755058063597,0.00820230940043365,0.003));
#8484=CARTESIAN_POINT('',(0.017236974892677,0.00821977738686672,0.003));
#8485=CARTESIAN_POINT('',(0.01730605089092,0.00823792190959998,0.003));
#8486=CARTESIAN_POINT('',(0.0173827845179367,0.00825644581028821,0.003));
#8487=CARTESIAN_POINT('',(0.0174672150181921,0.00827504908572092,0.003));
#8488=CARTESIAN_POINT('',(0.0175593734672603,0.00829343071195589,0.003));
#8489=CARTESIAN_POINT('',(0.0176592817550645,0.00831128841957804,0.003));
#8490=CARTESIAN_POINT('',(0.0177669528318404,0.0083283190609264,0.003));
#8491=CARTESIAN_POINT('',(0.0178823905909055,0.00834421882142957,0.003));
#8492=CARTESIAN_POINT('',(0.018005589906016,0.00835868342990679,0.003));
#8493=CARTESIAN_POINT('',(0.0181365364683508,0.0083714085535838,0.003));
#8494=CARTESIAN_POINT('',(0.0182752073312843,0.00838208942595309,0.003));
#8495=CARTESIAN_POINT('',(0.0184215687613122,0.00839042347597959,0.003));
#8496=CARTESIAN_POINT('',(0.0185755845697829,0.00839610130174104,0.003));
#8497=CARTESIAN_POINT('',(0.0187371838650182,0.00839884280948371,0.003));
#8498=CARTESIAN_POINT('',(0.0189063857926437,0.00839825865527135,0.003));
#8499=CARTESIAN_POINT('',(0.0190784143431916,0.00839448295716518,0.003));
#8500=CARTESIAN_POINT('',(0.0191957065837593,0.00838902873391543,0.003));
#8501=CARTESIAN_POINT('',(0.019252779941535,0.00838632604439087,0.003));
#8502=CARTESIAN_POINT('',(0.0171854318075254,0.00820500842172485,0.003));
#8503=CARTESIAN_POINT('',(0.0170864820795883,0.00854491520234882,0.003));
#8504=CARTESIAN_POINT('',(0.0167698525242701,0.00838656940078777,0.003));
#8505=CARTESIAN_POINT('',(-7.27656040001931E-15,-3.700839310168E-15,0.003));
#8506=CARTESIAN_POINT('',(0.016641949166628,0.0086375938741858,0.003));
#8507=CARTESIAN_POINT('',(0.0169561637941347,0.00880067923843956,0.003));
#8508=CARTESIAN_POINT('',(0.0167393346229064,0.00908052344273444,0.003));
#8509=CARTESIAN_POINT('',(0.0164940268007455,0.00891681444778848,0.003));
#8510=CARTESIAN_POINT('',(0.0165106516036557,0.00892575097641433,0.003));
#8511=CARTESIAN_POINT('',(0.0165353670608611,0.00893903657095694,0.003));
#8512=CARTESIAN_POINT('',(0.0165453239354523,0.00894497155447191,0.003));
#8513=CARTESIAN_POINT('',(0.0165626099370729,0.00895539001948554,0.003));
#8514=CARTESIAN_POINT('',(0.0165843825997334,0.00896924974260019,0.003));
#8515=CARTESIAN_POINT('',(0.0166127129017308,0.00898802233118401,0.003));
#8516=CARTESIAN_POINT('',(0.0166466617260425,0.00901153493275809,0.003));
#8517=CARTESIAN_POINT('',(0.0166862853394792,0.00904015692575565,0.003));
#8518=CARTESIAN_POINT('',(0.0167313167117142,0.00907407958401578,0.003));
#8519=CARTESIAN_POINT('',(0.0167815792320053,0.00911354169466259,0.003));
#8520=CARTESIAN_POINT('',(0.0168368603123058,0.00915876026827203,0.003));
#8521=CARTESIAN_POINT('',(0.0168969493570801,0.00920995100092908,0.003));
#8522=CARTESIAN_POINT('',(0.0169616267259501,0.00926732197953568,0.003));
#8523=CARTESIAN_POINT('',(0.0170306671511948,0.00933107528219298,0.003));
#8524=CARTESIAN_POINT('',(0.0171038389582948,0.00940140628772543,0.003));
#8525=CARTESIAN_POINT('',(0.0171809045075981,0.00947850365881814,0.003));
#8526=CARTESIAN_POINT('',(0.0172616202963878,0.00956254912295564,0.003));
#8527=CARTESIAN_POINT('',(0.0173457371509773,0.0096537173790323,0.003));
#8528=CARTESIAN_POINT('',(0.0174330004504663,0.00975217573328518,0.003));
#8529=CARTESIAN_POINT('',(0.0175231501458828,0.00985808475876272,0.003));
#8530=CARTESIAN_POINT('',(0.017615921624061,0.00997159501127888,0.003));
#8531=CARTESIAN_POINT('',(0.0177110433024321,0.0100928590754863,0.003));
#8532=CARTESIAN_POINT('',(0.0178082469113063,0.0102219842337906,0.003));
#8533=CARTESIAN_POINT('',(0.017907228718339,0.0103592148259517,0.003));
#8534=CARTESIAN_POINT('',(0.0180052899593907,0.0105006081465266,0.003));
#8535=CARTESIAN_POINT('',(0.0180698200493046,0.010598705474443,0.003));
#8536=CARTESIAN_POINT('',(0.0181011804055481,0.0106464673918537,0.003));
#8537=CARTESIAN_POINT('',(0.0154330713179445,0.0106481364423657,0.003));
#8538=CARTESIAN_POINT('',(0.0154485813258351,0.0106588921511253,0.003));
#8539=CARTESIAN_POINT('',(0.0154716394600182,0.0106748822510378,0.003));
#8540=CARTESIAN_POINT('',(0.0154814478955225,0.0106810594651272,0.003));
#8541=CARTESIAN_POINT('',(0.015498578496336,0.0106917315212103,0.003));
#8542=CARTESIAN_POINT('',(0.0155208121820564,0.0107048389230667,0.003));
#8543=CARTESIAN_POINT('',(0.015550400368922,0.010721558830106,0.003));
#8544=CARTESIAN_POINT('',(0.0155867626940401,0.0107411329563175,0.003));
#8545=CARTESIAN_POINT('',(0.0156302538206017,0.0107634437414969,0.003));
#8546=CARTESIAN_POINT('',(0.0156809229456143,0.0107881664233755,0.003));
#8547=CARTESIAN_POINT('',(0.0157389026503639,0.0108150352335436,0.003));
#8548=CARTESIAN_POINT('',(0.0158042897797363,0.0108437622339252,0.003));
#8549=CARTESIAN_POINT('',(0.0158771809119776,0.0108740618585503,0.003));
#8550=CARTESIAN_POINT('',(0.0159576617392302,0.0109056439369326,0.003));
#8551=CARTESIAN_POINT('',(0.0160458100449955,0.0109382160125249,0.003));
#8552=CARTESIAN_POINT('',(0.0161416947350499,0.0109714829616888,0.003));
#8553=CARTESIAN_POINT('',(0.0162453760229322,0.0110051473948772,0.003));
#8554=CARTESIAN_POINT('',(0.0163569052810966,0.0110389098470292,0.003));
#8555=CARTESIAN_POINT('',(0.0164763250449114,0.0110724689911261,0.003));
#8556=CARTESIAN_POINT('',(0.0166036687898555,0.0111055220028422,0.003));
#8557=CARTESIAN_POINT('',(0.0167389615278,0.0111377642782084,0.003));
#8558=CARTESIAN_POINT('',(0.0168822172730939,0.0111688916942585,0.003));
#8559=CARTESIAN_POINT('',(0.017033448683752,0.0111985929971688,0.003));
#8560=CARTESIAN_POINT('',(0.0171926295572073,0.0112265804517029,0.003));
#8561=CARTESIAN_POINT('',(0.0173598397101809,0.0112524725024301,0.003));
#8562=CARTESIAN_POINT('',(0.0175303409531199,0.0112756544837097,0.003));
#8563=CARTESIAN_POINT('',(0.0176470423600672,0.0112886159599055,0.003));
#8564=CARTESIAN_POINT('',(0.0177038358438908,0.0112948747851655,0.003));
#8565=CARTESIAN_POINT('',(0.0156903045212826,0.0107923849839181,0.003));
#8566=CARTESIAN_POINT('',(0.0155393998933035,0.0111126278002739,0.003));
#8567=CARTESIAN_POINT('',(0.0152514393139866,0.0109066997231878,0.003));
#8568=CARTESIAN_POINT('',(-6.60803504904938E-15,-4.79358067057904E-15,0.003));
#8569=CARTESIAN_POINT('',(0.0150858417797124,0.0111346251754375,0.003));
#8570=CARTESIAN_POINT('',(0.0153706757320323,0.0113448566853944,0.003));
#8571=CARTESIAN_POINT('',(0.0151127388093158,0.0115873359877534,0.003));
#8572=CARTESIAN_POINT('',(0.0148960608625572,0.0113872679242648,0.003));
#8573=CARTESIAN_POINT('',(0.0149110830054815,0.0113986951215436,0.003));
#8574=CARTESIAN_POINT('',(0.0149334158495207,0.0114156834976974,0.003));
#8575=CARTESIAN_POINT('',(0.014942321702492,0.0114231030100669,0.003));
#8576=CARTESIAN_POINT('',(0.0149577650777472,0.0114360973329039,0.003));
#8577=CARTESIAN_POINT('',(0.0149771015444297,0.011453192414664,0.003));
#8578=CARTESIAN_POINT('',(0.0150021463735455,0.0114761657171684,0.003));
#8579=CARTESIAN_POINT('',(0.0150319990502462,0.0115046996057701,0.003));
#8580=CARTESIAN_POINT('',(0.0150666573650868,0.0115391677133093,0.003));
#8581=CARTESIAN_POINT('',(0.0151058276535067,0.0115797171859804,0.003));
#8582=CARTESIAN_POINT('',(0.0151492981245987,0.0116265562430349,0.003));
#8583=CARTESIAN_POINT('',(0.0151968248596946,0.0116798659671909,0.003));
#8584=CARTESIAN_POINT('',(0.0152481661137374,0.0117398264545569,0.003));
#8585=CARTESIAN_POINT('',(0.0153030723985235,0.0118066088708145,0.003));
#8586=CARTESIAN_POINT('',(0.0153612896077717,0.0118803775665129,0.003));
#8587=CARTESIAN_POINT('',(0.0154225583552785,0.0119612892731593,0.003));
#8588=CARTESIAN_POINT('',(0.015486614413784,0.0120494931556564,0.003));
#8589=CARTESIAN_POINT('',(0.0155531888500521,0.0121451306119045,0.003));
#8590=CARTESIAN_POINT('',(0.0156220082292097,0.0122483352106124,0.003));
#8591=CARTESIAN_POINT('',(0.0156927948927006,0.0123592323667154,0.003));
#8592=CARTESIAN_POINT('',(0.0157652668740281,0.0124779399957194,0.003));
#8593=CARTESIAN_POINT('',(0.0158391392657356,0.0126045654052274,0.003));
#8594=CARTESIAN_POINT('',(0.0159141199593877,0.012739216816448,0.003));
#8595=CARTESIAN_POINT('',(0.015989927205474,0.0128819582243368,0.003));
#8596=CARTESIAN_POINT('',(0.0160662227879392,0.0130329834462192,0.003));
#8597=CARTESIAN_POINT('',(0.0161409579439259,0.0131879761381741,0.003));
#8598=CARTESIAN_POINT('',(0.0161893477583369,0.0132949604552954,0.003));
#8599=CARTESIAN_POINT('',(0.0162128504065561,0.0133470401847988,0.003));
#8600=CARTESIAN_POINT('',(0.0135773290722702,0.0129313044687412,0.003));
#8601=CARTESIAN_POINT('',(0.0135909655626803,0.012944354056665,0.003));
#8602=CARTESIAN_POINT('',(0.0136112384102431,0.0129637543787993,0.003));
#8603=CARTESIAN_POINT('',(0.0136199597584486,0.0129713899184937,0.003));
#8604=CARTESIAN_POINT('',(0.0136352099757552,0.0129846104002312,0.003));
#8605=CARTESIAN_POINT('',(0.0136551194785124,0.0130010345429519,0.003));
#8606=CARTESIAN_POINT('',(0.0136817278159857,0.0130221772123742,0.003));
#8607=CARTESIAN_POINT('',(0.0137145803925791,0.0130471986694881,0.003));
#8608=CARTESIAN_POINT('',(0.0137540458954593,0.0130760382829971,0.003));
#8609=CARTESIAN_POINT('',(0.0138002237199483,0.0131083829851022,0.003));
#8610=CARTESIAN_POINT('',(0.0138532863903757,0.0131439910197266,0.003));
#8611=CARTESIAN_POINT('',(0.0139133746027449,0.0131825931436676,0.003));
#8612=CARTESIAN_POINT('',(0.0139806284186233,0.0132239224149126,0.003));
#8613=CARTESIAN_POINT('',(0.0140551778678056,0.0132677056406598,0.003));
#8614=CARTESIAN_POINT('',(0.0141371455264326,0.013313666133008,0.003));
#8615=CARTESIAN_POINT('',(0.0142266456194449,0.0133615231810185,0.003));
#8616=CARTESIAN_POINT('',(0.0143237841410274,0.013410992475976,0.003));
#8617=CARTESIAN_POINT('',(0.0144286586778108,0.0134617862761537,0.003));
#8618=CARTESIAN_POINT('',(0.0145413583794133,0.0135136136183661,0.003));
#8619=CARTESIAN_POINT('',(0.0146619636813365,0.0135661806432762,0.003));
#8620=CARTESIAN_POINT('',(0.0147905469380728,0.0136191904098139,0.003));
#8621=CARTESIAN_POINT('',(0.014927169566745,0.0136723447315983,0.003));
#8622=CARTESIAN_POINT('',(0.0150718927603521,0.013725338167007,0.003));
#8623=CARTESIAN_POINT('',(0.0152247356506316,0.0137778824243169,0.003));
#8624=CARTESIAN_POINT('',(0.0153858367600486,0.013829613131764,0.003));
#8625=CARTESIAN_POINT('',(0.0155506123889164,0.0138791819751135,0.003));
#8626=CARTESIAN_POINT('',(0.0156638493862945,0.0139102399961942,0.003));
#8627=CARTESIAN_POINT('',(0.0157189645521074,0.0139253062231891,0.003));
#8628=CARTESIAN_POINT('',(0.0138088298645905,0.0131140172099351,0.003));
#8629=CARTESIAN_POINT('',(0.0136096861093342,0.0134067106210591,0.003));
#8630=CARTESIAN_POINT('',(0.0133574850511675,0.0131582709011418,0.003));
#8631=CARTESIAN_POINT('',(-5.77679794436086E-15,-5.76828816589827E-15,0.003));
#8632=CARTESIAN_POINT('',(0.0131582709011418,0.0133574850511675,0.003));
#8633=CARTESIAN_POINT('',(0.0134067106210592,0.0136096861093342,0.003));
#8634=CARTESIAN_POINT('',(0.0131140172099352,0.0138088298645905,0.003));
#8635=CARTESIAN_POINT('',(0.0129313044687412,0.0135773290722702,0.003));
#8636=CARTESIAN_POINT('',(0.012944354056665,0.0135909655626803,0.003));
#8637=CARTESIAN_POINT('',(0.0129637543787993,0.0136112384102431,0.003));
#8638=CARTESIAN_POINT('',(0.0129713899184938,0.0136199597584486,0.003));
#8639=CARTESIAN_POINT('',(0.0129846104002312,0.0136352099757552,0.003));
#8640=CARTESIAN_POINT('',(0.0130010345429519,0.0136551194785124,0.003));
#8641=CARTESIAN_POINT('',(0.0130221772123742,0.0136817278159857,0.003));
#8642=CARTESIAN_POINT('',(0.0130471986694881,0.0137145803925791,0.003));
#8643=CARTESIAN_POINT('',(0.0130760382829971,0.0137540458954593,0.003));
#8644=CARTESIAN_POINT('',(0.0131083829851022,0.0138002237199483,0.003));
#8645=CARTESIAN_POINT('',(0.0131439910197266,0.0138532863903757,0.003));
#8646=CARTESIAN_POINT('',(0.0131825931436676,0.0139133746027449,0.003));
#8647=CARTESIAN_POINT('',(0.0132239224149126,0.0139806284186233,0.003));
#8648=CARTESIAN_POINT('',(0.0132677056406598,0.0140551778678056,0.003));
#8649=CARTESIAN_POINT('',(0.013313666133008,0.0141371455264326,0.003));
#8650=CARTESIAN_POINT('',(0.0133615231810185,0.0142266456194449,0.003));
#8651=CARTESIAN_POINT('',(0.013410992475976,0.0143237841410274,0.003));
#8652=CARTESIAN_POINT('',(0.0134617862761537,0.0144286586778108,0.003));
#8653=CARTESIAN_POINT('',(0.0135136136183661,0.0145413583794133,0.003));
#8654=CARTESIAN_POINT('',(0.0135661806432762,0.0146619636813365,0.003));
#8655=CARTESIAN_POINT('',(0.0136191904098139,0.0147905469380728,0.003));
#8656=CARTESIAN_POINT('',(0.0136723447315983,0.014927169566745,0.003));
#8657=CARTESIAN_POINT('',(0.013725338167007,0.0150718927603521,0.003));
#8658=CARTESIAN_POINT('',(0.0137778824243169,0.0152247356506316,0.003));
#8659=CARTESIAN_POINT('',(0.013829613131764,0.0153858367600486,0.003));
#8660=CARTESIAN_POINT('',(0.0138791819751135,0.0155506123889164,0.003));
#8661=CARTESIAN_POINT('',(0.0139102399961942,0.0156638493862945,0.003));
#8662=CARTESIAN_POINT('',(0.0139253062231891,0.0157189645521074,0.003));
#8663=CARTESIAN_POINT('',(0.0113872679242648,0.0148960608625572,0.003));
#8664=CARTESIAN_POINT('',(0.0113986951215436,0.0149110830054815,0.003));
#8665=CARTESIAN_POINT('',(0.0114156834976974,0.0149334158495207,0.003));
#8666=CARTESIAN_POINT('',(0.0114231030100669,0.014942321702492,0.003));
#8667=CARTESIAN_POINT('',(0.0114360973329039,0.0149577650777472,0.003));
#8668=CARTESIAN_POINT('',(0.011453192414664,0.0149771015444297,0.003));
#8669=CARTESIAN_POINT('',(0.0114761657171684,0.0150021463735455,0.003));
#8670=CARTESIAN_POINT('',(0.0115046996057701,0.0150319990502462,0.003));
#8671=CARTESIAN_POINT('',(0.0115391677133093,0.0150666573650868,0.003));
#8672=CARTESIAN_POINT('',(0.0115797171859804,0.0151058276535067,0.003));
#8673=CARTESIAN_POINT('',(0.0116265562430349,0.0151492981245987,0.003));
#8674=CARTESIAN_POINT('',(0.0116798659671909,0.0151968248596946,0.003));
#8675=CARTESIAN_POINT('',(0.0117398264545569,0.0152481661137374,0.003));
#8676=CARTESIAN_POINT('',(0.0118066088708145,0.0153030723985235,0.003));
#8677=CARTESIAN_POINT('',(0.0118803775665129,0.0153612896077717,0.003));
#8678=CARTESIAN_POINT('',(0.0119612892731593,0.0154225583552785,0.003));
#8679=CARTESIAN_POINT('',(0.0120494931556564,0.015486614413784,0.003));
#8680=CARTESIAN_POINT('',(0.0121451306119045,0.0155531888500521,0.003));
#8681=CARTESIAN_POINT('',(0.0122483352106124,0.0156220082292097,0.003));
#8682=CARTESIAN_POINT('',(0.0123592323667154,0.0156927948927006,0.003));
#8683=CARTESIAN_POINT('',(0.0124779399957194,0.0157652668740281,0.003));
#8684=CARTESIAN_POINT('',(0.0126045654052274,0.0158391392657356,0.003));
#8685=CARTESIAN_POINT('',(0.012739216816448,0.0159141199593877,0.003));
#8686=CARTESIAN_POINT('',(0.0128819582243368,0.015989927205474,0.003));
#8687=CARTESIAN_POINT('',(0.0130329834462192,0.0160662227879392,0.003));
#8688=CARTESIAN_POINT('',(0.0131879761381741,0.0161409579439259,0.003));
#8689=CARTESIAN_POINT('',(0.0132949604552954,0.0161893477583369,0.003));
#8690=CARTESIAN_POINT('',(0.0133470401847988,0.0162128504065561,0.003));
#8691=CARTESIAN_POINT('',(0.0115873359877534,0.0151127388093157,0.003));
#8692=CARTESIAN_POINT('',(0.0113448566853944,0.0153706757320322,0.003));
#8693=CARTESIAN_POINT('',(0.0111346251754374,0.0150858417797124,0.003));
#8694=CARTESIAN_POINT('',(-4.80331690218899E-15,-6.60096126272223E-15,0.003));
#8695=CARTESIAN_POINT('',(0.0109066997231878,0.0152514393139866,0.003));
#8696=CARTESIAN_POINT('',(0.011112627800274,0.0155393998933036,0.003));
#8697=CARTESIAN_POINT('',(0.0107923849839182,0.0156903045212826,0.003));
#8698=CARTESIAN_POINT('',(0.0106481364423657,0.0154330713179445,0.003));
#8699=CARTESIAN_POINT('',(0.0106588921511253,0.0154485813258351,0.003));
#8700=CARTESIAN_POINT('',(0.0106748822510378,0.0154716394600182,0.003));
#8701=CARTESIAN_POINT('',(0.0106810594651272,0.0154814478955225,0.003));
#8702=CARTESIAN_POINT('',(0.0106917315212103,0.015498578496336,0.003));
#8703=CARTESIAN_POINT('',(0.0107048389230667,0.0155208121820564,0.003));
#8704=CARTESIAN_POINT('',(0.010721558830106,0.015550400368922,0.003));
#8705=CARTESIAN_POINT('',(0.0107411329563175,0.0155867626940401,0.003));
#8706=CARTESIAN_POINT('',(0.0107634437414969,0.0156302538206017,0.003));
#8707=CARTESIAN_POINT('',(0.0107881664233755,0.0156809229456143,0.003));
#8708=CARTESIAN_POINT('',(0.0108150352335436,0.0157389026503639,0.003));
#8709=CARTESIAN_POINT('',(0.0108437622339252,0.0158042897797363,0.003));
#8710=CARTESIAN_POINT('',(0.0108740618585503,0.0158771809119776,0.003));
#8711=CARTESIAN_POINT('',(0.0109056439369326,0.0159576617392302,0.003));
#8712=CARTESIAN_POINT('',(0.0109382160125249,0.0160458100449955,0.003));
#8713=CARTESIAN_POINT('',(0.0109714829616888,0.0161416947350499,0.003));
#8714=CARTESIAN_POINT('',(0.0110051473948772,0.0162453760229322,0.003));
#8715=CARTESIAN_POINT('',(0.0110389098470292,0.0163569052810966,0.003));
#8716=CARTESIAN_POINT('',(0.0110724689911261,0.0164763250449114,0.003));
#8717=CARTESIAN_POINT('',(0.0111055220028422,0.0166036687898555,0.003));
#8718=CARTESIAN_POINT('',(0.0111377642782084,0.0167389615278,0.003));
#8719=CARTESIAN_POINT('',(0.0111688916942585,0.0168822172730939,0.003));
#8720=CARTESIAN_POINT('',(0.0111985929971688,0.017033448683752,0.003));
#8721=CARTESIAN_POINT('',(0.0112265804517029,0.0171926295572073,0.003));
#8722=CARTESIAN_POINT('',(0.0112524725024301,0.0173598397101809,0.003));
#8723=CARTESIAN_POINT('',(0.0112756544837097,0.0175303409531199,0.003));
#8724=CARTESIAN_POINT('',(0.0112886159599055,0.0176470423600672,0.003));
#8725=CARTESIAN_POINT('',(0.0112948747851655,0.0177038358438908,0.003));
#8726=CARTESIAN_POINT('',(0.00891681444778848,0.0164940268007455,0.003));
#8727=CARTESIAN_POINT('',(0.00892575097641433,0.0165106516036557,0.003));
#8728=CARTESIAN_POINT('',(0.00893903657095694,0.0165353670608611,0.003));
#8729=CARTESIAN_POINT('',(0.00894497155447191,0.0165453239354523,0.003));
#8730=CARTESIAN_POINT('',(0.00895539001948554,0.0165626099370729,0.003));
#8731=CARTESIAN_POINT('',(0.00896924974260019,0.0165843825997334,0.003));
#8732=CARTESIAN_POINT('',(0.00898802233118401,0.0166127129017308,0.003));
#8733=CARTESIAN_POINT('',(0.00901153493275809,0.0166466617260425,0.003));
#8734=CARTESIAN_POINT('',(0.00904015692575565,0.0166862853394792,0.003));
#8735=CARTESIAN_POINT('',(0.00907407958401578,0.0167313167117142,0.003));
#8736=CARTESIAN_POINT('',(0.00911354169466259,0.0167815792320052,0.003));
#8737=CARTESIAN_POINT('',(0.00915876026827203,0.0168368603123058,0.003));
#8738=CARTESIAN_POINT('',(0.00920995100092908,0.01689694935708,0.003));
#8739=CARTESIAN_POINT('',(0.00926732197953568,0.0169616267259501,0.003));
#8740=CARTESIAN_POINT('',(0.00933107528219298,0.0170306671511948,0.003));
#8741=CARTESIAN_POINT('',(0.00940140628772543,0.0171038389582948,0.003));
#8742=CARTESIAN_POINT('',(0.00947850365881814,0.0171809045075981,0.003));
#8743=CARTESIAN_POINT('',(0.00956254912295564,0.0172616202963878,0.003));
#8744=CARTESIAN_POINT('',(0.0096537173790323,0.0173457371509773,0.003));
#8745=CARTESIAN_POINT('',(0.00975217573328518,0.0174330004504663,0.003));
#8746=CARTESIAN_POINT('',(0.00985808475876272,0.0175231501458828,0.003));
#8747=CARTESIAN_POINT('',(0.00997159501127888,0.017615921624061,0.003));
#8748=CARTESIAN_POINT('',(0.0100928590754863,0.0177110433024321,0.003));
#8749=CARTESIAN_POINT('',(0.0102219842337906,0.0178082469113063,0.003));
#8750=CARTESIAN_POINT('',(0.0103592148259517,0.017907228718339,0.003));
#8751=CARTESIAN_POINT('',(0.0105006081465266,0.0180052899593907,0.003));
#8752=CARTESIAN_POINT('',(0.010598705474443,0.0180698200493046,0.003));
#8753=CARTESIAN_POINT('',(0.0106464673918537,0.0181011804055481,0.003));
#8754=CARTESIAN_POINT('',(0.00908052344273441,0.0167393346229064,0.003));
#8755=CARTESIAN_POINT('',(0.00880067923843953,0.0169561637941347,0.003));
#8756=CARTESIAN_POINT('',(0.0086375938741858,0.016641949166628,0.003));
#8757=CARTESIAN_POINT('',(-3.71156225659039E-15,-7.27109678592354E-15,0.003));
#8758=CARTESIAN_POINT('',(0.00838656940078777,0.0167698525242701,0.003));
#8759=CARTESIAN_POINT('',(0.00854491520234883,0.0170864820795883,0.003));
#8760=CARTESIAN_POINT('',(0.00820500842172487,0.0171854318075255,0.003));
#8761=CARTESIAN_POINT('',(0.00810277595764043,0.016908800128344,0.003));
#8762=CARTESIAN_POINT('',(0.00811097294598999,0.0169258017458459,0.003));
#8763=CARTESIAN_POINT('',(0.00812315909435276,0.0169510773988602,0.003));
#8764=CARTESIAN_POINT('',(0.00812772587932521,0.0169617314054288,0.003));
#8765=CARTESIAN_POINT('',(0.00813558672831457,0.0169803205775038,0.003));
#8766=CARTESIAN_POINT('',(0.0081450546415721,0.0170043309790559,0.003));
#8767=CARTESIAN_POINT('',(0.00815694008662677,0.0170361704559556,0.003));
#8768=CARTESIAN_POINT('',(0.00817058490198576,0.0170751471684742,0.003));
#8769=CARTESIAN_POINT('',(0.00818581749325935,0.0171215930228426,0.003));
#8770=CARTESIAN_POINT('',(0.00820230940043365,0.0171755058063597,0.003));
#8771=CARTESIAN_POINT('',(0.00821977738686672,0.017236974892677,0.003));
#8772=CARTESIAN_POINT('',(0.00823792190959998,0.01730605089092,0.003));
#8773=CARTESIAN_POINT('',(0.00825644581028821,0.0173827845179367,0.003));
#8774=CARTESIAN_POINT('',(0.00827504908572092,0.0174672150181921,0.003));
#8775=CARTESIAN_POINT('',(0.00829343071195589,0.0175593734672603,0.003));
#8776=CARTESIAN_POINT('',(0.00831128841957804,0.0176592817550645,0.003));
#8777=CARTESIAN_POINT('',(0.0083283190609264,0.0177669528318404,0.003));
#8778=CARTESIAN_POINT('',(0.00834421882142957,0.0178823905909055,0.003));
#8779=CARTESIAN_POINT('',(0.00835868342990679,0.018005589906016,0.003));
#8780=CARTESIAN_POINT('',(0.0083714085535838,0.0181365364683508,0.003));
#8781=CARTESIAN_POINT('',(0.00838208942595309,0.0182752073312843,0.003));
#8782=CARTESIAN_POINT('',(0.00839042347597959,0.0184215687613122,0.003));
#8783=CARTESIAN_POINT('',(0.00839610130174104,0.0185755845697829,0.003));
#8784=CARTESIAN_POINT('',(0.00839884280948371,0.0187371838650182,0.003));
#8785=CARTESIAN_POINT('',(0.00839825865527135,0.0189063857926437,0.003));
#8786=CARTESIAN_POINT('',(0.00839448295716518,0.0190784143431916,0.003));
#8787=CARTESIAN_POINT('',(0.00838902873391543,0.0191957065837593,0.003));
#8788=CARTESIAN_POINT('',(0.00838632604439088,0.0192527799415349,0.003));
#8789=CARTESIAN_POINT('',(0.0062267994063971,0.0176858550585628,0.003));
#8790=CARTESIAN_POINT('',(0.00623302521937659,0.0177036731636369,0.003));
#8791=CARTESIAN_POINT('',(0.00624228089687806,0.0177301626574261,0.003));
#8792=CARTESIAN_POINT('',(0.00624658521254726,0.0177409253823398,0.003));
#8793=CARTESIAN_POINT('',(0.00625417128255192,0.0177596283715969,0.003));
#8794=CARTESIAN_POINT('',(0.00626445437464033,0.0177833011150215,0.003));
#8795=CARTESIAN_POINT('',(0.00627856400586998,0.0178142193038423,0.003));
#8796=CARTESIAN_POINT('',(0.0062964763621318,0.0178514283430409,0.003));
#8797=CARTESIAN_POINT('',(0.00631854747212918,0.0178950415902074,0.003));
#8798=CARTESIAN_POINT('',(0.00634500802754908,0.0179448252244227,0.003));
#8799=CARTESIAN_POINT('',(0.0063761215036569,0.0180006421638515,0.003));
#8800=CARTESIAN_POINT('',(0.00641213549536562,0.0180623163856923,0.003));
#8801=CARTESIAN_POINT('',(0.00645329598758348,0.0181296736294916,0.003));
#8802=CARTESIAN_POINT('',(0.00649984286464237,0.018202529510972,0.003));
#8803=CARTESIAN_POINT('',(0.0065520109563621,0.0182806931478116,0.003));
#8804=CARTESIAN_POINT('',(0.00661002947800912,0.0183639662817709,0.003));
#8805=CARTESIAN_POINT('',(0.00667412194454964,0.0184521437122821,0.003));
#8806=CARTESIAN_POINT('',(0.00674450593831853,0.0185450133629931,0.003));
#8807=CARTESIAN_POINT('',(0.00682139298672926,0.0186423564568867,0.003));
#8808=CARTESIAN_POINT('',(0.00690498816768581,0.0187439476803302,0.003));
#8809=CARTESIAN_POINT('',(0.00699549075793776,0.0188495553051447,0.003));
#8810=CARTESIAN_POINT('',(0.00709309085432616,0.0189589415281101,0.003));
#8811=CARTESIAN_POINT('',(0.00719798164780735,0.0190718619797879,0.003));
#8812=CARTESIAN_POINT('',(0.00731031106658772,0.0191880684759994,0.003));
#8813=CARTESIAN_POINT('',(0.00743036795640639,0.0193072992470083,0.003));
#8814=CARTESIAN_POINT('',(0.00755468033279109,0.0194262719799239,0.003));
#8815=CARTESIAN_POINT('',(0.00764147518972305,0.0195053534003639,0.003));
#8816=CARTESIAN_POINT('',(0.00768374323812158,0.0195437992685819,0.003));
#8817=CARTESIAN_POINT('',(0.00635011827402583,0.0179537524634145,0.003));
#8818=CARTESIAN_POINT('',(0.00603979986085443,0.0181241348293441,0.003));
#8819=CARTESIAN_POINT('',(0.00592787634522114,0.0177882765335984,0.003));
#8820=CARTESIAN_POINT('',(-2.52841663026561E-15,-7.76219377486869E-15,0.003));
#8821=CARTESIAN_POINT('',(0.00565993390631226,0.0178753363094566,0.003));
#8822=CARTESIAN_POINT('',(0.00576679843319419,0.0182128383702908,0.003));
#8823=CARTESIAN_POINT('',(0.00541559732132695,0.0182573967274888,0.003));
#8824=CARTESIAN_POINT('',(0.00535789823726638,0.0179681781624932,0.003));
#8825=CARTESIAN_POINT('',(0.0053633346681485,0.0179862527533586,0.003));
#8826=CARTESIAN_POINT('',(0.00537141680154534,0.0180131235547417,0.003));
#8827=CARTESIAN_POINT('',(0.00537426070799854,0.0180243607953742,0.003));
#8828=CARTESIAN_POINT('',(0.00537911678970341,0.0180439508116005,0.003));
#8829=CARTESIAN_POINT('',(0.00538471208291543,0.018069146713212,0.003));
#8830=CARTESIAN_POINT('',(0.00539147040688274,0.0181024534865554,0.003));
#8831=CARTESIAN_POINT('',(0.00539884993075053,0.018143084850456,0.003));
#8832=CARTESIAN_POINT('',(0.00540662925116703,0.0181913417815517,0.003));
#8833=CARTESIAN_POINT('',(0.00541448429814895,0.0182471707119169,0.003));
#8834=CARTESIAN_POINT('',(0.00542212134104801,0.0183106156068925,0.003));
#8835=CARTESIAN_POINT('',(0.00542923660776506,0.0183816795936792,0.003));
#8836=CARTESIAN_POINT('',(0.00543552866460421,0.0184603662789098,0.003));
#8837=CARTESIAN_POINT('',(0.00544069506270543,0.0185466674930431,0.003));
#8838=CARTESIAN_POINT('',(0.00544443362293998,0.0186405668385417,0.003));
#8839=CARTESIAN_POINT('',(0.0054464423729924,0.0187420386504734,0.003));
#8840=CARTESIAN_POINT('',(0.00544641987158928,0.0188510482968929,0.003));
#8841=CARTESIAN_POINT('',(0.00544406543557172,0.0189675520961145,0.003));
#8842=CARTESIAN_POINT('',(0.00543907934176331,0.0190914973865076,0.003));
#8843=CARTESIAN_POINT('',(0.00543116324262403,0.0192228224272817,0.003));
#8844=CARTESIAN_POINT('',(0.00542001971347089,0.0193614568783367,0.003));
#8845=CARTESIAN_POINT('',(0.00540535518550306,0.0195073200889456,0.003));
#8846=CARTESIAN_POINT('',(0.00538686972720174,0.0196603279148749,0.003));
#8847=CARTESIAN_POINT('',(0.00536429778313381,0.0198203665209244,0.003));
#8848=CARTESIAN_POINT('',(0.00533725180779727,0.0199873939101946,0.003));
#8849=CARTESIAN_POINT('',(0.0053066114005236,0.0201567138545069,0.003));
#8850=CARTESIAN_POINT('',(0.00528287577890624,0.0202717088044615,0.003));
#8851=CARTESIAN_POINT('',(0.0052712781237829,0.0203276567007052,0.003));
#8852=CARTESIAN_POINT('',(0.0033834598980578,0.0184421988688506,0.003));
#8853=CARTESIAN_POINT('',(0.00338682169521308,0.0184607715352067,0.003));
#8854=CARTESIAN_POINT('',(0.00339181955017549,0.018488382806329,0.003));
#8855=CARTESIAN_POINT('',(0.00339438721146196,0.0184996863675584,0.003));
#8856=CARTESIAN_POINT('',(0.0033989540922374,0.0185193458147849,0.003));
#8857=CARTESIAN_POINT('',(0.00340540734944473,0.018544335737465,0.003));
#8858=CARTESIAN_POINT('',(0.00341450659737216,0.018577080504689,0.003));
#8859=CARTESIAN_POINT('',(0.00342637764666285,0.0186166335487397,0.003));
#8860=CARTESIAN_POINT('',(0.00344135440968208,0.0186631625267468,0.003));
#8861=CARTESIAN_POINT('',(0.00345970131556978,0.0187164725846454,0.003));
#8862=CARTESIAN_POINT('',(0.00348170004009713,0.0187764695449174,0.003));
#8863=CARTESIAN_POINT('',(0.00350762266590567,0.0188430182842718,0.003));
#8864=CARTESIAN_POINT('',(0.00353773940976209,0.0189159851682079,0.003));
#8865=CARTESIAN_POINT('',(0.00357231604667985,0.0189952256087018,0.003));
#8866=CARTESIAN_POINT('',(0.00361161437590791,0.0190805878089872,0.003));
#8867=CARTESIAN_POINT('',(0.00365589180511412,0.0191719118088798,0.003));
#8868=CARTESIAN_POINT('',(0.00370540119786552,0.0192690298996158,0.003));
#8869=CARTESIAN_POINT('',(0.00376039063374813,0.0193717666532308,0.003));
#8870=CARTESIAN_POINT('',(0.00382110326018757,0.0194799390763937,0.003));
#8871=CARTESIAN_POINT('',(0.00388777687705614,0.0195933567107084,0.003));
#8872=CARTESIAN_POINT('',(0.00396064455794961,0.0197118218547065,0.003));
#8873=CARTESIAN_POINT('',(0.00403993125992104,0.0198351293706176,0.003));
#8874=CARTESIAN_POINT('',(0.00412586602322785,0.0199630681193203,0.003));
#8875=CARTESIAN_POINT('',(0.00421863377939402,0.020095416113265,0.003));
#8876=CARTESIAN_POINT('',(0.0043185607677969,0.020231959990964,0.003));
#8877=CARTESIAN_POINT('',(0.00442273121671573,0.020368914712211,0.003));
#8878=CARTESIAN_POINT('',(0.0044960864252299,0.0204606002161496,0.003));
#8879=CARTESIAN_POINT('',(0.00453181982498515,0.0205051849314721,0.003));
#8880=CARTESIAN_POINT('',(0.00346335211857644,0.0187260893331853,0.003));
#8881=CARTESIAN_POINT('',(0.00313020056574859,0.0188458295145003,0.003));
#8882=CARTESIAN_POINT('',(0.00307219482714348,0.0184965974964065,0.003));
#8883=CARTESIAN_POINT('',(-1.28301299517E-15,-8.06215979183239E-15,0.003));
#8884=CARTESIAN_POINT('',(0.00279393205481966,0.0185406699898642,0.003));
#8885=CARTESIAN_POINT('',(0.00284668394770759,0.0188907341353715,0.003));
#8886=CARTESIAN_POINT('',(0.00249283624154091,0.0188798039471956,0.003));
#8887=CARTESIAN_POINT('',(0.00248109128044606,0.0185851200173174,0.003));
#8888=CARTESIAN_POINT('',(0.00248363329088994,0.018603822525133,0.003));
#8889=CARTESIAN_POINT('',(0.00248741240037356,0.0186316268265759,0.003));
#8890=CARTESIAN_POINT('',(0.00248846340189225,0.0186431706031138,0.003));
#8891=CARTESIAN_POINT('',(0.00249019514346463,0.0186632790922762,0.003));
#8892=CARTESIAN_POINT('',(0.00249178004194257,0.018689040087229,0.003));
#8893=CARTESIAN_POINT('',(0.00249324483245685,0.0187229940337175,0.003));
#8894=CARTESIAN_POINT('',(0.00249417735646458,0.018764279569973,0.003));
#8895=CARTESIAN_POINT('',(0.00249431185333725,0.018813159331997,0.003));
#8896=CARTESIAN_POINT('',(0.00249333662280068,0.018869529715659,0.003));
#8897=CARTESIAN_POINT('',(0.00249095467282365,0.0189333881954172,0.003));
#8898=CARTESIAN_POINT('',(0.0024868654820437,0.0190046903395451,0.003));
#8899=CARTESIAN_POINT('',(0.00248077076371227,0.0190833925556531,0.003));
#8900=CARTESIAN_POINT('',(0.00247237307061446,0.0191694394613549,0.003));
#8901=CARTESIAN_POINT('',(0.00246137650908804,0.0192627675897636,0.003));
#8902=CARTESIAN_POINT('',(0.00244748683947777,0.0193633043530475,0.003));
#8903=CARTESIAN_POINT('',(0.00243041174938241,0.0194709683898335,0.003));
#8904=CARTESIAN_POINT('',(0.0024098610908728,0.0195856695190209,0.003));
#8905=CARTESIAN_POINT('',(0.00238554706895621,0.0197073088402962,0.003));
#8906=CARTESIAN_POINT('',(0.00235718466763347,0.019835778701163,0.003));
#8907=CARTESIAN_POINT('',(0.00232449112762891,0.0199709631000529,0.003));
#8908=CARTESIAN_POINT('',(0.0022871891110141,0.0201127364549055,0.003));
#8909=CARTESIAN_POINT('',(0.0022449955419831,0.0202609687378152,0.003));
#8910=CARTESIAN_POINT('',(0.0021976659422795,0.0204155059730603,0.003));
#8911=CARTESIAN_POINT('',(0.00214482410749202,0.0205762460553192,0.003));
#8912=CARTESIAN_POINT('',(0.0020880734595676,0.0207386881744262,0.003));
#8913=CARTESIAN_POINT('',(0.00204664088936087,0.0208485542764536,0.003));
#8914=CARTESIAN_POINT('',(0.00202643384139829,0.0209019990882795,0.003));
#8915=CARTESIAN_POINT('',(0.000456808377968712,0.0187444345368383,0.003));
#8916=CARTESIAN_POINT('',(0.000457223380696645,0.0187633044437915,0.003));
#8917=CARTESIAN_POINT('',(0.000457840349343895,0.0187913576111155,0.003));
#8918=CARTESIAN_POINT('',(0.000458608131905172,0.0188029236774687,0.003));
#8919=CARTESIAN_POINT('',(0.000460043371690095,0.0188230555018279,0.003));
#8920=CARTESIAN_POINT('',(0.000462507893406767,0.0188487472689304,0.003));
#8921=CARTESIAN_POINT('',(0.000466372704349326,0.0188825123297148,0.003));
#8922=CARTESIAN_POINT('',(0.000471910142037605,0.0189234354514039,0.003));
#8923=CARTESIAN_POINT('',(0.00047942378046813,0.0189717344623924,0.003));
#8924=CARTESIAN_POINT('',(0.000489205275110774,0.0190272582734229,0.003));
#8925=CARTESIAN_POINT('',(0.000501547566450208,0.0190899579302578,0.003));
#8926=CARTESIAN_POINT('',(0.000516740525278906,0.0191597425363002,0.003));
#8927=CARTESIAN_POINT('',(0.000535071946588403,0.0192365223735273,0.003));
#8928=CARTESIAN_POINT('',(0.000556826951810842,0.019320196210406,0.003));
#8929=CARTESIAN_POINT('',(0.000582287863257956,0.0194106550734652,0.003));
#8930=CARTESIAN_POINT('',(0.000611733942767928,0.0195077812393268,0.003));
#8931=CARTESIAN_POINT('',(0.000645441176168418,0.0196114486205771,0.003));
#8932=CARTESIAN_POINT('',(0.000683682031753846,0.0197215227572585,0.003));
#8933=CARTESIAN_POINT('',(0.000726725289865404,0.0198378609456285,0.003));
#8934=CARTESIAN_POINT('',(0.000774835616921632,0.0199603122722462,0.003));
#8935=CARTESIAN_POINT('',(0.000828274144319059,0.0200887179304194,0.003));
#8936=CARTESIAN_POINT('',(0.000887295150133499,0.0202229104990002,0.003));
#8937=CARTESIAN_POINT('',(0.000952157884192206,0.0203627172681305,0.003));
#8938=CARTESIAN_POINT('',(0.00102307972770883,0.0205079479129597,0.003));
#8939=CARTESIAN_POINT('',(0.00110041628060279,0.0206584427339165,0.003));
#8940=CARTESIAN_POINT('',(0.00118187977988146,0.0208100071637312,0.003));
#8941=CARTESIAN_POINT('',(0.00123998909129225,0.0209120391497748,0.003));
#8942=CARTESIAN_POINT('',(0.00126830796750989,0.0209616648885424,0.003));
#8943=CARTESIAN_POINT('',(0.000491306739761016,0.0190373277352455,0.003));
#8944=CARTESIAN_POINT('',(0.000143525344173936,0.0191034773312872,0.003));
#8945=CARTESIAN_POINT('',(0.000140865676391476,0.0187494708421655,0.003));
#8946=CARTESIAN_POINT('',(-6.01732205729505E-18,-8.16360867794685E-15,0.003));
#8947=CARTESIAN_POINT('',(-0.000140865676391481,0.0187494708421655,0.003));
#8948=CARTESIAN_POINT('',(-0.000143525344173941,0.0191034773312873,0.003));
#8949=CARTESIAN_POINT('',(-0.000491306739761023,0.0190373277352456,0.003));
#8950=CARTESIAN_POINT('',(-0.00045680837796871,0.0187444345368383,0.003));
#8951=CARTESIAN_POINT('',(-0.000457223380696643,0.0187633044437915,0.003));
#8952=CARTESIAN_POINT('',(-0.000457840349343893,0.0187913576111155,0.003));
#8953=CARTESIAN_POINT('',(-0.00045860813190517,0.0188029236774687,0.003));
#8954=CARTESIAN_POINT('',(-0.000460043371690092,0.0188230555018279,0.003));
#8955=CARTESIAN_POINT('',(-0.000462507893406765,0.0188487472689304,0.003));
#8956=CARTESIAN_POINT('',(-0.000466372704349323,0.0188825123297148,0.003));
#8957=CARTESIAN_POINT('',(-0.000471910142037603,0.0189234354514039,0.003));
#8958=CARTESIAN_POINT('',(-0.000479423780468128,0.0189717344623924,0.003));
#8959=CARTESIAN_POINT('',(-0.000489205275110771,0.0190272582734229,0.003));
#8960=CARTESIAN_POINT('',(-0.000501547566450206,0.0190899579302578,0.003));
#8961=CARTESIAN_POINT('',(-0.000516740525278904,0.0191597425363002,0.003));
#8962=CARTESIAN_POINT('',(-0.000535071946588401,0.0192365223735273,0.003));
#8963=CARTESIAN_POINT('',(-0.00055682695181084,0.019320196210406,0.003));
#8964=CARTESIAN_POINT('',(-0.000582287863257954,0.0194106550734652,0.003));
#8965=CARTESIAN_POINT('',(-0.000611733942767926,0.0195077812393268,0.003));
#8966=CARTESIAN_POINT('',(-0.000645441176168415,0.0196114486205771,0.003));
#8967=CARTESIAN_POINT('',(-0.000683682031753844,0.0197215227572585,0.003));
#8968=CARTESIAN_POINT('',(-0.000726725289865402,0.0198378609456285,0.003));
#8969=CARTESIAN_POINT('',(-0.00077483561692163,0.0199603122722462,0.003));
#8970=CARTESIAN_POINT('',(-0.000828274144319057,0.0200887179304194,0.003));
#8971=CARTESIAN_POINT('',(-0.000887295150133496,0.0202229104990002,0.003));
#8972=CARTESIAN_POINT('',(-0.000952157884192203,0.0203627172681305,0.003));
#8973=CARTESIAN_POINT('',(-0.00102307972770883,0.0205079479129597,0.003));
#8974=CARTESIAN_POINT('',(-0.00110041628060278,0.0206584427339165,0.003));
#8975=CARTESIAN_POINT('',(-0.00118187977988146,0.0208100071637312,0.003));
#8976=CARTESIAN_POINT('',(-0.00123998909129225,0.0209120391497748,0.003));
#8977=CARTESIAN_POINT('',(-0.00126830796750989,0.0209616648885424,0.003));
#8978=CARTESIAN_POINT('',(-0.00248109128044606,0.0185851200173174,0.003));
#8979=CARTESIAN_POINT('',(-0.00248363329088994,0.018603822525133,0.003));
#8980=CARTESIAN_POINT('',(-0.00248741240037355,0.0186316268265759,0.003));
#8981=CARTESIAN_POINT('',(-0.00248846340189224,0.0186431706031138,0.003));
#8982=CARTESIAN_POINT('',(-0.00249019514346463,0.0186632790922762,0.003));
#8983=CARTESIAN_POINT('',(-0.00249178004194256,0.018689040087229,0.003));
#8984=CARTESIAN_POINT('',(-0.00249324483245685,0.0187229940337175,0.003));
#8985=CARTESIAN_POINT('',(-0.00249417735646458,0.018764279569973,0.003));
#8986=CARTESIAN_POINT('',(-0.00249431185333725,0.018813159331997,0.003));
#8987=CARTESIAN_POINT('',(-0.00249333662280068,0.018869529715659,0.003));
#8988=CARTESIAN_POINT('',(-0.00249095467282365,0.0189333881954172,0.003));
#8989=CARTESIAN_POINT('',(-0.0024868654820437,0.0190046903395451,0.003));
#8990=CARTESIAN_POINT('',(-0.00248077076371227,0.0190833925556531,0.003));
#8991=CARTESIAN_POINT('',(-0.00247237307061446,0.0191694394613549,0.003));
#8992=CARTESIAN_POINT('',(-0.00246137650908804,0.0192627675897636,0.003));
#8993=CARTESIAN_POINT('',(-0.00244748683947777,0.0193633043530475,0.003));
#8994=CARTESIAN_POINT('',(-0.00243041174938241,0.0194709683898335,0.003));
#8995=CARTESIAN_POINT('',(-0.0024098610908728,0.0195856695190209,0.003));
#8996=CARTESIAN_POINT('',(-0.00238554706895621,0.0197073088402962,0.003));
#8997=CARTESIAN_POINT('',(-0.00235718466763347,0.019835778701163,0.003));
#8998=CARTESIAN_POINT('',(-0.0023244911276289,0.0199709631000529,0.003));
#8999=CARTESIAN_POINT('',(-0.0022871891110141,0.0201127364549055,0.003));
#9000=CARTESIAN_POINT('',(-0.0022449955419831,0.0202609687378152,0.003));
#9001=CARTESIAN_POINT('',(-0.0021976659422795,0.0204155059730603,0.003));
#9002=CARTESIAN_POINT('',(-0.00214482410749202,0.0205762460553192,0.003));
#9003=CARTESIAN_POINT('',(-0.0020880734595676,0.0207386881744262,0.003));
#9004=CARTESIAN_POINT('',(-0.00204664088936087,0.0208485542764536,0.003));
#9005=CARTESIAN_POINT('',(-0.00202643384139829,0.0209019990882795,0.003));
#9006=CARTESIAN_POINT('',(-0.00249283624154091,0.0188798039471956,0.003));
#9007=CARTESIAN_POINT('',(-0.00284668394770759,0.0188907341353714,0.003));
#9008=CARTESIAN_POINT('',(-0.00279393205481966,0.0185406699898642,0.003));
#9009=CARTESIAN_POINT('',(1.27112651749481E-15,-8.0640424249464E-15,0.003));
#9010=CARTESIAN_POINT('',(-0.00307219482714349,0.0184965974964065,0.003));
#9011=CARTESIAN_POINT('',(-0.0031302005657486,0.0188458295145004,0.003));
#9012=CARTESIAN_POINT('',(-0.00346335211857645,0.0187260893331853,0.003));
#9013=CARTESIAN_POINT('',(-0.0033834598980578,0.0184421988688506,0.003));
#9014=CARTESIAN_POINT('',(-0.00338682169521308,0.0184607715352067,0.003));
#9015=CARTESIAN_POINT('',(-0.00339181955017549,0.018488382806329,0.003));
#9016=CARTESIAN_POINT('',(-0.00339438721146196,0.0184996863675584,0.003));
#9017=CARTESIAN_POINT('',(-0.0033989540922374,0.0185193458147849,0.003));
#9018=CARTESIAN_POINT('',(-0.00340540734944472,0.018544335737465,0.003));
#9019=CARTESIAN_POINT('',(-0.00341450659737216,0.018577080504689,0.003));
#9020=CARTESIAN_POINT('',(-0.00342637764666285,0.0186166335487397,0.003));
#9021=CARTESIAN_POINT('',(-0.00344135440968207,0.0186631625267468,0.003));
#9022=CARTESIAN_POINT('',(-0.00345970131556978,0.0187164725846454,0.003));
#9023=CARTESIAN_POINT('',(-0.00348170004009713,0.0187764695449174,0.003));
#9024=CARTESIAN_POINT('',(-0.00350762266590567,0.0188430182842718,0.003));
#9025=CARTESIAN_POINT('',(-0.00353773940976208,0.0189159851682079,0.003));
#9026=CARTESIAN_POINT('',(-0.00357231604667985,0.0189952256087018,0.003));
#9027=CARTESIAN_POINT('',(-0.00361161437590791,0.0190805878089872,0.003));
#9028=CARTESIAN_POINT('',(-0.00365589180511411,0.0191719118088798,0.003));
#9029=CARTESIAN_POINT('',(-0.00370540119786552,0.0192690298996158,0.003));
#9030=CARTESIAN_POINT('',(-0.00376039063374813,0.0193717666532308,0.003));
#9031=CARTESIAN_POINT('',(-0.00382110326018757,0.0194799390763937,0.003));
#9032=CARTESIAN_POINT('',(-0.00388777687705614,0.0195933567107084,0.003));
#9033=CARTESIAN_POINT('',(-0.00396064455794961,0.0197118218547065,0.003));
#9034=CARTESIAN_POINT('',(-0.00403993125992104,0.0198351293706176,0.003));
#9035=CARTESIAN_POINT('',(-0.00412586602322785,0.0199630681193203,0.003));
#9036=CARTESIAN_POINT('',(-0.00421863377939402,0.020095416113265,0.003));
#9037=CARTESIAN_POINT('',(-0.0043185607677969,0.020231959990964,0.003));
#9038=CARTESIAN_POINT('',(-0.00442273121671573,0.020368914712211,0.003));
#9039=CARTESIAN_POINT('',(-0.0044960864252299,0.0204606002161496,0.003));
#9040=CARTESIAN_POINT('',(-0.00453181982498515,0.0205051849314721,0.003));
#9041=CARTESIAN_POINT('',(-0.00535789823726638,0.0179681781624932,0.003));
#9042=CARTESIAN_POINT('',(-0.0053633346681485,0.0179862527533586,0.003));
#9043=CARTESIAN_POINT('',(-0.00537141680154534,0.0180131235547417,0.003));
#9044=CARTESIAN_POINT('',(-0.00537426070799854,0.0180243607953742,0.003));
#9045=CARTESIAN_POINT('',(-0.0053791167897034,0.0180439508116005,0.003));
#9046=CARTESIAN_POINT('',(-0.00538471208291543,0.018069146713212,0.003));
#9047=CARTESIAN_POINT('',(-0.00539147040688274,0.0181024534865554,0.003));
#9048=CARTESIAN_POINT('',(-0.00539884993075053,0.018143084850456,0.003));
#9049=CARTESIAN_POINT('',(-0.00540662925116703,0.0181913417815517,0.003));
#9050=CARTESIAN_POINT('',(-0.00541448429814895,0.0182471707119169,0.003));
#9051=CARTESIAN_POINT('',(-0.005422121341048,0.0183106156068925,0.003));
#9052=CARTESIAN_POINT('',(-0.00542923660776505,0.0183816795936792,0.003));
#9053=CARTESIAN_POINT('',(-0.00543552866460421,0.0184603662789098,0.003));
#9054=CARTESIAN_POINT('',(-0.00544069506270543,0.0185466674930431,0.003));
#9055=CARTESIAN_POINT('',(-0.00544443362293998,0.0186405668385417,0.003));
#9056=CARTESIAN_POINT('',(-0.0054464423729924,0.0187420386504734,0.003));
#9057=CARTESIAN_POINT('',(-0.00544641987158928,0.0188510482968929,0.003));
#9058=CARTESIAN_POINT('',(-0.00544406543557172,0.0189675520961145,0.003));
#9059=CARTESIAN_POINT('',(-0.00543907934176331,0.0190914973865076,0.003));
#9060=CARTESIAN_POINT('',(-0.00543116324262402,0.0192228224272817,0.003));
#9061=CARTESIAN_POINT('',(-0.00542001971347089,0.0193614568783367,0.003));
#9062=CARTESIAN_POINT('',(-0.00540535518550306,0.0195073200889456,0.003));
#9063=CARTESIAN_POINT('',(-0.00538686972720174,0.0196603279148749,0.003));
#9064=CARTESIAN_POINT('',(-0.0053642977831338,0.0198203665209244,0.003));
#9065=CARTESIAN_POINT('',(-0.00533725180779727,0.0199873939101946,0.003));
#9066=CARTESIAN_POINT('',(-0.00530661140052359,0.0201567138545069,0.003));
#9067=CARTESIAN_POINT('',(-0.00528287577890624,0.0202717088044615,0.003));
#9068=CARTESIAN_POINT('',(-0.0052712781237829,0.0203276567007053,0.003));
#9069=CARTESIAN_POINT('',(-0.00541559732132694,0.0182573967274888,0.003));
#9070=CARTESIAN_POINT('',(-0.00576679843319418,0.0182128383702907,0.003));
#9071=CARTESIAN_POINT('',(-0.00565993390631226,0.0178753363094566,0.003));
#9072=CARTESIAN_POINT('',(2.51697100355914E-15,-7.76591268442135E-15,0.003));
#9073=CARTESIAN_POINT('',(-0.00592787634522114,0.0177882765335984,0.003));
#9074=CARTESIAN_POINT('',(-0.00603979986085446,0.0181241348293442,0.003));
#9075=CARTESIAN_POINT('',(-0.00635011827402585,0.0179537524634146,0.003));
#9076=CARTESIAN_POINT('',(-0.0062267994063971,0.0176858550585628,0.003));
#9077=CARTESIAN_POINT('',(-0.00623302521937658,0.0177036731636369,0.003));
#9078=CARTESIAN_POINT('',(-0.00624228089687806,0.0177301626574261,0.003));
#9079=CARTESIAN_POINT('',(-0.00624658521254726,0.0177409253823398,0.003));
#9080=CARTESIAN_POINT('',(-0.00625417128255192,0.0177596283715969,0.003));
#9081=CARTESIAN_POINT('',(-0.00626445437464033,0.0177833011150215,0.003));
#9082=CARTESIAN_POINT('',(-0.00627856400586998,0.0178142193038423,0.003));
#9083=CARTESIAN_POINT('',(-0.0062964763621318,0.0178514283430409,0.003));
#9084=CARTESIAN_POINT('',(-0.00631854747212917,0.0178950415902074,0.003));
#9085=CARTESIAN_POINT('',(-0.00634500802754908,0.0179448252244227,0.003));
#9086=CARTESIAN_POINT('',(-0.0063761215036569,0.0180006421638515,0.003));
#9087=CARTESIAN_POINT('',(-0.00641213549536562,0.0180623163856924,0.003));
#9088=CARTESIAN_POINT('',(-0.00645329598758348,0.0181296736294916,0.003));
#9089=CARTESIAN_POINT('',(-0.00649984286464237,0.018202529510972,0.003));
#9090=CARTESIAN_POINT('',(-0.0065520109563621,0.0182806931478117,0.003));
#9091=CARTESIAN_POINT('',(-0.00661002947800912,0.0183639662817709,0.003));
#9092=CARTESIAN_POINT('',(-0.00667412194454964,0.0184521437122821,0.003));
#9093=CARTESIAN_POINT('',(-0.00674450593831853,0.0185450133629931,0.003));
#9094=CARTESIAN_POINT('',(-0.00682139298672926,0.0186423564568867,0.003));
#9095=CARTESIAN_POINT('',(-0.00690498816768581,0.0187439476803302,0.003));
#9096=CARTESIAN_POINT('',(-0.00699549075793775,0.0188495553051447,0.003));
#9097=CARTESIAN_POINT('',(-0.00709309085432616,0.0189589415281101,0.003));
#9098=CARTESIAN_POINT('',(-0.00719798164780734,0.0190718619797879,0.003));
#9099=CARTESIAN_POINT('',(-0.00731031106658772,0.0191880684759994,0.003));
#9100=CARTESIAN_POINT('',(-0.00743036795640638,0.0193072992470083,0.003));
#9101=CARTESIAN_POINT('',(-0.00755468033279109,0.0194262719799239,0.003));
#9102=CARTESIAN_POINT('',(-0.00764147518972305,0.0195053534003639,0.003));
#9103=CARTESIAN_POINT('',(-0.00768374323812158,0.0195437992685819,0.003));
#9104=CARTESIAN_POINT('',(-0.00810277595764043,0.016908800128344,0.003));
#9105=CARTESIAN_POINT('',(-0.00811097294598999,0.0169258017458459,0.003));
#9106=CARTESIAN_POINT('',(-0.00812315909435276,0.0169510773988602,0.003));
#9107=CARTESIAN_POINT('',(-0.00812772587932521,0.0169617314054288,0.003));
#9108=CARTESIAN_POINT('',(-0.00813558672831457,0.0169803205775039,0.003));
#9109=CARTESIAN_POINT('',(-0.0081450546415721,0.0170043309790559,0.003));
#9110=CARTESIAN_POINT('',(-0.00815694008662676,0.0170361704559556,0.003));
#9111=CARTESIAN_POINT('',(-0.00817058490198576,0.0170751471684742,0.003));
#9112=CARTESIAN_POINT('',(-0.00818581749325934,0.0171215930228426,0.003));
#9113=CARTESIAN_POINT('',(-0.00820230940043365,0.0171755058063597,0.003));
#9114=CARTESIAN_POINT('',(-0.00821977738686672,0.017236974892677,0.003));
#9115=CARTESIAN_POINT('',(-0.00823792190959998,0.01730605089092,0.003));
#9116=CARTESIAN_POINT('',(-0.00825644581028821,0.0173827845179367,0.003));
#9117=CARTESIAN_POINT('',(-0.00827504908572092,0.0174672150181921,0.003));
#9118=CARTESIAN_POINT('',(-0.00829343071195589,0.0175593734672603,0.003));
#9119=CARTESIAN_POINT('',(-0.00831128841957804,0.0176592817550645,0.003));
#9120=CARTESIAN_POINT('',(-0.0083283190609264,0.0177669528318404,0.003));
#9121=CARTESIAN_POINT('',(-0.00834421882142957,0.0178823905909055,0.003));
#9122=CARTESIAN_POINT('',(-0.00835868342990679,0.018005589906016,0.003));
#9123=CARTESIAN_POINT('',(-0.0083714085535838,0.0181365364683508,0.003));
#9124=CARTESIAN_POINT('',(-0.00838208942595308,0.0182752073312843,0.003));
#9125=CARTESIAN_POINT('',(-0.00839042347597959,0.0184215687613122,0.003));
#9126=CARTESIAN_POINT('',(-0.00839610130174104,0.0185755845697829,0.003));
#9127=CARTESIAN_POINT('',(-0.00839884280948371,0.0187371838650182,0.003));
#9128=CARTESIAN_POINT('',(-0.00839825865527135,0.0189063857926437,0.003));
#9129=CARTESIAN_POINT('',(-0.00839448295716518,0.0190784143431916,0.003));
#9130=CARTESIAN_POINT('',(-0.00838902873391543,0.0191957065837593,0.003));
#9131=CARTESIAN_POINT('',(-0.00838632604439087,0.019252779941535,0.003));
#9132=CARTESIAN_POINT('',(-0.00820500842172485,0.0171854318075254,0.003));
#9133=CARTESIAN_POINT('',(-0.00854491520234881,0.0170864820795883,0.003));
#9134=CARTESIAN_POINT('',(-0.00838656940078777,0.0167698525242701,0.003));
#9135=CARTESIAN_POINT('',(3.700839310168E-15,-7.27656040001931E-15,0.003));
#9136=CARTESIAN_POINT('',(-0.0086375938741858,0.016641949166628,0.003));
#9137=CARTESIAN_POINT('',(-0.00880067923843956,0.0169561637941347,0.003));
#9138=CARTESIAN_POINT('',(-0.00908052344273444,0.0167393346229064,0.003));
#9139=CARTESIAN_POINT('',(-0.00891681444778848,0.0164940268007455,0.003));
#9140=CARTESIAN_POINT('',(-0.00892575097641433,0.0165106516036557,0.003));
#9141=CARTESIAN_POINT('',(-0.00893903657095694,0.0165353670608611,0.003));
#9142=CARTESIAN_POINT('',(-0.00894497155447191,0.0165453239354523,0.003));
#9143=CARTESIAN_POINT('',(-0.00895539001948554,0.0165626099370729,0.003));
#9144=CARTESIAN_POINT('',(-0.00896924974260019,0.0165843825997334,0.003));
#9145=CARTESIAN_POINT('',(-0.00898802233118401,0.0166127129017308,0.003));
#9146=CARTESIAN_POINT('',(-0.00901153493275808,0.0166466617260425,0.003));
#9147=CARTESIAN_POINT('',(-0.00904015692575565,0.0166862853394792,0.003));
#9148=CARTESIAN_POINT('',(-0.00907407958401578,0.0167313167117142,0.003));
#9149=CARTESIAN_POINT('',(-0.00911354169466259,0.0167815792320053,0.003));
#9150=CARTESIAN_POINT('',(-0.00915876026827203,0.0168368603123058,0.003));
#9151=CARTESIAN_POINT('',(-0.00920995100092908,0.0168969493570801,0.003));
#9152=CARTESIAN_POINT('',(-0.00926732197953568,0.0169616267259501,0.003));
#9153=CARTESIAN_POINT('',(-0.00933107528219298,0.0170306671511948,0.003));
#9154=CARTESIAN_POINT('',(-0.00940140628772543,0.0171038389582948,0.003));
#9155=CARTESIAN_POINT('',(-0.00947850365881814,0.0171809045075981,0.003));
#9156=CARTESIAN_POINT('',(-0.00956254912295563,0.0172616202963878,0.003));
#9157=CARTESIAN_POINT('',(-0.0096537173790323,0.0173457371509773,0.003));
#9158=CARTESIAN_POINT('',(-0.00975217573328518,0.0174330004504663,0.003));
#9159=CARTESIAN_POINT('',(-0.00985808475876272,0.0175231501458828,0.003));
#9160=CARTESIAN_POINT('',(-0.00997159501127887,0.017615921624061,0.003));
#9161=CARTESIAN_POINT('',(-0.0100928590754863,0.0177110433024321,0.003));
#9162=CARTESIAN_POINT('',(-0.0102219842337906,0.0178082469113063,0.003));
#9163=CARTESIAN_POINT('',(-0.0103592148259517,0.017907228718339,0.003));
#9164=CARTESIAN_POINT('',(-0.0105006081465266,0.0180052899593907,0.003));
#9165=CARTESIAN_POINT('',(-0.010598705474443,0.0180698200493046,0.003));
#9166=CARTESIAN_POINT('',(-0.0106464673918537,0.0181011804055481,0.003));
#9167=CARTESIAN_POINT('',(-0.0106481364423657,0.0154330713179445,0.003));
#9168=CARTESIAN_POINT('',(-0.0106588921511253,0.0154485813258351,0.003));
#9169=CARTESIAN_POINT('',(-0.0106748822510378,0.0154716394600182,0.003));
#9170=CARTESIAN_POINT('',(-0.0106810594651272,0.0154814478955225,0.003));
#9171=CARTESIAN_POINT('',(-0.0106917315212103,0.015498578496336,0.003));
#9172=CARTESIAN_POINT('',(-0.0107048389230667,0.0155208121820564,0.003));
#9173=CARTESIAN_POINT('',(-0.010721558830106,0.015550400368922,0.003));
#9174=CARTESIAN_POINT('',(-0.0107411329563175,0.0155867626940401,0.003));
#9175=CARTESIAN_POINT('',(-0.0107634437414969,0.0156302538206017,0.003));
#9176=CARTESIAN_POINT('',(-0.0107881664233755,0.0156809229456143,0.003));
#9177=CARTESIAN_POINT('',(-0.0108150352335436,0.0157389026503639,0.003));
#9178=CARTESIAN_POINT('',(-0.0108437622339252,0.0158042897797363,0.003));
#9179=CARTESIAN_POINT('',(-0.0108740618585503,0.0158771809119776,0.003));
#9180=CARTESIAN_POINT('',(-0.0109056439369326,0.0159576617392302,0.003));
#9181=CARTESIAN_POINT('',(-0.0109382160125249,0.0160458100449955,0.003));
#9182=CARTESIAN_POINT('',(-0.0109714829616888,0.0161416947350499,0.003));
#9183=CARTESIAN_POINT('',(-0.0110051473948772,0.0162453760229322,0.003));
#9184=CARTESIAN_POINT('',(-0.0110389098470292,0.0163569052810966,0.003));
#9185=CARTESIAN_POINT('',(-0.0110724689911261,0.0164763250449114,0.003));
#9186=CARTESIAN_POINT('',(-0.0111055220028422,0.0166036687898555,0.003));
#9187=CARTESIAN_POINT('',(-0.0111377642782084,0.0167389615278,0.003));
#9188=CARTESIAN_POINT('',(-0.0111688916942585,0.0168822172730939,0.003));
#9189=CARTESIAN_POINT('',(-0.0111985929971688,0.017033448683752,0.003));
#9190=CARTESIAN_POINT('',(-0.0112265804517029,0.0171926295572073,0.003));
#9191=CARTESIAN_POINT('',(-0.0112524725024301,0.0173598397101809,0.003));
#9192=CARTESIAN_POINT('',(-0.0112756544837097,0.0175303409531199,0.003));
#9193=CARTESIAN_POINT('',(-0.0112886159599055,0.0176470423600672,0.003));
#9194=CARTESIAN_POINT('',(-0.0112948747851655,0.0177038358438908,0.003));
#9195=CARTESIAN_POINT('',(-0.0107923849839181,0.0156903045212826,0.003));
#9196=CARTESIAN_POINT('',(-0.0111126278002739,0.0155393998933035,0.003));
#9197=CARTESIAN_POINT('',(-0.0109066997231878,0.0152514393139866,0.003));
#9198=CARTESIAN_POINT('',(4.79358067057904E-15,-6.60803504904938E-15,0.003));
#9199=CARTESIAN_POINT('',(-0.0111346251754375,0.0150858417797124,0.003));
#9200=CARTESIAN_POINT('',(-0.0113448566853944,0.0153706757320323,0.003));
#9201=CARTESIAN_POINT('',(-0.0115873359877534,0.0151127388093158,0.003));
#9202=CARTESIAN_POINT('',(-0.0113872679242648,0.0148960608625573,0.003));
#9203=CARTESIAN_POINT('',(-0.0113986951215436,0.0149110830054815,0.003));
#9204=CARTESIAN_POINT('',(-0.0114156834976974,0.0149334158495207,0.003));
#9205=CARTESIAN_POINT('',(-0.0114231030100669,0.014942321702492,0.003));
#9206=CARTESIAN_POINT('',(-0.0114360973329039,0.0149577650777472,0.003));
#9207=CARTESIAN_POINT('',(-0.011453192414664,0.0149771015444297,0.003));
#9208=CARTESIAN_POINT('',(-0.0114761657171684,0.0150021463735455,0.003));
#9209=CARTESIAN_POINT('',(-0.0115046996057701,0.0150319990502462,0.003));
#9210=CARTESIAN_POINT('',(-0.0115391677133093,0.0150666573650868,0.003));
#9211=CARTESIAN_POINT('',(-0.0115797171859804,0.0151058276535067,0.003));
#9212=CARTESIAN_POINT('',(-0.0116265562430349,0.0151492981245987,0.003));
#9213=CARTESIAN_POINT('',(-0.0116798659671909,0.0151968248596946,0.003));
#9214=CARTESIAN_POINT('',(-0.0117398264545569,0.0152481661137374,0.003));
#9215=CARTESIAN_POINT('',(-0.0118066088708145,0.0153030723985235,0.003));
#9216=CARTESIAN_POINT('',(-0.0118803775665129,0.0153612896077717,0.003));
#9217=CARTESIAN_POINT('',(-0.0119612892731593,0.0154225583552785,0.003));
#9218=CARTESIAN_POINT('',(-0.0120494931556564,0.015486614413784,0.003));
#9219=CARTESIAN_POINT('',(-0.0121451306119045,0.0155531888500521,0.003));
#9220=CARTESIAN_POINT('',(-0.0122483352106124,0.0156220082292097,0.003));
#9221=CARTESIAN_POINT('',(-0.0123592323667154,0.0156927948927006,0.003));
#9222=CARTESIAN_POINT('',(-0.0124779399957194,0.0157652668740281,0.003));
#9223=CARTESIAN_POINT('',(-0.0126045654052274,0.0158391392657356,0.003));
#9224=CARTESIAN_POINT('',(-0.012739216816448,0.0159141199593877,0.003));
#9225=CARTESIAN_POINT('',(-0.0128819582243368,0.015989927205474,0.003));
#9226=CARTESIAN_POINT('',(-0.0130329834462192,0.0160662227879392,0.003));
#9227=CARTESIAN_POINT('',(-0.0131879761381741,0.0161409579439259,0.003));
#9228=CARTESIAN_POINT('',(-0.0132949604552954,0.0161893477583369,0.003));
#9229=CARTESIAN_POINT('',(-0.0133470401847988,0.0162128504065561,0.003));
#9230=CARTESIAN_POINT('',(-0.0129313044687412,0.0135773290722702,0.003));
#9231=CARTESIAN_POINT('',(-0.012944354056665,0.0135909655626803,0.003));
#9232=CARTESIAN_POINT('',(-0.0129637543787993,0.0136112384102431,0.003));
#9233=CARTESIAN_POINT('',(-0.0129713899184937,0.0136199597584486,0.003));
#9234=CARTESIAN_POINT('',(-0.0129846104002312,0.0136352099757552,0.003));
#9235=CARTESIAN_POINT('',(-0.0130010345429519,0.0136551194785124,0.003));
#9236=CARTESIAN_POINT('',(-0.0130221772123742,0.0136817278159857,0.003));
#9237=CARTESIAN_POINT('',(-0.0130471986694881,0.0137145803925791,0.003));
#9238=CARTESIAN_POINT('',(-0.0130760382829971,0.0137540458954593,0.003));
#9239=CARTESIAN_POINT('',(-0.0131083829851022,0.0138002237199483,0.003));
#9240=CARTESIAN_POINT('',(-0.0131439910197266,0.0138532863903757,0.003));
#9241=CARTESIAN_POINT('',(-0.0131825931436676,0.0139133746027449,0.003));
#9242=CARTESIAN_POINT('',(-0.0132239224149126,0.0139806284186233,0.003));
#9243=CARTESIAN_POINT('',(-0.0132677056406598,0.0140551778678056,0.003));
#9244=CARTESIAN_POINT('',(-0.013313666133008,0.0141371455264326,0.003));
#9245=CARTESIAN_POINT('',(-0.0133615231810185,0.0142266456194449,0.003));
#9246=CARTESIAN_POINT('',(-0.013410992475976,0.0143237841410274,0.003));
#9247=CARTESIAN_POINT('',(-0.0134617862761537,0.0144286586778108,0.003));
#9248=CARTESIAN_POINT('',(-0.0135136136183661,0.0145413583794133,0.003));
#9249=CARTESIAN_POINT('',(-0.0135661806432762,0.0146619636813365,0.003));
#9250=CARTESIAN_POINT('',(-0.0136191904098139,0.0147905469380728,0.003));
#9251=CARTESIAN_POINT('',(-0.0136723447315983,0.014927169566745,0.003));
#9252=CARTESIAN_POINT('',(-0.013725338167007,0.0150718927603521,0.003));
#9253=CARTESIAN_POINT('',(-0.0137778824243169,0.0152247356506316,0.003));
#9254=CARTESIAN_POINT('',(-0.013829613131764,0.0153858367600486,0.003));
#9255=CARTESIAN_POINT('',(-0.0138791819751135,0.0155506123889164,0.003));
#9256=CARTESIAN_POINT('',(-0.0139102399961942,0.0156638493862945,0.003));
#9257=CARTESIAN_POINT('',(-0.0139253062231891,0.0157189645521074,0.003));
#9258=CARTESIAN_POINT('',(-0.0131140172099351,0.0138088298645905,0.003));
#9259=CARTESIAN_POINT('',(-0.0134067106210591,0.0136096861093342,0.003));
#9260=CARTESIAN_POINT('',(-0.0131582709011418,0.0133574850511675,0.003));
#9261=CARTESIAN_POINT('',(5.76828816589827E-15,-5.77679794436086E-15,0.003));
#9262=CARTESIAN_POINT('',(-0.0133574850511675,0.0131582709011418,0.003));
#9263=CARTESIAN_POINT('',(-0.0136096861093342,0.0134067106210592,0.003));
#9264=CARTESIAN_POINT('',(-0.0138088298645905,0.0131140172099352,0.003));
#9265=CARTESIAN_POINT('',(-0.0135773290722702,0.0129313044687412,0.003));
#9266=CARTESIAN_POINT('',(-0.0135909655626803,0.012944354056665,0.003));
#9267=CARTESIAN_POINT('',(-0.0136112384102431,0.0129637543787993,0.003));
#9268=CARTESIAN_POINT('',(-0.0136199597584486,0.0129713899184938,0.003));
#9269=CARTESIAN_POINT('',(-0.0136352099757552,0.0129846104002312,0.003));
#9270=CARTESIAN_POINT('',(-0.0136551194785124,0.0130010345429519,0.003));
#9271=CARTESIAN_POINT('',(-0.0136817278159857,0.0130221772123742,0.003));
#9272=CARTESIAN_POINT('',(-0.0137145803925791,0.0130471986694881,0.003));
#9273=CARTESIAN_POINT('',(-0.0137540458954593,0.0130760382829971,0.003));
#9274=CARTESIAN_POINT('',(-0.0138002237199483,0.0131083829851022,0.003));
#9275=CARTESIAN_POINT('',(-0.0138532863903757,0.0131439910197266,0.003));
#9276=CARTESIAN_POINT('',(-0.0139133746027449,0.0131825931436676,0.003));
#9277=CARTESIAN_POINT('',(-0.0139806284186233,0.0132239224149126,0.003));
#9278=CARTESIAN_POINT('',(-0.0140551778678056,0.0132677056406598,0.003));
#9279=CARTESIAN_POINT('',(-0.0141371455264326,0.013313666133008,0.003));
#9280=CARTESIAN_POINT('',(-0.0142266456194449,0.0133615231810185,0.003));
#9281=CARTESIAN_POINT('',(-0.0143237841410274,0.013410992475976,0.003));
#9282=CARTESIAN_POINT('',(-0.0144286586778108,0.0134617862761537,0.003));
#9283=CARTESIAN_POINT('',(-0.0145413583794133,0.0135136136183661,0.003));
#9284=CARTESIAN_POINT('',(-0.0146619636813365,0.0135661806432762,0.003));
#9285=CARTESIAN_POINT('',(-0.0147905469380728,0.0136191904098139,0.003));
#9286=CARTESIAN_POINT('',(-0.014927169566745,0.0136723447315983,0.003));
#9287=CARTESIAN_POINT('',(-0.0150718927603521,0.013725338167007,0.003));
#9288=CARTESIAN_POINT('',(-0.0152247356506316,0.0137778824243169,0.003));
#9289=CARTESIAN_POINT('',(-0.0153858367600486,0.013829613131764,0.003));
#9290=CARTESIAN_POINT('',(-0.0155506123889164,0.0138791819751135,0.003));
#9291=CARTESIAN_POINT('',(-0.0156638493862945,0.0139102399961942,0.003));
#9292=CARTESIAN_POINT('',(-0.0157189645521074,0.0139253062231891,0.003));
#9293=CARTESIAN_POINT('',(-0.0148960608625572,0.0113872679242648,0.003));
#9294=CARTESIAN_POINT('',(-0.0149110830054815,0.0113986951215436,0.003));
#9295=CARTESIAN_POINT('',(-0.0149334158495207,0.0114156834976974,0.003));
#9296=CARTESIAN_POINT('',(-0.014942321702492,0.0114231030100669,0.003));
#9297=CARTESIAN_POINT('',(-0.0149577650777472,0.0114360973329039,0.003));
#9298=CARTESIAN_POINT('',(-0.0149771015444297,0.011453192414664,0.003));
#9299=CARTESIAN_POINT('',(-0.0150021463735455,0.0114761657171684,0.003));
#9300=CARTESIAN_POINT('',(-0.0150319990502462,0.0115046996057701,0.003));
#9301=CARTESIAN_POINT('',(-0.0150666573650868,0.0115391677133093,0.003));
#9302=CARTESIAN_POINT('',(-0.0151058276535067,0.0115797171859804,0.003));
#9303=CARTESIAN_POINT('',(-0.0151492981245987,0.0116265562430349,0.003));
#9304=CARTESIAN_POINT('',(-0.0151968248596946,0.0116798659671909,0.003));
#9305=CARTESIAN_POINT('',(-0.0152481661137374,0.0117398264545569,0.003));
#9306=CARTESIAN_POINT('',(-0.0153030723985235,0.0118066088708145,0.003));
#9307=CARTESIAN_POINT('',(-0.0153612896077717,0.0118803775665129,0.003));
#9308=CARTESIAN_POINT('',(-0.0154225583552785,0.0119612892731593,0.003));
#9309=CARTESIAN_POINT('',(-0.015486614413784,0.0120494931556564,0.003));
#9310=CARTESIAN_POINT('',(-0.0155531888500521,0.0121451306119046,0.003));
#9311=CARTESIAN_POINT('',(-0.0156220082292097,0.0122483352106124,0.003));
#9312=CARTESIAN_POINT('',(-0.0156927948927006,0.0123592323667154,0.003));
#9313=CARTESIAN_POINT('',(-0.0157652668740281,0.0124779399957194,0.003));
#9314=CARTESIAN_POINT('',(-0.0158391392657356,0.0126045654052274,0.003));
#9315=CARTESIAN_POINT('',(-0.0159141199593877,0.012739216816448,0.003));
#9316=CARTESIAN_POINT('',(-0.015989927205474,0.0128819582243368,0.003));
#9317=CARTESIAN_POINT('',(-0.0160662227879392,0.0130329834462192,0.003));
#9318=CARTESIAN_POINT('',(-0.0161409579439259,0.0131879761381741,0.003));
#9319=CARTESIAN_POINT('',(-0.0161893477583369,0.0132949604552954,0.003));
#9320=CARTESIAN_POINT('',(-0.0162128504065561,0.0133470401847988,0.003));
#9321=CARTESIAN_POINT('',(-0.0151127388093157,0.0115873359877534,0.003));
#9322=CARTESIAN_POINT('',(-0.0153706757320322,0.0113448566853944,0.003));
#9323=CARTESIAN_POINT('',(-0.0150858417797124,0.0111346251754374,0.003));
#9324=CARTESIAN_POINT('',(6.60096126272223E-15,-4.80331690218899E-15,0.003));
#9325=CARTESIAN_POINT('',(-0.0152514393139866,0.0109066997231878,0.003));
#9326=CARTESIAN_POINT('',(-0.0155393998933036,0.011112627800274,0.003));
#9327=CARTESIAN_POINT('',(-0.0156903045212826,0.0107923849839182,0.003));
#9328=CARTESIAN_POINT('',(-0.0154330713179445,0.0106481364423657,0.003));
#9329=CARTESIAN_POINT('',(-0.0154485813258351,0.0106588921511253,0.003));
#9330=CARTESIAN_POINT('',(-0.0154716394600182,0.0106748822510378,0.003));
#9331=CARTESIAN_POINT('',(-0.0154814478955225,0.0106810594651272,0.003));
#9332=CARTESIAN_POINT('',(-0.015498578496336,0.0106917315212103,0.003));
#9333=CARTESIAN_POINT('',(-0.0155208121820564,0.0107048389230667,0.003));
#9334=CARTESIAN_POINT('',(-0.015550400368922,0.010721558830106,0.003));
#9335=CARTESIAN_POINT('',(-0.0155867626940401,0.0107411329563175,0.003));
#9336=CARTESIAN_POINT('',(-0.0156302538206017,0.0107634437414969,0.003));
#9337=CARTESIAN_POINT('',(-0.0156809229456143,0.0107881664233755,0.003));
#9338=CARTESIAN_POINT('',(-0.0157389026503639,0.0108150352335437,0.003));
#9339=CARTESIAN_POINT('',(-0.0158042897797363,0.0108437622339252,0.003));
#9340=CARTESIAN_POINT('',(-0.0158771809119776,0.0108740618585503,0.003));
#9341=CARTESIAN_POINT('',(-0.0159576617392302,0.0109056439369326,0.003));
#9342=CARTESIAN_POINT('',(-0.0160458100449955,0.010938216012525,0.003));
#9343=CARTESIAN_POINT('',(-0.0161416947350499,0.0109714829616888,0.003));
#9344=CARTESIAN_POINT('',(-0.0162453760229322,0.0110051473948772,0.003));
#9345=CARTESIAN_POINT('',(-0.0163569052810966,0.0110389098470292,0.003));
#9346=CARTESIAN_POINT('',(-0.0164763250449114,0.0110724689911261,0.003));
#9347=CARTESIAN_POINT('',(-0.0166036687898555,0.0111055220028422,0.003));
#9348=CARTESIAN_POINT('',(-0.0167389615278,0.0111377642782084,0.003));
#9349=CARTESIAN_POINT('',(-0.0168822172730938,0.0111688916942585,0.003));
#9350=CARTESIAN_POINT('',(-0.017033448683752,0.0111985929971688,0.003));
#9351=CARTESIAN_POINT('',(-0.0171926295572073,0.0112265804517029,0.003));
#9352=CARTESIAN_POINT('',(-0.0173598397101809,0.0112524725024302,0.003));
#9353=CARTESIAN_POINT('',(-0.0175303409531199,0.0112756544837097,0.003));
#9354=CARTESIAN_POINT('',(-0.0176470423600672,0.0112886159599055,0.003));
#9355=CARTESIAN_POINT('',(-0.0177038358438908,0.0112948747851655,0.003));
#9356=CARTESIAN_POINT('',(-0.0164940268007455,0.00891681444778848,0.003));
#9357=CARTESIAN_POINT('',(-0.0165106516036557,0.00892575097641433,0.003));
#9358=CARTESIAN_POINT('',(-0.0165353670608611,0.00893903657095695,0.003));
#9359=CARTESIAN_POINT('',(-0.0165453239354523,0.00894497155447191,0.003));
#9360=CARTESIAN_POINT('',(-0.0165626099370729,0.00895539001948554,0.003));
#9361=CARTESIAN_POINT('',(-0.0165843825997334,0.00896924974260019,0.003));
#9362=CARTESIAN_POINT('',(-0.0166127129017308,0.00898802233118401,0.003));
#9363=CARTESIAN_POINT('',(-0.0166466617260425,0.00901153493275809,0.003));
#9364=CARTESIAN_POINT('',(-0.0166862853394792,0.00904015692575566,0.003));
#9365=CARTESIAN_POINT('',(-0.0167313167117142,0.00907407958401578,0.003));
#9366=CARTESIAN_POINT('',(-0.0167815792320052,0.00911354169466259,0.003));
#9367=CARTESIAN_POINT('',(-0.0168368603123058,0.00915876026827204,0.003));
#9368=CARTESIAN_POINT('',(-0.01689694935708,0.00920995100092908,0.003));
#9369=CARTESIAN_POINT('',(-0.0169616267259501,0.00926732197953568,0.003));
#9370=CARTESIAN_POINT('',(-0.0170306671511948,0.00933107528219298,0.003));
#9371=CARTESIAN_POINT('',(-0.0171038389582948,0.00940140628772543,0.003));
#9372=CARTESIAN_POINT('',(-0.0171809045075981,0.00947850365881814,0.003));
#9373=CARTESIAN_POINT('',(-0.0172616202963878,0.00956254912295564,0.003));
#9374=CARTESIAN_POINT('',(-0.0173457371509773,0.0096537173790323,0.003));
#9375=CARTESIAN_POINT('',(-0.0174330004504663,0.00975217573328518,0.003));
#9376=CARTESIAN_POINT('',(-0.0175231501458828,0.00985808475876273,0.003));
#9377=CARTESIAN_POINT('',(-0.017615921624061,0.00997159501127888,0.003));
#9378=CARTESIAN_POINT('',(-0.0177110433024321,0.0100928590754863,0.003));
#9379=CARTESIAN_POINT('',(-0.0178082469113063,0.0102219842337906,0.003));
#9380=CARTESIAN_POINT('',(-0.017907228718339,0.0103592148259517,0.003));
#9381=CARTESIAN_POINT('',(-0.0180052899593907,0.0105006081465266,0.003));
#9382=CARTESIAN_POINT('',(-0.0180698200493046,0.010598705474443,0.003));
#9383=CARTESIAN_POINT('',(-0.0181011804055481,0.0106464673918537,0.003));
#9384=CARTESIAN_POINT('',(-0.0167393346229064,0.00908052344273441,0.003));
#9385=CARTESIAN_POINT('',(-0.0169561637941347,0.00880067923843953,0.003));
#9386=CARTESIAN_POINT('',(-0.016641949166628,0.0086375938741858,0.003));
#9387=CARTESIAN_POINT('',(7.27109678592354E-15,-3.71156225659039E-15,0.003));
#9388=CARTESIAN_POINT('',(0.,1.28587913910472E-18,0.003));
#9389=CARTESIAN_POINT('',(0.0209019990882795,-0.00202643384139829,0.003));
#9390=CARTESIAN_POINT('',(0.0209019990882795,-0.00202643384139829,0.));
#9391=CARTESIAN_POINT('',(0.,1.28587913910472E-18,0.));
#9392=CARTESIAN_POINT('',(0.0209616648885424,-0.00126830796750989,0.));
#9393=CARTESIAN_POINT('',(0.0209616648885424,-0.00126830796750989,0.003));
#9394=CARTESIAN_POINT('',(0.,0.,0.));
#9395=CARTESIAN_POINT('',(-0.0169561637941347,0.00880067923843953,0.));
#9396=CARTESIAN_POINT('',(-0.0167393346229064,0.00908052344273441,0.));
#9397=CARTESIAN_POINT('',(-0.016641949166628,0.0086375938741858,0.));
#9398=CARTESIAN_POINT('',(-0.0164940268007455,0.00891681444778848,0.));
#9399=CARTESIAN_POINT('',(-0.0165106516036557,0.00892575097641433,0.));
#9400=CARTESIAN_POINT('',(-0.0165353670608611,0.00893903657095695,0.));
#9401=CARTESIAN_POINT('',(-0.0165453239354523,0.00894497155447191,0.));
#9402=CARTESIAN_POINT('',(-0.0165626099370729,0.00895539001948554,0.));
#9403=CARTESIAN_POINT('',(-0.0165843825997334,0.00896924974260019,0.));
#9404=CARTESIAN_POINT('',(-0.0166127129017308,0.00898802233118401,0.));
#9405=CARTESIAN_POINT('',(-0.0166466617260425,0.00901153493275809,0.));
#9406=CARTESIAN_POINT('',(-0.0166862853394792,0.00904015692575566,0.));
#9407=CARTESIAN_POINT('',(-0.0167313167117142,0.00907407958401578,0.));
#9408=CARTESIAN_POINT('',(-0.0167815792320052,0.00911354169466259,0.));
#9409=CARTESIAN_POINT('',(-0.0168368603123058,0.00915876026827204,0.));
#9410=CARTESIAN_POINT('',(-0.01689694935708,0.00920995100092908,0.));
#9411=CARTESIAN_POINT('',(-0.0169616267259501,0.00926732197953568,0.));
#9412=CARTESIAN_POINT('',(-0.0170306671511948,0.00933107528219298,0.));
#9413=CARTESIAN_POINT('',(-0.0171038389582948,0.00940140628772543,0.));
#9414=CARTESIAN_POINT('',(-0.0171809045075981,0.00947850365881814,0.));
#9415=CARTESIAN_POINT('',(-0.0172616202963878,0.00956254912295564,0.));
#9416=CARTESIAN_POINT('',(-0.0173457371509773,0.0096537173790323,0.));
#9417=CARTESIAN_POINT('',(-0.0174330004504663,0.00975217573328518,0.));
#9418=CARTESIAN_POINT('',(-0.0175231501458828,0.00985808475876273,0.));
#9419=CARTESIAN_POINT('',(-0.017615921624061,0.00997159501127888,0.));
#9420=CARTESIAN_POINT('',(-0.0177110433024321,0.0100928590754863,0.));
#9421=CARTESIAN_POINT('',(-0.0178082469113063,0.0102219842337906,0.));
#9422=CARTESIAN_POINT('',(-0.017907228718339,0.0103592148259517,0.));
#9423=CARTESIAN_POINT('',(-0.0180052899593907,0.0105006081465266,0.));
#9424=CARTESIAN_POINT('',(-0.0180698200493046,0.010598705474443,0.));
#9425=CARTESIAN_POINT('',(-0.0181011804055481,0.0106464673918537,0.));
#9426=CARTESIAN_POINT('',(-0.0154330713179445,0.0106481364423657,0.));
#9427=CARTESIAN_POINT('',(-0.0154485813258351,0.0106588921511253,0.));
#9428=CARTESIAN_POINT('',(-0.0154716394600182,0.0106748822510378,0.));
#9429=CARTESIAN_POINT('',(-0.0154814478955225,0.0106810594651272,0.));
#9430=CARTESIAN_POINT('',(-0.015498578496336,0.0106917315212103,0.));
#9431=CARTESIAN_POINT('',(-0.0155208121820564,0.0107048389230667,0.));
#9432=CARTESIAN_POINT('',(-0.015550400368922,0.010721558830106,0.));
#9433=CARTESIAN_POINT('',(-0.0155867626940401,0.0107411329563175,0.));
#9434=CARTESIAN_POINT('',(-0.0156302538206017,0.0107634437414969,0.));
#9435=CARTESIAN_POINT('',(-0.0156809229456143,0.0107881664233755,0.));
#9436=CARTESIAN_POINT('',(-0.0157389026503639,0.0108150352335437,0.));
#9437=CARTESIAN_POINT('',(-0.0158042897797363,0.0108437622339252,0.));
#9438=CARTESIAN_POINT('',(-0.0158771809119776,0.0108740618585503,0.));
#9439=CARTESIAN_POINT('',(-0.0159576617392302,0.0109056439369326,0.));
#9440=CARTESIAN_POINT('',(-0.0160458100449955,0.010938216012525,0.));
#9441=CARTESIAN_POINT('',(-0.0161416947350499,0.0109714829616888,0.));
#9442=CARTESIAN_POINT('',(-0.0162453760229322,0.0110051473948772,0.));
#9443=CARTESIAN_POINT('',(-0.0163569052810966,0.0110389098470292,0.));
#9444=CARTESIAN_POINT('',(-0.0164763250449114,0.0110724689911261,0.));
#9445=CARTESIAN_POINT('',(-0.0166036687898555,0.0111055220028422,0.));
#9446=CARTESIAN_POINT('',(-0.0167389615278,0.0111377642782084,0.));
#9447=CARTESIAN_POINT('',(-0.0168822172730938,0.0111688916942585,0.));
#9448=CARTESIAN_POINT('',(-0.017033448683752,0.0111985929971688,0.));
#9449=CARTESIAN_POINT('',(-0.0171926295572073,0.0112265804517029,0.));
#9450=CARTESIAN_POINT('',(-0.0173598397101809,0.0112524725024302,0.));
#9451=CARTESIAN_POINT('',(-0.0175303409531199,0.0112756544837097,0.));
#9452=CARTESIAN_POINT('',(-0.0176470423600672,0.0112886159599055,0.));
#9453=CARTESIAN_POINT('',(-0.0177038358438908,0.0112948747851655,0.));
#9454=CARTESIAN_POINT('',(-0.0156903045212826,0.0107923849839182,0.));
#9455=CARTESIAN_POINT('',(-0.0155393998933036,0.011112627800274,0.));
#9456=CARTESIAN_POINT('',(-0.0152514393139866,0.0109066997231878,0.));
#9457=CARTESIAN_POINT('',(6.60096126272223E-15,-4.80331690218899E-15,0.));
#9458=CARTESIAN_POINT('',(-0.0150858417797124,0.0111346251754374,0.));
#9459=CARTESIAN_POINT('',(-0.0153706757320322,0.0113448566853944,0.));
#9460=CARTESIAN_POINT('',(-0.0151127388093157,0.0115873359877534,0.));
#9461=CARTESIAN_POINT('',(-0.0148960608625572,0.0113872679242648,0.));
#9462=CARTESIAN_POINT('',(-0.0149110830054815,0.0113986951215436,0.));
#9463=CARTESIAN_POINT('',(-0.0149334158495207,0.0114156834976974,0.));
#9464=CARTESIAN_POINT('',(-0.014942321702492,0.0114231030100669,0.));
#9465=CARTESIAN_POINT('',(-0.0149577650777472,0.0114360973329039,0.));
#9466=CARTESIAN_POINT('',(-0.0149771015444297,0.011453192414664,0.));
#9467=CARTESIAN_POINT('',(-0.0150021463735455,0.0114761657171684,0.));
#9468=CARTESIAN_POINT('',(-0.0150319990502462,0.0115046996057701,0.));
#9469=CARTESIAN_POINT('',(-0.0150666573650868,0.0115391677133093,0.));
#9470=CARTESIAN_POINT('',(-0.0151058276535067,0.0115797171859804,0.));
#9471=CARTESIAN_POINT('',(-0.0151492981245987,0.0116265562430349,0.));
#9472=CARTESIAN_POINT('',(-0.0151968248596946,0.0116798659671909,0.));
#9473=CARTESIAN_POINT('',(-0.0152481661137374,0.0117398264545569,0.));
#9474=CARTESIAN_POINT('',(-0.0153030723985235,0.0118066088708145,0.));
#9475=CARTESIAN_POINT('',(-0.0153612896077717,0.0118803775665129,0.));
#9476=CARTESIAN_POINT('',(-0.0154225583552785,0.0119612892731593,0.));
#9477=CARTESIAN_POINT('',(-0.015486614413784,0.0120494931556564,0.));
#9478=CARTESIAN_POINT('',(-0.0155531888500521,0.0121451306119046,0.));
#9479=CARTESIAN_POINT('',(-0.0156220082292097,0.0122483352106124,0.));
#9480=CARTESIAN_POINT('',(-0.0156927948927006,0.0123592323667154,0.));
#9481=CARTESIAN_POINT('',(-0.0157652668740281,0.0124779399957194,0.));
#9482=CARTESIAN_POINT('',(-0.0158391392657356,0.0126045654052274,0.));
#9483=CARTESIAN_POINT('',(-0.0159141199593877,0.012739216816448,0.));
#9484=CARTESIAN_POINT('',(-0.015989927205474,0.0128819582243368,0.));
#9485=CARTESIAN_POINT('',(-0.0160662227879392,0.0130329834462192,0.));
#9486=CARTESIAN_POINT('',(-0.0161409579439259,0.0131879761381741,0.));
#9487=CARTESIAN_POINT('',(-0.0161893477583369,0.0132949604552954,0.));
#9488=CARTESIAN_POINT('',(-0.0162128504065561,0.0133470401847988,0.));
#9489=CARTESIAN_POINT('',(-0.0135773290722702,0.0129313044687412,0.));
#9490=CARTESIAN_POINT('',(-0.0135909655626803,0.012944354056665,0.));
#9491=CARTESIAN_POINT('',(-0.0136112384102431,0.0129637543787993,0.));
#9492=CARTESIAN_POINT('',(-0.0136199597584486,0.0129713899184938,0.));
#9493=CARTESIAN_POINT('',(-0.0136352099757552,0.0129846104002312,0.));
#9494=CARTESIAN_POINT('',(-0.0136551194785124,0.0130010345429519,0.));
#9495=CARTESIAN_POINT('',(-0.0136817278159857,0.0130221772123742,0.));
#9496=CARTESIAN_POINT('',(-0.0137145803925791,0.0130471986694881,0.));
#9497=CARTESIAN_POINT('',(-0.0137540458954593,0.0130760382829971,0.));
#9498=CARTESIAN_POINT('',(-0.0138002237199483,0.0131083829851022,0.));
#9499=CARTESIAN_POINT('',(-0.0138532863903757,0.0131439910197266,0.));
#9500=CARTESIAN_POINT('',(-0.0139133746027449,0.0131825931436676,0.));
#9501=CARTESIAN_POINT('',(-0.0139806284186233,0.0132239224149126,0.));
#9502=CARTESIAN_POINT('',(-0.0140551778678056,0.0132677056406598,0.));
#9503=CARTESIAN_POINT('',(-0.0141371455264326,0.013313666133008,0.));
#9504=CARTESIAN_POINT('',(-0.0142266456194449,0.0133615231810185,0.));
#9505=CARTESIAN_POINT('',(-0.0143237841410274,0.013410992475976,0.));
#9506=CARTESIAN_POINT('',(-0.0144286586778108,0.0134617862761537,0.));
#9507=CARTESIAN_POINT('',(-0.0145413583794133,0.0135136136183661,0.));
#9508=CARTESIAN_POINT('',(-0.0146619636813365,0.0135661806432762,0.));
#9509=CARTESIAN_POINT('',(-0.0147905469380728,0.0136191904098139,0.));
#9510=CARTESIAN_POINT('',(-0.014927169566745,0.0136723447315983,0.));
#9511=CARTESIAN_POINT('',(-0.0150718927603521,0.013725338167007,0.));
#9512=CARTESIAN_POINT('',(-0.0152247356506316,0.0137778824243169,0.));
#9513=CARTESIAN_POINT('',(-0.0153858367600486,0.013829613131764,0.));
#9514=CARTESIAN_POINT('',(-0.0155506123889164,0.0138791819751135,0.));
#9515=CARTESIAN_POINT('',(-0.0156638493862945,0.0139102399961942,0.));
#9516=CARTESIAN_POINT('',(-0.0157189645521074,0.0139253062231891,0.));
#9517=CARTESIAN_POINT('',(-0.0138088298645905,0.0131140172099352,0.));
#9518=CARTESIAN_POINT('',(-0.0136096861093342,0.0134067106210592,0.));
#9519=CARTESIAN_POINT('',(-0.0133574850511675,0.0131582709011419,0.));
#9520=CARTESIAN_POINT('',(5.76828816589827E-15,-5.77679794436086E-15,0.));
#9521=CARTESIAN_POINT('',(-0.0131582709011418,0.0133574850511675,0.));
#9522=CARTESIAN_POINT('',(-0.0134067106210591,0.0136096861093342,0.));
#9523=CARTESIAN_POINT('',(-0.0131140172099351,0.0138088298645905,0.));
#9524=CARTESIAN_POINT('',(-0.0129313044687412,0.0135773290722702,0.));
#9525=CARTESIAN_POINT('',(-0.012944354056665,0.0135909655626803,0.));
#9526=CARTESIAN_POINT('',(-0.0129637543787993,0.0136112384102431,0.));
#9527=CARTESIAN_POINT('',(-0.0129713899184937,0.0136199597584486,0.));
#9528=CARTESIAN_POINT('',(-0.0129846104002312,0.0136352099757552,0.));
#9529=CARTESIAN_POINT('',(-0.0130010345429519,0.0136551194785124,0.));
#9530=CARTESIAN_POINT('',(-0.0130221772123742,0.0136817278159857,0.));
#9531=CARTESIAN_POINT('',(-0.0130471986694881,0.0137145803925791,0.));
#9532=CARTESIAN_POINT('',(-0.0130760382829971,0.0137540458954593,0.));
#9533=CARTESIAN_POINT('',(-0.0131083829851022,0.0138002237199483,0.));
#9534=CARTESIAN_POINT('',(-0.0131439910197266,0.0138532863903757,0.));
#9535=CARTESIAN_POINT('',(-0.0131825931436676,0.0139133746027449,0.));
#9536=CARTESIAN_POINT('',(-0.0132239224149126,0.0139806284186233,0.));
#9537=CARTESIAN_POINT('',(-0.0132677056406598,0.0140551778678056,0.));
#9538=CARTESIAN_POINT('',(-0.013313666133008,0.0141371455264326,0.));
#9539=CARTESIAN_POINT('',(-0.0133615231810185,0.0142266456194449,0.));
#9540=CARTESIAN_POINT('',(-0.013410992475976,0.0143237841410274,0.));
#9541=CARTESIAN_POINT('',(-0.0134617862761537,0.0144286586778108,0.));
#9542=CARTESIAN_POINT('',(-0.0135136136183661,0.0145413583794133,0.));
#9543=CARTESIAN_POINT('',(-0.0135661806432762,0.0146619636813365,0.));
#9544=CARTESIAN_POINT('',(-0.0136191904098139,0.0147905469380728,0.));
#9545=CARTESIAN_POINT('',(-0.0136723447315983,0.014927169566745,0.));
#9546=CARTESIAN_POINT('',(-0.013725338167007,0.0150718927603521,0.));
#9547=CARTESIAN_POINT('',(-0.0137778824243169,0.0152247356506316,0.));
#9548=CARTESIAN_POINT('',(-0.013829613131764,0.0153858367600486,0.));
#9549=CARTESIAN_POINT('',(-0.0138791819751135,0.0155506123889164,0.));
#9550=CARTESIAN_POINT('',(-0.0139102399961942,0.0156638493862945,0.));
#9551=CARTESIAN_POINT('',(-0.0139253062231891,0.0157189645521074,0.));
#9552=CARTESIAN_POINT('',(-0.0113872679242648,0.0148960608625573,0.));
#9553=CARTESIAN_POINT('',(-0.0113986951215436,0.0149110830054815,0.));
#9554=CARTESIAN_POINT('',(-0.0114156834976974,0.0149334158495207,0.));
#9555=CARTESIAN_POINT('',(-0.0114231030100669,0.014942321702492,0.));
#9556=CARTESIAN_POINT('',(-0.0114360973329039,0.0149577650777472,0.));
#9557=CARTESIAN_POINT('',(-0.011453192414664,0.0149771015444297,0.));
#9558=CARTESIAN_POINT('',(-0.0114761657171684,0.0150021463735455,0.));
#9559=CARTESIAN_POINT('',(-0.0115046996057701,0.0150319990502462,0.));
#9560=CARTESIAN_POINT('',(-0.0115391677133093,0.0150666573650868,0.));
#9561=CARTESIAN_POINT('',(-0.0115797171859804,0.0151058276535067,0.));
#9562=CARTESIAN_POINT('',(-0.0116265562430349,0.0151492981245987,0.));
#9563=CARTESIAN_POINT('',(-0.0116798659671909,0.0151968248596946,0.));
#9564=CARTESIAN_POINT('',(-0.0117398264545569,0.0152481661137374,0.));
#9565=CARTESIAN_POINT('',(-0.0118066088708145,0.0153030723985235,0.));
#9566=CARTESIAN_POINT('',(-0.0118803775665129,0.0153612896077717,0.));
#9567=CARTESIAN_POINT('',(-0.0119612892731593,0.0154225583552785,0.));
#9568=CARTESIAN_POINT('',(-0.0120494931556564,0.015486614413784,0.));
#9569=CARTESIAN_POINT('',(-0.0121451306119045,0.0155531888500521,0.));
#9570=CARTESIAN_POINT('',(-0.0122483352106124,0.0156220082292097,0.));
#9571=CARTESIAN_POINT('',(-0.0123592323667154,0.0156927948927006,0.));
#9572=CARTESIAN_POINT('',(-0.0124779399957194,0.0157652668740281,0.));
#9573=CARTESIAN_POINT('',(-0.0126045654052274,0.0158391392657356,0.));
#9574=CARTESIAN_POINT('',(-0.012739216816448,0.0159141199593877,0.));
#9575=CARTESIAN_POINT('',(-0.0128819582243368,0.015989927205474,0.));
#9576=CARTESIAN_POINT('',(-0.0130329834462192,0.0160662227879392,0.));
#9577=CARTESIAN_POINT('',(-0.0131879761381741,0.0161409579439259,0.));
#9578=CARTESIAN_POINT('',(-0.0132949604552954,0.0161893477583369,0.));
#9579=CARTESIAN_POINT('',(-0.0133470401847988,0.0162128504065561,0.));
#9580=CARTESIAN_POINT('',(-0.0115873359877534,0.0151127388093158,0.));
#9581=CARTESIAN_POINT('',(-0.0113448566853944,0.0153706757320323,0.));
#9582=CARTESIAN_POINT('',(-0.0111346251754375,0.0150858417797124,0.));
#9583=CARTESIAN_POINT('',(4.79358067057904E-15,-6.60803504904938E-15,0.));
#9584=CARTESIAN_POINT('',(-0.0109066997231878,0.0152514393139866,0.));
#9585=CARTESIAN_POINT('',(-0.0111126278002739,0.0155393998933035,0.));
#9586=CARTESIAN_POINT('',(-0.0107923849839181,0.0156903045212826,0.));
#9587=CARTESIAN_POINT('',(-0.0106481364423657,0.0154330713179445,0.));
#9588=CARTESIAN_POINT('',(-0.0106588921511253,0.0154485813258351,0.));
#9589=CARTESIAN_POINT('',(-0.0106748822510378,0.0154716394600182,0.));
#9590=CARTESIAN_POINT('',(-0.0106810594651272,0.0154814478955225,0.));
#9591=CARTESIAN_POINT('',(-0.0106917315212103,0.015498578496336,0.));
#9592=CARTESIAN_POINT('',(-0.0107048389230667,0.0155208121820564,0.));
#9593=CARTESIAN_POINT('',(-0.010721558830106,0.015550400368922,0.));
#9594=CARTESIAN_POINT('',(-0.0107411329563175,0.0155867626940401,0.));
#9595=CARTESIAN_POINT('',(-0.0107634437414969,0.0156302538206017,0.));
#9596=CARTESIAN_POINT('',(-0.0107881664233755,0.0156809229456143,0.));
#9597=CARTESIAN_POINT('',(-0.0108150352335436,0.0157389026503639,0.));
#9598=CARTESIAN_POINT('',(-0.0108437622339252,0.0158042897797363,0.));
#9599=CARTESIAN_POINT('',(-0.0108740618585503,0.0158771809119776,0.));
#9600=CARTESIAN_POINT('',(-0.0109056439369326,0.0159576617392302,0.));
#9601=CARTESIAN_POINT('',(-0.0109382160125249,0.0160458100449955,0.));
#9602=CARTESIAN_POINT('',(-0.0109714829616888,0.0161416947350499,0.));
#9603=CARTESIAN_POINT('',(-0.0110051473948772,0.0162453760229322,0.));
#9604=CARTESIAN_POINT('',(-0.0110389098470292,0.0163569052810966,0.));
#9605=CARTESIAN_POINT('',(-0.0110724689911261,0.0164763250449114,0.));
#9606=CARTESIAN_POINT('',(-0.0111055220028422,0.0166036687898555,0.));
#9607=CARTESIAN_POINT('',(-0.0111377642782084,0.0167389615278,0.));
#9608=CARTESIAN_POINT('',(-0.0111688916942585,0.0168822172730939,0.));
#9609=CARTESIAN_POINT('',(-0.0111985929971688,0.017033448683752,0.));
#9610=CARTESIAN_POINT('',(-0.0112265804517029,0.0171926295572073,0.));
#9611=CARTESIAN_POINT('',(-0.0112524725024301,0.0173598397101809,0.));
#9612=CARTESIAN_POINT('',(-0.0112756544837097,0.0175303409531199,0.));
#9613=CARTESIAN_POINT('',(-0.0112886159599055,0.0176470423600672,0.));
#9614=CARTESIAN_POINT('',(-0.0112948747851655,0.0177038358438908,0.));
#9615=CARTESIAN_POINT('',(-0.00891681444778848,0.0164940268007455,0.));
#9616=CARTESIAN_POINT('',(-0.00892575097641433,0.0165106516036557,0.));
#9617=CARTESIAN_POINT('',(-0.00893903657095694,0.0165353670608611,0.));
#9618=CARTESIAN_POINT('',(-0.00894497155447191,0.0165453239354523,0.));
#9619=CARTESIAN_POINT('',(-0.00895539001948554,0.0165626099370729,0.));
#9620=CARTESIAN_POINT('',(-0.00896924974260019,0.0165843825997334,0.));
#9621=CARTESIAN_POINT('',(-0.00898802233118401,0.0166127129017308,0.));
#9622=CARTESIAN_POINT('',(-0.00901153493275808,0.0166466617260425,0.));
#9623=CARTESIAN_POINT('',(-0.00904015692575565,0.0166862853394792,0.));
#9624=CARTESIAN_POINT('',(-0.00907407958401578,0.0167313167117142,0.));
#9625=CARTESIAN_POINT('',(-0.00911354169466259,0.0167815792320053,0.));
#9626=CARTESIAN_POINT('',(-0.00915876026827203,0.0168368603123058,0.));
#9627=CARTESIAN_POINT('',(-0.00920995100092908,0.0168969493570801,0.));
#9628=CARTESIAN_POINT('',(-0.00926732197953568,0.0169616267259501,0.));
#9629=CARTESIAN_POINT('',(-0.00933107528219298,0.0170306671511948,0.));
#9630=CARTESIAN_POINT('',(-0.00940140628772543,0.0171038389582948,0.));
#9631=CARTESIAN_POINT('',(-0.00947850365881814,0.0171809045075981,0.));
#9632=CARTESIAN_POINT('',(-0.00956254912295563,0.0172616202963878,0.));
#9633=CARTESIAN_POINT('',(-0.0096537173790323,0.0173457371509773,0.));
#9634=CARTESIAN_POINT('',(-0.00975217573328518,0.0174330004504663,0.));
#9635=CARTESIAN_POINT('',(-0.00985808475876272,0.0175231501458828,0.));
#9636=CARTESIAN_POINT('',(-0.00997159501127887,0.017615921624061,0.));
#9637=CARTESIAN_POINT('',(-0.0100928590754863,0.0177110433024321,0.));
#9638=CARTESIAN_POINT('',(-0.0102219842337906,0.0178082469113063,0.));
#9639=CARTESIAN_POINT('',(-0.0103592148259517,0.017907228718339,0.));
#9640=CARTESIAN_POINT('',(-0.0105006081465266,0.0180052899593907,0.));
#9641=CARTESIAN_POINT('',(-0.010598705474443,0.0180698200493046,0.));
#9642=CARTESIAN_POINT('',(-0.0106464673918537,0.0181011804055481,0.));
#9643=CARTESIAN_POINT('',(-0.00908052344273444,0.0167393346229065,0.));
#9644=CARTESIAN_POINT('',(-0.00880067923843956,0.0169561637941347,0.));
#9645=CARTESIAN_POINT('',(-0.00863759387418582,0.016641949166628,0.));
#9646=CARTESIAN_POINT('',(3.700839310168E-15,-7.27656040001931E-15,0.));
#9647=CARTESIAN_POINT('',(-0.00838656940078777,0.0167698525242701,0.));
#9648=CARTESIAN_POINT('',(-0.00854491520234881,0.0170864820795883,0.));
#9649=CARTESIAN_POINT('',(-0.00820500842172485,0.0171854318075254,0.));
#9650=CARTESIAN_POINT('',(-0.00810277595764043,0.016908800128344,0.));
#9651=CARTESIAN_POINT('',(-0.00811097294598999,0.0169258017458459,0.));
#9652=CARTESIAN_POINT('',(-0.00812315909435276,0.0169510773988602,0.));
#9653=CARTESIAN_POINT('',(-0.00812772587932521,0.0169617314054288,0.));
#9654=CARTESIAN_POINT('',(-0.00813558672831457,0.0169803205775039,0.));
#9655=CARTESIAN_POINT('',(-0.0081450546415721,0.0170043309790559,0.));
#9656=CARTESIAN_POINT('',(-0.00815694008662676,0.0170361704559556,0.));
#9657=CARTESIAN_POINT('',(-0.00817058490198576,0.0170751471684742,0.));
#9658=CARTESIAN_POINT('',(-0.00818581749325934,0.0171215930228426,0.));
#9659=CARTESIAN_POINT('',(-0.00820230940043365,0.0171755058063597,0.));
#9660=CARTESIAN_POINT('',(-0.00821977738686672,0.017236974892677,0.));
#9661=CARTESIAN_POINT('',(-0.00823792190959998,0.01730605089092,0.));
#9662=CARTESIAN_POINT('',(-0.00825644581028821,0.0173827845179367,0.));
#9663=CARTESIAN_POINT('',(-0.00827504908572092,0.0174672150181921,0.));
#9664=CARTESIAN_POINT('',(-0.00829343071195589,0.0175593734672603,0.));
#9665=CARTESIAN_POINT('',(-0.00831128841957804,0.0176592817550645,0.));
#9666=CARTESIAN_POINT('',(-0.0083283190609264,0.0177669528318404,0.));
#9667=CARTESIAN_POINT('',(-0.00834421882142957,0.0178823905909055,0.));
#9668=CARTESIAN_POINT('',(-0.00835868342990679,0.018005589906016,0.));
#9669=CARTESIAN_POINT('',(-0.0083714085535838,0.0181365364683508,0.));
#9670=CARTESIAN_POINT('',(-0.00838208942595308,0.0182752073312843,0.));
#9671=CARTESIAN_POINT('',(-0.00839042347597959,0.0184215687613122,0.));
#9672=CARTESIAN_POINT('',(-0.00839610130174104,0.0185755845697829,0.));
#9673=CARTESIAN_POINT('',(-0.00839884280948371,0.0187371838650182,0.));
#9674=CARTESIAN_POINT('',(-0.00839825865527135,0.0189063857926437,0.));
#9675=CARTESIAN_POINT('',(-0.00839448295716518,0.0190784143431916,0.));
#9676=CARTESIAN_POINT('',(-0.00838902873391543,0.0191957065837593,0.));
#9677=CARTESIAN_POINT('',(-0.00838632604439087,0.019252779941535,0.));
#9678=CARTESIAN_POINT('',(-0.0062267994063971,0.0176858550585628,0.));
#9679=CARTESIAN_POINT('',(-0.00623302521937658,0.0177036731636369,0.));
#9680=CARTESIAN_POINT('',(-0.00624228089687806,0.0177301626574261,0.));
#9681=CARTESIAN_POINT('',(-0.00624658521254726,0.0177409253823398,0.));
#9682=CARTESIAN_POINT('',(-0.00625417128255192,0.0177596283715969,0.));
#9683=CARTESIAN_POINT('',(-0.00626445437464033,0.0177833011150215,0.));
#9684=CARTESIAN_POINT('',(-0.00627856400586998,0.0178142193038423,0.));
#9685=CARTESIAN_POINT('',(-0.0062964763621318,0.0178514283430409,0.));
#9686=CARTESIAN_POINT('',(-0.00631854747212917,0.0178950415902074,0.));
#9687=CARTESIAN_POINT('',(-0.00634500802754908,0.0179448252244227,0.));
#9688=CARTESIAN_POINT('',(-0.0063761215036569,0.0180006421638515,0.));
#9689=CARTESIAN_POINT('',(-0.00641213549536562,0.0180623163856924,0.));
#9690=CARTESIAN_POINT('',(-0.00645329598758348,0.0181296736294916,0.));
#9691=CARTESIAN_POINT('',(-0.00649984286464237,0.018202529510972,0.));
#9692=CARTESIAN_POINT('',(-0.0065520109563621,0.0182806931478117,0.));
#9693=CARTESIAN_POINT('',(-0.00661002947800912,0.0183639662817709,0.));
#9694=CARTESIAN_POINT('',(-0.00667412194454964,0.0184521437122821,0.));
#9695=CARTESIAN_POINT('',(-0.00674450593831853,0.0185450133629931,0.));
#9696=CARTESIAN_POINT('',(-0.00682139298672926,0.0186423564568867,0.));
#9697=CARTESIAN_POINT('',(-0.00690498816768581,0.0187439476803302,0.));
#9698=CARTESIAN_POINT('',(-0.00699549075793775,0.0188495553051447,0.));
#9699=CARTESIAN_POINT('',(-0.00709309085432616,0.0189589415281101,0.));
#9700=CARTESIAN_POINT('',(-0.00719798164780734,0.0190718619797879,0.));
#9701=CARTESIAN_POINT('',(-0.00731031106658772,0.0191880684759994,0.));
#9702=CARTESIAN_POINT('',(-0.00743036795640638,0.0193072992470083,0.));
#9703=CARTESIAN_POINT('',(-0.00755468033279109,0.0194262719799239,0.));
#9704=CARTESIAN_POINT('',(-0.00764147518972305,0.0195053534003639,0.));
#9705=CARTESIAN_POINT('',(-0.00768374323812158,0.0195437992685819,0.));
#9706=CARTESIAN_POINT('',(-0.00635011827402585,0.0179537524634146,0.));
#9707=CARTESIAN_POINT('',(-0.00603979986085446,0.0181241348293442,0.));
#9708=CARTESIAN_POINT('',(-0.00592787634522115,0.0177882765335985,0.));
#9709=CARTESIAN_POINT('',(2.51697100355914E-15,-7.76591268442135E-15,0.));
#9710=CARTESIAN_POINT('',(-0.00565993390631226,0.0178753363094566,0.));
#9711=CARTESIAN_POINT('',(-0.00576679843319418,0.0182128383702907,0.));
#9712=CARTESIAN_POINT('',(-0.00541559732132694,0.0182573967274888,0.));
#9713=CARTESIAN_POINT('',(-0.00535789823726638,0.0179681781624932,0.));
#9714=CARTESIAN_POINT('',(-0.0053633346681485,0.0179862527533586,0.));
#9715=CARTESIAN_POINT('',(-0.00537141680154534,0.0180131235547417,0.));
#9716=CARTESIAN_POINT('',(-0.00537426070799854,0.0180243607953742,0.));
#9717=CARTESIAN_POINT('',(-0.0053791167897034,0.0180439508116005,0.));
#9718=CARTESIAN_POINT('',(-0.00538471208291543,0.018069146713212,0.));
#9719=CARTESIAN_POINT('',(-0.00539147040688274,0.0181024534865554,0.));
#9720=CARTESIAN_POINT('',(-0.00539884993075053,0.018143084850456,0.));
#9721=CARTESIAN_POINT('',(-0.00540662925116703,0.0181913417815517,0.));
#9722=CARTESIAN_POINT('',(-0.00541448429814895,0.0182471707119169,0.));
#9723=CARTESIAN_POINT('',(-0.005422121341048,0.0183106156068925,0.));
#9724=CARTESIAN_POINT('',(-0.00542923660776505,0.0183816795936792,0.));
#9725=CARTESIAN_POINT('',(-0.00543552866460421,0.0184603662789098,0.));
#9726=CARTESIAN_POINT('',(-0.00544069506270543,0.0185466674930431,0.));
#9727=CARTESIAN_POINT('',(-0.00544443362293998,0.0186405668385417,0.));
#9728=CARTESIAN_POINT('',(-0.0054464423729924,0.0187420386504734,0.));
#9729=CARTESIAN_POINT('',(-0.00544641987158928,0.0188510482968929,0.));
#9730=CARTESIAN_POINT('',(-0.00544406543557172,0.0189675520961145,0.));
#9731=CARTESIAN_POINT('',(-0.00543907934176331,0.0190914973865076,0.));
#9732=CARTESIAN_POINT('',(-0.00543116324262402,0.0192228224272817,0.));
#9733=CARTESIAN_POINT('',(-0.00542001971347089,0.0193614568783367,0.));
#9734=CARTESIAN_POINT('',(-0.00540535518550306,0.0195073200889456,0.));
#9735=CARTESIAN_POINT('',(-0.00538686972720174,0.0196603279148749,0.));
#9736=CARTESIAN_POINT('',(-0.0053642977831338,0.0198203665209244,0.));
#9737=CARTESIAN_POINT('',(-0.00533725180779727,0.0199873939101946,0.));
#9738=CARTESIAN_POINT('',(-0.00530661140052359,0.0201567138545069,0.));
#9739=CARTESIAN_POINT('',(-0.00528287577890624,0.0202717088044615,0.));
#9740=CARTESIAN_POINT('',(-0.0052712781237829,0.0203276567007053,0.));
#9741=CARTESIAN_POINT('',(-0.0033834598980578,0.0184421988688506,0.));
#9742=CARTESIAN_POINT('',(-0.00338682169521308,0.0184607715352067,0.));
#9743=CARTESIAN_POINT('',(-0.00339181955017549,0.018488382806329,0.));
#9744=CARTESIAN_POINT('',(-0.00339438721146196,0.0184996863675584,0.));
#9745=CARTESIAN_POINT('',(-0.0033989540922374,0.0185193458147849,0.));
#9746=CARTESIAN_POINT('',(-0.00340540734944472,0.018544335737465,0.));
#9747=CARTESIAN_POINT('',(-0.00341450659737216,0.018577080504689,0.));
#9748=CARTESIAN_POINT('',(-0.00342637764666285,0.0186166335487397,0.));
#9749=CARTESIAN_POINT('',(-0.00344135440968207,0.0186631625267468,0.));
#9750=CARTESIAN_POINT('',(-0.00345970131556978,0.0187164725846454,0.));
#9751=CARTESIAN_POINT('',(-0.00348170004009713,0.0187764695449174,0.));
#9752=CARTESIAN_POINT('',(-0.00350762266590567,0.0188430182842718,0.));
#9753=CARTESIAN_POINT('',(-0.00353773940976208,0.0189159851682079,0.));
#9754=CARTESIAN_POINT('',(-0.00357231604667985,0.0189952256087018,0.));
#9755=CARTESIAN_POINT('',(-0.00361161437590791,0.0190805878089872,0.));
#9756=CARTESIAN_POINT('',(-0.00365589180511411,0.0191719118088798,0.));
#9757=CARTESIAN_POINT('',(-0.00370540119786552,0.0192690298996158,0.));
#9758=CARTESIAN_POINT('',(-0.00376039063374813,0.0193717666532308,0.));
#9759=CARTESIAN_POINT('',(-0.00382110326018757,0.0194799390763937,0.));
#9760=CARTESIAN_POINT('',(-0.00388777687705614,0.0195933567107084,0.));
#9761=CARTESIAN_POINT('',(-0.00396064455794961,0.0197118218547065,0.));
#9762=CARTESIAN_POINT('',(-0.00403993125992104,0.0198351293706176,0.));
#9763=CARTESIAN_POINT('',(-0.00412586602322785,0.0199630681193203,0.));
#9764=CARTESIAN_POINT('',(-0.00421863377939402,0.020095416113265,0.));
#9765=CARTESIAN_POINT('',(-0.0043185607677969,0.020231959990964,0.));
#9766=CARTESIAN_POINT('',(-0.00442273121671573,0.020368914712211,0.));
#9767=CARTESIAN_POINT('',(-0.0044960864252299,0.0204606002161496,0.));
#9768=CARTESIAN_POINT('',(-0.00453181982498515,0.0205051849314721,0.));
#9769=CARTESIAN_POINT('',(-0.00346335211857646,0.0187260893331853,0.));
#9770=CARTESIAN_POINT('',(-0.0031302005657486,0.0188458295145004,0.));
#9771=CARTESIAN_POINT('',(-0.00307219482714349,0.0184965974964066,0.));
#9772=CARTESIAN_POINT('',(1.27112651749481E-15,-8.0640424249464E-15,0.));
#9773=CARTESIAN_POINT('',(-0.00279393205481966,0.0185406699898642,0.));
#9774=CARTESIAN_POINT('',(-0.00284668394770759,0.0188907341353714,0.));
#9775=CARTESIAN_POINT('',(-0.00249283624154091,0.0188798039471956,0.));
#9776=CARTESIAN_POINT('',(-0.00248109128044606,0.0185851200173174,0.));
#9777=CARTESIAN_POINT('',(-0.00248363329088994,0.018603822525133,0.));
#9778=CARTESIAN_POINT('',(-0.00248741240037355,0.0186316268265759,0.));
#9779=CARTESIAN_POINT('',(-0.00248846340189224,0.0186431706031138,0.));
#9780=CARTESIAN_POINT('',(-0.00249019514346463,0.0186632790922762,0.));
#9781=CARTESIAN_POINT('',(-0.00249178004194256,0.018689040087229,0.));
#9782=CARTESIAN_POINT('',(-0.00249324483245685,0.0187229940337175,0.));
#9783=CARTESIAN_POINT('',(-0.00249417735646458,0.018764279569973,0.));
#9784=CARTESIAN_POINT('',(-0.00249431185333725,0.018813159331997,0.));
#9785=CARTESIAN_POINT('',(-0.00249333662280068,0.018869529715659,0.));
#9786=CARTESIAN_POINT('',(-0.00249095467282365,0.0189333881954172,0.));
#9787=CARTESIAN_POINT('',(-0.0024868654820437,0.0190046903395451,0.));
#9788=CARTESIAN_POINT('',(-0.00248077076371227,0.0190833925556531,0.));
#9789=CARTESIAN_POINT('',(-0.00247237307061446,0.0191694394613549,0.));
#9790=CARTESIAN_POINT('',(-0.00246137650908804,0.0192627675897636,0.));
#9791=CARTESIAN_POINT('',(-0.00244748683947777,0.0193633043530475,0.));
#9792=CARTESIAN_POINT('',(-0.00243041174938241,0.0194709683898335,0.));
#9793=CARTESIAN_POINT('',(-0.0024098610908728,0.0195856695190209,0.));
#9794=CARTESIAN_POINT('',(-0.00238554706895621,0.0197073088402962,0.));
#9795=CARTESIAN_POINT('',(-0.00235718466763347,0.019835778701163,0.));
#9796=CARTESIAN_POINT('',(-0.0023244911276289,0.0199709631000529,0.));
#9797=CARTESIAN_POINT('',(-0.0022871891110141,0.0201127364549055,0.));
#9798=CARTESIAN_POINT('',(-0.0022449955419831,0.0202609687378152,0.));
#9799=CARTESIAN_POINT('',(-0.0021976659422795,0.0204155059730603,0.));
#9800=CARTESIAN_POINT('',(-0.00214482410749202,0.0205762460553192,0.));
#9801=CARTESIAN_POINT('',(-0.0020880734595676,0.0207386881744262,0.));
#9802=CARTESIAN_POINT('',(-0.00204664088936087,0.0208485542764536,0.));
#9803=CARTESIAN_POINT('',(-0.00202643384139829,0.0209019990882795,0.));
#9804=CARTESIAN_POINT('',(-0.00045680837796871,0.0187444345368383,0.));
#9805=CARTESIAN_POINT('',(-0.000457223380696643,0.0187633044437915,0.));
#9806=CARTESIAN_POINT('',(-0.000457840349343893,0.0187913576111155,0.));
#9807=CARTESIAN_POINT('',(-0.00045860813190517,0.0188029236774687,0.));
#9808=CARTESIAN_POINT('',(-0.000460043371690092,0.0188230555018279,0.));
#9809=CARTESIAN_POINT('',(-0.000462507893406765,0.0188487472689304,0.));
#9810=CARTESIAN_POINT('',(-0.000466372704349323,0.0188825123297148,0.));
#9811=CARTESIAN_POINT('',(-0.000471910142037603,0.0189234354514039,0.));
#9812=CARTESIAN_POINT('',(-0.000479423780468128,0.0189717344623924,0.));
#9813=CARTESIAN_POINT('',(-0.000489205275110771,0.0190272582734229,0.));
#9814=CARTESIAN_POINT('',(-0.000501547566450206,0.0190899579302578,0.));
#9815=CARTESIAN_POINT('',(-0.000516740525278904,0.0191597425363002,0.));
#9816=CARTESIAN_POINT('',(-0.000535071946588401,0.0192365223735273,0.));
#9817=CARTESIAN_POINT('',(-0.00055682695181084,0.019320196210406,0.));
#9818=CARTESIAN_POINT('',(-0.000582287863257954,0.0194106550734652,0.));
#9819=CARTESIAN_POINT('',(-0.000611733942767926,0.0195077812393268,0.));
#9820=CARTESIAN_POINT('',(-0.000645441176168415,0.0196114486205771,0.));
#9821=CARTESIAN_POINT('',(-0.000683682031753844,0.0197215227572585,0.));
#9822=CARTESIAN_POINT('',(-0.000726725289865402,0.0198378609456285,0.));
#9823=CARTESIAN_POINT('',(-0.00077483561692163,0.0199603122722462,0.));
#9824=CARTESIAN_POINT('',(-0.000828274144319057,0.0200887179304194,0.));
#9825=CARTESIAN_POINT('',(-0.000887295150133496,0.0202229104990002,0.));
#9826=CARTESIAN_POINT('',(-0.000952157884192203,0.0203627172681305,0.));
#9827=CARTESIAN_POINT('',(-0.00102307972770883,0.0205079479129597,0.));
#9828=CARTESIAN_POINT('',(-0.00110041628060278,0.0206584427339165,0.));
#9829=CARTESIAN_POINT('',(-0.00118187977988146,0.0208100071637312,0.));
#9830=CARTESIAN_POINT('',(-0.00123998909129225,0.0209120391497748,0.));
#9831=CARTESIAN_POINT('',(-0.00126830796750989,0.0209616648885424,0.));
#9832=CARTESIAN_POINT('',(-0.000491306739761024,0.0190373277352456,0.));
#9833=CARTESIAN_POINT('',(-0.000143525344173941,0.0191034773312873,0.));
#9834=CARTESIAN_POINT('',(-0.000140865676391481,0.0187494708421655,0.));
#9835=CARTESIAN_POINT('',(-6.01732205729505E-18,-8.16360867794685E-15,0.));
#9836=CARTESIAN_POINT('',(0.000140865676391476,0.0187494708421655,0.));
#9837=CARTESIAN_POINT('',(0.000143525344173936,0.0191034773312872,0.));
#9838=CARTESIAN_POINT('',(0.000491306739761016,0.0190373277352455,0.));
#9839=CARTESIAN_POINT('',(0.000456808377968712,0.0187444345368383,0.));
#9840=CARTESIAN_POINT('',(0.000457223380696645,0.0187633044437915,0.));
#9841=CARTESIAN_POINT('',(0.000457840349343895,0.0187913576111155,0.));
#9842=CARTESIAN_POINT('',(0.000458608131905172,0.0188029236774687,0.));
#9843=CARTESIAN_POINT('',(0.000460043371690095,0.0188230555018279,0.));
#9844=CARTESIAN_POINT('',(0.000462507893406767,0.0188487472689304,0.));
#9845=CARTESIAN_POINT('',(0.000466372704349326,0.0188825123297148,0.));
#9846=CARTESIAN_POINT('',(0.000471910142037605,0.0189234354514039,0.));
#9847=CARTESIAN_POINT('',(0.00047942378046813,0.0189717344623924,0.));
#9848=CARTESIAN_POINT('',(0.000489205275110774,0.0190272582734229,0.));
#9849=CARTESIAN_POINT('',(0.000501547566450208,0.0190899579302578,0.));
#9850=CARTESIAN_POINT('',(0.000516740525278906,0.0191597425363002,0.));
#9851=CARTESIAN_POINT('',(0.000535071946588403,0.0192365223735273,0.));
#9852=CARTESIAN_POINT('',(0.000556826951810842,0.019320196210406,0.));
#9853=CARTESIAN_POINT('',(0.000582287863257956,0.0194106550734652,0.));
#9854=CARTESIAN_POINT('',(0.000611733942767928,0.0195077812393268,0.));
#9855=CARTESIAN_POINT('',(0.000645441176168418,0.0196114486205771,0.));
#9856=CARTESIAN_POINT('',(0.000683682031753846,0.0197215227572585,0.));
#9857=CARTESIAN_POINT('',(0.000726725289865404,0.0198378609456285,0.));
#9858=CARTESIAN_POINT('',(0.000774835616921632,0.0199603122722462,0.));
#9859=CARTESIAN_POINT('',(0.000828274144319059,0.0200887179304194,0.));
#9860=CARTESIAN_POINT('',(0.000887295150133499,0.0202229104990002,0.));
#9861=CARTESIAN_POINT('',(0.000952157884192206,0.0203627172681305,0.));
#9862=CARTESIAN_POINT('',(0.00102307972770883,0.0205079479129597,0.));
#9863=CARTESIAN_POINT('',(0.00110041628060279,0.0206584427339165,0.));
#9864=CARTESIAN_POINT('',(0.00118187977988146,0.0208100071637312,0.));
#9865=CARTESIAN_POINT('',(0.00123998909129225,0.0209120391497748,0.));
#9866=CARTESIAN_POINT('',(0.00126830796750989,0.0209616648885424,0.));
#9867=CARTESIAN_POINT('',(0.00248109128044606,0.0185851200173174,0.));
#9868=CARTESIAN_POINT('',(0.00248363329088994,0.018603822525133,0.));
#9869=CARTESIAN_POINT('',(0.00248741240037356,0.0186316268265759,0.));
#9870=CARTESIAN_POINT('',(0.00248846340189225,0.0186431706031138,0.));
#9871=CARTESIAN_POINT('',(0.00249019514346463,0.0186632790922762,0.));
#9872=CARTESIAN_POINT('',(0.00249178004194257,0.018689040087229,0.));
#9873=CARTESIAN_POINT('',(0.00249324483245685,0.0187229940337175,0.));
#9874=CARTESIAN_POINT('',(0.00249417735646458,0.018764279569973,0.));
#9875=CARTESIAN_POINT('',(0.00249431185333725,0.018813159331997,0.));
#9876=CARTESIAN_POINT('',(0.00249333662280068,0.018869529715659,0.));
#9877=CARTESIAN_POINT('',(0.00249095467282365,0.0189333881954172,0.));
#9878=CARTESIAN_POINT('',(0.0024868654820437,0.0190046903395451,0.));
#9879=CARTESIAN_POINT('',(0.00248077076371227,0.0190833925556531,0.));
#9880=CARTESIAN_POINT('',(0.00247237307061446,0.0191694394613549,0.));
#9881=CARTESIAN_POINT('',(0.00246137650908804,0.0192627675897636,0.));
#9882=CARTESIAN_POINT('',(0.00244748683947777,0.0193633043530475,0.));
#9883=CARTESIAN_POINT('',(0.00243041174938241,0.0194709683898335,0.));
#9884=CARTESIAN_POINT('',(0.0024098610908728,0.0195856695190209,0.));
#9885=CARTESIAN_POINT('',(0.00238554706895621,0.0197073088402962,0.));
#9886=CARTESIAN_POINT('',(0.00235718466763347,0.019835778701163,0.));
#9887=CARTESIAN_POINT('',(0.00232449112762891,0.0199709631000529,0.));
#9888=CARTESIAN_POINT('',(0.0022871891110141,0.0201127364549055,0.));
#9889=CARTESIAN_POINT('',(0.0022449955419831,0.0202609687378152,0.));
#9890=CARTESIAN_POINT('',(0.0021976659422795,0.0204155059730603,0.));
#9891=CARTESIAN_POINT('',(0.00214482410749202,0.0205762460553192,0.));
#9892=CARTESIAN_POINT('',(0.0020880734595676,0.0207386881744262,0.));
#9893=CARTESIAN_POINT('',(0.00204664088936087,0.0208485542764536,0.));
#9894=CARTESIAN_POINT('',(0.00202643384139829,0.0209019990882795,0.));
#9895=CARTESIAN_POINT('',(0.00249283624154091,0.0188798039471956,0.));
#9896=CARTESIAN_POINT('',(0.00284668394770759,0.0188907341353715,0.));
#9897=CARTESIAN_POINT('',(0.00279393205481966,0.0185406699898642,0.));
#9898=CARTESIAN_POINT('',(-1.28301299517E-15,-8.06215979183239E-15,0.));
#9899=CARTESIAN_POINT('',(0.00307219482714348,0.0184965974964065,0.));
#9900=CARTESIAN_POINT('',(0.00313020056574859,0.0188458295145003,0.));
#9901=CARTESIAN_POINT('',(0.00346335211857644,0.0187260893331853,0.));
#9902=CARTESIAN_POINT('',(0.0033834598980578,0.0184421988688506,0.));
#9903=CARTESIAN_POINT('',(0.00338682169521308,0.0184607715352067,0.));
#9904=CARTESIAN_POINT('',(0.00339181955017549,0.018488382806329,0.));
#9905=CARTESIAN_POINT('',(0.00339438721146196,0.0184996863675584,0.));
#9906=CARTESIAN_POINT('',(0.0033989540922374,0.0185193458147849,0.));
#9907=CARTESIAN_POINT('',(0.00340540734944473,0.018544335737465,0.));
#9908=CARTESIAN_POINT('',(0.00341450659737216,0.018577080504689,0.));
#9909=CARTESIAN_POINT('',(0.00342637764666285,0.0186166335487397,0.));
#9910=CARTESIAN_POINT('',(0.00344135440968208,0.0186631625267468,0.));
#9911=CARTESIAN_POINT('',(0.00345970131556978,0.0187164725846454,0.));
#9912=CARTESIAN_POINT('',(0.00348170004009713,0.0187764695449174,0.));
#9913=CARTESIAN_POINT('',(0.00350762266590567,0.0188430182842718,0.));
#9914=CARTESIAN_POINT('',(0.00353773940976209,0.0189159851682079,0.));
#9915=CARTESIAN_POINT('',(0.00357231604667985,0.0189952256087018,0.));
#9916=CARTESIAN_POINT('',(0.00361161437590791,0.0190805878089872,0.));
#9917=CARTESIAN_POINT('',(0.00365589180511412,0.0191719118088798,0.));
#9918=CARTESIAN_POINT('',(0.00370540119786552,0.0192690298996158,0.));
#9919=CARTESIAN_POINT('',(0.00376039063374813,0.0193717666532308,0.));
#9920=CARTESIAN_POINT('',(0.00382110326018757,0.0194799390763937,0.));
#9921=CARTESIAN_POINT('',(0.00388777687705614,0.0195933567107084,0.));
#9922=CARTESIAN_POINT('',(0.00396064455794961,0.0197118218547065,0.));
#9923=CARTESIAN_POINT('',(0.00403993125992104,0.0198351293706176,0.));
#9924=CARTESIAN_POINT('',(0.00412586602322785,0.0199630681193203,0.));
#9925=CARTESIAN_POINT('',(0.00421863377939402,0.020095416113265,0.));
#9926=CARTESIAN_POINT('',(0.0043185607677969,0.020231959990964,0.));
#9927=CARTESIAN_POINT('',(0.00442273121671573,0.020368914712211,0.));
#9928=CARTESIAN_POINT('',(0.0044960864252299,0.0204606002161496,0.));
#9929=CARTESIAN_POINT('',(0.00453181982498515,0.0205051849314721,0.));
#9930=CARTESIAN_POINT('',(0.00535789823726638,0.0179681781624932,0.));
#9931=CARTESIAN_POINT('',(0.0053633346681485,0.0179862527533586,0.));
#9932=CARTESIAN_POINT('',(0.00537141680154534,0.0180131235547417,0.));
#9933=CARTESIAN_POINT('',(0.00537426070799854,0.0180243607953742,0.));
#9934=CARTESIAN_POINT('',(0.00537911678970341,0.0180439508116005,0.));
#9935=CARTESIAN_POINT('',(0.00538471208291543,0.018069146713212,0.));
#9936=CARTESIAN_POINT('',(0.00539147040688274,0.0181024534865554,0.));
#9937=CARTESIAN_POINT('',(0.00539884993075053,0.018143084850456,0.));
#9938=CARTESIAN_POINT('',(0.00540662925116703,0.0181913417815517,0.));
#9939=CARTESIAN_POINT('',(0.00541448429814895,0.0182471707119169,0.));
#9940=CARTESIAN_POINT('',(0.00542212134104801,0.0183106156068925,0.));
#9941=CARTESIAN_POINT('',(0.00542923660776506,0.0183816795936792,0.));
#9942=CARTESIAN_POINT('',(0.00543552866460421,0.0184603662789098,0.));
#9943=CARTESIAN_POINT('',(0.00544069506270543,0.0185466674930431,0.));
#9944=CARTESIAN_POINT('',(0.00544443362293998,0.0186405668385417,0.));
#9945=CARTESIAN_POINT('',(0.0054464423729924,0.0187420386504734,0.));
#9946=CARTESIAN_POINT('',(0.00544641987158928,0.0188510482968929,0.));
#9947=CARTESIAN_POINT('',(0.00544406543557172,0.0189675520961145,0.));
#9948=CARTESIAN_POINT('',(0.00543907934176331,0.0190914973865076,0.));
#9949=CARTESIAN_POINT('',(0.00543116324262403,0.0192228224272817,0.));
#9950=CARTESIAN_POINT('',(0.00542001971347089,0.0193614568783367,0.));
#9951=CARTESIAN_POINT('',(0.00540535518550306,0.0195073200889456,0.));
#9952=CARTESIAN_POINT('',(0.00538686972720174,0.0196603279148749,0.));
#9953=CARTESIAN_POINT('',(0.00536429778313381,0.0198203665209244,0.));
#9954=CARTESIAN_POINT('',(0.00533725180779727,0.0199873939101946,0.));
#9955=CARTESIAN_POINT('',(0.0053066114005236,0.0201567138545069,0.));
#9956=CARTESIAN_POINT('',(0.00528287577890624,0.0202717088044615,0.));
#9957=CARTESIAN_POINT('',(0.0052712781237829,0.0203276567007052,0.));
#9958=CARTESIAN_POINT('',(0.00541559732132695,0.0182573967274888,0.));
#9959=CARTESIAN_POINT('',(0.00576679843319419,0.0182128383702908,0.));
#9960=CARTESIAN_POINT('',(0.00565993390631227,0.0178753363094566,0.));
#9961=CARTESIAN_POINT('',(-2.52841663026561E-15,-7.76219377486869E-15,0.));
#9962=CARTESIAN_POINT('',(0.00592787634522114,0.0177882765335984,0.));
#9963=CARTESIAN_POINT('',(0.00603979986085443,0.0181241348293441,0.));
#9964=CARTESIAN_POINT('',(0.00635011827402583,0.0179537524634145,0.));
#9965=CARTESIAN_POINT('',(0.0062267994063971,0.0176858550585628,0.));
#9966=CARTESIAN_POINT('',(0.00623302521937659,0.0177036731636369,0.));
#9967=CARTESIAN_POINT('',(0.00624228089687806,0.0177301626574261,0.));
#9968=CARTESIAN_POINT('',(0.00624658521254726,0.0177409253823398,0.));
#9969=CARTESIAN_POINT('',(0.00625417128255192,0.0177596283715969,0.));
#9970=CARTESIAN_POINT('',(0.00626445437464033,0.0177833011150215,0.));
#9971=CARTESIAN_POINT('',(0.00627856400586998,0.0178142193038423,0.));
#9972=CARTESIAN_POINT('',(0.0062964763621318,0.0178514283430409,0.));
#9973=CARTESIAN_POINT('',(0.00631854747212918,0.0178950415902074,0.));
#9974=CARTESIAN_POINT('',(0.00634500802754908,0.0179448252244227,0.));
#9975=CARTESIAN_POINT('',(0.0063761215036569,0.0180006421638515,0.));
#9976=CARTESIAN_POINT('',(0.00641213549536562,0.0180623163856923,0.));
#9977=CARTESIAN_POINT('',(0.00645329598758348,0.0181296736294916,0.));
#9978=CARTESIAN_POINT('',(0.00649984286464237,0.018202529510972,0.));
#9979=CARTESIAN_POINT('',(0.0065520109563621,0.0182806931478116,0.));
#9980=CARTESIAN_POINT('',(0.00661002947800912,0.0183639662817709,0.));
#9981=CARTESIAN_POINT('',(0.00667412194454964,0.0184521437122821,0.));
#9982=CARTESIAN_POINT('',(0.00674450593831853,0.0185450133629931,0.));
#9983=CARTESIAN_POINT('',(0.00682139298672926,0.0186423564568867,0.));
#9984=CARTESIAN_POINT('',(0.00690498816768581,0.0187439476803302,0.));
#9985=CARTESIAN_POINT('',(0.00699549075793776,0.0188495553051447,0.));
#9986=CARTESIAN_POINT('',(0.00709309085432616,0.0189589415281101,0.));
#9987=CARTESIAN_POINT('',(0.00719798164780735,0.0190718619797879,0.));
#9988=CARTESIAN_POINT('',(0.00731031106658772,0.0191880684759994,0.));
#9989=CARTESIAN_POINT('',(0.00743036795640639,0.0193072992470083,0.));
#9990=CARTESIAN_POINT('',(0.00755468033279109,0.0194262719799239,0.));
#9991=CARTESIAN_POINT('',(0.00764147518972305,0.0195053534003639,0.));
#9992=CARTESIAN_POINT('',(0.00768374323812158,0.0195437992685819,0.));
#9993=CARTESIAN_POINT('',(0.00810277595764043,0.016908800128344,0.));
#9994=CARTESIAN_POINT('',(0.00811097294598999,0.0169258017458459,0.));
#9995=CARTESIAN_POINT('',(0.00812315909435276,0.0169510773988602,0.));
#9996=CARTESIAN_POINT('',(0.00812772587932521,0.0169617314054288,0.));
#9997=CARTESIAN_POINT('',(0.00813558672831457,0.0169803205775038,0.));
#9998=CARTESIAN_POINT('',(0.0081450546415721,0.0170043309790559,0.));
#9999=CARTESIAN_POINT('',(0.00815694008662677,0.0170361704559556,0.));
#10000=CARTESIAN_POINT('',(0.00817058490198576,0.0170751471684742,0.));
#10001=CARTESIAN_POINT('',(0.00818581749325935,0.0171215930228426,0.));
#10002=CARTESIAN_POINT('',(0.00820230940043365,0.0171755058063597,0.));
#10003=CARTESIAN_POINT('',(0.00821977738686672,0.017236974892677,0.));
#10004=CARTESIAN_POINT('',(0.00823792190959998,0.01730605089092,0.));
#10005=CARTESIAN_POINT('',(0.00825644581028821,0.0173827845179367,0.));
#10006=CARTESIAN_POINT('',(0.00827504908572092,0.0174672150181921,0.));
#10007=CARTESIAN_POINT('',(0.00829343071195589,0.0175593734672603,0.));
#10008=CARTESIAN_POINT('',(0.00831128841957804,0.0176592817550645,0.));
#10009=CARTESIAN_POINT('',(0.0083283190609264,0.0177669528318404,0.));
#10010=CARTESIAN_POINT('',(0.00834421882142957,0.0178823905909055,0.));
#10011=CARTESIAN_POINT('',(0.00835868342990679,0.018005589906016,0.));
#10012=CARTESIAN_POINT('',(0.0083714085535838,0.0181365364683508,0.));
#10013=CARTESIAN_POINT('',(0.00838208942595309,0.0182752073312843,0.));
#10014=CARTESIAN_POINT('',(0.00839042347597959,0.0184215687613122,0.));
#10015=CARTESIAN_POINT('',(0.00839610130174104,0.0185755845697829,0.));
#10016=CARTESIAN_POINT('',(0.00839884280948371,0.0187371838650182,0.));
#10017=CARTESIAN_POINT('',(0.00839825865527135,0.0189063857926437,0.));
#10018=CARTESIAN_POINT('',(0.00839448295716518,0.0190784143431916,0.));
#10019=CARTESIAN_POINT('',(0.00838902873391543,0.0191957065837593,0.));
#10020=CARTESIAN_POINT('',(0.00838632604439088,0.0192527799415349,0.));
#10021=CARTESIAN_POINT('',(0.00820500842172487,0.0171854318075255,0.));
#10022=CARTESIAN_POINT('',(0.00854491520234883,0.0170864820795883,0.));
#10023=CARTESIAN_POINT('',(0.00838656940078778,0.0167698525242702,0.));
#10024=CARTESIAN_POINT('',(-3.71156225659039E-15,-7.27109678592354E-15,0.));
#10025=CARTESIAN_POINT('',(0.0086375938741858,0.016641949166628,0.));
#10026=CARTESIAN_POINT('',(0.00880067923843953,0.0169561637941347,0.));
#10027=CARTESIAN_POINT('',(0.00908052344273441,0.0167393346229064,0.));
#10028=CARTESIAN_POINT('',(0.00891681444778848,0.0164940268007455,0.));
#10029=CARTESIAN_POINT('',(0.00892575097641433,0.0165106516036557,0.));
#10030=CARTESIAN_POINT('',(0.00893903657095694,0.0165353670608611,0.));
#10031=CARTESIAN_POINT('',(0.00894497155447191,0.0165453239354523,0.));
#10032=CARTESIAN_POINT('',(0.00895539001948554,0.0165626099370729,0.));
#10033=CARTESIAN_POINT('',(0.00896924974260019,0.0165843825997334,0.));
#10034=CARTESIAN_POINT('',(0.00898802233118401,0.0166127129017308,0.));
#10035=CARTESIAN_POINT('',(0.00901153493275809,0.0166466617260425,0.));
#10036=CARTESIAN_POINT('',(0.00904015692575565,0.0166862853394792,0.));
#10037=CARTESIAN_POINT('',(0.00907407958401578,0.0167313167117142,0.));
#10038=CARTESIAN_POINT('',(0.00911354169466259,0.0167815792320052,0.));
#10039=CARTESIAN_POINT('',(0.00915876026827203,0.0168368603123058,0.));
#10040=CARTESIAN_POINT('',(0.00920995100092908,0.01689694935708,0.));
#10041=CARTESIAN_POINT('',(0.00926732197953568,0.0169616267259501,0.));
#10042=CARTESIAN_POINT('',(0.00933107528219298,0.0170306671511948,0.));
#10043=CARTESIAN_POINT('',(0.00940140628772543,0.0171038389582948,0.));
#10044=CARTESIAN_POINT('',(0.00947850365881814,0.0171809045075981,0.));
#10045=CARTESIAN_POINT('',(0.00956254912295564,0.0172616202963878,0.));
#10046=CARTESIAN_POINT('',(0.0096537173790323,0.0173457371509773,0.));
#10047=CARTESIAN_POINT('',(0.00975217573328518,0.0174330004504663,0.));
#10048=CARTESIAN_POINT('',(0.00985808475876272,0.0175231501458828,0.));
#10049=CARTESIAN_POINT('',(0.00997159501127888,0.017615921624061,0.));
#10050=CARTESIAN_POINT('',(0.0100928590754863,0.0177110433024321,0.));
#10051=CARTESIAN_POINT('',(0.0102219842337906,0.0178082469113063,0.));
#10052=CARTESIAN_POINT('',(0.0103592148259517,0.017907228718339,0.));
#10053=CARTESIAN_POINT('',(0.0105006081465266,0.0180052899593907,0.));
#10054=CARTESIAN_POINT('',(0.010598705474443,0.0180698200493046,0.));
#10055=CARTESIAN_POINT('',(0.0106464673918537,0.0181011804055481,0.));
#10056=CARTESIAN_POINT('',(0.0106481364423657,0.0154330713179445,0.));
#10057=CARTESIAN_POINT('',(0.0106588921511253,0.0154485813258351,0.));
#10058=CARTESIAN_POINT('',(0.0106748822510378,0.0154716394600182,0.));
#10059=CARTESIAN_POINT('',(0.0106810594651272,0.0154814478955225,0.));
#10060=CARTESIAN_POINT('',(0.0106917315212103,0.015498578496336,0.));
#10061=CARTESIAN_POINT('',(0.0107048389230667,0.0155208121820564,0.));
#10062=CARTESIAN_POINT('',(0.010721558830106,0.015550400368922,0.));
#10063=CARTESIAN_POINT('',(0.0107411329563175,0.0155867626940401,0.));
#10064=CARTESIAN_POINT('',(0.0107634437414969,0.0156302538206017,0.));
#10065=CARTESIAN_POINT('',(0.0107881664233755,0.0156809229456143,0.));
#10066=CARTESIAN_POINT('',(0.0108150352335436,0.0157389026503639,0.));
#10067=CARTESIAN_POINT('',(0.0108437622339252,0.0158042897797363,0.));
#10068=CARTESIAN_POINT('',(0.0108740618585503,0.0158771809119776,0.));
#10069=CARTESIAN_POINT('',(0.0109056439369326,0.0159576617392302,0.));
#10070=CARTESIAN_POINT('',(0.0109382160125249,0.0160458100449955,0.));
#10071=CARTESIAN_POINT('',(0.0109714829616888,0.0161416947350499,0.));
#10072=CARTESIAN_POINT('',(0.0110051473948772,0.0162453760229322,0.));
#10073=CARTESIAN_POINT('',(0.0110389098470292,0.0163569052810966,0.));
#10074=CARTESIAN_POINT('',(0.0110724689911261,0.0164763250449114,0.));
#10075=CARTESIAN_POINT('',(0.0111055220028422,0.0166036687898555,0.));
#10076=CARTESIAN_POINT('',(0.0111377642782084,0.0167389615278,0.));
#10077=CARTESIAN_POINT('',(0.0111688916942585,0.0168822172730939,0.));
#10078=CARTESIAN_POINT('',(0.0111985929971688,0.017033448683752,0.));
#10079=CARTESIAN_POINT('',(0.0112265804517029,0.0171926295572073,0.));
#10080=CARTESIAN_POINT('',(0.0112524725024301,0.0173598397101809,0.));
#10081=CARTESIAN_POINT('',(0.0112756544837097,0.0175303409531199,0.));
#10082=CARTESIAN_POINT('',(0.0112886159599055,0.0176470423600672,0.));
#10083=CARTESIAN_POINT('',(0.0112948747851655,0.0177038358438908,0.));
#10084=CARTESIAN_POINT('',(0.0107923849839182,0.0156903045212826,0.));
#10085=CARTESIAN_POINT('',(0.011112627800274,0.0155393998933036,0.));
#10086=CARTESIAN_POINT('',(0.0109066997231878,0.0152514393139866,0.));
#10087=CARTESIAN_POINT('',(-4.80331690218899E-15,-6.60096126272223E-15,0.));
#10088=CARTESIAN_POINT('',(0.0111346251754374,0.0150858417797124,0.));
#10089=CARTESIAN_POINT('',(0.0113448566853944,0.0153706757320322,0.));
#10090=CARTESIAN_POINT('',(0.0115873359877534,0.0151127388093157,0.));
#10091=CARTESIAN_POINT('',(0.0113872679242648,0.0148960608625572,0.));
#10092=CARTESIAN_POINT('',(0.0113986951215436,0.0149110830054815,0.));
#10093=CARTESIAN_POINT('',(0.0114156834976974,0.0149334158495207,0.));
#10094=CARTESIAN_POINT('',(0.0114231030100669,0.014942321702492,0.));
#10095=CARTESIAN_POINT('',(0.0114360973329039,0.0149577650777472,0.));
#10096=CARTESIAN_POINT('',(0.011453192414664,0.0149771015444297,0.));
#10097=CARTESIAN_POINT('',(0.0114761657171684,0.0150021463735455,0.));
#10098=CARTESIAN_POINT('',(0.0115046996057701,0.0150319990502462,0.));
#10099=CARTESIAN_POINT('',(0.0115391677133093,0.0150666573650868,0.));
#10100=CARTESIAN_POINT('',(0.0115797171859804,0.0151058276535067,0.));
#10101=CARTESIAN_POINT('',(0.0116265562430349,0.0151492981245987,0.));
#10102=CARTESIAN_POINT('',(0.0116798659671909,0.0151968248596946,0.));
#10103=CARTESIAN_POINT('',(0.0117398264545569,0.0152481661137374,0.));
#10104=CARTESIAN_POINT('',(0.0118066088708145,0.0153030723985235,0.));
#10105=CARTESIAN_POINT('',(0.0118803775665129,0.0153612896077717,0.));
#10106=CARTESIAN_POINT('',(0.0119612892731593,0.0154225583552785,0.));
#10107=CARTESIAN_POINT('',(0.0120494931556564,0.015486614413784,0.));
#10108=CARTESIAN_POINT('',(0.0121451306119045,0.0155531888500521,0.));
#10109=CARTESIAN_POINT('',(0.0122483352106124,0.0156220082292097,0.));
#10110=CARTESIAN_POINT('',(0.0123592323667154,0.0156927948927006,0.));
#10111=CARTESIAN_POINT('',(0.0124779399957194,0.0157652668740281,0.));
#10112=CARTESIAN_POINT('',(0.0126045654052274,0.0158391392657356,0.));
#10113=CARTESIAN_POINT('',(0.012739216816448,0.0159141199593877,0.));
#10114=CARTESIAN_POINT('',(0.0128819582243368,0.015989927205474,0.));
#10115=CARTESIAN_POINT('',(0.0130329834462192,0.0160662227879392,0.));
#10116=CARTESIAN_POINT('',(0.0131879761381741,0.0161409579439259,0.));
#10117=CARTESIAN_POINT('',(0.0132949604552954,0.0161893477583369,0.));
#10118=CARTESIAN_POINT('',(0.0133470401847988,0.0162128504065561,0.));
#10119=CARTESIAN_POINT('',(0.0129313044687412,0.0135773290722702,0.));
#10120=CARTESIAN_POINT('',(0.012944354056665,0.0135909655626803,0.));
#10121=CARTESIAN_POINT('',(0.0129637543787993,0.0136112384102431,0.));
#10122=CARTESIAN_POINT('',(0.0129713899184938,0.0136199597584486,0.));
#10123=CARTESIAN_POINT('',(0.0129846104002312,0.0136352099757552,0.));
#10124=CARTESIAN_POINT('',(0.0130010345429519,0.0136551194785124,0.));
#10125=CARTESIAN_POINT('',(0.0130221772123742,0.0136817278159857,0.));
#10126=CARTESIAN_POINT('',(0.0130471986694881,0.0137145803925791,0.));
#10127=CARTESIAN_POINT('',(0.0130760382829971,0.0137540458954593,0.));
#10128=CARTESIAN_POINT('',(0.0131083829851022,0.0138002237199483,0.));
#10129=CARTESIAN_POINT('',(0.0131439910197266,0.0138532863903757,0.));
#10130=CARTESIAN_POINT('',(0.0131825931436676,0.0139133746027449,0.));
#10131=CARTESIAN_POINT('',(0.0132239224149126,0.0139806284186233,0.));
#10132=CARTESIAN_POINT('',(0.0132677056406598,0.0140551778678056,0.));
#10133=CARTESIAN_POINT('',(0.013313666133008,0.0141371455264326,0.));
#10134=CARTESIAN_POINT('',(0.0133615231810185,0.0142266456194449,0.));
#10135=CARTESIAN_POINT('',(0.013410992475976,0.0143237841410274,0.));
#10136=CARTESIAN_POINT('',(0.0134617862761537,0.0144286586778108,0.));
#10137=CARTESIAN_POINT('',(0.0135136136183661,0.0145413583794133,0.));
#10138=CARTESIAN_POINT('',(0.0135661806432762,0.0146619636813365,0.));
#10139=CARTESIAN_POINT('',(0.0136191904098139,0.0147905469380728,0.));
#10140=CARTESIAN_POINT('',(0.0136723447315983,0.014927169566745,0.));
#10141=CARTESIAN_POINT('',(0.013725338167007,0.0150718927603521,0.));
#10142=CARTESIAN_POINT('',(0.0137778824243169,0.0152247356506316,0.));
#10143=CARTESIAN_POINT('',(0.013829613131764,0.0153858367600486,0.));
#10144=CARTESIAN_POINT('',(0.0138791819751135,0.0155506123889164,0.));
#10145=CARTESIAN_POINT('',(0.0139102399961942,0.0156638493862945,0.));
#10146=CARTESIAN_POINT('',(0.0139253062231891,0.0157189645521074,0.));
#10147=CARTESIAN_POINT('',(0.0131140172099352,0.0138088298645905,0.));
#10148=CARTESIAN_POINT('',(0.0134067106210592,0.0136096861093342,0.));
#10149=CARTESIAN_POINT('',(0.0131582709011419,0.0133574850511675,0.));
#10150=CARTESIAN_POINT('',(-5.77679794436086E-15,-5.76828816589827E-15,0.));
#10151=CARTESIAN_POINT('',(0.0133574850511675,0.0131582709011418,0.));
#10152=CARTESIAN_POINT('',(0.0136096861093342,0.0134067106210591,0.));
#10153=CARTESIAN_POINT('',(0.0138088298645905,0.0131140172099351,0.));
#10154=CARTESIAN_POINT('',(0.0135773290722702,0.0129313044687412,0.));
#10155=CARTESIAN_POINT('',(0.0135909655626803,0.012944354056665,0.));
#10156=CARTESIAN_POINT('',(0.0136112384102431,0.0129637543787993,0.));
#10157=CARTESIAN_POINT('',(0.0136199597584486,0.0129713899184937,0.));
#10158=CARTESIAN_POINT('',(0.0136352099757552,0.0129846104002312,0.));
#10159=CARTESIAN_POINT('',(0.0136551194785124,0.0130010345429519,0.));
#10160=CARTESIAN_POINT('',(0.0136817278159857,0.0130221772123742,0.));
#10161=CARTESIAN_POINT('',(0.0137145803925791,0.0130471986694881,0.));
#10162=CARTESIAN_POINT('',(0.0137540458954593,0.0130760382829971,0.));
#10163=CARTESIAN_POINT('',(0.0138002237199483,0.0131083829851022,0.));
#10164=CARTESIAN_POINT('',(0.0138532863903757,0.0131439910197266,0.));
#10165=CARTESIAN_POINT('',(0.0139133746027449,0.0131825931436676,0.));
#10166=CARTESIAN_POINT('',(0.0139806284186233,0.0132239224149126,0.));
#10167=CARTESIAN_POINT('',(0.0140551778678056,0.0132677056406598,0.));
#10168=CARTESIAN_POINT('',(0.0141371455264326,0.013313666133008,0.));
#10169=CARTESIAN_POINT('',(0.0142266456194449,0.0133615231810185,0.));
#10170=CARTESIAN_POINT('',(0.0143237841410274,0.013410992475976,0.));
#10171=CARTESIAN_POINT('',(0.0144286586778108,0.0134617862761537,0.));
#10172=CARTESIAN_POINT('',(0.0145413583794133,0.0135136136183661,0.));
#10173=CARTESIAN_POINT('',(0.0146619636813365,0.0135661806432762,0.));
#10174=CARTESIAN_POINT('',(0.0147905469380728,0.0136191904098139,0.));
#10175=CARTESIAN_POINT('',(0.014927169566745,0.0136723447315983,0.));
#10176=CARTESIAN_POINT('',(0.0150718927603521,0.013725338167007,0.));
#10177=CARTESIAN_POINT('',(0.0152247356506316,0.0137778824243169,0.));
#10178=CARTESIAN_POINT('',(0.0153858367600486,0.013829613131764,0.));
#10179=CARTESIAN_POINT('',(0.0155506123889164,0.0138791819751135,0.));
#10180=CARTESIAN_POINT('',(0.0156638493862945,0.0139102399961942,0.));
#10181=CARTESIAN_POINT('',(0.0157189645521074,0.0139253062231891,0.));
#10182=CARTESIAN_POINT('',(0.0148960608625572,0.0113872679242648,0.));
#10183=CARTESIAN_POINT('',(0.0149110830054815,0.0113986951215436,0.));
#10184=CARTESIAN_POINT('',(0.0149334158495207,0.0114156834976974,0.));
#10185=CARTESIAN_POINT('',(0.014942321702492,0.0114231030100669,0.));
#10186=CARTESIAN_POINT('',(0.0149577650777472,0.0114360973329039,0.));
#10187=CARTESIAN_POINT('',(0.0149771015444297,0.011453192414664,0.));
#10188=CARTESIAN_POINT('',(0.0150021463735455,0.0114761657171684,0.));
#10189=CARTESIAN_POINT('',(0.0150319990502462,0.0115046996057701,0.));
#10190=CARTESIAN_POINT('',(0.0150666573650868,0.0115391677133093,0.));
#10191=CARTESIAN_POINT('',(0.0151058276535067,0.0115797171859804,0.));
#10192=CARTESIAN_POINT('',(0.0151492981245987,0.0116265562430349,0.));
#10193=CARTESIAN_POINT('',(0.0151968248596946,0.0116798659671909,0.));
#10194=CARTESIAN_POINT('',(0.0152481661137374,0.0117398264545569,0.));
#10195=CARTESIAN_POINT('',(0.0153030723985235,0.0118066088708145,0.));
#10196=CARTESIAN_POINT('',(0.0153612896077717,0.0118803775665129,0.));
#10197=CARTESIAN_POINT('',(0.0154225583552785,0.0119612892731593,0.));
#10198=CARTESIAN_POINT('',(0.015486614413784,0.0120494931556564,0.));
#10199=CARTESIAN_POINT('',(0.0155531888500521,0.0121451306119045,0.));
#10200=CARTESIAN_POINT('',(0.0156220082292097,0.0122483352106124,0.));
#10201=CARTESIAN_POINT('',(0.0156927948927006,0.0123592323667154,0.));
#10202=CARTESIAN_POINT('',(0.0157652668740281,0.0124779399957194,0.));
#10203=CARTESIAN_POINT('',(0.0158391392657356,0.0126045654052274,0.));
#10204=CARTESIAN_POINT('',(0.0159141199593877,0.012739216816448,0.));
#10205=CARTESIAN_POINT('',(0.015989927205474,0.0128819582243368,0.));
#10206=CARTESIAN_POINT('',(0.0160662227879392,0.0130329834462192,0.));
#10207=CARTESIAN_POINT('',(0.0161409579439259,0.0131879761381741,0.));
#10208=CARTESIAN_POINT('',(0.0161893477583369,0.0132949604552954,0.));
#10209=CARTESIAN_POINT('',(0.0162128504065561,0.0133470401847988,0.));
#10210=CARTESIAN_POINT('',(0.0151127388093158,0.0115873359877534,0.));
#10211=CARTESIAN_POINT('',(0.0153706757320323,0.0113448566853944,0.));
#10212=CARTESIAN_POINT('',(0.0150858417797124,0.0111346251754375,0.));
#10213=CARTESIAN_POINT('',(-6.60803504904938E-15,-4.79358067057904E-15,0.));
#10214=CARTESIAN_POINT('',(0.0152514393139866,0.0109066997231878,0.));
#10215=CARTESIAN_POINT('',(0.0155393998933035,0.0111126278002739,0.));
#10216=CARTESIAN_POINT('',(0.0156903045212826,0.0107923849839181,0.));
#10217=CARTESIAN_POINT('',(0.0154330713179445,0.0106481364423657,0.));
#10218=CARTESIAN_POINT('',(0.0154485813258351,0.0106588921511253,0.));
#10219=CARTESIAN_POINT('',(0.0154716394600182,0.0106748822510378,0.));
#10220=CARTESIAN_POINT('',(0.0154814478955225,0.0106810594651272,0.));
#10221=CARTESIAN_POINT('',(0.015498578496336,0.0106917315212103,0.));
#10222=CARTESIAN_POINT('',(0.0155208121820564,0.0107048389230667,0.));
#10223=CARTESIAN_POINT('',(0.015550400368922,0.010721558830106,0.));
#10224=CARTESIAN_POINT('',(0.0155867626940401,0.0107411329563175,0.));
#10225=CARTESIAN_POINT('',(0.0156302538206017,0.0107634437414969,0.));
#10226=CARTESIAN_POINT('',(0.0156809229456143,0.0107881664233755,0.));
#10227=CARTESIAN_POINT('',(0.0157389026503639,0.0108150352335436,0.));
#10228=CARTESIAN_POINT('',(0.0158042897797363,0.0108437622339252,0.));
#10229=CARTESIAN_POINT('',(0.0158771809119776,0.0108740618585503,0.));
#10230=CARTESIAN_POINT('',(0.0159576617392302,0.0109056439369326,0.));
#10231=CARTESIAN_POINT('',(0.0160458100449955,0.0109382160125249,0.));
#10232=CARTESIAN_POINT('',(0.0161416947350499,0.0109714829616888,0.));
#10233=CARTESIAN_POINT('',(0.0162453760229322,0.0110051473948772,0.));
#10234=CARTESIAN_POINT('',(0.0163569052810966,0.0110389098470292,0.));
#10235=CARTESIAN_POINT('',(0.0164763250449114,0.0110724689911261,0.));
#10236=CARTESIAN_POINT('',(0.0166036687898555,0.0111055220028422,0.));
#10237=CARTESIAN_POINT('',(0.0167389615278,0.0111377642782084,0.));
#10238=CARTESIAN_POINT('',(0.0168822172730939,0.0111688916942585,0.));
#10239=CARTESIAN_POINT('',(0.017033448683752,0.0111985929971688,0.));
#10240=CARTESIAN_POINT('',(0.0171926295572073,0.0112265804517029,0.));
#10241=CARTESIAN_POINT('',(0.0173598397101809,0.0112524725024301,0.));
#10242=CARTESIAN_POINT('',(0.0175303409531199,0.0112756544837097,0.));
#10243=CARTESIAN_POINT('',(0.0176470423600672,0.0112886159599055,0.));
#10244=CARTESIAN_POINT('',(0.0177038358438908,0.0112948747851655,0.));
#10245=CARTESIAN_POINT('',(0.0164940268007455,0.00891681444778848,0.));
#10246=CARTESIAN_POINT('',(0.0165106516036557,0.00892575097641433,0.));
#10247=CARTESIAN_POINT('',(0.0165353670608611,0.00893903657095694,0.));
#10248=CARTESIAN_POINT('',(0.0165453239354523,0.00894497155447191,0.));
#10249=CARTESIAN_POINT('',(0.0165626099370729,0.00895539001948554,0.));
#10250=CARTESIAN_POINT('',(0.0165843825997334,0.00896924974260019,0.));
#10251=CARTESIAN_POINT('',(0.0166127129017308,0.00898802233118401,0.));
#10252=CARTESIAN_POINT('',(0.0166466617260425,0.00901153493275809,0.));
#10253=CARTESIAN_POINT('',(0.0166862853394792,0.00904015692575565,0.));
#10254=CARTESIAN_POINT('',(0.0167313167117142,0.00907407958401578,0.));
#10255=CARTESIAN_POINT('',(0.0167815792320053,0.00911354169466259,0.));
#10256=CARTESIAN_POINT('',(0.0168368603123058,0.00915876026827203,0.));
#10257=CARTESIAN_POINT('',(0.0168969493570801,0.00920995100092908,0.));
#10258=CARTESIAN_POINT('',(0.0169616267259501,0.00926732197953568,0.));
#10259=CARTESIAN_POINT('',(0.0170306671511948,0.00933107528219298,0.));
#10260=CARTESIAN_POINT('',(0.0171038389582948,0.00940140628772543,0.));
#10261=CARTESIAN_POINT('',(0.0171809045075981,0.00947850365881814,0.));
#10262=CARTESIAN_POINT('',(0.0172616202963878,0.00956254912295564,0.));
#10263=CARTESIAN_POINT('',(0.0173457371509773,0.0096537173790323,0.));
#10264=CARTESIAN_POINT('',(0.0174330004504663,0.00975217573328518,0.));
#10265=CARTESIAN_POINT('',(0.0175231501458828,0.00985808475876272,0.));
#10266=CARTESIAN_POINT('',(0.017615921624061,0.00997159501127888,0.));
#10267=CARTESIAN_POINT('',(0.0177110433024321,0.0100928590754863,0.));
#10268=CARTESIAN_POINT('',(0.0178082469113063,0.0102219842337906,0.));
#10269=CARTESIAN_POINT('',(0.017907228718339,0.0103592148259517,0.));
#10270=CARTESIAN_POINT('',(0.0180052899593907,0.0105006081465266,0.));
#10271=CARTESIAN_POINT('',(0.0180698200493046,0.010598705474443,0.));
#10272=CARTESIAN_POINT('',(0.0181011804055481,0.0106464673918537,0.));
#10273=CARTESIAN_POINT('',(0.0167393346229065,0.00908052344273444,0.));
#10274=CARTESIAN_POINT('',(0.0169561637941347,0.00880067923843956,0.));
#10275=CARTESIAN_POINT('',(0.016641949166628,0.00863759387418582,0.));
#10276=CARTESIAN_POINT('',(-7.27656040001931E-15,-3.700839310168E-15,0.));
#10277=CARTESIAN_POINT('',(0.0167698525242701,0.00838656940078777,0.));
#10278=CARTESIAN_POINT('',(0.0170864820795883,0.00854491520234882,0.));
#10279=CARTESIAN_POINT('',(0.0171854318075254,0.00820500842172485,0.));
#10280=CARTESIAN_POINT('',(0.016908800128344,0.00810277595764043,0.));
#10281=CARTESIAN_POINT('',(0.0169258017458459,0.00811097294598999,0.));
#10282=CARTESIAN_POINT('',(0.0169510773988602,0.00812315909435276,0.));
#10283=CARTESIAN_POINT('',(0.0169617314054288,0.00812772587932521,0.));
#10284=CARTESIAN_POINT('',(0.0169803205775039,0.00813558672831457,0.));
#10285=CARTESIAN_POINT('',(0.0170043309790559,0.0081450546415721,0.));
#10286=CARTESIAN_POINT('',(0.0170361704559556,0.00815694008662676,0.));
#10287=CARTESIAN_POINT('',(0.0170751471684742,0.00817058490198576,0.));
#10288=CARTESIAN_POINT('',(0.0171215930228426,0.00818581749325935,0.));
#10289=CARTESIAN_POINT('',(0.0171755058063597,0.00820230940043365,0.));
#10290=CARTESIAN_POINT('',(0.017236974892677,0.00821977738686672,0.));
#10291=CARTESIAN_POINT('',(0.01730605089092,0.00823792190959998,0.));
#10292=CARTESIAN_POINT('',(0.0173827845179367,0.00825644581028821,0.));
#10293=CARTESIAN_POINT('',(0.0174672150181921,0.00827504908572092,0.));
#10294=CARTESIAN_POINT('',(0.0175593734672603,0.00829343071195589,0.));
#10295=CARTESIAN_POINT('',(0.0176592817550645,0.00831128841957804,0.));
#10296=CARTESIAN_POINT('',(0.0177669528318404,0.0083283190609264,0.));
#10297=CARTESIAN_POINT('',(0.0178823905909055,0.00834421882142957,0.));
#10298=CARTESIAN_POINT('',(0.018005589906016,0.00835868342990679,0.));
#10299=CARTESIAN_POINT('',(0.0181365364683508,0.0083714085535838,0.));
#10300=CARTESIAN_POINT('',(0.0182752073312843,0.00838208942595309,0.));
#10301=CARTESIAN_POINT('',(0.0184215687613122,0.00839042347597959,0.));
#10302=CARTESIAN_POINT('',(0.0185755845697829,0.00839610130174104,0.));
#10303=CARTESIAN_POINT('',(0.0187371838650182,0.00839884280948371,0.));
#10304=CARTESIAN_POINT('',(0.0189063857926437,0.00839825865527135,0.));
#10305=CARTESIAN_POINT('',(0.0190784143431916,0.00839448295716518,0.));
#10306=CARTESIAN_POINT('',(0.0191957065837593,0.00838902873391543,0.));
#10307=CARTESIAN_POINT('',(0.019252779941535,0.00838632604439087,0.));
#10308=CARTESIAN_POINT('',(0.0176858550585628,0.0062267994063971,0.));
#10309=CARTESIAN_POINT('',(0.0177036731636369,0.00623302521937658,0.));
#10310=CARTESIAN_POINT('',(0.0177301626574261,0.00624228089687806,0.));
#10311=CARTESIAN_POINT('',(0.0177409253823398,0.00624658521254726,0.));
#10312=CARTESIAN_POINT('',(0.0177596283715969,0.00625417128255192,0.));
#10313=CARTESIAN_POINT('',(0.0177833011150215,0.00626445437464033,0.));
#10314=CARTESIAN_POINT('',(0.0178142193038423,0.00627856400586998,0.));
#10315=CARTESIAN_POINT('',(0.0178514283430409,0.0062964763621318,0.));
#10316=CARTESIAN_POINT('',(0.0178950415902074,0.00631854747212917,0.));
#10317=CARTESIAN_POINT('',(0.0179448252244227,0.00634500802754908,0.));
#10318=CARTESIAN_POINT('',(0.0180006421638515,0.0063761215036569,0.));
#10319=CARTESIAN_POINT('',(0.0180623163856923,0.00641213549536562,0.));
#10320=CARTESIAN_POINT('',(0.0181296736294916,0.00645329598758348,0.));
#10321=CARTESIAN_POINT('',(0.018202529510972,0.00649984286464237,0.));
#10322=CARTESIAN_POINT('',(0.0182806931478116,0.0065520109563621,0.));
#10323=CARTESIAN_POINT('',(0.0183639662817709,0.00661002947800912,0.));
#10324=CARTESIAN_POINT('',(0.0184521437122821,0.00667412194454964,0.));
#10325=CARTESIAN_POINT('',(0.0185450133629931,0.00674450593831853,0.));
#10326=CARTESIAN_POINT('',(0.0186423564568867,0.00682139298672926,0.));
#10327=CARTESIAN_POINT('',(0.0187439476803302,0.00690498816768581,0.));
#10328=CARTESIAN_POINT('',(0.0188495553051447,0.00699549075793775,0.));
#10329=CARTESIAN_POINT('',(0.0189589415281101,0.00709309085432616,0.));
#10330=CARTESIAN_POINT('',(0.0190718619797879,0.00719798164780734,0.));
#10331=CARTESIAN_POINT('',(0.0191880684759994,0.00731031106658772,0.));
#10332=CARTESIAN_POINT('',(0.0193072992470083,0.00743036795640638,0.));
#10333=CARTESIAN_POINT('',(0.0194262719799239,0.00755468033279109,0.));
#10334=CARTESIAN_POINT('',(0.0195053534003639,0.00764147518972305,0.));
#10335=CARTESIAN_POINT('',(0.0195437992685819,0.00768374323812158,0.));
#10336=CARTESIAN_POINT('',(0.0179537524634146,0.00635011827402585,0.));
#10337=CARTESIAN_POINT('',(0.0181241348293442,0.00603979986085446,0.));
#10338=CARTESIAN_POINT('',(0.0177882765335985,0.00592787634522116,0.));
#10339=CARTESIAN_POINT('',(-7.76591268442135E-15,-2.51697100355914E-15,0.));
#10340=CARTESIAN_POINT('',(0.0178753363094566,0.00565993390631227,0.));
#10341=CARTESIAN_POINT('',(0.0182128383702907,0.00576679843319418,0.));
#10342=CARTESIAN_POINT('',(0.0182573967274888,0.00541559732132694,0.));
#10343=CARTESIAN_POINT('',(0.0179681781624932,0.00535789823726638,0.));
#10344=CARTESIAN_POINT('',(0.0179862527533586,0.0053633346681485,0.));
#10345=CARTESIAN_POINT('',(0.0180131235547417,0.00537141680154534,0.));
#10346=CARTESIAN_POINT('',(0.0180243607953742,0.00537426070799854,0.));
#10347=CARTESIAN_POINT('',(0.0180439508116005,0.0053791167897034,0.));
#10348=CARTESIAN_POINT('',(0.018069146713212,0.00538471208291543,0.));
#10349=CARTESIAN_POINT('',(0.0181024534865554,0.00539147040688274,0.));
#10350=CARTESIAN_POINT('',(0.018143084850456,0.00539884993075053,0.));
#10351=CARTESIAN_POINT('',(0.0181913417815517,0.00540662925116703,0.));
#10352=CARTESIAN_POINT('',(0.0182471707119169,0.00541448429814895,0.));
#10353=CARTESIAN_POINT('',(0.0183106156068925,0.00542212134104801,0.));
#10354=CARTESIAN_POINT('',(0.0183816795936792,0.00542923660776505,0.));
#10355=CARTESIAN_POINT('',(0.0184603662789098,0.00543552866460421,0.));
#10356=CARTESIAN_POINT('',(0.0185466674930431,0.00544069506270543,0.));
#10357=CARTESIAN_POINT('',(0.0186405668385417,0.00544443362293998,0.));
#10358=CARTESIAN_POINT('',(0.0187420386504734,0.0054464423729924,0.));
#10359=CARTESIAN_POINT('',(0.0188510482968929,0.00544641987158928,0.));
#10360=CARTESIAN_POINT('',(0.0189675520961145,0.00544406543557172,0.));
#10361=CARTESIAN_POINT('',(0.0190914973865076,0.00543907934176331,0.));
#10362=CARTESIAN_POINT('',(0.0192228224272817,0.00543116324262402,0.));
#10363=CARTESIAN_POINT('',(0.0193614568783367,0.00542001971347089,0.));
#10364=CARTESIAN_POINT('',(0.0195073200889456,0.00540535518550306,0.));
#10365=CARTESIAN_POINT('',(0.0196603279148749,0.00538686972720174,0.));
#10366=CARTESIAN_POINT('',(0.0198203665209244,0.0053642977831338,0.));
#10367=CARTESIAN_POINT('',(0.0199873939101946,0.00533725180779727,0.));
#10368=CARTESIAN_POINT('',(0.0201567138545069,0.00530661140052359,0.));
#10369=CARTESIAN_POINT('',(0.0202717088044615,0.00528287577890624,0.));
#10370=CARTESIAN_POINT('',(0.0203276567007052,0.0052712781237829,0.));
#10371=CARTESIAN_POINT('',(0.0184421988688506,0.0033834598980578,0.));
#10372=CARTESIAN_POINT('',(0.0184607715352067,0.00338682169521308,0.));
#10373=CARTESIAN_POINT('',(0.018488382806329,0.00339181955017549,0.));
#10374=CARTESIAN_POINT('',(0.0184996863675584,0.00339438721146196,0.));
#10375=CARTESIAN_POINT('',(0.0185193458147849,0.0033989540922374,0.));
#10376=CARTESIAN_POINT('',(0.018544335737465,0.00340540734944472,0.));
#10377=CARTESIAN_POINT('',(0.018577080504689,0.00341450659737216,0.));
#10378=CARTESIAN_POINT('',(0.0186166335487397,0.00342637764666285,0.));
#10379=CARTESIAN_POINT('',(0.0186631625267468,0.00344135440968208,0.));
#10380=CARTESIAN_POINT('',(0.0187164725846454,0.00345970131556978,0.));
#10381=CARTESIAN_POINT('',(0.0187764695449174,0.00348170004009713,0.));
#10382=CARTESIAN_POINT('',(0.0188430182842718,0.00350762266590567,0.));
#10383=CARTESIAN_POINT('',(0.0189159851682079,0.00353773940976209,0.));
#10384=CARTESIAN_POINT('',(0.0189952256087018,0.00357231604667985,0.));
#10385=CARTESIAN_POINT('',(0.0190805878089872,0.00361161437590791,0.));
#10386=CARTESIAN_POINT('',(0.0191719118088798,0.00365589180511412,0.));
#10387=CARTESIAN_POINT('',(0.0192690298996158,0.00370540119786552,0.));
#10388=CARTESIAN_POINT('',(0.0193717666532308,0.00376039063374813,0.));
#10389=CARTESIAN_POINT('',(0.0194799390763937,0.00382110326018757,0.));
#10390=CARTESIAN_POINT('',(0.0195933567107084,0.00388777687705614,0.));
#10391=CARTESIAN_POINT('',(0.0197118218547065,0.00396064455794961,0.));
#10392=CARTESIAN_POINT('',(0.0198351293706176,0.00403993125992104,0.));
#10393=CARTESIAN_POINT('',(0.0199630681193203,0.00412586602322785,0.));
#10394=CARTESIAN_POINT('',(0.020095416113265,0.00421863377939402,0.));
#10395=CARTESIAN_POINT('',(0.020231959990964,0.0043185607677969,0.));
#10396=CARTESIAN_POINT('',(0.020368914712211,0.00442273121671573,0.));
#10397=CARTESIAN_POINT('',(0.0204606002161496,0.0044960864252299,0.));
#10398=CARTESIAN_POINT('',(0.0205051849314721,0.00453181982498515,0.));
#10399=CARTESIAN_POINT('',(0.0187260893331853,0.00346335211857646,0.));
#10400=CARTESIAN_POINT('',(0.0188458295145004,0.00313020056574861,0.));
#10401=CARTESIAN_POINT('',(0.0184965974964066,0.00307219482714349,0.));
#10402=CARTESIAN_POINT('',(-8.0640424249464E-15,-1.27112651749481E-15,0.));
#10403=CARTESIAN_POINT('',(0.0185406699898642,0.00279393205481966,0.));
#10404=CARTESIAN_POINT('',(0.0188907341353714,0.00284668394770759,0.));
#10405=CARTESIAN_POINT('',(0.0188798039471956,0.00249283624154091,0.));
#10406=CARTESIAN_POINT('',(0.0185851200173174,0.00248109128044606,0.));
#10407=CARTESIAN_POINT('',(0.018603822525133,0.00248363329088994,0.));
#10408=CARTESIAN_POINT('',(0.0186316268265759,0.00248741240037355,0.));
#10409=CARTESIAN_POINT('',(0.0186431706031138,0.00248846340189225,0.));
#10410=CARTESIAN_POINT('',(0.0186632790922762,0.00249019514346463,0.));
#10411=CARTESIAN_POINT('',(0.018689040087229,0.00249178004194257,0.));
#10412=CARTESIAN_POINT('',(0.0187229940337175,0.00249324483245685,0.));
#10413=CARTESIAN_POINT('',(0.018764279569973,0.00249417735646458,0.));
#10414=CARTESIAN_POINT('',(0.018813159331997,0.00249431185333725,0.));
#10415=CARTESIAN_POINT('',(0.018869529715659,0.00249333662280068,0.));
#10416=CARTESIAN_POINT('',(0.0189333881954172,0.00249095467282365,0.));
#10417=CARTESIAN_POINT('',(0.0190046903395451,0.0024868654820437,0.));
#10418=CARTESIAN_POINT('',(0.0190833925556531,0.00248077076371227,0.));
#10419=CARTESIAN_POINT('',(0.0191694394613549,0.00247237307061446,0.));
#10420=CARTESIAN_POINT('',(0.0192627675897636,0.00246137650908804,0.));
#10421=CARTESIAN_POINT('',(0.0193633043530475,0.00244748683947777,0.));
#10422=CARTESIAN_POINT('',(0.0194709683898335,0.00243041174938241,0.));
#10423=CARTESIAN_POINT('',(0.0195856695190209,0.0024098610908728,0.));
#10424=CARTESIAN_POINT('',(0.0197073088402962,0.00238554706895621,0.));
#10425=CARTESIAN_POINT('',(0.019835778701163,0.00235718466763347,0.));
#10426=CARTESIAN_POINT('',(0.0199709631000529,0.0023244911276289,0.));
#10427=CARTESIAN_POINT('',(0.0201127364549055,0.0022871891110141,0.));
#10428=CARTESIAN_POINT('',(0.0202609687378152,0.0022449955419831,0.));
#10429=CARTESIAN_POINT('',(0.0204155059730603,0.0021976659422795,0.));
#10430=CARTESIAN_POINT('',(0.0205762460553192,0.00214482410749202,0.));
#10431=CARTESIAN_POINT('',(0.0207386881744262,0.0020880734595676,0.));
#10432=CARTESIAN_POINT('',(0.0208485542764536,0.00204664088936087,0.));
#10433=CARTESIAN_POINT('',(0.0209019990882795,0.00202643384139829,0.));
#10434=CARTESIAN_POINT('',(0.0187444345368383,0.000456808377968711,0.));
#10435=CARTESIAN_POINT('',(0.0187633044437915,0.000457223380696644,0.));
#10436=CARTESIAN_POINT('',(0.0187913576111155,0.000457840349343894,0.));
#10437=CARTESIAN_POINT('',(0.0188029236774687,0.000458608131905171,0.));
#10438=CARTESIAN_POINT('',(0.0188230555018279,0.000460043371690094,0.));
#10439=CARTESIAN_POINT('',(0.0188487472689304,0.000462507893406766,0.));
#10440=CARTESIAN_POINT('',(0.0188825123297148,0.000466372704349325,0.));
#10441=CARTESIAN_POINT('',(0.0189234354514039,0.000471910142037604,0.));
#10442=CARTESIAN_POINT('',(0.0189717344623924,0.000479423780468129,0.));
#10443=CARTESIAN_POINT('',(0.0190272582734229,0.000489205275110772,0.));
#10444=CARTESIAN_POINT('',(0.0190899579302578,0.000501547566450207,0.));
#10445=CARTESIAN_POINT('',(0.0191597425363002,0.000516740525278905,0.));
#10446=CARTESIAN_POINT('',(0.0192365223735273,0.000535071946588402,0.));
#10447=CARTESIAN_POINT('',(0.019320196210406,0.000556826951810841,0.));
#10448=CARTESIAN_POINT('',(0.0194106550734652,0.000582287863257955,0.));
#10449=CARTESIAN_POINT('',(0.0195077812393268,0.000611733942767927,0.));
#10450=CARTESIAN_POINT('',(0.0196114486205771,0.000645441176168417,0.));
#10451=CARTESIAN_POINT('',(0.0197215227572585,0.000683682031753845,0.));
#10452=CARTESIAN_POINT('',(0.0198378609456285,0.000726725289865403,0.));
#10453=CARTESIAN_POINT('',(0.0199603122722462,0.000774835616921631,0.));
#10454=CARTESIAN_POINT('',(0.0200887179304194,0.000828274144319058,0.));
#10455=CARTESIAN_POINT('',(0.0202229104990002,0.000887295150133497,0.));
#10456=CARTESIAN_POINT('',(0.0203627172681305,0.000952157884192205,0.));
#10457=CARTESIAN_POINT('',(0.0205079479129597,0.00102307972770883,0.));
#10458=CARTESIAN_POINT('',(0.0206584427339165,0.00110041628060279,0.));
#10459=CARTESIAN_POINT('',(0.0208100071637312,0.00118187977988146,0.));
#10460=CARTESIAN_POINT('',(0.0209120391497748,0.00123998909129225,0.));
#10461=CARTESIAN_POINT('',(0.0209616648885424,0.00126830796750989,0.));
#10462=CARTESIAN_POINT('',(0.0190373277352456,0.000491306739761025,0.));
#10463=CARTESIAN_POINT('',(0.0191034773312873,0.000143525344173942,0.));
#10464=CARTESIAN_POINT('',(0.0187494708421655,0.000140865676391482,0.));
#10465=CARTESIAN_POINT('',(-8.16360867794685E-15,6.01732205729455E-18,0.));
#10466=CARTESIAN_POINT('',(0.0187494708421655,-0.000140865676391475,0.));
#10467=CARTESIAN_POINT('',(0.0191034773312872,-0.000143525344173935,0.));
#10468=CARTESIAN_POINT('',(0.0190373277352455,-0.000491306739761015,0.));
#10469=CARTESIAN_POINT('',(0.0187444345368383,-0.000456808377968711,0.));
#10470=CARTESIAN_POINT('',(0.0187633044437915,-0.000457223380696644,0.));
#10471=CARTESIAN_POINT('',(0.0187913576111155,-0.000457840349343894,0.));
#10472=CARTESIAN_POINT('',(0.0188029236774687,-0.000458608131905171,0.));
#10473=CARTESIAN_POINT('',(0.0188230555018279,-0.000460043371690094,0.));
#10474=CARTESIAN_POINT('',(0.0188487472689304,-0.000462507893406766,0.));
#10475=CARTESIAN_POINT('',(0.0188825123297148,-0.000466372704349325,0.));
#10476=CARTESIAN_POINT('',(0.0189234354514039,-0.000471910142037604,0.));
#10477=CARTESIAN_POINT('',(0.0189717344623924,-0.000479423780468129,0.));
#10478=CARTESIAN_POINT('',(0.0190272582734229,-0.000489205275110772,0.));
#10479=CARTESIAN_POINT('',(0.0190899579302578,-0.000501547566450207,0.));
#10480=CARTESIAN_POINT('',(0.0191597425363002,-0.000516740525278905,0.));
#10481=CARTESIAN_POINT('',(0.0192365223735273,-0.000535071946588402,0.));
#10482=CARTESIAN_POINT('',(0.019320196210406,-0.000556826951810841,0.));
#10483=CARTESIAN_POINT('',(0.0194106550734652,-0.000582287863257955,0.));
#10484=CARTESIAN_POINT('',(0.0195077812393268,-0.000611733942767927,0.));
#10485=CARTESIAN_POINT('',(0.0196114486205771,-0.000645441176168417,0.));
#10486=CARTESIAN_POINT('',(0.0197215227572585,-0.000683682031753845,0.));
#10487=CARTESIAN_POINT('',(0.0198378609456285,-0.000726725289865403,0.));
#10488=CARTESIAN_POINT('',(0.0199603122722462,-0.000774835616921631,0.));
#10489=CARTESIAN_POINT('',(0.0200887179304194,-0.000828274144319058,0.));
#10490=CARTESIAN_POINT('',(0.0202229104990002,-0.000887295150133497,0.));
#10491=CARTESIAN_POINT('',(0.0203627172681305,-0.000952157884192205,0.));
#10492=CARTESIAN_POINT('',(0.0205079479129597,-0.00102307972770883,0.));
#10493=CARTESIAN_POINT('',(0.0206584427339165,-0.00110041628060279,0.));
#10494=CARTESIAN_POINT('',(0.0208100071637312,-0.00118187977988146,0.));
#10495=CARTESIAN_POINT('',(0.0209120391497748,-0.00123998909129225,0.));
#10496=CARTESIAN_POINT('',(0.0209616648885424,-0.00126830796750989,0.));
#10497=CARTESIAN_POINT('',(0.0185851200173174,-0.00248109128044607,0.));
#10498=CARTESIAN_POINT('',(0.018603822525133,-0.00248363329088994,0.));
#10499=CARTESIAN_POINT('',(0.0186316268265759,-0.00248741240037356,0.));
#10500=CARTESIAN_POINT('',(0.0186431706031138,-0.00248846340189225,0.));
#10501=CARTESIAN_POINT('',(0.0186632790922762,-0.00249019514346464,0.));
#10502=CARTESIAN_POINT('',(0.018689040087229,-0.00249178004194257,0.));
#10503=CARTESIAN_POINT('',(0.0187229940337175,-0.00249324483245686,0.));
#10504=CARTESIAN_POINT('',(0.018764279569973,-0.00249417735646458,0.));
#10505=CARTESIAN_POINT('',(0.018813159331997,-0.00249431185333725,0.));
#10506=CARTESIAN_POINT('',(0.018869529715659,-0.00249333662280069,0.));
#10507=CARTESIAN_POINT('',(0.0189333881954172,-0.00249095467282366,0.));
#10508=CARTESIAN_POINT('',(0.0190046903395451,-0.00248686548204371,0.));
#10509=CARTESIAN_POINT('',(0.0190833925556531,-0.00248077076371228,0.));
#10510=CARTESIAN_POINT('',(0.0191694394613549,-0.00247237307061446,0.));
#10511=CARTESIAN_POINT('',(0.0192627675897636,-0.00246137650908804,0.));
#10512=CARTESIAN_POINT('',(0.0193633043530475,-0.00244748683947777,0.));
#10513=CARTESIAN_POINT('',(0.0194709683898335,-0.00243041174938241,0.));
#10514=CARTESIAN_POINT('',(0.0195856695190209,-0.0024098610908728,0.));
#10515=CARTESIAN_POINT('',(0.0197073088402962,-0.00238554706895622,0.));
#10516=CARTESIAN_POINT('',(0.0198357787011629,-0.00235718466763347,0.));
#10517=CARTESIAN_POINT('',(0.0199709631000529,-0.00232449112762891,0.));
#10518=CARTESIAN_POINT('',(0.0201127364549055,-0.0022871891110141,0.));
#10519=CARTESIAN_POINT('',(0.0202609687378152,-0.00224499554198311,0.));
#10520=CARTESIAN_POINT('',(0.0204155059730603,-0.0021976659422795,0.));
#10521=CARTESIAN_POINT('',(0.0205762460553192,-0.00214482410749202,0.));
#10522=CARTESIAN_POINT('',(0.0207386881744262,-0.0020880734595676,0.));
#10523=CARTESIAN_POINT('',(0.0208485542764536,-0.00204664088936088,0.));
#10524=CARTESIAN_POINT('',(0.0209019990882795,-0.00202643384139829,0.));
#10525=CARTESIAN_POINT('',(0.0188798039471956,-0.00249283624154091,0.));
#10526=CARTESIAN_POINT('',(0.0188907341353715,-0.0028466839477076,0.));
#10527=CARTESIAN_POINT('',(0.0185406699898642,-0.00279393205481967,0.));
#10528=CARTESIAN_POINT('',(-8.06215979183239E-15,1.28301299517E-15,0.));
#10529=CARTESIAN_POINT('',(0.0184965974964065,-0.00307219482714348,0.));
#10530=CARTESIAN_POINT('',(0.0188458295145003,-0.00313020056574859,0.));
#10531=CARTESIAN_POINT('',(0.0187260893331853,-0.00346335211857644,0.));
#10532=CARTESIAN_POINT('',(0.0184421988688506,-0.00338345989805781,0.));
#10533=CARTESIAN_POINT('',(0.0184607715352066,-0.00338682169521308,0.));
#10534=CARTESIAN_POINT('',(0.018488382806329,-0.00339181955017549,0.));
#10535=CARTESIAN_POINT('',(0.0184996863675583,-0.00339438721146196,0.));
#10536=CARTESIAN_POINT('',(0.0185193458147849,-0.0033989540922374,0.));
#10537=CARTESIAN_POINT('',(0.018544335737465,-0.00340540734944473,0.));
#10538=CARTESIAN_POINT('',(0.018577080504689,-0.00341450659737216,0.));
#10539=CARTESIAN_POINT('',(0.0186166335487396,-0.00342637764666286,0.));
#10540=CARTESIAN_POINT('',(0.0186631625267468,-0.00344135440968208,0.));
#10541=CARTESIAN_POINT('',(0.0187164725846454,-0.00345970131556978,0.));
#10542=CARTESIAN_POINT('',(0.0187764695449174,-0.00348170004009713,0.));
#10543=CARTESIAN_POINT('',(0.0188430182842718,-0.00350762266590567,0.));
#10544=CARTESIAN_POINT('',(0.0189159851682079,-0.00353773940976209,0.));
#10545=CARTESIAN_POINT('',(0.0189952256087018,-0.00357231604667986,0.));
#10546=CARTESIAN_POINT('',(0.0190805878089872,-0.00361161437590792,0.));
#10547=CARTESIAN_POINT('',(0.0191719118088798,-0.00365589180511412,0.));
#10548=CARTESIAN_POINT('',(0.0192690298996158,-0.00370540119786553,0.));
#10549=CARTESIAN_POINT('',(0.0193717666532308,-0.00376039063374813,0.));
#10550=CARTESIAN_POINT('',(0.0194799390763937,-0.00382110326018758,0.));
#10551=CARTESIAN_POINT('',(0.0195933567107084,-0.00388777687705614,0.));
#10552=CARTESIAN_POINT('',(0.0197118218547065,-0.00396064455794961,0.));
#10553=CARTESIAN_POINT('',(0.0198351293706176,-0.00403993125992104,0.));
#10554=CARTESIAN_POINT('',(0.0199630681193203,-0.00412586602322785,0.));
#10555=CARTESIAN_POINT('',(0.020095416113265,-0.00421863377939402,0.));
#10556=CARTESIAN_POINT('',(0.020231959990964,-0.0043185607677969,0.));
#10557=CARTESIAN_POINT('',(0.020368914712211,-0.00442273121671573,0.));
#10558=CARTESIAN_POINT('',(0.0204606002161496,-0.00449608642522991,0.));
#10559=CARTESIAN_POINT('',(0.0205051849314721,-0.00453181982498516,0.));
#10560=CARTESIAN_POINT('',(0.0179681781624932,-0.00535789823726638,0.));
#10561=CARTESIAN_POINT('',(0.0179862527533586,-0.0053633346681485,0.));
#10562=CARTESIAN_POINT('',(0.0180131235547417,-0.00537141680154534,0.));
#10563=CARTESIAN_POINT('',(0.0180243607953742,-0.00537426070799855,0.));
#10564=CARTESIAN_POINT('',(0.0180439508116005,-0.00537911678970341,0.));
#10565=CARTESIAN_POINT('',(0.018069146713212,-0.00538471208291544,0.));
#10566=CARTESIAN_POINT('',(0.0181024534865554,-0.00539147040688275,0.));
#10567=CARTESIAN_POINT('',(0.018143084850456,-0.00539884993075054,0.));
#10568=CARTESIAN_POINT('',(0.0181913417815517,-0.00540662925116704,0.));
#10569=CARTESIAN_POINT('',(0.0182471707119169,-0.00541448429814896,0.));
#10570=CARTESIAN_POINT('',(0.0183106156068925,-0.00542212134104801,0.));
#10571=CARTESIAN_POINT('',(0.0183816795936792,-0.00542923660776506,0.));
#10572=CARTESIAN_POINT('',(0.0184603662789098,-0.00543552866460422,0.));
#10573=CARTESIAN_POINT('',(0.0185466674930431,-0.00544069506270544,0.));
#10574=CARTESIAN_POINT('',(0.0186405668385417,-0.00544443362293999,0.));
#10575=CARTESIAN_POINT('',(0.0187420386504734,-0.0054464423729924,0.));
#10576=CARTESIAN_POINT('',(0.0188510482968929,-0.00544641987158929,0.));
#10577=CARTESIAN_POINT('',(0.0189675520961145,-0.00544406543557173,0.));
#10578=CARTESIAN_POINT('',(0.0190914973865076,-0.00543907934176332,0.));
#10579=CARTESIAN_POINT('',(0.0192228224272817,-0.00543116324262403,0.));
#10580=CARTESIAN_POINT('',(0.0193614568783367,-0.00542001971347089,0.));
#10581=CARTESIAN_POINT('',(0.0195073200889456,-0.00540535518550307,0.));
#10582=CARTESIAN_POINT('',(0.0196603279148749,-0.00538686972720174,0.));
#10583=CARTESIAN_POINT('',(0.0198203665209244,-0.00536429778313381,0.));
#10584=CARTESIAN_POINT('',(0.0199873939101946,-0.00533725180779728,0.));
#10585=CARTESIAN_POINT('',(0.0201567138545069,-0.0053066114005236,0.));
#10586=CARTESIAN_POINT('',(0.0202717088044615,-0.00528287577890624,0.));
#10587=CARTESIAN_POINT('',(0.0203276567007052,-0.0052712781237829,0.));
#10588=CARTESIAN_POINT('',(0.0182573967274888,-0.00541559732132696,0.));
#10589=CARTESIAN_POINT('',(0.0182128383702908,-0.0057667984331942,0.));
#10590=CARTESIAN_POINT('',(0.0178753363094566,-0.00565993390631227,0.));
#10591=CARTESIAN_POINT('',(-7.76219377486869E-15,2.52841663026562E-15,0.));
#10592=CARTESIAN_POINT('',(0.0177882765335984,-0.00592787634522114,0.));
#10593=CARTESIAN_POINT('',(0.0181241348293441,-0.00603979986085444,0.));
#10594=CARTESIAN_POINT('',(0.0179537524634145,-0.00635011827402583,0.));
#10595=CARTESIAN_POINT('',(0.0176858550585628,-0.00622679940639711,0.));
#10596=CARTESIAN_POINT('',(0.0177036731636369,-0.00623302521937659,0.));
#10597=CARTESIAN_POINT('',(0.0177301626574261,-0.00624228089687806,0.));
#10598=CARTESIAN_POINT('',(0.0177409253823398,-0.00624658521254727,0.));
#10599=CARTESIAN_POINT('',(0.0177596283715969,-0.00625417128255192,0.));
#10600=CARTESIAN_POINT('',(0.0177833011150215,-0.00626445437464033,0.));
#10601=CARTESIAN_POINT('',(0.0178142193038423,-0.00627856400586998,0.));
#10602=CARTESIAN_POINT('',(0.0178514283430409,-0.0062964763621318,0.));
#10603=CARTESIAN_POINT('',(0.0178950415902074,-0.00631854747212918,0.));
#10604=CARTESIAN_POINT('',(0.0179448252244227,-0.00634500802754908,0.));
#10605=CARTESIAN_POINT('',(0.0180006421638515,-0.0063761215036569,0.));
#10606=CARTESIAN_POINT('',(0.0180623163856923,-0.00641213549536563,0.));
#10607=CARTESIAN_POINT('',(0.0181296736294916,-0.00645329598758348,0.));
#10608=CARTESIAN_POINT('',(0.018202529510972,-0.00649984286464237,0.));
#10609=CARTESIAN_POINT('',(0.0182806931478116,-0.0065520109563621,0.));
#10610=CARTESIAN_POINT('',(0.0183639662817709,-0.00661002947800913,0.));
#10611=CARTESIAN_POINT('',(0.0184521437122821,-0.00667412194454965,0.));
#10612=CARTESIAN_POINT('',(0.0185450133629931,-0.00674450593831854,0.));
#10613=CARTESIAN_POINT('',(0.0186423564568867,-0.00682139298672927,0.));
#10614=CARTESIAN_POINT('',(0.0187439476803302,-0.00690498816768581,0.));
#10615=CARTESIAN_POINT('',(0.0188495553051447,-0.00699549075793776,0.));
#10616=CARTESIAN_POINT('',(0.0189589415281101,-0.00709309085432617,0.));
#10617=CARTESIAN_POINT('',(0.0190718619797879,-0.00719798164780735,0.));
#10618=CARTESIAN_POINT('',(0.0191880684759994,-0.00731031106658772,0.));
#10619=CARTESIAN_POINT('',(0.0193072992470083,-0.00743036795640639,0.));
#10620=CARTESIAN_POINT('',(0.0194262719799239,-0.00755468033279109,0.));
#10621=CARTESIAN_POINT('',(0.0195053534003639,-0.00764147518972305,0.));
#10622=CARTESIAN_POINT('',(0.0195437992685819,-0.00768374323812158,0.));
#10623=CARTESIAN_POINT('',(0.016908800128344,-0.00810277595764043,0.));
#10624=CARTESIAN_POINT('',(0.0169258017458459,-0.00811097294598999,0.));
#10625=CARTESIAN_POINT('',(0.0169510773988602,-0.00812315909435277,0.));
#10626=CARTESIAN_POINT('',(0.0169617314054288,-0.00812772587932522,0.));
#10627=CARTESIAN_POINT('',(0.0169803205775038,-0.00813558672831457,0.));
#10628=CARTESIAN_POINT('',(0.0170043309790559,-0.0081450546415721,0.));
#10629=CARTESIAN_POINT('',(0.0170361704559556,-0.00815694008662677,0.));
#10630=CARTESIAN_POINT('',(0.0170751471684742,-0.00817058490198576,0.));
#10631=CARTESIAN_POINT('',(0.0171215930228426,-0.00818581749325935,0.));
#10632=CARTESIAN_POINT('',(0.0171755058063597,-0.00820230940043366,0.));
#10633=CARTESIAN_POINT('',(0.017236974892677,-0.00821977738686673,0.));
#10634=CARTESIAN_POINT('',(0.01730605089092,-0.00823792190959998,0.));
#10635=CARTESIAN_POINT('',(0.0173827845179367,-0.00825644581028821,0.));
#10636=CARTESIAN_POINT('',(0.0174672150181921,-0.00827504908572092,0.));
#10637=CARTESIAN_POINT('',(0.0175593734672603,-0.0082934307119559,0.));
#10638=CARTESIAN_POINT('',(0.0176592817550645,-0.00831128841957804,0.));
#10639=CARTESIAN_POINT('',(0.0177669528318404,-0.0083283190609264,0.));
#10640=CARTESIAN_POINT('',(0.0178823905909055,-0.00834421882142957,0.));
#10641=CARTESIAN_POINT('',(0.018005589906016,-0.00835868342990679,0.));
#10642=CARTESIAN_POINT('',(0.0181365364683508,-0.0083714085535838,0.));
#10643=CARTESIAN_POINT('',(0.0182752073312843,-0.00838208942595309,0.));
#10644=CARTESIAN_POINT('',(0.0184215687613122,-0.00839042347597959,0.));
#10645=CARTESIAN_POINT('',(0.0185755845697829,-0.00839610130174104,0.));
#10646=CARTESIAN_POINT('',(0.0187371838650182,-0.00839884280948372,0.));
#10647=CARTESIAN_POINT('',(0.0189063857926437,-0.00839825865527135,0.));
#10648=CARTESIAN_POINT('',(0.0190784143431916,-0.00839448295716519,0.));
#10649=CARTESIAN_POINT('',(0.0191957065837593,-0.00838902873391544,0.));
#10650=CARTESIAN_POINT('',(0.0192527799415349,-0.00838632604439088,0.));
#10651=CARTESIAN_POINT('',(0.0171854318075255,-0.00820500842172487,0.));
#10652=CARTESIAN_POINT('',(0.0170864820795883,-0.00854491520234884,0.));
#10653=CARTESIAN_POINT('',(0.0167698525242702,-0.00838656940078779,0.));
#10654=CARTESIAN_POINT('',(-7.27109678592354E-15,3.71156225659039E-15,0.));
#10655=CARTESIAN_POINT('',(0.016641949166628,-0.0086375938741858,0.));
#10656=CARTESIAN_POINT('',(0.0169561637941347,-0.00880067923843953,0.));
#10657=CARTESIAN_POINT('',(0.0167393346229064,-0.00908052344273442,0.));
#10658=CARTESIAN_POINT('',(0.0164940268007455,-0.00891681444778849,0.));
#10659=CARTESIAN_POINT('',(0.0165106516036557,-0.00892575097641433,0.));
#10660=CARTESIAN_POINT('',(0.0165353670608611,-0.00893903657095695,0.));
#10661=CARTESIAN_POINT('',(0.0165453239354523,-0.00894497155447191,0.));
#10662=CARTESIAN_POINT('',(0.0165626099370729,-0.00895539001948554,0.));
#10663=CARTESIAN_POINT('',(0.0165843825997334,-0.0089692497426002,0.));
#10664=CARTESIAN_POINT('',(0.0166127129017308,-0.00898802233118401,0.));
#10665=CARTESIAN_POINT('',(0.0166466617260425,-0.00901153493275809,0.));
#10666=CARTESIAN_POINT('',(0.0166862853394792,-0.00904015692575566,0.));
#10667=CARTESIAN_POINT('',(0.0167313167117142,-0.00907407958401578,0.));
#10668=CARTESIAN_POINT('',(0.0167815792320052,-0.00911354169466259,0.));
#10669=CARTESIAN_POINT('',(0.0168368603123058,-0.00915876026827204,0.));
#10670=CARTESIAN_POINT('',(0.01689694935708,-0.00920995100092908,0.));
#10671=CARTESIAN_POINT('',(0.0169616267259501,-0.00926732197953568,0.));
#10672=CARTESIAN_POINT('',(0.0170306671511948,-0.00933107528219298,0.));
#10673=CARTESIAN_POINT('',(0.0171038389582948,-0.00940140628772544,0.));
#10674=CARTESIAN_POINT('',(0.0171809045075981,-0.00947850365881815,0.));
#10675=CARTESIAN_POINT('',(0.0172616202963878,-0.00956254912295564,0.));
#10676=CARTESIAN_POINT('',(0.0173457371509773,-0.0096537173790323,0.));
#10677=CARTESIAN_POINT('',(0.0174330004504663,-0.00975217573328518,0.));
#10678=CARTESIAN_POINT('',(0.0175231501458828,-0.00985808475876273,0.));
#10679=CARTESIAN_POINT('',(0.017615921624061,-0.00997159501127888,0.));
#10680=CARTESIAN_POINT('',(0.0177110433024321,-0.0100928590754863,0.));
#10681=CARTESIAN_POINT('',(0.0178082469113063,-0.0102219842337906,0.));
#10682=CARTESIAN_POINT('',(0.017907228718339,-0.0103592148259517,0.));
#10683=CARTESIAN_POINT('',(0.0180052899593907,-0.0105006081465266,0.));
#10684=CARTESIAN_POINT('',(0.0180698200493046,-0.010598705474443,0.));
#10685=CARTESIAN_POINT('',(0.0181011804055481,-0.0106464673918537,0.));
#10686=CARTESIAN_POINT('',(0.0154330713179445,-0.0106481364423657,0.));
#10687=CARTESIAN_POINT('',(0.0154485813258351,-0.0106588921511253,0.));
#10688=CARTESIAN_POINT('',(0.0154716394600182,-0.0106748822510378,0.));
#10689=CARTESIAN_POINT('',(0.0154814478955225,-0.0106810594651272,0.));
#10690=CARTESIAN_POINT('',(0.015498578496336,-0.0106917315212103,0.));
#10691=CARTESIAN_POINT('',(0.0155208121820564,-0.0107048389230667,0.));
#10692=CARTESIAN_POINT('',(0.015550400368922,-0.010721558830106,0.));
#10693=CARTESIAN_POINT('',(0.0155867626940401,-0.0107411329563175,0.));
#10694=CARTESIAN_POINT('',(0.0156302538206017,-0.0107634437414969,0.));
#10695=CARTESIAN_POINT('',(0.0156809229456143,-0.0107881664233755,0.));
#10696=CARTESIAN_POINT('',(0.0157389026503639,-0.0108150352335437,0.));
#10697=CARTESIAN_POINT('',(0.0158042897797363,-0.0108437622339252,0.));
#10698=CARTESIAN_POINT('',(0.0158771809119776,-0.0108740618585503,0.));
#10699=CARTESIAN_POINT('',(0.0159576617392302,-0.0109056439369326,0.));
#10700=CARTESIAN_POINT('',(0.0160458100449955,-0.010938216012525,0.));
#10701=CARTESIAN_POINT('',(0.0161416947350499,-0.0109714829616888,0.));
#10702=CARTESIAN_POINT('',(0.0162453760229322,-0.0110051473948772,0.));
#10703=CARTESIAN_POINT('',(0.0163569052810966,-0.0110389098470292,0.));
#10704=CARTESIAN_POINT('',(0.0164763250449114,-0.0110724689911261,0.));
#10705=CARTESIAN_POINT('',(0.0166036687898555,-0.0111055220028422,0.));
#10706=CARTESIAN_POINT('',(0.0167389615278,-0.0111377642782084,0.));
#10707=CARTESIAN_POINT('',(0.0168822172730938,-0.0111688916942585,0.));
#10708=CARTESIAN_POINT('',(0.017033448683752,-0.0111985929971688,0.));
#10709=CARTESIAN_POINT('',(0.0171926295572073,-0.0112265804517029,0.));
#10710=CARTESIAN_POINT('',(0.0173598397101809,-0.0112524725024302,0.));
#10711=CARTESIAN_POINT('',(0.0175303409531199,-0.0112756544837097,0.));
#10712=CARTESIAN_POINT('',(0.0176470423600672,-0.0112886159599055,0.));
#10713=CARTESIAN_POINT('',(0.0177038358438908,-0.0112948747851655,0.));
#10714=CARTESIAN_POINT('',(0.0156903045212826,-0.0107923849839182,0.));
#10715=CARTESIAN_POINT('',(0.0155393998933036,-0.011112627800274,0.));
#10716=CARTESIAN_POINT('',(0.0152514393139866,-0.0109066997231878,0.));
#10717=CARTESIAN_POINT('',(-6.60096126272223E-15,4.803316902189E-15,0.));
#10718=CARTESIAN_POINT('',(0.0150858417797124,-0.0111346251754375,0.));
#10719=CARTESIAN_POINT('',(0.0153706757320322,-0.0113448566853944,0.));
#10720=CARTESIAN_POINT('',(0.0151127388093157,-0.0115873359877534,0.));
#10721=CARTESIAN_POINT('',(0.0148960608625572,-0.0113872679242648,0.));
#10722=CARTESIAN_POINT('',(0.0149110830054815,-0.0113986951215436,0.));
#10723=CARTESIAN_POINT('',(0.0149334158495207,-0.0114156834976974,0.));
#10724=CARTESIAN_POINT('',(0.014942321702492,-0.0114231030100669,0.));
#10725=CARTESIAN_POINT('',(0.0149577650777472,-0.0114360973329039,0.));
#10726=CARTESIAN_POINT('',(0.0149771015444297,-0.011453192414664,0.));
#10727=CARTESIAN_POINT('',(0.0150021463735455,-0.0114761657171684,0.));
#10728=CARTESIAN_POINT('',(0.0150319990502462,-0.0115046996057701,0.));
#10729=CARTESIAN_POINT('',(0.0150666573650868,-0.0115391677133093,0.));
#10730=CARTESIAN_POINT('',(0.0151058276535067,-0.0115797171859804,0.));
#10731=CARTESIAN_POINT('',(0.0151492981245987,-0.0116265562430349,0.));
#10732=CARTESIAN_POINT('',(0.0151968248596946,-0.0116798659671909,0.));
#10733=CARTESIAN_POINT('',(0.0152481661137374,-0.0117398264545569,0.));
#10734=CARTESIAN_POINT('',(0.0153030723985235,-0.0118066088708145,0.));
#10735=CARTESIAN_POINT('',(0.0153612896077717,-0.0118803775665129,0.));
#10736=CARTESIAN_POINT('',(0.0154225583552785,-0.0119612892731593,0.));
#10737=CARTESIAN_POINT('',(0.015486614413784,-0.0120494931556564,0.));
#10738=CARTESIAN_POINT('',(0.0155531888500521,-0.0121451306119046,0.));
#10739=CARTESIAN_POINT('',(0.0156220082292097,-0.0122483352106124,0.));
#10740=CARTESIAN_POINT('',(0.0156927948927006,-0.0123592323667154,0.));
#10741=CARTESIAN_POINT('',(0.0157652668740281,-0.0124779399957194,0.));
#10742=CARTESIAN_POINT('',(0.0158391392657356,-0.0126045654052274,0.));
#10743=CARTESIAN_POINT('',(0.0159141199593877,-0.012739216816448,0.));
#10744=CARTESIAN_POINT('',(0.015989927205474,-0.0128819582243368,0.));
#10745=CARTESIAN_POINT('',(0.0160662227879392,-0.0130329834462192,0.));
#10746=CARTESIAN_POINT('',(0.0161409579439259,-0.0131879761381741,0.));
#10747=CARTESIAN_POINT('',(0.0161893477583369,-0.0132949604552954,0.));
#10748=CARTESIAN_POINT('',(0.0162128504065561,-0.0133470401847988,0.));
#10749=CARTESIAN_POINT('',(0.0135773290722702,-0.0129313044687412,0.));
#10750=CARTESIAN_POINT('',(0.0135909655626803,-0.012944354056665,0.));
#10751=CARTESIAN_POINT('',(0.0136112384102431,-0.0129637543787993,0.));
#10752=CARTESIAN_POINT('',(0.0136199597584486,-0.0129713899184938,0.));
#10753=CARTESIAN_POINT('',(0.0136352099757552,-0.0129846104002312,0.));
#10754=CARTESIAN_POINT('',(0.0136551194785123,-0.0130010345429519,0.));
#10755=CARTESIAN_POINT('',(0.0136817278159857,-0.0130221772123742,0.));
#10756=CARTESIAN_POINT('',(0.0137145803925791,-0.0130471986694881,0.));
#10757=CARTESIAN_POINT('',(0.0137540458954593,-0.0130760382829971,0.));
#10758=CARTESIAN_POINT('',(0.0138002237199483,-0.0131083829851022,0.));
#10759=CARTESIAN_POINT('',(0.0138532863903757,-0.0131439910197266,0.));
#10760=CARTESIAN_POINT('',(0.0139133746027449,-0.0131825931436676,0.));
#10761=CARTESIAN_POINT('',(0.0139806284186233,-0.0132239224149126,0.));
#10762=CARTESIAN_POINT('',(0.0140551778678056,-0.0132677056406598,0.));
#10763=CARTESIAN_POINT('',(0.0141371455264326,-0.013313666133008,0.));
#10764=CARTESIAN_POINT('',(0.0142266456194449,-0.0133615231810185,0.));
#10765=CARTESIAN_POINT('',(0.0143237841410274,-0.013410992475976,0.));
#10766=CARTESIAN_POINT('',(0.0144286586778108,-0.0134617862761537,0.));
#10767=CARTESIAN_POINT('',(0.0145413583794133,-0.0135136136183661,0.));
#10768=CARTESIAN_POINT('',(0.0146619636813365,-0.0135661806432762,0.));
#10769=CARTESIAN_POINT('',(0.0147905469380728,-0.0136191904098139,0.));
#10770=CARTESIAN_POINT('',(0.014927169566745,-0.0136723447315983,0.));
#10771=CARTESIAN_POINT('',(0.0150718927603521,-0.013725338167007,0.));
#10772=CARTESIAN_POINT('',(0.0152247356506316,-0.0137778824243169,0.));
#10773=CARTESIAN_POINT('',(0.0153858367600486,-0.013829613131764,0.));
#10774=CARTESIAN_POINT('',(0.0155506123889164,-0.0138791819751135,0.));
#10775=CARTESIAN_POINT('',(0.0156638493862945,-0.0139102399961942,0.));
#10776=CARTESIAN_POINT('',(0.0157189645521074,-0.0139253062231891,0.));
#10777=CARTESIAN_POINT('',(0.0138088298645905,-0.0131140172099352,0.));
#10778=CARTESIAN_POINT('',(0.0136096861093342,-0.0134067106210592,0.));
#10779=CARTESIAN_POINT('',(0.0133574850511675,-0.0131582709011419,0.));
#10780=CARTESIAN_POINT('',(-5.76828816589827E-15,5.77679794436086E-15,0.));
#10781=CARTESIAN_POINT('',(0.0131582709011418,-0.0133574850511675,0.));
#10782=CARTESIAN_POINT('',(0.0134067106210591,-0.0136096861093342,0.));
#10783=CARTESIAN_POINT('',(0.0131140172099351,-0.0138088298645905,0.));
#10784=CARTESIAN_POINT('',(0.0129313044687412,-0.0135773290722702,0.));
#10785=CARTESIAN_POINT('',(0.012944354056665,-0.0135909655626803,0.));
#10786=CARTESIAN_POINT('',(0.0129637543787993,-0.0136112384102431,0.));
#10787=CARTESIAN_POINT('',(0.0129713899184937,-0.0136199597584486,0.));
#10788=CARTESIAN_POINT('',(0.0129846104002312,-0.0136352099757552,0.));
#10789=CARTESIAN_POINT('',(0.0130010345429519,-0.0136551194785124,0.));
#10790=CARTESIAN_POINT('',(0.0130221772123742,-0.0136817278159857,0.));
#10791=CARTESIAN_POINT('',(0.0130471986694881,-0.0137145803925791,0.));
#10792=CARTESIAN_POINT('',(0.0130760382829971,-0.0137540458954593,0.));
#10793=CARTESIAN_POINT('',(0.0131083829851021,-0.0138002237199483,0.));
#10794=CARTESIAN_POINT('',(0.0131439910197266,-0.0138532863903757,0.));
#10795=CARTESIAN_POINT('',(0.0131825931436676,-0.0139133746027449,0.));
#10796=CARTESIAN_POINT('',(0.0132239224149126,-0.0139806284186233,0.));
#10797=CARTESIAN_POINT('',(0.0132677056406598,-0.0140551778678056,0.));
#10798=CARTESIAN_POINT('',(0.013313666133008,-0.0141371455264326,0.));
#10799=CARTESIAN_POINT('',(0.0133615231810185,-0.0142266456194449,0.));
#10800=CARTESIAN_POINT('',(0.013410992475976,-0.0143237841410274,0.));
#10801=CARTESIAN_POINT('',(0.0134617862761537,-0.0144286586778108,0.));
#10802=CARTESIAN_POINT('',(0.0135136136183661,-0.0145413583794133,0.));
#10803=CARTESIAN_POINT('',(0.0135661806432762,-0.0146619636813365,0.));
#10804=CARTESIAN_POINT('',(0.0136191904098139,-0.0147905469380728,0.));
#10805=CARTESIAN_POINT('',(0.0136723447315983,-0.014927169566745,0.));
#10806=CARTESIAN_POINT('',(0.013725338167007,-0.0150718927603521,0.));
#10807=CARTESIAN_POINT('',(0.0137778824243169,-0.0152247356506316,0.));
#10808=CARTESIAN_POINT('',(0.013829613131764,-0.0153858367600486,0.));
#10809=CARTESIAN_POINT('',(0.0138791819751135,-0.0155506123889164,0.));
#10810=CARTESIAN_POINT('',(0.0139102399961942,-0.0156638493862945,0.));
#10811=CARTESIAN_POINT('',(0.0139253062231891,-0.0157189645521074,0.));
#10812=CARTESIAN_POINT('',(0.0113872679242648,-0.0148960608625573,0.));
#10813=CARTESIAN_POINT('',(0.0113986951215436,-0.0149110830054815,0.));
#10814=CARTESIAN_POINT('',(0.0114156834976974,-0.0149334158495207,0.));
#10815=CARTESIAN_POINT('',(0.0114231030100669,-0.014942321702492,0.));
#10816=CARTESIAN_POINT('',(0.0114360973329039,-0.0149577650777472,0.));
#10817=CARTESIAN_POINT('',(0.011453192414664,-0.0149771015444297,0.));
#10818=CARTESIAN_POINT('',(0.0114761657171684,-0.0150021463735455,0.));
#10819=CARTESIAN_POINT('',(0.0115046996057701,-0.0150319990502462,0.));
#10820=CARTESIAN_POINT('',(0.0115391677133093,-0.0150666573650868,0.));
#10821=CARTESIAN_POINT('',(0.0115797171859804,-0.0151058276535067,0.));
#10822=CARTESIAN_POINT('',(0.0116265562430349,-0.0151492981245987,0.));
#10823=CARTESIAN_POINT('',(0.0116798659671909,-0.0151968248596946,0.));
#10824=CARTESIAN_POINT('',(0.0117398264545569,-0.0152481661137374,0.));
#10825=CARTESIAN_POINT('',(0.0118066088708145,-0.0153030723985235,0.));
#10826=CARTESIAN_POINT('',(0.0118803775665129,-0.0153612896077717,0.));
#10827=CARTESIAN_POINT('',(0.0119612892731593,-0.0154225583552785,0.));
#10828=CARTESIAN_POINT('',(0.0120494931556564,-0.015486614413784,0.));
#10829=CARTESIAN_POINT('',(0.0121451306119045,-0.0155531888500521,0.));
#10830=CARTESIAN_POINT('',(0.0122483352106124,-0.0156220082292097,0.));
#10831=CARTESIAN_POINT('',(0.0123592323667154,-0.0156927948927006,0.));
#10832=CARTESIAN_POINT('',(0.0124779399957194,-0.0157652668740281,0.));
#10833=CARTESIAN_POINT('',(0.0126045654052274,-0.0158391392657356,0.));
#10834=CARTESIAN_POINT('',(0.012739216816448,-0.0159141199593877,0.));
#10835=CARTESIAN_POINT('',(0.0128819582243368,-0.015989927205474,0.));
#10836=CARTESIAN_POINT('',(0.0130329834462192,-0.0160662227879392,0.));
#10837=CARTESIAN_POINT('',(0.0131879761381741,-0.0161409579439259,0.));
#10838=CARTESIAN_POINT('',(0.0132949604552954,-0.0161893477583369,0.));
#10839=CARTESIAN_POINT('',(0.0133470401847988,-0.0162128504065561,0.));
#10840=CARTESIAN_POINT('',(0.0115873359877534,-0.0151127388093158,0.));
#10841=CARTESIAN_POINT('',(0.0113448566853944,-0.0153706757320323,0.));
#10842=CARTESIAN_POINT('',(0.0111346251754375,-0.0150858417797124,0.));
#10843=CARTESIAN_POINT('',(-4.79358067057903E-15,6.60803504904938E-15,0.));
#10844=CARTESIAN_POINT('',(0.0109066997231878,-0.0152514393139866,0.));
#10845=CARTESIAN_POINT('',(0.0111126278002739,-0.0155393998933035,0.));
#10846=CARTESIAN_POINT('',(0.0107923849839181,-0.0156903045212826,0.));
#10847=CARTESIAN_POINT('',(0.0106481364423657,-0.0154330713179445,0.));
#10848=CARTESIAN_POINT('',(0.0106588921511253,-0.0154485813258351,0.));
#10849=CARTESIAN_POINT('',(0.0106748822510378,-0.0154716394600182,0.));
#10850=CARTESIAN_POINT('',(0.0106810594651272,-0.0154814478955225,0.));
#10851=CARTESIAN_POINT('',(0.0106917315212103,-0.015498578496336,0.));
#10852=CARTESIAN_POINT('',(0.0107048389230667,-0.0155208121820564,0.));
#10853=CARTESIAN_POINT('',(0.0107215588301059,-0.015550400368922,0.));
#10854=CARTESIAN_POINT('',(0.0107411329563175,-0.0155867626940401,0.));
#10855=CARTESIAN_POINT('',(0.0107634437414969,-0.0156302538206017,0.));
#10856=CARTESIAN_POINT('',(0.0107881664233755,-0.0156809229456143,0.));
#10857=CARTESIAN_POINT('',(0.0108150352335436,-0.0157389026503639,0.));
#10858=CARTESIAN_POINT('',(0.0108437622339252,-0.0158042897797363,0.));
#10859=CARTESIAN_POINT('',(0.0108740618585503,-0.0158771809119776,0.));
#10860=CARTESIAN_POINT('',(0.0109056439369326,-0.0159576617392302,0.));
#10861=CARTESIAN_POINT('',(0.0109382160125249,-0.0160458100449955,0.));
#10862=CARTESIAN_POINT('',(0.0109714829616888,-0.0161416947350499,0.));
#10863=CARTESIAN_POINT('',(0.0110051473948772,-0.0162453760229322,0.));
#10864=CARTESIAN_POINT('',(0.0110389098470292,-0.0163569052810966,0.));
#10865=CARTESIAN_POINT('',(0.0110724689911261,-0.0164763250449114,0.));
#10866=CARTESIAN_POINT('',(0.0111055220028422,-0.0166036687898555,0.));
#10867=CARTESIAN_POINT('',(0.0111377642782084,-0.0167389615278,0.));
#10868=CARTESIAN_POINT('',(0.0111688916942585,-0.0168822172730938,0.));
#10869=CARTESIAN_POINT('',(0.0111985929971688,-0.017033448683752,0.));
#10870=CARTESIAN_POINT('',(0.0112265804517029,-0.0171926295572073,0.));
#10871=CARTESIAN_POINT('',(0.0112524725024301,-0.0173598397101809,0.));
#10872=CARTESIAN_POINT('',(0.0112756544837097,-0.0175303409531199,0.));
#10873=CARTESIAN_POINT('',(0.0112886159599055,-0.0176470423600672,0.));
#10874=CARTESIAN_POINT('',(0.0112948747851655,-0.0177038358438908,0.));
#10875=CARTESIAN_POINT('',(0.00891681444778848,-0.0164940268007455,0.));
#10876=CARTESIAN_POINT('',(0.00892575097641433,-0.0165106516036557,0.));
#10877=CARTESIAN_POINT('',(0.00893903657095694,-0.0165353670608611,0.));
#10878=CARTESIAN_POINT('',(0.0089449715544719,-0.0165453239354523,0.));
#10879=CARTESIAN_POINT('',(0.00895539001948554,-0.0165626099370729,0.));
#10880=CARTESIAN_POINT('',(0.00896924974260019,-0.0165843825997334,0.));
#10881=CARTESIAN_POINT('',(0.00898802233118401,-0.0166127129017308,0.));
#10882=CARTESIAN_POINT('',(0.00901153493275808,-0.0166466617260425,0.));
#10883=CARTESIAN_POINT('',(0.00904015692575565,-0.0166862853394792,0.));
#10884=CARTESIAN_POINT('',(0.00907407958401578,-0.0167313167117142,0.));
#10885=CARTESIAN_POINT('',(0.00911354169466259,-0.0167815792320053,0.));
#10886=CARTESIAN_POINT('',(0.00915876026827203,-0.0168368603123058,0.));
#10887=CARTESIAN_POINT('',(0.00920995100092908,-0.0168969493570801,0.));
#10888=CARTESIAN_POINT('',(0.00926732197953568,-0.0169616267259501,0.));
#10889=CARTESIAN_POINT('',(0.00933107528219297,-0.0170306671511948,0.));
#10890=CARTESIAN_POINT('',(0.00940140628772543,-0.0171038389582948,0.));
#10891=CARTESIAN_POINT('',(0.00947850365881814,-0.0171809045075981,0.));
#10892=CARTESIAN_POINT('',(0.00956254912295563,-0.0172616202963878,0.));
#10893=CARTESIAN_POINT('',(0.0096537173790323,-0.0173457371509773,0.));
#10894=CARTESIAN_POINT('',(0.00975217573328518,-0.0174330004504663,0.));
#10895=CARTESIAN_POINT('',(0.00985808475876272,-0.0175231501458828,0.));
#10896=CARTESIAN_POINT('',(0.00997159501127887,-0.017615921624061,0.));
#10897=CARTESIAN_POINT('',(0.0100928590754863,-0.0177110433024321,0.));
#10898=CARTESIAN_POINT('',(0.0102219842337906,-0.0178082469113063,0.));
#10899=CARTESIAN_POINT('',(0.0103592148259517,-0.017907228718339,0.));
#10900=CARTESIAN_POINT('',(0.0105006081465266,-0.0180052899593907,0.));
#10901=CARTESIAN_POINT('',(0.010598705474443,-0.0180698200493046,0.));
#10902=CARTESIAN_POINT('',(0.0106464673918537,-0.0181011804055481,0.));
#10903=CARTESIAN_POINT('',(0.00908052344273444,-0.0167393346229065,0.));
#10904=CARTESIAN_POINT('',(0.00880067923843956,-0.0169561637941347,0.));
#10905=CARTESIAN_POINT('',(0.00863759387418581,-0.016641949166628,0.));
#10906=CARTESIAN_POINT('',(-3.700839310168E-15,7.27656040001931E-15,0.));
#10907=CARTESIAN_POINT('',(0.00838656940078777,-0.0167698525242701,0.));
#10908=CARTESIAN_POINT('',(0.00854491520234881,-0.0170864820795883,0.));
#10909=CARTESIAN_POINT('',(0.00820500842172485,-0.0171854318075254,0.));
#10910=CARTESIAN_POINT('',(0.00810277595764043,-0.016908800128344,0.));
#10911=CARTESIAN_POINT('',(0.00811097294598998,-0.0169258017458459,0.));
#10912=CARTESIAN_POINT('',(0.00812315909435276,-0.0169510773988602,0.));
#10913=CARTESIAN_POINT('',(0.00812772587932521,-0.0169617314054288,0.));
#10914=CARTESIAN_POINT('',(0.00813558672831456,-0.0169803205775039,0.));
#10915=CARTESIAN_POINT('',(0.0081450546415721,-0.0170043309790559,0.));
#10916=CARTESIAN_POINT('',(0.00815694008662676,-0.0170361704559556,0.));
#10917=CARTESIAN_POINT('',(0.00817058490198576,-0.0170751471684742,0.));
#10918=CARTESIAN_POINT('',(0.00818581749325934,-0.0171215930228426,0.));
#10919=CARTESIAN_POINT('',(0.00820230940043365,-0.0171755058063597,0.));
#10920=CARTESIAN_POINT('',(0.00821977738686672,-0.017236974892677,0.));
#10921=CARTESIAN_POINT('',(0.00823792190959997,-0.01730605089092,0.));
#10922=CARTESIAN_POINT('',(0.00825644581028821,-0.0173827845179367,0.));
#10923=CARTESIAN_POINT('',(0.00827504908572092,-0.0174672150181921,0.));
#10924=CARTESIAN_POINT('',(0.00829343071195589,-0.0175593734672603,0.));
#10925=CARTESIAN_POINT('',(0.00831128841957804,-0.0176592817550645,0.));
#10926=CARTESIAN_POINT('',(0.0083283190609264,-0.0177669528318404,0.));
#10927=CARTESIAN_POINT('',(0.00834421882142956,-0.0178823905909055,0.));
#10928=CARTESIAN_POINT('',(0.00835868342990678,-0.018005589906016,0.));
#10929=CARTESIAN_POINT('',(0.00837140855358379,-0.0181365364683508,0.));
#10930=CARTESIAN_POINT('',(0.00838208942595308,-0.0182752073312843,0.));
#10931=CARTESIAN_POINT('',(0.00839042347597959,-0.0184215687613122,0.));
#10932=CARTESIAN_POINT('',(0.00839610130174104,-0.0185755845697829,0.));
#10933=CARTESIAN_POINT('',(0.00839884280948371,-0.0187371838650182,0.));
#10934=CARTESIAN_POINT('',(0.00839825865527135,-0.0189063857926437,0.));
#10935=CARTESIAN_POINT('',(0.00839448295716518,-0.0190784143431916,0.));
#10936=CARTESIAN_POINT('',(0.00838902873391543,-0.0191957065837593,0.));
#10937=CARTESIAN_POINT('',(0.00838632604439087,-0.019252779941535,0.));
#10938=CARTESIAN_POINT('',(0.0062267994063971,-0.0176858550585628,0.));
#10939=CARTESIAN_POINT('',(0.00623302521937658,-0.0177036731636369,0.));
#10940=CARTESIAN_POINT('',(0.00624228089687805,-0.0177301626574261,0.));
#10941=CARTESIAN_POINT('',(0.00624658521254726,-0.0177409253823398,0.));
#10942=CARTESIAN_POINT('',(0.00625417128255191,-0.0177596283715969,0.));
#10943=CARTESIAN_POINT('',(0.00626445437464033,-0.0177833011150215,0.));
#10944=CARTESIAN_POINT('',(0.00627856400586998,-0.0178142193038423,0.));
#10945=CARTESIAN_POINT('',(0.0062964763621318,-0.0178514283430409,0.));
#10946=CARTESIAN_POINT('',(0.00631854747212917,-0.0178950415902074,0.));
#10947=CARTESIAN_POINT('',(0.00634500802754907,-0.0179448252244227,0.));
#10948=CARTESIAN_POINT('',(0.00637612150365689,-0.0180006421638515,0.));
#10949=CARTESIAN_POINT('',(0.00641213549536562,-0.0180623163856924,0.));
#10950=CARTESIAN_POINT('',(0.00645329598758347,-0.0181296736294916,0.));
#10951=CARTESIAN_POINT('',(0.00649984286464236,-0.018202529510972,0.));
#10952=CARTESIAN_POINT('',(0.0065520109563621,-0.0182806931478117,0.));
#10953=CARTESIAN_POINT('',(0.00661002947800912,-0.0183639662817709,0.));
#10954=CARTESIAN_POINT('',(0.00667412194454964,-0.0184521437122821,0.));
#10955=CARTESIAN_POINT('',(0.00674450593831853,-0.0185450133629931,0.));
#10956=CARTESIAN_POINT('',(0.00682139298672926,-0.0186423564568867,0.));
#10957=CARTESIAN_POINT('',(0.00690498816768581,-0.0187439476803302,0.));
#10958=CARTESIAN_POINT('',(0.00699549075793775,-0.0188495553051447,0.));
#10959=CARTESIAN_POINT('',(0.00709309085432616,-0.0189589415281101,0.));
#10960=CARTESIAN_POINT('',(0.00719798164780734,-0.0190718619797879,0.));
#10961=CARTESIAN_POINT('',(0.00731031106658772,-0.0191880684759994,0.));
#10962=CARTESIAN_POINT('',(0.00743036795640638,-0.0193072992470083,0.));
#10963=CARTESIAN_POINT('',(0.00755468033279108,-0.0194262719799239,0.));
#10964=CARTESIAN_POINT('',(0.00764147518972304,-0.0195053534003639,0.));
#10965=CARTESIAN_POINT('',(0.00768374323812158,-0.0195437992685819,0.));
#10966=CARTESIAN_POINT('',(0.00635011827402585,-0.0179537524634146,0.));
#10967=CARTESIAN_POINT('',(0.00603979986085445,-0.0181241348293442,0.));
#10968=CARTESIAN_POINT('',(0.00592787634522115,-0.0177882765335985,0.));
#10969=CARTESIAN_POINT('',(-2.51697100355914E-15,7.76591268442135E-15,0.));
#10970=CARTESIAN_POINT('',(0.00565993390631226,-0.0178753363094566,0.));
#10971=CARTESIAN_POINT('',(0.00576679843319418,-0.0182128383702907,0.));
#10972=CARTESIAN_POINT('',(0.00541559732132694,-0.0182573967274888,0.));
#10973=CARTESIAN_POINT('',(0.00535789823726638,-0.0179681781624932,0.));
#10974=CARTESIAN_POINT('',(0.00536333466814849,-0.0179862527533586,0.));
#10975=CARTESIAN_POINT('',(0.00537141680154533,-0.0180131235547417,0.));
#10976=CARTESIAN_POINT('',(0.00537426070799854,-0.0180243607953742,0.));
#10977=CARTESIAN_POINT('',(0.0053791167897034,-0.0180439508116005,0.));
#10978=CARTESIAN_POINT('',(0.00538471208291543,-0.018069146713212,0.));
#10979=CARTESIAN_POINT('',(0.00539147040688274,-0.0181024534865554,0.));
#10980=CARTESIAN_POINT('',(0.00539884993075053,-0.018143084850456,0.));
#10981=CARTESIAN_POINT('',(0.00540662925116703,-0.0181913417815517,0.));
#10982=CARTESIAN_POINT('',(0.00541448429814895,-0.0182471707119169,0.));
#10983=CARTESIAN_POINT('',(0.005422121341048,-0.0183106156068925,0.));
#10984=CARTESIAN_POINT('',(0.00542923660776505,-0.0183816795936792,0.));
#10985=CARTESIAN_POINT('',(0.00543552866460421,-0.0184603662789098,0.));
#10986=CARTESIAN_POINT('',(0.00544069506270543,-0.0185466674930431,0.));
#10987=CARTESIAN_POINT('',(0.00544443362293998,-0.0186405668385417,0.));
#10988=CARTESIAN_POINT('',(0.00544644237299239,-0.0187420386504734,0.));
#10989=CARTESIAN_POINT('',(0.00544641987158928,-0.0188510482968929,0.));
#10990=CARTESIAN_POINT('',(0.00544406543557172,-0.0189675520961145,0.));
#10991=CARTESIAN_POINT('',(0.00543907934176331,-0.0190914973865076,0.));
#10992=CARTESIAN_POINT('',(0.00543116324262402,-0.0192228224272817,0.));
#10993=CARTESIAN_POINT('',(0.00542001971347089,-0.0193614568783367,0.));
#10994=CARTESIAN_POINT('',(0.00540535518550306,-0.0195073200889456,0.));
#10995=CARTESIAN_POINT('',(0.00538686972720174,-0.0196603279148749,0.));
#10996=CARTESIAN_POINT('',(0.0053642977831338,-0.0198203665209244,0.));
#10997=CARTESIAN_POINT('',(0.00533725180779727,-0.0199873939101946,0.));
#10998=CARTESIAN_POINT('',(0.00530661140052359,-0.0201567138545069,0.));
#10999=CARTESIAN_POINT('',(0.00528287577890624,-0.0202717088044615,0.));
#11000=CARTESIAN_POINT('',(0.00527127812378289,-0.0203276567007053,0.));
#11001=CARTESIAN_POINT('',(0.0033834598980578,-0.0184421988688506,0.));
#11002=CARTESIAN_POINT('',(0.00338682169521308,-0.0184607715352067,0.));
#11003=CARTESIAN_POINT('',(0.00339181955017548,-0.018488382806329,0.));
#11004=CARTESIAN_POINT('',(0.00339438721146196,-0.0184996863675584,0.));
#11005=CARTESIAN_POINT('',(0.00339895409223739,-0.0185193458147849,0.));
#11006=CARTESIAN_POINT('',(0.00340540734944472,-0.018544335737465,0.));
#11007=CARTESIAN_POINT('',(0.00341450659737215,-0.018577080504689,0.));
#11008=CARTESIAN_POINT('',(0.00342637764666285,-0.0186166335487397,0.));
#11009=CARTESIAN_POINT('',(0.00344135440968207,-0.0186631625267468,0.));
#11010=CARTESIAN_POINT('',(0.00345970131556977,-0.0187164725846454,0.));
#11011=CARTESIAN_POINT('',(0.00348170004009712,-0.0187764695449174,0.));
#11012=CARTESIAN_POINT('',(0.00350762266590566,-0.0188430182842718,0.));
#11013=CARTESIAN_POINT('',(0.00353773940976208,-0.0189159851682079,0.));
#11014=CARTESIAN_POINT('',(0.00357231604667985,-0.0189952256087018,0.));
#11015=CARTESIAN_POINT('',(0.0036116143759079,-0.0190805878089872,0.));
#11016=CARTESIAN_POINT('',(0.00365589180511411,-0.0191719118088798,0.));
#11017=CARTESIAN_POINT('',(0.00370540119786552,-0.0192690298996158,0.));
#11018=CARTESIAN_POINT('',(0.00376039063374812,-0.0193717666532308,0.));
#11019=CARTESIAN_POINT('',(0.00382110326018757,-0.0194799390763937,0.));
#11020=CARTESIAN_POINT('',(0.00388777687705613,-0.0195933567107084,0.));
#11021=CARTESIAN_POINT('',(0.0039606445579496,-0.0197118218547065,0.));
#11022=CARTESIAN_POINT('',(0.00403993125992103,-0.0198351293706176,0.));
#11023=CARTESIAN_POINT('',(0.00412586602322784,-0.0199630681193203,0.));
#11024=CARTESIAN_POINT('',(0.00421863377939402,-0.020095416113265,0.));
#11025=CARTESIAN_POINT('',(0.0043185607677969,-0.020231959990964,0.));
#11026=CARTESIAN_POINT('',(0.00442273121671573,-0.020368914712211,0.));
#11027=CARTESIAN_POINT('',(0.0044960864252299,-0.0204606002161496,0.));
#11028=CARTESIAN_POINT('',(0.00453181982498515,-0.0205051849314721,0.));
#11029=CARTESIAN_POINT('',(0.00346335211857645,-0.0187260893331853,0.));
#11030=CARTESIAN_POINT('',(0.0031302005657486,-0.0188458295145004,0.));
#11031=CARTESIAN_POINT('',(0.00307219482714349,-0.0184965974964066,0.));
#11032=CARTESIAN_POINT('',(-1.2711265174948E-15,8.0640424249464E-15,0.));
#11033=CARTESIAN_POINT('',(0.00279393205481966,-0.0185406699898642,0.));
#11034=CARTESIAN_POINT('',(0.00284668394770759,-0.0188907341353714,0.));
#11035=CARTESIAN_POINT('',(0.00249283624154091,-0.0188798039471956,0.));
#11036=CARTESIAN_POINT('',(0.00248109128044606,-0.0185851200173174,0.));
#11037=CARTESIAN_POINT('',(0.00248363329088994,-0.018603822525133,0.));
#11038=CARTESIAN_POINT('',(0.00248741240037355,-0.0186316268265759,0.));
#11039=CARTESIAN_POINT('',(0.00248846340189224,-0.0186431706031138,0.));
#11040=CARTESIAN_POINT('',(0.00249019514346463,-0.0186632790922762,0.));
#11041=CARTESIAN_POINT('',(0.00249178004194256,-0.018689040087229,0.));
#11042=CARTESIAN_POINT('',(0.00249324483245685,-0.0187229940337175,0.));
#11043=CARTESIAN_POINT('',(0.00249417735646457,-0.018764279569973,0.));
#11044=CARTESIAN_POINT('',(0.00249431185333724,-0.018813159331997,0.));
#11045=CARTESIAN_POINT('',(0.00249333662280068,-0.018869529715659,0.));
#11046=CARTESIAN_POINT('',(0.00249095467282365,-0.0189333881954172,0.));
#11047=CARTESIAN_POINT('',(0.0024868654820437,-0.0190046903395451,0.));
#11048=CARTESIAN_POINT('',(0.00248077076371227,-0.0190833925556531,0.));
#11049=CARTESIAN_POINT('',(0.00247237307061445,-0.0191694394613549,0.));
#11050=CARTESIAN_POINT('',(0.00246137650908803,-0.0192627675897636,0.));
#11051=CARTESIAN_POINT('',(0.00244748683947777,-0.0193633043530475,0.));
#11052=CARTESIAN_POINT('',(0.0024304117493824,-0.0194709683898335,0.));
#11053=CARTESIAN_POINT('',(0.00240986109087279,-0.0195856695190209,0.));
#11054=CARTESIAN_POINT('',(0.00238554706895621,-0.0197073088402962,0.));
#11055=CARTESIAN_POINT('',(0.00235718466763346,-0.019835778701163,0.));
#11056=CARTESIAN_POINT('',(0.0023244911276289,-0.0199709631000529,0.));
#11057=CARTESIAN_POINT('',(0.00228718911101409,-0.0201127364549055,0.));
#11058=CARTESIAN_POINT('',(0.0022449955419831,-0.0202609687378152,0.));
#11059=CARTESIAN_POINT('',(0.0021976659422795,-0.0204155059730603,0.));
#11060=CARTESIAN_POINT('',(0.00214482410749202,-0.0205762460553192,0.));
#11061=CARTESIAN_POINT('',(0.00208807345956759,-0.0207386881744262,0.));
#11062=CARTESIAN_POINT('',(0.00204664088936087,-0.0208485542764536,0.));
#11063=CARTESIAN_POINT('',(0.00202643384139829,-0.0209019990882795,0.));
#11064=CARTESIAN_POINT('',(0.000456808377968707,-0.0187444345368383,0.));
#11065=CARTESIAN_POINT('',(0.000457223380696641,-0.0187633044437915,0.));
#11066=CARTESIAN_POINT('',(0.000457840349343891,-0.0187913576111155,0.));
#11067=CARTESIAN_POINT('',(0.000458608131905168,-0.0188029236774687,0.));
#11068=CARTESIAN_POINT('',(0.00046004337169009,-0.0188230555018279,0.));
#11069=CARTESIAN_POINT('',(0.000462507893406763,-0.0188487472689304,0.));
#11070=CARTESIAN_POINT('',(0.000466372704349321,-0.0188825123297148,0.));
#11071=CARTESIAN_POINT('',(0.000471910142037601,-0.0189234354514039,0.));
#11072=CARTESIAN_POINT('',(0.000479423780468126,-0.0189717344623924,0.));
#11073=CARTESIAN_POINT('',(0.000489205275110769,-0.0190272582734229,0.));
#11074=CARTESIAN_POINT('',(0.000501547566450204,-0.0190899579302578,0.));
#11075=CARTESIAN_POINT('',(0.000516740525278902,-0.0191597425363002,0.));
#11076=CARTESIAN_POINT('',(0.000535071946588398,-0.0192365223735273,0.));
#11077=CARTESIAN_POINT('',(0.000556826951810837,-0.019320196210406,0.));
#11078=CARTESIAN_POINT('',(0.000582287863257951,-0.0194106550734652,0.));
#11079=CARTESIAN_POINT('',(0.000611733942767924,-0.0195077812393268,0.));
#11080=CARTESIAN_POINT('',(0.000645441176168413,-0.0196114486205771,0.));
#11081=CARTESIAN_POINT('',(0.000683682031753841,-0.0197215227572585,0.));
#11082=CARTESIAN_POINT('',(0.000726725289865399,-0.0198378609456285,0.));
#11083=CARTESIAN_POINT('',(0.000774835616921627,-0.0199603122722462,0.));
#11084=CARTESIAN_POINT('',(0.000828274144319054,-0.0200887179304194,0.));
#11085=CARTESIAN_POINT('',(0.000887295150133494,-0.0202229104990002,0.));
#11086=CARTESIAN_POINT('',(0.000952157884192201,-0.0203627172681305,0.));
#11087=CARTESIAN_POINT('',(0.00102307972770883,-0.0205079479129597,0.));
#11088=CARTESIAN_POINT('',(0.00110041628060278,-0.0206584427339165,0.));
#11089=CARTESIAN_POINT('',(0.00118187977988146,-0.0208100071637312,0.));
#11090=CARTESIAN_POINT('',(0.00123998909129225,-0.0209120391497748,0.));
#11091=CARTESIAN_POINT('',(0.00126830796750988,-0.0209616648885424,0.));
#11092=CARTESIAN_POINT('',(0.000491306739761022,-0.0190373277352456,0.));
#11093=CARTESIAN_POINT('',(0.000143525344173938,-0.0191034773312873,0.));
#11094=CARTESIAN_POINT('',(0.000140865676391479,-0.0187494708421655,0.));
#11095=CARTESIAN_POINT('',(6.01732205729605E-18,8.16360867794685E-15,0.));
#11096=CARTESIAN_POINT('',(-0.000140865676391478,-0.0187494708421655,0.));
#11097=CARTESIAN_POINT('',(-0.000143525344173938,-0.0191034773312872,0.));
#11098=CARTESIAN_POINT('',(-0.000491306739761018,-0.0190373277352455,0.));
#11099=CARTESIAN_POINT('',(-0.000456808377968714,-0.0187444345368383,0.));
#11100=CARTESIAN_POINT('',(-0.000457223380696648,-0.0187633044437915,0.));
#11101=CARTESIAN_POINT('',(-0.000457840349343898,-0.0187913576111155,0.));
#11102=CARTESIAN_POINT('',(-0.000458608131905175,-0.0188029236774687,0.));
#11103=CARTESIAN_POINT('',(-0.000460043371690097,-0.0188230555018279,0.));
#11104=CARTESIAN_POINT('',(-0.00046250789340677,-0.0188487472689304,0.));
#11105=CARTESIAN_POINT('',(-0.000466372704349328,-0.0188825123297148,0.));
#11106=CARTESIAN_POINT('',(-0.000471910142037608,-0.0189234354514039,0.));
#11107=CARTESIAN_POINT('',(-0.000479423780468133,-0.0189717344623924,0.));
#11108=CARTESIAN_POINT('',(-0.000489205275110776,-0.0190272582734229,0.));
#11109=CARTESIAN_POINT('',(-0.000501547566450211,-0.0190899579302578,0.));
#11110=CARTESIAN_POINT('',(-0.000516740525278909,-0.0191597425363002,0.));
#11111=CARTESIAN_POINT('',(-0.000535071946588405,-0.0192365223735273,0.));
#11112=CARTESIAN_POINT('',(-0.000556826951810844,-0.019320196210406,0.));
#11113=CARTESIAN_POINT('',(-0.000582287863257959,-0.0194106550734652,0.));
#11114=CARTESIAN_POINT('',(-0.000611733942767931,-0.0195077812393268,0.));
#11115=CARTESIAN_POINT('',(-0.00064544117616842,-0.0196114486205771,0.));
#11116=CARTESIAN_POINT('',(-0.000683682031753849,-0.0197215227572585,0.));
#11117=CARTESIAN_POINT('',(-0.000726725289865407,-0.0198378609456285,0.));
#11118=CARTESIAN_POINT('',(-0.000774835616921635,-0.0199603122722462,0.));
#11119=CARTESIAN_POINT('',(-0.000828274144319062,-0.0200887179304194,0.));
#11120=CARTESIAN_POINT('',(-0.000887295150133501,-0.0202229104990002,0.));
#11121=CARTESIAN_POINT('',(-0.000952157884192208,-0.0203627172681305,0.));
#11122=CARTESIAN_POINT('',(-0.00102307972770884,-0.0205079479129597,0.));
#11123=CARTESIAN_POINT('',(-0.00110041628060279,-0.0206584427339165,0.));
#11124=CARTESIAN_POINT('',(-0.00118187977988147,-0.0208100071637312,0.));
#11125=CARTESIAN_POINT('',(-0.00123998909129226,-0.0209120391497748,0.));
#11126=CARTESIAN_POINT('',(-0.00126830796750989,-0.0209616648885424,0.));
#11127=CARTESIAN_POINT('',(-0.00248109128044607,-0.0185851200173174,0.));
#11128=CARTESIAN_POINT('',(-0.00248363329088994,-0.018603822525133,0.));
#11129=CARTESIAN_POINT('',(-0.00248741240037356,-0.0186316268265759,0.));
#11130=CARTESIAN_POINT('',(-0.00248846340189225,-0.0186431706031138,0.));
#11131=CARTESIAN_POINT('',(-0.00249019514346464,-0.0186632790922762,0.));
#11132=CARTESIAN_POINT('',(-0.00249178004194257,-0.018689040087229,0.));
#11133=CARTESIAN_POINT('',(-0.00249324483245686,-0.0187229940337175,0.));
#11134=CARTESIAN_POINT('',(-0.00249417735646458,-0.018764279569973,0.));
#11135=CARTESIAN_POINT('',(-0.00249431185333725,-0.018813159331997,0.));
#11136=CARTESIAN_POINT('',(-0.00249333662280069,-0.018869529715659,0.));
#11137=CARTESIAN_POINT('',(-0.00249095467282366,-0.0189333881954172,0.));
#11138=CARTESIAN_POINT('',(-0.00248686548204371,-0.0190046903395451,0.));
#11139=CARTESIAN_POINT('',(-0.00248077076371228,-0.0190833925556531,0.));
#11140=CARTESIAN_POINT('',(-0.00247237307061446,-0.0191694394613549,0.));
#11141=CARTESIAN_POINT('',(-0.00246137650908804,-0.0192627675897636,0.));
#11142=CARTESIAN_POINT('',(-0.00244748683947777,-0.0193633043530475,0.));
#11143=CARTESIAN_POINT('',(-0.00243041174938241,-0.0194709683898335,0.));
#11144=CARTESIAN_POINT('',(-0.0024098610908728,-0.0195856695190209,0.));
#11145=CARTESIAN_POINT('',(-0.00238554706895622,-0.0197073088402962,0.));
#11146=CARTESIAN_POINT('',(-0.00235718466763347,-0.0198357787011629,0.));
#11147=CARTESIAN_POINT('',(-0.00232449112762891,-0.0199709631000529,0.));
#11148=CARTESIAN_POINT('',(-0.0022871891110141,-0.0201127364549055,0.));
#11149=CARTESIAN_POINT('',(-0.0022449955419831,-0.0202609687378152,0.));
#11150=CARTESIAN_POINT('',(-0.0021976659422795,-0.0204155059730603,0.));
#11151=CARTESIAN_POINT('',(-0.00214482410749202,-0.0205762460553192,0.));
#11152=CARTESIAN_POINT('',(-0.0020880734595676,-0.0207386881744262,0.));
#11153=CARTESIAN_POINT('',(-0.00204664088936087,-0.0208485542764536,0.));
#11154=CARTESIAN_POINT('',(-0.00202643384139829,-0.0209019990882795,0.));
#11155=CARTESIAN_POINT('',(-0.00249283624154091,-0.0188798039471956,0.));
#11156=CARTESIAN_POINT('',(-0.0028466839477076,-0.0188907341353715,0.));
#11157=CARTESIAN_POINT('',(-0.00279393205481967,-0.0185406699898642,0.));
#11158=CARTESIAN_POINT('',(1.28301299517E-15,8.06215979183239E-15,0.));
#11159=CARTESIAN_POINT('',(-0.00307219482714348,-0.0184965974964065,0.));
#11160=CARTESIAN_POINT('',(-0.00313020056574859,-0.0188458295145003,0.));
#11161=CARTESIAN_POINT('',(-0.00346335211857644,-0.0187260893331853,0.));
#11162=CARTESIAN_POINT('',(-0.00338345989805781,-0.0184421988688506,0.));
#11163=CARTESIAN_POINT('',(-0.00338682169521308,-0.0184607715352066,0.));
#11164=CARTESIAN_POINT('',(-0.00339181955017549,-0.018488382806329,0.));
#11165=CARTESIAN_POINT('',(-0.00339438721146196,-0.0184996863675583,0.));
#11166=CARTESIAN_POINT('',(-0.0033989540922374,-0.0185193458147849,0.));
#11167=CARTESIAN_POINT('',(-0.00340540734944473,-0.018544335737465,0.));
#11168=CARTESIAN_POINT('',(-0.00341450659737216,-0.018577080504689,0.));
#11169=CARTESIAN_POINT('',(-0.00342637764666285,-0.0186166335487396,0.));
#11170=CARTESIAN_POINT('',(-0.00344135440968208,-0.0186631625267468,0.));
#11171=CARTESIAN_POINT('',(-0.00345970131556978,-0.0187164725846454,0.));
#11172=CARTESIAN_POINT('',(-0.00348170004009713,-0.0187764695449174,0.));
#11173=CARTESIAN_POINT('',(-0.00350762266590567,-0.0188430182842718,0.));
#11174=CARTESIAN_POINT('',(-0.00353773940976209,-0.0189159851682079,0.));
#11175=CARTESIAN_POINT('',(-0.00357231604667986,-0.0189952256087018,0.));
#11176=CARTESIAN_POINT('',(-0.00361161437590792,-0.0190805878089872,0.));
#11177=CARTESIAN_POINT('',(-0.00365589180511412,-0.0191719118088798,0.));
#11178=CARTESIAN_POINT('',(-0.00370540119786552,-0.0192690298996158,0.));
#11179=CARTESIAN_POINT('',(-0.00376039063374813,-0.0193717666532308,0.));
#11180=CARTESIAN_POINT('',(-0.00382110326018758,-0.0194799390763937,0.));
#11181=CARTESIAN_POINT('',(-0.00388777687705614,-0.0195933567107084,0.));
#11182=CARTESIAN_POINT('',(-0.00396064455794961,-0.0197118218547065,0.));
#11183=CARTESIAN_POINT('',(-0.00403993125992104,-0.0198351293706176,0.));
#11184=CARTESIAN_POINT('',(-0.00412586602322785,-0.0199630681193203,0.));
#11185=CARTESIAN_POINT('',(-0.00421863377939402,-0.020095416113265,0.));
#11186=CARTESIAN_POINT('',(-0.0043185607677969,-0.020231959990964,0.));
#11187=CARTESIAN_POINT('',(-0.00442273121671573,-0.020368914712211,0.));
#11188=CARTESIAN_POINT('',(-0.00449608642522991,-0.0204606002161496,0.));
#11189=CARTESIAN_POINT('',(-0.00453181982498516,-0.0205051849314721,0.));
#11190=CARTESIAN_POINT('',(-0.00535789823726638,-0.0179681781624932,0.));
#11191=CARTESIAN_POINT('',(-0.0053633346681485,-0.0179862527533586,0.));
#11192=CARTESIAN_POINT('',(-0.00537141680154534,-0.0180131235547417,0.));
#11193=CARTESIAN_POINT('',(-0.00537426070799855,-0.0180243607953742,0.));
#11194=CARTESIAN_POINT('',(-0.00537911678970341,-0.0180439508116005,0.));
#11195=CARTESIAN_POINT('',(-0.00538471208291543,-0.018069146713212,0.));
#11196=CARTESIAN_POINT('',(-0.00539147040688275,-0.0181024534865554,0.));
#11197=CARTESIAN_POINT('',(-0.00539884993075053,-0.018143084850456,0.));
#11198=CARTESIAN_POINT('',(-0.00540662925116703,-0.0181913417815517,0.));
#11199=CARTESIAN_POINT('',(-0.00541448429814895,-0.0182471707119169,0.));
#11200=CARTESIAN_POINT('',(-0.00542212134104801,-0.0183106156068925,0.));
#11201=CARTESIAN_POINT('',(-0.00542923660776506,-0.0183816795936792,0.));
#11202=CARTESIAN_POINT('',(-0.00543552866460422,-0.0184603662789098,0.));
#11203=CARTESIAN_POINT('',(-0.00544069506270543,-0.0185466674930431,0.));
#11204=CARTESIAN_POINT('',(-0.00544443362293998,-0.0186405668385417,0.));
#11205=CARTESIAN_POINT('',(-0.0054464423729924,-0.0187420386504734,0.));
#11206=CARTESIAN_POINT('',(-0.00544641987158928,-0.0188510482968929,0.));
#11207=CARTESIAN_POINT('',(-0.00544406543557173,-0.0189675520961145,0.));
#11208=CARTESIAN_POINT('',(-0.00543907934176331,-0.0190914973865076,0.));
#11209=CARTESIAN_POINT('',(-0.00543116324262403,-0.0192228224272817,0.));
#11210=CARTESIAN_POINT('',(-0.00542001971347089,-0.0193614568783367,0.));
#11211=CARTESIAN_POINT('',(-0.00540535518550307,-0.0195073200889456,0.));
#11212=CARTESIAN_POINT('',(-0.00538686972720174,-0.0196603279148749,0.));
#11213=CARTESIAN_POINT('',(-0.00536429778313381,-0.0198203665209244,0.));
#11214=CARTESIAN_POINT('',(-0.00533725180779728,-0.0199873939101946,0.));
#11215=CARTESIAN_POINT('',(-0.0053066114005236,-0.0201567138545069,0.));
#11216=CARTESIAN_POINT('',(-0.00528287577890624,-0.0202717088044615,0.));
#11217=CARTESIAN_POINT('',(-0.0052712781237829,-0.0203276567007052,0.));
#11218=CARTESIAN_POINT('',(-0.00541559732132695,-0.0182573967274888,0.));
#11219=CARTESIAN_POINT('',(-0.00576679843319419,-0.0182128383702908,0.));
#11220=CARTESIAN_POINT('',(-0.00565993390631227,-0.0178753363094566,0.));
#11221=CARTESIAN_POINT('',(2.52841663026562E-15,7.76219377486869E-15,0.));
#11222=CARTESIAN_POINT('',(-0.00592787634522114,-0.0177882765335984,0.));
#11223=CARTESIAN_POINT('',(-0.00603979986085444,-0.0181241348293441,0.));
#11224=CARTESIAN_POINT('',(-0.00635011827402583,-0.0179537524634145,0.));
#11225=CARTESIAN_POINT('',(-0.00622679940639711,-0.0176858550585628,0.));
#11226=CARTESIAN_POINT('',(-0.00623302521937659,-0.0177036731636369,0.));
#11227=CARTESIAN_POINT('',(-0.00624228089687806,-0.0177301626574261,0.));
#11228=CARTESIAN_POINT('',(-0.00624658521254727,-0.0177409253823398,0.));
#11229=CARTESIAN_POINT('',(-0.00625417128255192,-0.0177596283715969,0.));
#11230=CARTESIAN_POINT('',(-0.00626445437464033,-0.0177833011150215,0.));
#11231=CARTESIAN_POINT('',(-0.00627856400586998,-0.0178142193038423,0.));
#11232=CARTESIAN_POINT('',(-0.0062964763621318,-0.0178514283430409,0.));
#11233=CARTESIAN_POINT('',(-0.00631854747212918,-0.0178950415902074,0.));
#11234=CARTESIAN_POINT('',(-0.00634500802754908,-0.0179448252244227,0.));
#11235=CARTESIAN_POINT('',(-0.0063761215036569,-0.0180006421638515,0.));
#11236=CARTESIAN_POINT('',(-0.00641213549536562,-0.0180623163856923,0.));
#11237=CARTESIAN_POINT('',(-0.00645329598758348,-0.0181296736294916,0.));
#11238=CARTESIAN_POINT('',(-0.00649984286464237,-0.018202529510972,0.));
#11239=CARTESIAN_POINT('',(-0.0065520109563621,-0.0182806931478116,0.));
#11240=CARTESIAN_POINT('',(-0.00661002947800913,-0.0183639662817709,0.));
#11241=CARTESIAN_POINT('',(-0.00667412194454965,-0.0184521437122821,0.));
#11242=CARTESIAN_POINT('',(-0.00674450593831853,-0.0185450133629931,0.));
#11243=CARTESIAN_POINT('',(-0.00682139298672927,-0.0186423564568867,0.));
#11244=CARTESIAN_POINT('',(-0.00690498816768581,-0.0187439476803302,0.));
#11245=CARTESIAN_POINT('',(-0.00699549075793776,-0.0188495553051447,0.));
#11246=CARTESIAN_POINT('',(-0.00709309085432617,-0.0189589415281101,0.));
#11247=CARTESIAN_POINT('',(-0.00719798164780735,-0.0190718619797879,0.));
#11248=CARTESIAN_POINT('',(-0.00731031106658772,-0.0191880684759994,0.));
#11249=CARTESIAN_POINT('',(-0.00743036795640639,-0.0193072992470083,0.));
#11250=CARTESIAN_POINT('',(-0.00755468033279109,-0.0194262719799239,0.));
#11251=CARTESIAN_POINT('',(-0.00764147518972305,-0.0195053534003639,0.));
#11252=CARTESIAN_POINT('',(-0.00768374323812158,-0.0195437992685819,0.));
#11253=CARTESIAN_POINT('',(-0.00810277595764043,-0.016908800128344,0.));
#11254=CARTESIAN_POINT('',(-0.00811097294598999,-0.0169258017458459,0.));
#11255=CARTESIAN_POINT('',(-0.00812315909435276,-0.0169510773988602,0.));
#11256=CARTESIAN_POINT('',(-0.00812772587932522,-0.0169617314054288,0.));
#11257=CARTESIAN_POINT('',(-0.00813558672831457,-0.0169803205775038,0.));
#11258=CARTESIAN_POINT('',(-0.0081450546415721,-0.0170043309790559,0.));
#11259=CARTESIAN_POINT('',(-0.00815694008662677,-0.0170361704559556,0.));
#11260=CARTESIAN_POINT('',(-0.00817058490198576,-0.0170751471684742,0.));
#11261=CARTESIAN_POINT('',(-0.00818581749325935,-0.0171215930228426,0.));
#11262=CARTESIAN_POINT('',(-0.00820230940043366,-0.0171755058063597,0.));
#11263=CARTESIAN_POINT('',(-0.00821977738686672,-0.017236974892677,0.));
#11264=CARTESIAN_POINT('',(-0.00823792190959998,-0.01730605089092,0.));
#11265=CARTESIAN_POINT('',(-0.00825644581028821,-0.0173827845179367,0.));
#11266=CARTESIAN_POINT('',(-0.00827504908572092,-0.0174672150181921,0.));
#11267=CARTESIAN_POINT('',(-0.00829343071195589,-0.0175593734672603,0.));
#11268=CARTESIAN_POINT('',(-0.00831128841957804,-0.0176592817550645,0.));
#11269=CARTESIAN_POINT('',(-0.0083283190609264,-0.0177669528318404,0.));
#11270=CARTESIAN_POINT('',(-0.00834421882142957,-0.0178823905909055,0.));
#11271=CARTESIAN_POINT('',(-0.00835868342990679,-0.018005589906016,0.));
#11272=CARTESIAN_POINT('',(-0.0083714085535838,-0.0181365364683508,0.));
#11273=CARTESIAN_POINT('',(-0.00838208942595309,-0.0182752073312843,0.));
#11274=CARTESIAN_POINT('',(-0.00839042347597959,-0.0184215687613122,0.));
#11275=CARTESIAN_POINT('',(-0.00839610130174104,-0.0185755845697829,0.));
#11276=CARTESIAN_POINT('',(-0.00839884280948371,-0.0187371838650182,0.));
#11277=CARTESIAN_POINT('',(-0.00839825865527135,-0.0189063857926437,0.));
#11278=CARTESIAN_POINT('',(-0.00839448295716519,-0.0190784143431916,0.));
#11279=CARTESIAN_POINT('',(-0.00838902873391543,-0.0191957065837593,0.));
#11280=CARTESIAN_POINT('',(-0.00838632604439088,-0.0192527799415349,0.));
#11281=CARTESIAN_POINT('',(-0.00820500842172487,-0.0171854318075255,0.));
#11282=CARTESIAN_POINT('',(-0.00854491520234884,-0.0170864820795883,0.));
#11283=CARTESIAN_POINT('',(-0.00838656940078778,-0.0167698525242702,0.));
#11284=CARTESIAN_POINT('',(3.71156225659039E-15,7.27109678592354E-15,0.));
#11285=CARTESIAN_POINT('',(-0.0086375938741858,-0.016641949166628,0.));
#11286=CARTESIAN_POINT('',(-0.00880067923843953,-0.0169561637941347,0.));
#11287=CARTESIAN_POINT('',(-0.00908052344273442,-0.0167393346229064,0.));
#11288=CARTESIAN_POINT('',(-0.00891681444778848,-0.0164940268007455,0.));
#11289=CARTESIAN_POINT('',(-0.00892575097641433,-0.0165106516036557,0.));
#11290=CARTESIAN_POINT('',(-0.00893903657095695,-0.0165353670608611,0.));
#11291=CARTESIAN_POINT('',(-0.00894497155447191,-0.0165453239354523,0.));
#11292=CARTESIAN_POINT('',(-0.00895539001948554,-0.0165626099370729,0.));
#11293=CARTESIAN_POINT('',(-0.0089692497426002,-0.0165843825997334,0.));
#11294=CARTESIAN_POINT('',(-0.00898802233118401,-0.0166127129017308,0.));
#11295=CARTESIAN_POINT('',(-0.00901153493275809,-0.0166466617260425,0.));
#11296=CARTESIAN_POINT('',(-0.00904015692575566,-0.0166862853394792,0.));
#11297=CARTESIAN_POINT('',(-0.00907407958401578,-0.0167313167117142,0.));
#11298=CARTESIAN_POINT('',(-0.00911354169466259,-0.0167815792320052,0.));
#11299=CARTESIAN_POINT('',(-0.00915876026827204,-0.0168368603123058,0.));
#11300=CARTESIAN_POINT('',(-0.00920995100092908,-0.01689694935708,0.));
#11301=CARTESIAN_POINT('',(-0.00926732197953568,-0.0169616267259501,0.));
#11302=CARTESIAN_POINT('',(-0.00933107528219298,-0.0170306671511948,0.));
#11303=CARTESIAN_POINT('',(-0.00940140628772544,-0.0171038389582948,0.));
#11304=CARTESIAN_POINT('',(-0.00947850365881815,-0.0171809045075981,0.));
#11305=CARTESIAN_POINT('',(-0.00956254912295564,-0.0172616202963878,0.));
#11306=CARTESIAN_POINT('',(-0.0096537173790323,-0.0173457371509773,0.));
#11307=CARTESIAN_POINT('',(-0.00975217573328518,-0.0174330004504663,0.));
#11308=CARTESIAN_POINT('',(-0.00985808475876273,-0.0175231501458828,0.));
#11309=CARTESIAN_POINT('',(-0.00997159501127888,-0.017615921624061,0.));
#11310=CARTESIAN_POINT('',(-0.0100928590754863,-0.0177110433024321,0.));
#11311=CARTESIAN_POINT('',(-0.0102219842337906,-0.0178082469113063,0.));
#11312=CARTESIAN_POINT('',(-0.0103592148259517,-0.017907228718339,0.));
#11313=CARTESIAN_POINT('',(-0.0105006081465266,-0.0180052899593907,0.));
#11314=CARTESIAN_POINT('',(-0.010598705474443,-0.0180698200493046,0.));
#11315=CARTESIAN_POINT('',(-0.0106464673918537,-0.0181011804055481,0.));
#11316=CARTESIAN_POINT('',(-0.0106481364423657,-0.0154330713179445,0.));
#11317=CARTESIAN_POINT('',(-0.0106588921511253,-0.0154485813258351,0.));
#11318=CARTESIAN_POINT('',(-0.0106748822510378,-0.0154716394600182,0.));
#11319=CARTESIAN_POINT('',(-0.0106810594651272,-0.0154814478955225,0.));
#11320=CARTESIAN_POINT('',(-0.0106917315212103,-0.015498578496336,0.));
#11321=CARTESIAN_POINT('',(-0.0107048389230667,-0.0155208121820564,0.));
#11322=CARTESIAN_POINT('',(-0.010721558830106,-0.015550400368922,0.));
#11323=CARTESIAN_POINT('',(-0.0107411329563175,-0.0155867626940401,0.));
#11324=CARTESIAN_POINT('',(-0.0107634437414969,-0.0156302538206017,0.));
#11325=CARTESIAN_POINT('',(-0.0107881664233755,-0.0156809229456143,0.));
#11326=CARTESIAN_POINT('',(-0.0108150352335437,-0.0157389026503639,0.));
#11327=CARTESIAN_POINT('',(-0.0108437622339252,-0.0158042897797363,0.));
#11328=CARTESIAN_POINT('',(-0.0108740618585503,-0.0158771809119776,0.));
#11329=CARTESIAN_POINT('',(-0.0109056439369326,-0.0159576617392302,0.));
#11330=CARTESIAN_POINT('',(-0.010938216012525,-0.0160458100449955,0.));
#11331=CARTESIAN_POINT('',(-0.0109714829616888,-0.0161416947350499,0.));
#11332=CARTESIAN_POINT('',(-0.0110051473948772,-0.0162453760229322,0.));
#11333=CARTESIAN_POINT('',(-0.0110389098470292,-0.0163569052810966,0.));
#11334=CARTESIAN_POINT('',(-0.0110724689911261,-0.0164763250449114,0.));
#11335=CARTESIAN_POINT('',(-0.0111055220028422,-0.0166036687898555,0.));
#11336=CARTESIAN_POINT('',(-0.0111377642782084,-0.0167389615278,0.));
#11337=CARTESIAN_POINT('',(-0.0111688916942585,-0.0168822172730938,0.));
#11338=CARTESIAN_POINT('',(-0.0111985929971688,-0.017033448683752,0.));
#11339=CARTESIAN_POINT('',(-0.0112265804517029,-0.0171926295572073,0.));
#11340=CARTESIAN_POINT('',(-0.0112524725024302,-0.0173598397101809,0.));
#11341=CARTESIAN_POINT('',(-0.0112756544837097,-0.0175303409531199,0.));
#11342=CARTESIAN_POINT('',(-0.0112886159599055,-0.0176470423600672,0.));
#11343=CARTESIAN_POINT('',(-0.0112948747851655,-0.0177038358438908,0.));
#11344=CARTESIAN_POINT('',(-0.0107923849839182,-0.0156903045212826,0.));
#11345=CARTESIAN_POINT('',(-0.011112627800274,-0.0155393998933036,0.));
#11346=CARTESIAN_POINT('',(-0.0109066997231878,-0.0152514393139866,0.));
#11347=CARTESIAN_POINT('',(4.80331690218899E-15,6.60096126272223E-15,0.));
#11348=CARTESIAN_POINT('',(-0.0111346251754374,-0.0150858417797124,0.));
#11349=CARTESIAN_POINT('',(-0.0113448566853944,-0.0153706757320322,0.));
#11350=CARTESIAN_POINT('',(-0.0115873359877534,-0.0151127388093157,0.));
#11351=CARTESIAN_POINT('',(-0.0113872679242648,-0.0148960608625572,0.));
#11352=CARTESIAN_POINT('',(-0.0113986951215436,-0.0149110830054815,0.));
#11353=CARTESIAN_POINT('',(-0.0114156834976974,-0.0149334158495207,0.));
#11354=CARTESIAN_POINT('',(-0.0114231030100669,-0.014942321702492,0.));
#11355=CARTESIAN_POINT('',(-0.0114360973329039,-0.0149577650777472,0.));
#11356=CARTESIAN_POINT('',(-0.011453192414664,-0.0149771015444297,0.));
#11357=CARTESIAN_POINT('',(-0.0114761657171684,-0.0150021463735455,0.));
#11358=CARTESIAN_POINT('',(-0.0115046996057701,-0.0150319990502462,0.));
#11359=CARTESIAN_POINT('',(-0.0115391677133093,-0.0150666573650868,0.));
#11360=CARTESIAN_POINT('',(-0.0115797171859804,-0.0151058276535067,0.));
#11361=CARTESIAN_POINT('',(-0.0116265562430349,-0.0151492981245987,0.));
#11362=CARTESIAN_POINT('',(-0.0116798659671909,-0.0151968248596946,0.));
#11363=CARTESIAN_POINT('',(-0.0117398264545569,-0.0152481661137374,0.));
#11364=CARTESIAN_POINT('',(-0.0118066088708145,-0.0153030723985235,0.));
#11365=CARTESIAN_POINT('',(-0.0118803775665129,-0.0153612896077717,0.));
#11366=CARTESIAN_POINT('',(-0.0119612892731593,-0.0154225583552785,0.));
#11367=CARTESIAN_POINT('',(-0.0120494931556564,-0.015486614413784,0.));
#11368=CARTESIAN_POINT('',(-0.0121451306119046,-0.0155531888500521,0.));
#11369=CARTESIAN_POINT('',(-0.0122483352106124,-0.0156220082292097,0.));
#11370=CARTESIAN_POINT('',(-0.0123592323667154,-0.0156927948927006,0.));
#11371=CARTESIAN_POINT('',(-0.0124779399957194,-0.0157652668740281,0.));
#11372=CARTESIAN_POINT('',(-0.0126045654052274,-0.0158391392657356,0.));
#11373=CARTESIAN_POINT('',(-0.012739216816448,-0.0159141199593877,0.));
#11374=CARTESIAN_POINT('',(-0.0128819582243368,-0.015989927205474,0.));
#11375=CARTESIAN_POINT('',(-0.0130329834462192,-0.0160662227879392,0.));
#11376=CARTESIAN_POINT('',(-0.0131879761381741,-0.0161409579439259,0.));
#11377=CARTESIAN_POINT('',(-0.0132949604552954,-0.0161893477583369,0.));
#11378=CARTESIAN_POINT('',(-0.0133470401847988,-0.0162128504065561,0.));
#11379=CARTESIAN_POINT('',(-0.0129313044687412,-0.0135773290722702,0.));
#11380=CARTESIAN_POINT('',(-0.012944354056665,-0.0135909655626803,0.));
#11381=CARTESIAN_POINT('',(-0.0129637543787993,-0.0136112384102431,0.));
#11382=CARTESIAN_POINT('',(-0.0129713899184938,-0.0136199597584486,0.));
#11383=CARTESIAN_POINT('',(-0.0129846104002312,-0.0136352099757552,0.));
#11384=CARTESIAN_POINT('',(-0.0130010345429519,-0.0136551194785124,0.));
#11385=CARTESIAN_POINT('',(-0.0130221772123742,-0.0136817278159857,0.));
#11386=CARTESIAN_POINT('',(-0.0130471986694881,-0.0137145803925791,0.));
#11387=CARTESIAN_POINT('',(-0.0130760382829971,-0.0137540458954593,0.));
#11388=CARTESIAN_POINT('',(-0.0131083829851022,-0.0138002237199483,0.));
#11389=CARTESIAN_POINT('',(-0.0131439910197266,-0.0138532863903757,0.));
#11390=CARTESIAN_POINT('',(-0.0131825931436676,-0.0139133746027449,0.));
#11391=CARTESIAN_POINT('',(-0.0132239224149126,-0.0139806284186233,0.));
#11392=CARTESIAN_POINT('',(-0.0132677056406598,-0.0140551778678056,0.));
#11393=CARTESIAN_POINT('',(-0.013313666133008,-0.0141371455264326,0.));
#11394=CARTESIAN_POINT('',(-0.0133615231810185,-0.0142266456194449,0.));
#11395=CARTESIAN_POINT('',(-0.013410992475976,-0.0143237841410274,0.));
#11396=CARTESIAN_POINT('',(-0.0134617862761537,-0.0144286586778108,0.));
#11397=CARTESIAN_POINT('',(-0.0135136136183661,-0.0145413583794133,0.));
#11398=CARTESIAN_POINT('',(-0.0135661806432762,-0.0146619636813365,0.));
#11399=CARTESIAN_POINT('',(-0.0136191904098139,-0.0147905469380728,0.));
#11400=CARTESIAN_POINT('',(-0.0136723447315983,-0.014927169566745,0.));
#11401=CARTESIAN_POINT('',(-0.013725338167007,-0.0150718927603521,0.));
#11402=CARTESIAN_POINT('',(-0.0137778824243169,-0.0152247356506316,0.));
#11403=CARTESIAN_POINT('',(-0.013829613131764,-0.0153858367600486,0.));
#11404=CARTESIAN_POINT('',(-0.0138791819751135,-0.0155506123889164,0.));
#11405=CARTESIAN_POINT('',(-0.0139102399961942,-0.0156638493862945,0.));
#11406=CARTESIAN_POINT('',(-0.0139253062231891,-0.0157189645521074,0.));
#11407=CARTESIAN_POINT('',(-0.0131140172099352,-0.0138088298645905,0.));
#11408=CARTESIAN_POINT('',(-0.0134067106210592,-0.0136096861093342,0.));
#11409=CARTESIAN_POINT('',(-0.0131582709011419,-0.0133574850511675,0.));
#11410=CARTESIAN_POINT('',(5.77679794436086E-15,5.76828816589827E-15,0.));
#11411=CARTESIAN_POINT('',(-0.0133574850511675,-0.0131582709011418,0.));
#11412=CARTESIAN_POINT('',(-0.0136096861093342,-0.0134067106210591,0.));
#11413=CARTESIAN_POINT('',(-0.0138088298645905,-0.0131140172099351,0.));
#11414=CARTESIAN_POINT('',(-0.0135773290722702,-0.0129313044687412,0.));
#11415=CARTESIAN_POINT('',(-0.0135909655626803,-0.012944354056665,0.));
#11416=CARTESIAN_POINT('',(-0.0136112384102431,-0.0129637543787993,0.));
#11417=CARTESIAN_POINT('',(-0.0136199597584486,-0.0129713899184937,0.));
#11418=CARTESIAN_POINT('',(-0.0136352099757552,-0.0129846104002312,0.));
#11419=CARTESIAN_POINT('',(-0.0136551194785124,-0.0130010345429519,0.));
#11420=CARTESIAN_POINT('',(-0.0136817278159857,-0.0130221772123742,0.));
#11421=CARTESIAN_POINT('',(-0.0137145803925791,-0.0130471986694881,0.));
#11422=CARTESIAN_POINT('',(-0.0137540458954593,-0.0130760382829971,0.));
#11423=CARTESIAN_POINT('',(-0.0138002237199483,-0.0131083829851022,0.));
#11424=CARTESIAN_POINT('',(-0.0138532863903757,-0.0131439910197266,0.));
#11425=CARTESIAN_POINT('',(-0.0139133746027449,-0.0131825931436676,0.));
#11426=CARTESIAN_POINT('',(-0.0139806284186233,-0.0132239224149126,0.));
#11427=CARTESIAN_POINT('',(-0.0140551778678056,-0.0132677056406598,0.));
#11428=CARTESIAN_POINT('',(-0.0141371455264326,-0.013313666133008,0.));
#11429=CARTESIAN_POINT('',(-0.0142266456194449,-0.0133615231810185,0.));
#11430=CARTESIAN_POINT('',(-0.0143237841410274,-0.013410992475976,0.));
#11431=CARTESIAN_POINT('',(-0.0144286586778108,-0.0134617862761537,0.));
#11432=CARTESIAN_POINT('',(-0.0145413583794133,-0.0135136136183661,0.));
#11433=CARTESIAN_POINT('',(-0.0146619636813365,-0.0135661806432762,0.));
#11434=CARTESIAN_POINT('',(-0.0147905469380728,-0.0136191904098139,0.));
#11435=CARTESIAN_POINT('',(-0.014927169566745,-0.0136723447315983,0.));
#11436=CARTESIAN_POINT('',(-0.0150718927603521,-0.013725338167007,0.));
#11437=CARTESIAN_POINT('',(-0.0152247356506316,-0.0137778824243169,0.));
#11438=CARTESIAN_POINT('',(-0.0153858367600486,-0.013829613131764,0.));
#11439=CARTESIAN_POINT('',(-0.0155506123889164,-0.0138791819751135,0.));
#11440=CARTESIAN_POINT('',(-0.0156638493862945,-0.0139102399961942,0.));
#11441=CARTESIAN_POINT('',(-0.0157189645521074,-0.0139253062231891,0.));
#11442=CARTESIAN_POINT('',(-0.0148960608625573,-0.0113872679242648,0.));
#11443=CARTESIAN_POINT('',(-0.0149110830054815,-0.0113986951215436,0.));
#11444=CARTESIAN_POINT('',(-0.0149334158495207,-0.0114156834976974,0.));
#11445=CARTESIAN_POINT('',(-0.014942321702492,-0.0114231030100669,0.));
#11446=CARTESIAN_POINT('',(-0.0149577650777472,-0.0114360973329039,0.));
#11447=CARTESIAN_POINT('',(-0.0149771015444297,-0.011453192414664,0.));
#11448=CARTESIAN_POINT('',(-0.0150021463735455,-0.0114761657171684,0.));
#11449=CARTESIAN_POINT('',(-0.0150319990502462,-0.0115046996057701,0.));
#11450=CARTESIAN_POINT('',(-0.0150666573650868,-0.0115391677133093,0.));
#11451=CARTESIAN_POINT('',(-0.0151058276535067,-0.0115797171859804,0.));
#11452=CARTESIAN_POINT('',(-0.0151492981245987,-0.0116265562430349,0.));
#11453=CARTESIAN_POINT('',(-0.0151968248596946,-0.0116798659671909,0.));
#11454=CARTESIAN_POINT('',(-0.0152481661137374,-0.0117398264545569,0.));
#11455=CARTESIAN_POINT('',(-0.0153030723985235,-0.0118066088708145,0.));
#11456=CARTESIAN_POINT('',(-0.0153612896077717,-0.0118803775665129,0.));
#11457=CARTESIAN_POINT('',(-0.0154225583552785,-0.0119612892731593,0.));
#11458=CARTESIAN_POINT('',(-0.015486614413784,-0.0120494931556564,0.));
#11459=CARTESIAN_POINT('',(-0.0155531888500521,-0.0121451306119045,0.));
#11460=CARTESIAN_POINT('',(-0.0156220082292097,-0.0122483352106124,0.));
#11461=CARTESIAN_POINT('',(-0.0156927948927006,-0.0123592323667154,0.));
#11462=CARTESIAN_POINT('',(-0.0157652668740281,-0.0124779399957194,0.));
#11463=CARTESIAN_POINT('',(-0.0158391392657356,-0.0126045654052274,0.));
#11464=CARTESIAN_POINT('',(-0.0159141199593877,-0.012739216816448,0.));
#11465=CARTESIAN_POINT('',(-0.015989927205474,-0.0128819582243368,0.));
#11466=CARTESIAN_POINT('',(-0.0160662227879392,-0.0130329834462192,0.));
#11467=CARTESIAN_POINT('',(-0.0161409579439259,-0.0131879761381741,0.));
#11468=CARTESIAN_POINT('',(-0.0161893477583369,-0.0132949604552954,0.));
#11469=CARTESIAN_POINT('',(-0.0162128504065561,-0.0133470401847988,0.));
#11470=CARTESIAN_POINT('',(-0.0151127388093158,-0.0115873359877534,0.));
#11471=CARTESIAN_POINT('',(-0.0153706757320323,-0.0113448566853944,0.));
#11472=CARTESIAN_POINT('',(-0.0150858417797124,-0.0111346251754375,0.));
#11473=CARTESIAN_POINT('',(6.60803504904938E-15,4.79358067057904E-15,0.));
#11474=CARTESIAN_POINT('',(-0.0152514393139866,-0.0109066997231878,0.));
#11475=CARTESIAN_POINT('',(-0.0155393998933035,-0.0111126278002739,0.));
#11476=CARTESIAN_POINT('',(-0.0156903045212826,-0.0107923849839181,0.));
#11477=CARTESIAN_POINT('',(-0.0154330713179445,-0.0106481364423657,0.));
#11478=CARTESIAN_POINT('',(-0.0154485813258351,-0.0106588921511253,0.));
#11479=CARTESIAN_POINT('',(-0.0154716394600182,-0.0106748822510378,0.));
#11480=CARTESIAN_POINT('',(-0.0154814478955225,-0.0106810594651272,0.));
#11481=CARTESIAN_POINT('',(-0.015498578496336,-0.0106917315212103,0.));
#11482=CARTESIAN_POINT('',(-0.0155208121820564,-0.0107048389230667,0.));
#11483=CARTESIAN_POINT('',(-0.015550400368922,-0.0107215588301059,0.));
#11484=CARTESIAN_POINT('',(-0.0155867626940401,-0.0107411329563175,0.));
#11485=CARTESIAN_POINT('',(-0.0156302538206017,-0.0107634437414969,0.));
#11486=CARTESIAN_POINT('',(-0.0156809229456143,-0.0107881664233755,0.));
#11487=CARTESIAN_POINT('',(-0.0157389026503639,-0.0108150352335436,0.));
#11488=CARTESIAN_POINT('',(-0.0158042897797363,-0.0108437622339252,0.));
#11489=CARTESIAN_POINT('',(-0.0158771809119776,-0.0108740618585503,0.));
#11490=CARTESIAN_POINT('',(-0.0159576617392302,-0.0109056439369326,0.));
#11491=CARTESIAN_POINT('',(-0.0160458100449955,-0.0109382160125249,0.));
#11492=CARTESIAN_POINT('',(-0.0161416947350499,-0.0109714829616888,0.));
#11493=CARTESIAN_POINT('',(-0.0162453760229322,-0.0110051473948772,0.));
#11494=CARTESIAN_POINT('',(-0.0163569052810966,-0.0110389098470292,0.));
#11495=CARTESIAN_POINT('',(-0.0164763250449114,-0.0110724689911261,0.));
#11496=CARTESIAN_POINT('',(-0.0166036687898555,-0.0111055220028422,0.));
#11497=CARTESIAN_POINT('',(-0.0167389615278,-0.0111377642782084,0.));
#11498=CARTESIAN_POINT('',(-0.0168822172730939,-0.0111688916942585,0.));
#11499=CARTESIAN_POINT('',(-0.017033448683752,-0.0111985929971688,0.));
#11500=CARTESIAN_POINT('',(-0.0171926295572073,-0.0112265804517029,0.));
#11501=CARTESIAN_POINT('',(-0.0173598397101809,-0.0112524725024301,0.));
#11502=CARTESIAN_POINT('',(-0.0175303409531199,-0.0112756544837097,0.));
#11503=CARTESIAN_POINT('',(-0.0176470423600672,-0.0112886159599055,0.));
#11504=CARTESIAN_POINT('',(-0.0177038358438908,-0.0112948747851655,0.));
#11505=CARTESIAN_POINT('',(-0.0164940268007455,-0.00891681444778848,0.));
#11506=CARTESIAN_POINT('',(-0.0165106516036557,-0.00892575097641433,0.));
#11507=CARTESIAN_POINT('',(-0.0165353670608611,-0.00893903657095694,0.));
#11508=CARTESIAN_POINT('',(-0.0165453239354523,-0.00894497155447191,0.));
#11509=CARTESIAN_POINT('',(-0.0165626099370729,-0.00895539001948554,0.));
#11510=CARTESIAN_POINT('',(-0.0165843825997334,-0.00896924974260019,0.));
#11511=CARTESIAN_POINT('',(-0.0166127129017308,-0.00898802233118401,0.));
#11512=CARTESIAN_POINT('',(-0.0166466617260425,-0.00901153493275808,0.));
#11513=CARTESIAN_POINT('',(-0.0166862853394792,-0.00904015692575565,0.));
#11514=CARTESIAN_POINT('',(-0.0167313167117142,-0.00907407958401578,0.));
#11515=CARTESIAN_POINT('',(-0.0167815792320053,-0.00911354169466259,0.));
#11516=CARTESIAN_POINT('',(-0.0168368603123058,-0.00915876026827203,0.));
#11517=CARTESIAN_POINT('',(-0.0168969493570801,-0.00920995100092908,0.));
#11518=CARTESIAN_POINT('',(-0.0169616267259501,-0.00926732197953568,0.));
#11519=CARTESIAN_POINT('',(-0.0170306671511948,-0.00933107528219298,0.));
#11520=CARTESIAN_POINT('',(-0.0171038389582948,-0.00940140628772543,0.));
#11521=CARTESIAN_POINT('',(-0.0171809045075981,-0.00947850365881814,0.));
#11522=CARTESIAN_POINT('',(-0.0172616202963878,-0.00956254912295563,0.));
#11523=CARTESIAN_POINT('',(-0.0173457371509773,-0.0096537173790323,0.));
#11524=CARTESIAN_POINT('',(-0.0174330004504663,-0.00975217573328518,0.));
#11525=CARTESIAN_POINT('',(-0.0175231501458828,-0.00985808475876272,0.));
#11526=CARTESIAN_POINT('',(-0.017615921624061,-0.00997159501127887,0.));
#11527=CARTESIAN_POINT('',(-0.0177110433024321,-0.0100928590754863,0.));
#11528=CARTESIAN_POINT('',(-0.0178082469113063,-0.0102219842337906,0.));
#11529=CARTESIAN_POINT('',(-0.017907228718339,-0.0103592148259517,0.));
#11530=CARTESIAN_POINT('',(-0.0180052899593907,-0.0105006081465266,0.));
#11531=CARTESIAN_POINT('',(-0.0180698200493046,-0.010598705474443,0.));
#11532=CARTESIAN_POINT('',(-0.0181011804055481,-0.0106464673918537,0.));
#11533=CARTESIAN_POINT('',(-0.0167393346229065,-0.00908052344273444,0.));
#11534=CARTESIAN_POINT('',(-0.0169561637941347,-0.00880067923843956,0.));
#11535=CARTESIAN_POINT('',(-0.016641949166628,-0.00863759387418582,0.));
#11536=CARTESIAN_POINT('',(7.27656040001931E-15,3.700839310168E-15,0.));
#11537=CARTESIAN_POINT('',(-0.0167698525242701,-0.00838656940078777,0.));
#11538=CARTESIAN_POINT('',(-0.0170864820795883,-0.00854491520234881,0.));
#11539=CARTESIAN_POINT('',(-0.0171854318075254,-0.00820500842172485,0.));
#11540=CARTESIAN_POINT('',(-0.016908800128344,-0.00810277595764043,0.));
#11541=CARTESIAN_POINT('',(-0.0169258017458459,-0.00811097294598999,0.));
#11542=CARTESIAN_POINT('',(-0.0169510773988602,-0.00812315909435276,0.));
#11543=CARTESIAN_POINT('',(-0.0169617314054288,-0.00812772587932521,0.));
#11544=CARTESIAN_POINT('',(-0.0169803205775039,-0.00813558672831457,0.));
#11545=CARTESIAN_POINT('',(-0.0170043309790559,-0.0081450546415721,0.));
#11546=CARTESIAN_POINT('',(-0.0170361704559556,-0.00815694008662676,0.));
#11547=CARTESIAN_POINT('',(-0.0170751471684742,-0.00817058490198576,0.));
#11548=CARTESIAN_POINT('',(-0.0171215930228426,-0.00818581749325934,0.));
#11549=CARTESIAN_POINT('',(-0.0171755058063597,-0.00820230940043365,0.));
#11550=CARTESIAN_POINT('',(-0.017236974892677,-0.00821977738686672,0.));
#11551=CARTESIAN_POINT('',(-0.01730605089092,-0.00823792190959998,0.));
#11552=CARTESIAN_POINT('',(-0.0173827845179367,-0.00825644581028821,0.));
#11553=CARTESIAN_POINT('',(-0.0174672150181921,-0.00827504908572092,0.));
#11554=CARTESIAN_POINT('',(-0.0175593734672603,-0.00829343071195589,0.));
#11555=CARTESIAN_POINT('',(-0.0176592817550645,-0.00831128841957804,0.));
#11556=CARTESIAN_POINT('',(-0.0177669528318404,-0.0083283190609264,0.));
#11557=CARTESIAN_POINT('',(-0.0178823905909055,-0.00834421882142957,0.));
#11558=CARTESIAN_POINT('',(-0.018005589906016,-0.00835868342990679,0.));
#11559=CARTESIAN_POINT('',(-0.0181365364683508,-0.0083714085535838,0.));
#11560=CARTESIAN_POINT('',(-0.0182752073312843,-0.00838208942595308,0.));
#11561=CARTESIAN_POINT('',(-0.0184215687613122,-0.00839042347597959,0.));
#11562=CARTESIAN_POINT('',(-0.0185755845697829,-0.00839610130174104,0.));
#11563=CARTESIAN_POINT('',(-0.0187371838650182,-0.00839884280948371,0.));
#11564=CARTESIAN_POINT('',(-0.0189063857926437,-0.00839825865527135,0.));
#11565=CARTESIAN_POINT('',(-0.0190784143431916,-0.00839448295716518,0.));
#11566=CARTESIAN_POINT('',(-0.0191957065837593,-0.00838902873391543,0.));
#11567=CARTESIAN_POINT('',(-0.019252779941535,-0.00838632604439087,0.));
#11568=CARTESIAN_POINT('',(-0.0176858550585628,-0.0062267994063971,0.));
#11569=CARTESIAN_POINT('',(-0.0177036731636369,-0.00623302521937658,0.));
#11570=CARTESIAN_POINT('',(-0.0177301626574261,-0.00624228089687806,0.));
#11571=CARTESIAN_POINT('',(-0.0177409253823398,-0.00624658521254726,0.));
#11572=CARTESIAN_POINT('',(-0.0177596283715969,-0.00625417128255192,0.));
#11573=CARTESIAN_POINT('',(-0.0177833011150215,-0.00626445437464033,0.));
#11574=CARTESIAN_POINT('',(-0.0178142193038423,-0.00627856400586998,0.));
#11575=CARTESIAN_POINT('',(-0.0178514283430409,-0.0062964763621318,0.));
#11576=CARTESIAN_POINT('',(-0.0178950415902074,-0.00631854747212917,0.));
#11577=CARTESIAN_POINT('',(-0.0179448252244227,-0.00634500802754908,0.));
#11578=CARTESIAN_POINT('',(-0.0180006421638515,-0.0063761215036569,0.));
#11579=CARTESIAN_POINT('',(-0.0180623163856924,-0.00641213549536562,0.));
#11580=CARTESIAN_POINT('',(-0.0181296736294916,-0.00645329598758347,0.));
#11581=CARTESIAN_POINT('',(-0.018202529510972,-0.00649984286464236,0.));
#11582=CARTESIAN_POINT('',(-0.0182806931478117,-0.0065520109563621,0.));
#11583=CARTESIAN_POINT('',(-0.0183639662817709,-0.00661002947800912,0.));
#11584=CARTESIAN_POINT('',(-0.0184521437122821,-0.00667412194454964,0.));
#11585=CARTESIAN_POINT('',(-0.0185450133629931,-0.00674450593831853,0.));
#11586=CARTESIAN_POINT('',(-0.0186423564568867,-0.00682139298672926,0.));
#11587=CARTESIAN_POINT('',(-0.0187439476803302,-0.00690498816768581,0.));
#11588=CARTESIAN_POINT('',(-0.0188495553051447,-0.00699549075793775,0.));
#11589=CARTESIAN_POINT('',(-0.0189589415281101,-0.00709309085432616,0.));
#11590=CARTESIAN_POINT('',(-0.0190718619797879,-0.00719798164780734,0.));
#11591=CARTESIAN_POINT('',(-0.0191880684759994,-0.00731031106658772,0.));
#11592=CARTESIAN_POINT('',(-0.0193072992470083,-0.00743036795640638,0.));
#11593=CARTESIAN_POINT('',(-0.0194262719799239,-0.00755468033279109,0.));
#11594=CARTESIAN_POINT('',(-0.0195053534003639,-0.00764147518972304,0.));
#11595=CARTESIAN_POINT('',(-0.0195437992685819,-0.00768374323812158,0.));
#11596=CARTESIAN_POINT('',(-0.0179537524634146,-0.00635011827402585,0.));
#11597=CARTESIAN_POINT('',(-0.0181241348293442,-0.00603979986085445,0.));
#11598=CARTESIAN_POINT('',(-0.0177882765335985,-0.00592787634522115,0.));
#11599=CARTESIAN_POINT('',(7.76591268442135E-15,2.51697100355914E-15,0.));
#11600=CARTESIAN_POINT('',(-0.0178753363094566,-0.00565993390631226,0.));
#11601=CARTESIAN_POINT('',(-0.0182128383702907,-0.00576679843319418,0.));
#11602=CARTESIAN_POINT('',(-0.0182573967274888,-0.00541559732132694,0.));
#11603=CARTESIAN_POINT('',(-0.0179681781624932,-0.00535789823726638,0.));
#11604=CARTESIAN_POINT('',(-0.0179862527533586,-0.0053633346681485,0.));
#11605=CARTESIAN_POINT('',(-0.0180131235547417,-0.00537141680154534,0.));
#11606=CARTESIAN_POINT('',(-0.0180243607953742,-0.00537426070799854,0.));
#11607=CARTESIAN_POINT('',(-0.0180439508116005,-0.0053791167897034,0.));
#11608=CARTESIAN_POINT('',(-0.018069146713212,-0.00538471208291543,0.));
#11609=CARTESIAN_POINT('',(-0.0181024534865554,-0.00539147040688274,0.));
#11610=CARTESIAN_POINT('',(-0.018143084850456,-0.00539884993075053,0.));
#11611=CARTESIAN_POINT('',(-0.0181913417815517,-0.00540662925116703,0.));
#11612=CARTESIAN_POINT('',(-0.0182471707119169,-0.00541448429814895,0.));
#11613=CARTESIAN_POINT('',(-0.0183106156068925,-0.005422121341048,0.));
#11614=CARTESIAN_POINT('',(-0.0183816795936792,-0.00542923660776505,0.));
#11615=CARTESIAN_POINT('',(-0.0184603662789098,-0.00543552866460421,0.));
#11616=CARTESIAN_POINT('',(-0.0185466674930431,-0.00544069506270543,0.));
#11617=CARTESIAN_POINT('',(-0.0186405668385417,-0.00544443362293998,0.));
#11618=CARTESIAN_POINT('',(-0.0187420386504734,-0.00544644237299239,0.));
#11619=CARTESIAN_POINT('',(-0.0188510482968929,-0.00544641987158928,0.));
#11620=CARTESIAN_POINT('',(-0.0189675520961145,-0.00544406543557172,0.));
#11621=CARTESIAN_POINT('',(-0.0190914973865076,-0.00543907934176331,0.));
#11622=CARTESIAN_POINT('',(-0.0192228224272817,-0.00543116324262402,0.));
#11623=CARTESIAN_POINT('',(-0.0193614568783367,-0.00542001971347089,0.));
#11624=CARTESIAN_POINT('',(-0.0195073200889456,-0.00540535518550306,0.));
#11625=CARTESIAN_POINT('',(-0.0196603279148749,-0.00538686972720174,0.));
#11626=CARTESIAN_POINT('',(-0.0198203665209244,-0.0053642977831338,0.));
#11627=CARTESIAN_POINT('',(-0.0199873939101946,-0.00533725180779727,0.));
#11628=CARTESIAN_POINT('',(-0.0201567138545069,-0.00530661140052359,0.));
#11629=CARTESIAN_POINT('',(-0.0202717088044615,-0.00528287577890624,0.));
#11630=CARTESIAN_POINT('',(-0.0203276567007053,-0.0052712781237829,0.));
#11631=CARTESIAN_POINT('',(-0.0184421988688506,-0.0033834598980578,0.));
#11632=CARTESIAN_POINT('',(-0.0184607715352067,-0.00338682169521308,0.));
#11633=CARTESIAN_POINT('',(-0.018488382806329,-0.00339181955017548,0.));
#11634=CARTESIAN_POINT('',(-0.0184996863675584,-0.00339438721146196,0.));
#11635=CARTESIAN_POINT('',(-0.0185193458147849,-0.0033989540922374,0.));
#11636=CARTESIAN_POINT('',(-0.018544335737465,-0.00340540734944472,0.));
#11637=CARTESIAN_POINT('',(-0.018577080504689,-0.00341450659737215,0.));
#11638=CARTESIAN_POINT('',(-0.0186166335487397,-0.00342637764666285,0.));
#11639=CARTESIAN_POINT('',(-0.0186631625267468,-0.00344135440968207,0.));
#11640=CARTESIAN_POINT('',(-0.0187164725846454,-0.00345970131556977,0.));
#11641=CARTESIAN_POINT('',(-0.0187764695449174,-0.00348170004009712,0.));
#11642=CARTESIAN_POINT('',(-0.0188430182842718,-0.00350762266590566,0.));
#11643=CARTESIAN_POINT('',(-0.0189159851682079,-0.00353773940976208,0.));
#11644=CARTESIAN_POINT('',(-0.0189952256087018,-0.00357231604667985,0.));
#11645=CARTESIAN_POINT('',(-0.0190805878089872,-0.0036116143759079,0.));
#11646=CARTESIAN_POINT('',(-0.0191719118088798,-0.00365589180511411,0.));
#11647=CARTESIAN_POINT('',(-0.0192690298996158,-0.00370540119786552,0.));
#11648=CARTESIAN_POINT('',(-0.0193717666532308,-0.00376039063374812,0.));
#11649=CARTESIAN_POINT('',(-0.0194799390763937,-0.00382110326018757,0.));
#11650=CARTESIAN_POINT('',(-0.0195933567107084,-0.00388777687705613,0.));
#11651=CARTESIAN_POINT('',(-0.0197118218547065,-0.0039606445579496,0.));
#11652=CARTESIAN_POINT('',(-0.0198351293706176,-0.00403993125992103,0.));
#11653=CARTESIAN_POINT('',(-0.0199630681193203,-0.00412586602322784,0.));
#11654=CARTESIAN_POINT('',(-0.020095416113265,-0.00421863377939402,0.));
#11655=CARTESIAN_POINT('',(-0.020231959990964,-0.0043185607677969,0.));
#11656=CARTESIAN_POINT('',(-0.020368914712211,-0.00442273121671573,0.));
#11657=CARTESIAN_POINT('',(-0.0204606002161496,-0.0044960864252299,0.));
#11658=CARTESIAN_POINT('',(-0.0205051849314721,-0.00453181982498515,0.));
#11659=CARTESIAN_POINT('',(-0.0187260893331853,-0.00346335211857645,0.));
#11660=CARTESIAN_POINT('',(-0.0188458295145004,-0.0031302005657486,0.));
#11661=CARTESIAN_POINT('',(-0.0184965974964066,-0.00307219482714349,0.));
#11662=CARTESIAN_POINT('',(8.0640424249464E-15,1.27112651749481E-15,0.));
#11663=CARTESIAN_POINT('',(-0.0185406699898642,-0.00279393205481966,0.));
#11664=CARTESIAN_POINT('',(-0.0188907341353714,-0.00284668394770759,0.));
#11665=CARTESIAN_POINT('',(-0.0188798039471956,-0.00249283624154091,0.));
#11666=CARTESIAN_POINT('',(-0.0185851200173174,-0.00248109128044606,0.));
#11667=CARTESIAN_POINT('',(-0.018603822525133,-0.00248363329088994,0.));
#11668=CARTESIAN_POINT('',(-0.0186316268265759,-0.00248741240037355,0.));
#11669=CARTESIAN_POINT('',(-0.0186431706031138,-0.00248846340189224,0.));
#11670=CARTESIAN_POINT('',(-0.0186632790922762,-0.00249019514346463,0.));
#11671=CARTESIAN_POINT('',(-0.018689040087229,-0.00249178004194256,0.));
#11672=CARTESIAN_POINT('',(-0.0187229940337175,-0.00249324483245685,0.));
#11673=CARTESIAN_POINT('',(-0.018764279569973,-0.00249417735646458,0.));
#11674=CARTESIAN_POINT('',(-0.018813159331997,-0.00249431185333725,0.));
#11675=CARTESIAN_POINT('',(-0.018869529715659,-0.00249333662280068,0.));
#11676=CARTESIAN_POINT('',(-0.0189333881954172,-0.00249095467282365,0.));
#11677=CARTESIAN_POINT('',(-0.0190046903395451,-0.0024868654820437,0.));
#11678=CARTESIAN_POINT('',(-0.0190833925556531,-0.00248077076371227,0.));
#11679=CARTESIAN_POINT('',(-0.0191694394613549,-0.00247237307061445,0.));
#11680=CARTESIAN_POINT('',(-0.0192627675897636,-0.00246137650908803,0.));
#11681=CARTESIAN_POINT('',(-0.0193633043530475,-0.00244748683947777,0.));
#11682=CARTESIAN_POINT('',(-0.0194709683898335,-0.0024304117493824,0.));
#11683=CARTESIAN_POINT('',(-0.0195856695190209,-0.00240986109087279,0.));
#11684=CARTESIAN_POINT('',(-0.0197073088402962,-0.00238554706895621,0.));
#11685=CARTESIAN_POINT('',(-0.019835778701163,-0.00235718466763346,0.));
#11686=CARTESIAN_POINT('',(-0.0199709631000529,-0.0023244911276289,0.));
#11687=CARTESIAN_POINT('',(-0.0201127364549055,-0.00228718911101409,0.));
#11688=CARTESIAN_POINT('',(-0.0202609687378152,-0.0022449955419831,0.));
#11689=CARTESIAN_POINT('',(-0.0204155059730603,-0.0021976659422795,0.));
#11690=CARTESIAN_POINT('',(-0.0205762460553192,-0.00214482410749202,0.));
#11691=CARTESIAN_POINT('',(-0.0207386881744262,-0.00208807345956759,0.));
#11692=CARTESIAN_POINT('',(-0.0208485542764536,-0.00204664088936087,0.));
#11693=CARTESIAN_POINT('',(-0.0209019990882795,-0.00202643384139829,0.));
#11694=CARTESIAN_POINT('',(-0.0187444345368383,-0.000456808377968708,0.));
#11695=CARTESIAN_POINT('',(-0.0187633044437915,-0.000457223380696642,0.));
#11696=CARTESIAN_POINT('',(-0.0187913576111155,-0.000457840349343892,0.));
#11697=CARTESIAN_POINT('',(-0.0188029236774687,-0.000458608131905169,0.));
#11698=CARTESIAN_POINT('',(-0.0188230555018279,-0.000460043371690091,0.));
#11699=CARTESIAN_POINT('',(-0.0188487472689304,-0.000462507893406764,0.));
#11700=CARTESIAN_POINT('',(-0.0188825123297148,-0.000466372704349322,0.));
#11701=CARTESIAN_POINT('',(-0.0189234354514039,-0.000471910142037602,0.));
#11702=CARTESIAN_POINT('',(-0.0189717344623924,-0.000479423780468127,0.));
#11703=CARTESIAN_POINT('',(-0.0190272582734229,-0.00048920527511077,0.));
#11704=CARTESIAN_POINT('',(-0.0190899579302578,-0.000501547566450205,0.));
#11705=CARTESIAN_POINT('',(-0.0191597425363002,-0.000516740525278903,0.));
#11706=CARTESIAN_POINT('',(-0.0192365223735273,-0.000535071946588399,0.));
#11707=CARTESIAN_POINT('',(-0.019320196210406,-0.000556826951810838,0.));
#11708=CARTESIAN_POINT('',(-0.0194106550734652,-0.000582287863257953,0.));
#11709=CARTESIAN_POINT('',(-0.0195077812393268,-0.000611733942767925,0.));
#11710=CARTESIAN_POINT('',(-0.0196114486205771,-0.000645441176168414,0.));
#11711=CARTESIAN_POINT('',(-0.0197215227572585,-0.000683682031753843,0.));
#11712=CARTESIAN_POINT('',(-0.0198378609456285,-0.000726725289865401,0.));
#11713=CARTESIAN_POINT('',(-0.0199603122722462,-0.000774835616921629,0.));
#11714=CARTESIAN_POINT('',(-0.0200887179304194,-0.000828274144319055,0.));
#11715=CARTESIAN_POINT('',(-0.0202229104990002,-0.000887295150133495,0.));
#11716=CARTESIAN_POINT('',(-0.0203627172681305,-0.000952157884192202,0.));
#11717=CARTESIAN_POINT('',(-0.0205079479129597,-0.00102307972770883,0.));
#11718=CARTESIAN_POINT('',(-0.0206584427339165,-0.00110041628060278,0.));
#11719=CARTESIAN_POINT('',(-0.0208100071637312,-0.00118187977988146,0.));
#11720=CARTESIAN_POINT('',(-0.0209120391497748,-0.00123998909129225,0.));
#11721=CARTESIAN_POINT('',(-0.0209616648885424,-0.00126830796750988,0.));
#11722=CARTESIAN_POINT('',(-0.0190373277352456,-0.000491306739761023,0.));
#11723=CARTESIAN_POINT('',(-0.0191034773312873,-0.00014352534417394,0.));
#11724=CARTESIAN_POINT('',(-0.0187494708421655,-0.00014086567639148,0.));
#11725=CARTESIAN_POINT('',(8.16360867794685E-15,-6.01732205729555E-18,0.));
#11726=CARTESIAN_POINT('',(-0.0187494708421655,0.000140865676391477,0.));
#11727=CARTESIAN_POINT('',(-0.0191034773312872,0.000143525344173937,0.));
#11728=CARTESIAN_POINT('',(-0.0190373277352455,0.000491306739761017,0.));
#11729=CARTESIAN_POINT('',(-0.0187444345368383,0.000456808377968713,0.));
#11730=CARTESIAN_POINT('',(-0.0187633044437915,0.000457223380696646,0.));
#11731=CARTESIAN_POINT('',(-0.0187913576111155,0.000457840349343896,0.));
#11732=CARTESIAN_POINT('',(-0.0188029236774687,0.000458608131905174,0.));
#11733=CARTESIAN_POINT('',(-0.0188230555018279,0.000460043371690096,0.));
#11734=CARTESIAN_POINT('',(-0.0188487472689304,0.000462507893406769,0.));
#11735=CARTESIAN_POINT('',(-0.0188825123297148,0.000466372704349327,0.));
#11736=CARTESIAN_POINT('',(-0.0189234354514039,0.000471910142037606,0.));
#11737=CARTESIAN_POINT('',(-0.0189717344623924,0.000479423780468132,0.));
#11738=CARTESIAN_POINT('',(-0.0190272582734229,0.000489205275110775,0.));
#11739=CARTESIAN_POINT('',(-0.0190899579302578,0.000501547566450209,0.));
#11740=CARTESIAN_POINT('',(-0.0191597425363002,0.000516740525278908,0.));
#11741=CARTESIAN_POINT('',(-0.0192365223735273,0.000535071946588404,0.));
#11742=CARTESIAN_POINT('',(-0.019320196210406,0.000556826951810843,0.));
#11743=CARTESIAN_POINT('',(-0.0194106550734652,0.000582287863257957,0.));
#11744=CARTESIAN_POINT('',(-0.0195077812393268,0.00061173394276793,0.));
#11745=CARTESIAN_POINT('',(-0.0196114486205771,0.000645441176168419,0.));
#11746=CARTESIAN_POINT('',(-0.0197215227572585,0.000683682031753847,0.));
#11747=CARTESIAN_POINT('',(-0.0198378609456285,0.000726725289865405,0.));
#11748=CARTESIAN_POINT('',(-0.0199603122722462,0.000774835616921634,0.));
#11749=CARTESIAN_POINT('',(-0.0200887179304194,0.00082827414431906,0.));
#11750=CARTESIAN_POINT('',(-0.0202229104990002,0.0008872951501335,0.));
#11751=CARTESIAN_POINT('',(-0.0203627172681305,0.000952157884192207,0.));
#11752=CARTESIAN_POINT('',(-0.0205079479129597,0.00102307972770884,0.));
#11753=CARTESIAN_POINT('',(-0.0206584427339165,0.00110041628060279,0.));
#11754=CARTESIAN_POINT('',(-0.0208100071637312,0.00118187977988146,0.));
#11755=CARTESIAN_POINT('',(-0.0209120391497748,0.00123998909129226,0.));
#11756=CARTESIAN_POINT('',(-0.0209616648885424,0.00126830796750989,0.));
#11757=CARTESIAN_POINT('',(-0.0185851200173174,0.00248109128044606,0.));
#11758=CARTESIAN_POINT('',(-0.018603822525133,0.00248363329088994,0.));
#11759=CARTESIAN_POINT('',(-0.0186316268265759,0.00248741240037356,0.));
#11760=CARTESIAN_POINT('',(-0.0186431706031138,0.00248846340189225,0.));
#11761=CARTESIAN_POINT('',(-0.0186632790922762,0.00249019514346463,0.));
#11762=CARTESIAN_POINT('',(-0.018689040087229,0.00249178004194257,0.));
#11763=CARTESIAN_POINT('',(-0.0187229940337175,0.00249324483245686,0.));
#11764=CARTESIAN_POINT('',(-0.018764279569973,0.00249417735646458,0.));
#11765=CARTESIAN_POINT('',(-0.018813159331997,0.00249431185333725,0.));
#11766=CARTESIAN_POINT('',(-0.018869529715659,0.00249333662280069,0.));
#11767=CARTESIAN_POINT('',(-0.0189333881954172,0.00249095467282365,0.));
#11768=CARTESIAN_POINT('',(-0.0190046903395451,0.00248686548204371,0.));
#11769=CARTESIAN_POINT('',(-0.0190833925556531,0.00248077076371228,0.));
#11770=CARTESIAN_POINT('',(-0.0191694394613549,0.00247237307061446,0.));
#11771=CARTESIAN_POINT('',(-0.0192627675897636,0.00246137650908804,0.));
#11772=CARTESIAN_POINT('',(-0.0193633043530475,0.00244748683947777,0.));
#11773=CARTESIAN_POINT('',(-0.0194709683898335,0.00243041174938241,0.));
#11774=CARTESIAN_POINT('',(-0.0195856695190209,0.0024098610908728,0.));
#11775=CARTESIAN_POINT('',(-0.0197073088402962,0.00238554706895622,0.));
#11776=CARTESIAN_POINT('',(-0.0198357787011629,0.00235718466763347,0.));
#11777=CARTESIAN_POINT('',(-0.0199709631000529,0.00232449112762891,0.));
#11778=CARTESIAN_POINT('',(-0.0201127364549055,0.0022871891110141,0.));
#11779=CARTESIAN_POINT('',(-0.0202609687378152,0.0022449955419831,0.));
#11780=CARTESIAN_POINT('',(-0.0204155059730603,0.0021976659422795,0.));
#11781=CARTESIAN_POINT('',(-0.0205762460553192,0.00214482410749202,0.));
#11782=CARTESIAN_POINT('',(-0.0207386881744262,0.0020880734595676,0.));
#11783=CARTESIAN_POINT('',(-0.0208485542764536,0.00204664088936087,0.));
#11784=CARTESIAN_POINT('',(-0.0209019990882795,0.00202643384139829,0.));
#11785=CARTESIAN_POINT('',(-0.0188798039471956,0.00249283624154091,0.));
#11786=CARTESIAN_POINT('',(-0.0188907341353715,0.00284668394770759,0.));
#11787=CARTESIAN_POINT('',(-0.0185406699898642,0.00279393205481966,0.));
#11788=CARTESIAN_POINT('',(8.06215979183239E-15,-1.28301299517E-15,0.));
#11789=CARTESIAN_POINT('',(-0.0184965974964065,0.00307219482714348,0.));
#11790=CARTESIAN_POINT('',(-0.0188458295145003,0.00313020056574859,0.));
#11791=CARTESIAN_POINT('',(-0.0187260893331853,0.00346335211857644,0.));
#11792=CARTESIAN_POINT('',(-0.0184421988688506,0.0033834598980578,0.));
#11793=CARTESIAN_POINT('',(-0.0184607715352066,0.00338682169521308,0.));
#11794=CARTESIAN_POINT('',(-0.018488382806329,0.00339181955017549,0.));
#11795=CARTESIAN_POINT('',(-0.0184996863675583,0.00339438721146196,0.));
#11796=CARTESIAN_POINT('',(-0.0185193458147849,0.0033989540922374,0.));
#11797=CARTESIAN_POINT('',(-0.018544335737465,0.00340540734944473,0.));
#11798=CARTESIAN_POINT('',(-0.018577080504689,0.00341450659737216,0.));
#11799=CARTESIAN_POINT('',(-0.0186166335487396,0.00342637764666285,0.));
#11800=CARTESIAN_POINT('',(-0.0186631625267468,0.00344135440968208,0.));
#11801=CARTESIAN_POINT('',(-0.0187164725846454,0.00345970131556978,0.));
#11802=CARTESIAN_POINT('',(-0.0187764695449174,0.00348170004009713,0.));
#11803=CARTESIAN_POINT('',(-0.0188430182842718,0.00350762266590567,0.));
#11804=CARTESIAN_POINT('',(-0.0189159851682079,0.00353773940976209,0.));
#11805=CARTESIAN_POINT('',(-0.0189952256087018,0.00357231604667986,0.));
#11806=CARTESIAN_POINT('',(-0.0190805878089872,0.00361161437590791,0.));
#11807=CARTESIAN_POINT('',(-0.0191719118088798,0.00365589180511412,0.));
#11808=CARTESIAN_POINT('',(-0.0192690298996158,0.00370540119786552,0.));
#11809=CARTESIAN_POINT('',(-0.0193717666532308,0.00376039063374813,0.));
#11810=CARTESIAN_POINT('',(-0.0194799390763937,0.00382110326018758,0.));
#11811=CARTESIAN_POINT('',(-0.0195933567107084,0.00388777687705614,0.));
#11812=CARTESIAN_POINT('',(-0.0197118218547065,0.00396064455794961,0.));
#11813=CARTESIAN_POINT('',(-0.0198351293706176,0.00403993125992104,0.));
#11814=CARTESIAN_POINT('',(-0.0199630681193203,0.00412586602322785,0.));
#11815=CARTESIAN_POINT('',(-0.020095416113265,0.00421863377939402,0.));
#11816=CARTESIAN_POINT('',(-0.020231959990964,0.0043185607677969,0.));
#11817=CARTESIAN_POINT('',(-0.020368914712211,0.00442273121671573,0.));
#11818=CARTESIAN_POINT('',(-0.0204606002161496,0.00449608642522991,0.));
#11819=CARTESIAN_POINT('',(-0.0205051849314721,0.00453181982498516,0.));
#11820=CARTESIAN_POINT('',(-0.0179681781624932,0.00535789823726638,0.));
#11821=CARTESIAN_POINT('',(-0.0179862527533586,0.0053633346681485,0.));
#11822=CARTESIAN_POINT('',(-0.0180131235547417,0.00537141680154534,0.));
#11823=CARTESIAN_POINT('',(-0.0180243607953742,0.00537426070799854,0.));
#11824=CARTESIAN_POINT('',(-0.0180439508116005,0.00537911678970341,0.));
#11825=CARTESIAN_POINT('',(-0.018069146713212,0.00538471208291543,0.));
#11826=CARTESIAN_POINT('',(-0.0181024534865554,0.00539147040688275,0.));
#11827=CARTESIAN_POINT('',(-0.018143084850456,0.00539884993075053,0.));
#11828=CARTESIAN_POINT('',(-0.0181913417815517,0.00540662925116703,0.));
#11829=CARTESIAN_POINT('',(-0.0182471707119169,0.00541448429814895,0.));
#11830=CARTESIAN_POINT('',(-0.0183106156068925,0.00542212134104801,0.));
#11831=CARTESIAN_POINT('',(-0.0183816795936792,0.00542923660776506,0.));
#11832=CARTESIAN_POINT('',(-0.0184603662789098,0.00543552866460421,0.));
#11833=CARTESIAN_POINT('',(-0.0185466674930431,0.00544069506270543,0.));
#11834=CARTESIAN_POINT('',(-0.0186405668385417,0.00544443362293998,0.));
#11835=CARTESIAN_POINT('',(-0.0187420386504734,0.0054464423729924,0.));
#11836=CARTESIAN_POINT('',(-0.0188510482968929,0.00544641987158928,0.));
#11837=CARTESIAN_POINT('',(-0.0189675520961145,0.00544406543557172,0.));
#11838=CARTESIAN_POINT('',(-0.0190914973865076,0.00543907934176331,0.));
#11839=CARTESIAN_POINT('',(-0.0192228224272817,0.00543116324262403,0.));
#11840=CARTESIAN_POINT('',(-0.0193614568783367,0.00542001971347089,0.));
#11841=CARTESIAN_POINT('',(-0.0195073200889456,0.00540535518550307,0.));
#11842=CARTESIAN_POINT('',(-0.0196603279148749,0.00538686972720174,0.));
#11843=CARTESIAN_POINT('',(-0.0198203665209244,0.00536429778313381,0.));
#11844=CARTESIAN_POINT('',(-0.0199873939101946,0.00533725180779727,0.));
#11845=CARTESIAN_POINT('',(-0.0201567138545069,0.0053066114005236,0.));
#11846=CARTESIAN_POINT('',(-0.0202717088044615,0.00528287577890624,0.));
#11847=CARTESIAN_POINT('',(-0.0203276567007052,0.0052712781237829,0.));
#11848=CARTESIAN_POINT('',(-0.0182573967274888,0.00541559732132695,0.));
#11849=CARTESIAN_POINT('',(-0.0182128383702908,0.00576679843319419,0.));
#11850=CARTESIAN_POINT('',(-0.0178753363094566,0.00565993390631227,0.));
#11851=CARTESIAN_POINT('',(7.76219377486869E-15,-2.52841663026562E-15,0.));
#11852=CARTESIAN_POINT('',(-0.0177882765335984,0.00592787634522114,0.));
#11853=CARTESIAN_POINT('',(-0.0181241348293441,0.00603979986085443,0.));
#11854=CARTESIAN_POINT('',(-0.0179537524634145,0.00635011827402583,0.));
#11855=CARTESIAN_POINT('',(-0.0176858550585628,0.0062267994063971,0.));
#11856=CARTESIAN_POINT('',(-0.0177036731636369,0.00623302521937659,0.));
#11857=CARTESIAN_POINT('',(-0.0177301626574261,0.00624228089687806,0.));
#11858=CARTESIAN_POINT('',(-0.0177409253823398,0.00624658521254727,0.));
#11859=CARTESIAN_POINT('',(-0.0177596283715969,0.00625417128255192,0.));
#11860=CARTESIAN_POINT('',(-0.0177833011150215,0.00626445437464033,0.));
#11861=CARTESIAN_POINT('',(-0.0178142193038423,0.00627856400586998,0.));
#11862=CARTESIAN_POINT('',(-0.0178514283430409,0.0062964763621318,0.));
#11863=CARTESIAN_POINT('',(-0.0178950415902074,0.00631854747212918,0.));
#11864=CARTESIAN_POINT('',(-0.0179448252244227,0.00634500802754908,0.));
#11865=CARTESIAN_POINT('',(-0.0180006421638515,0.0063761215036569,0.));
#11866=CARTESIAN_POINT('',(-0.0180623163856923,0.00641213549536562,0.));
#11867=CARTESIAN_POINT('',(-0.0181296736294916,0.00645329598758348,0.));
#11868=CARTESIAN_POINT('',(-0.018202529510972,0.00649984286464237,0.));
#11869=CARTESIAN_POINT('',(-0.0182806931478116,0.0065520109563621,0.));
#11870=CARTESIAN_POINT('',(-0.0183639662817709,0.00661002947800913,0.));
#11871=CARTESIAN_POINT('',(-0.0184521437122821,0.00667412194454965,0.));
#11872=CARTESIAN_POINT('',(-0.0185450133629931,0.00674450593831853,0.));
#11873=CARTESIAN_POINT('',(-0.0186423564568867,0.00682139298672926,0.));
#11874=CARTESIAN_POINT('',(-0.0187439476803302,0.00690498816768581,0.));
#11875=CARTESIAN_POINT('',(-0.0188495553051447,0.00699549075793776,0.));
#11876=CARTESIAN_POINT('',(-0.0189589415281101,0.00709309085432616,0.));
#11877=CARTESIAN_POINT('',(-0.0190718619797879,0.00719798164780735,0.));
#11878=CARTESIAN_POINT('',(-0.0191880684759994,0.00731031106658772,0.));
#11879=CARTESIAN_POINT('',(-0.0193072992470083,0.00743036795640639,0.));
#11880=CARTESIAN_POINT('',(-0.0194262719799239,0.00755468033279109,0.));
#11881=CARTESIAN_POINT('',(-0.0195053534003639,0.00764147518972305,0.));
#11882=CARTESIAN_POINT('',(-0.0195437992685819,0.00768374323812158,0.));
#11883=CARTESIAN_POINT('',(-0.016908800128344,0.00810277595764043,0.));
#11884=CARTESIAN_POINT('',(-0.0169258017458459,0.00811097294598999,0.));
#11885=CARTESIAN_POINT('',(-0.0169510773988602,0.00812315909435276,0.));
#11886=CARTESIAN_POINT('',(-0.0169617314054288,0.00812772587932522,0.));
#11887=CARTESIAN_POINT('',(-0.0169803205775038,0.00813558672831457,0.));
#11888=CARTESIAN_POINT('',(-0.0170043309790559,0.0081450546415721,0.));
#11889=CARTESIAN_POINT('',(-0.0170361704559556,0.00815694008662677,0.));
#11890=CARTESIAN_POINT('',(-0.0170751471684742,0.00817058490198576,0.));
#11891=CARTESIAN_POINT('',(-0.0171215930228426,0.00818581749325935,0.));
#11892=CARTESIAN_POINT('',(-0.0171755058063597,0.00820230940043366,0.));
#11893=CARTESIAN_POINT('',(-0.017236974892677,0.00821977738686672,0.));
#11894=CARTESIAN_POINT('',(-0.01730605089092,0.00823792190959998,0.));
#11895=CARTESIAN_POINT('',(-0.0173827845179367,0.00825644581028821,0.));
#11896=CARTESIAN_POINT('',(-0.0174672150181921,0.00827504908572092,0.));
#11897=CARTESIAN_POINT('',(-0.0175593734672603,0.00829343071195589,0.));
#11898=CARTESIAN_POINT('',(-0.0176592817550645,0.00831128841957804,0.));
#11899=CARTESIAN_POINT('',(-0.0177669528318404,0.0083283190609264,0.));
#11900=CARTESIAN_POINT('',(-0.0178823905909055,0.00834421882142957,0.));
#11901=CARTESIAN_POINT('',(-0.018005589906016,0.00835868342990679,0.));
#11902=CARTESIAN_POINT('',(-0.0181365364683508,0.0083714085535838,0.));
#11903=CARTESIAN_POINT('',(-0.0182752073312843,0.00838208942595309,0.));
#11904=CARTESIAN_POINT('',(-0.0184215687613122,0.00839042347597959,0.));
#11905=CARTESIAN_POINT('',(-0.0185755845697829,0.00839610130174104,0.));
#11906=CARTESIAN_POINT('',(-0.0187371838650182,0.00839884280948371,0.));
#11907=CARTESIAN_POINT('',(-0.0189063857926437,0.00839825865527135,0.));
#11908=CARTESIAN_POINT('',(-0.0190784143431916,0.00839448295716518,0.));
#11909=CARTESIAN_POINT('',(-0.0191957065837593,0.00838902873391543,0.));
#11910=CARTESIAN_POINT('',(-0.0192527799415349,0.00838632604439088,0.));
#11911=CARTESIAN_POINT('',(-0.0171854318075255,0.00820500842172487,0.));
#11912=CARTESIAN_POINT('',(-0.0170864820795883,0.00854491520234884,0.));
#11913=CARTESIAN_POINT('',(-0.0167698525242702,0.00838656940078778,0.));
#11914=CARTESIAN_POINT('',(7.27109678592354E-15,-3.71156225659039E-15,0.));
#11915=CARTESIAN_POINT('',(0.0190373277719008,-0.000491306746733021,0.003));
#11916=CARTESIAN_POINT('',(0.0190373277719008,-0.000491306746733021,0.));
#11917=CARTESIAN_POINT('',(0.0195116118246187,-0.000581517726873041,0.003));
#11918=CARTESIAN_POINT('',(0.0195116118246187,-0.000581517726873041,4.33680868994202E-19));
#11919=CARTESIAN_POINT('',(0.020232685161571,-0.000852316444442695,0.003));
#11920=CARTESIAN_POINT('',(0.020232685161571,-0.000852316444442695,4.33680868994202E-19));
#11921=CARTESIAN_POINT('',(0.0209616648885424,-0.00126830796750989,0.003));
#11922=CARTESIAN_POINT('',(0.0209616648885424,-0.00126830796750989,0.));
#11923=CARTESIAN_POINT('',(0.0190373277352448,-0.000491306739760883,0.003));
#11924=CARTESIAN_POINT('',(0.0190373277719008,0.000491306746733031,0.003));
#11925=CARTESIAN_POINT('',(0.0190373277719008,0.000491306746733031,0.));
#11926=CARTESIAN_POINT('',(0.0195116118246186,0.000581517726873061,0.003));
#11927=CARTESIAN_POINT('',(0.0195116118246186,0.000581517726873061,0.));
#11928=CARTESIAN_POINT('',(0.020232685161571,0.000852316444442707,0.003));
#11929=CARTESIAN_POINT('',(0.020232685161571,0.000852316444442707,0.));
#11930=CARTESIAN_POINT('',(0.0209616648885424,0.00126830796750989,0.003));
#11931=CARTESIAN_POINT('',(0.0209616648885424,0.00126830796750989,0.));
#11932=CARTESIAN_POINT('',(0.0190373277352449,0.000491306739760893,0.));
#11933=CARTESIAN_POINT('',(-8.16360867794685E-15,6.01732205729455E-18,0.003));
#11934=CARTESIAN_POINT('',(0.0187494708421655,0.000140865676391482,0.003));
#11935=CARTESIAN_POINT('',(0.0187494708421655,-0.000140865676391475,0.003));
#11936=CARTESIAN_POINT('',(0.0191034773312872,-0.000143525344173935,0.0015));
#11937=CARTESIAN_POINT('',(0.0191034773312873,0.000143525344173942,0.0015));
#11938=CARTESIAN_POINT('',(0.0187260893682986,-0.00346335213119677,0.003));
#11939=CARTESIAN_POINT('',(0.0187260893682986,-0.00346335213119677,0.));
#11940=CARTESIAN_POINT('',(0.0191804220908793,-0.00362664683653876,0.003));
#11941=CARTESIAN_POINT('',(0.0191804220908793,-0.00362664683653876,-4.33680868994202E-19));
#11942=CARTESIAN_POINT('',(0.0198502555659843,-0.00400691229425134,0.003));
#11943=CARTESIAN_POINT('',(0.0198502555659843,-0.00400691229425134,-4.33680868994202E-19));
#11944=CARTESIAN_POINT('',(0.0205051849314721,-0.00453181982498516,0.003));
#11945=CARTESIAN_POINT('',(0.0205051849314721,-0.00453181982498516,0.));
#11946=CARTESIAN_POINT('',(0.0187260893331846,-0.0034633521185762,0.003));
#11947=CARTESIAN_POINT('',(0.0188798039844903,-0.0024928362403889,0.003));
#11948=CARTESIAN_POINT('',(0.0188798039844903,-0.0024928362403889,0.));
#11949=CARTESIAN_POINT('',(0.0193623609199088,-0.00247793027917497,0.003));
#11950=CARTESIAN_POINT('',(0.0193623609199088,-0.00247793027917497,0.));
#11951=CARTESIAN_POINT('',(0.020116918900047,-0.00232326626490431,0.003));
#11952=CARTESIAN_POINT('',(0.020116918900047,-0.00232326626490431,0.));
#11953=CARTESIAN_POINT('',(0.0209019990882795,-0.00202643384139829,0.003));
#11954=CARTESIAN_POINT('',(0.0209019990882795,-0.00202643384139829,0.));
#11955=CARTESIAN_POINT('',(0.0188798039471949,-0.00249283624154094,0.));
#11956=CARTESIAN_POINT('',(-8.06215979183239E-15,1.28301299517E-15,0.003));
#11957=CARTESIAN_POINT('',(0.0185406699898642,-0.00279393205481966,0.003));
#11958=CARTESIAN_POINT('',(0.0184965974964065,-0.00307219482714348,0.003));
#11959=CARTESIAN_POINT('',(0.0188458295145003,-0.00313020056574859,0.0015));
#11960=CARTESIAN_POINT('',(0.0188907341353715,-0.0028466839477076,0.0015));
#11961=CARTESIAN_POINT('',(0.0179537524961214,-0.00635011829198369,0.003));
#11962=CARTESIAN_POINT('',(0.0179537524961214,-0.00635011829198369,4.33680868994202E-19));
#11963=CARTESIAN_POINT('',(0.018376946709091,-0.00658247586493802,0.00299999999999999));
#11964=CARTESIAN_POINT('',(0.018376946709091,-0.00658247586493802,-1.21430643318376E-17));
#11965=CARTESIAN_POINT('',(0.0189790467991428,-0.00706284466519608,0.003));
#11966=CARTESIAN_POINT('',(0.0189790467991428,-0.00706284466519608,0.));
#11967=CARTESIAN_POINT('',(0.0195437992685819,-0.00768374323812158,0.003));
#11968=CARTESIAN_POINT('',(0.0195437992685819,-0.00768374323812158,0.));
#11969=CARTESIAN_POINT('',(0.0179537524634139,-0.00635011827402549,0.003));
#11970=CARTESIAN_POINT('',(0.0182573967645046,-0.0054155973260233,0.003));
#11971=CARTESIAN_POINT('',(0.0182573967645046,-0.0054155973260233,0.));
#11972=CARTESIAN_POINT('',(0.0187363444293589,-0.00547636341797054,0.003));
#11973=CARTESIAN_POINT('',(0.0187363444293589,-0.00547636341797054,-4.33680868994202E-19));
#11974=CARTESIAN_POINT('',(0.0195058073309789,-0.00544164244833056,0.003));
#11975=CARTESIAN_POINT('',(0.0195058073309789,-0.00544164244833056,-4.33680868994202E-19));
#11976=CARTESIAN_POINT('',(0.0203276567007052,-0.0052712781237829,0.003));
#11977=CARTESIAN_POINT('',(0.0203276567007052,-0.0052712781237829,0.));
#11978=CARTESIAN_POINT('',(0.0182573967274881,-0.00541559732132687,0.));
#11979=CARTESIAN_POINT('',(-7.76219377486869E-15,2.52841663026562E-15,0.003));
#11980=CARTESIAN_POINT('',(0.0178753363094566,-0.00565993390631226,0.003));
#11981=CARTESIAN_POINT('',(0.0177882765335984,-0.00592787634522114,0.003));
#11982=CARTESIAN_POINT('',(0.0181241348293441,-0.00603979986085444,0.0015));
#11983=CARTESIAN_POINT('',(0.0182128383702908,-0.0057667984331942,0.0015));
#11984=CARTESIAN_POINT('',(0.0167393346524013,-0.00908052346558768,0.003));
#11985=CARTESIAN_POINT('',(0.0167393346524013,-0.00908052346558768,-4.33680868994202E-19));
#11986=CARTESIAN_POINT('',(0.0171209699097354,-0.00937622249155766,0.00299999999999999));
#11987=CARTESIAN_POINT('',(0.0171209699097354,-0.00937622249155766,-1.25767452008319E-17));
#11988=CARTESIAN_POINT('',(0.01764051091226,-0.00994486636024601,0.003));
#11989=CARTESIAN_POINT('',(0.01764051091226,-0.00994486636024601,-4.33680868994202E-19));
#11990=CARTESIAN_POINT('',(0.0181011804055481,-0.0106464673918537,0.003));
#11991=CARTESIAN_POINT('',(0.0181011804055481,-0.0106464673918537,-4.33680868994202E-19));
#11992=CARTESIAN_POINT('',(0.0167393346229058,-0.00908052344273398,0.003));
#11993=CARTESIAN_POINT('',(0.0171854318433508,-0.00820500843215393,0.003));
#11994=CARTESIAN_POINT('',(0.0171854318433508,-0.00820500843215393,3.90312782094782E-18));
#11995=CARTESIAN_POINT('',(0.0176489769565967,-0.00833995031440754,0.003));
#11996=CARTESIAN_POINT('',(0.0176489769565967,-0.00833995031440754,3.90312782094782E-18));
#11997=CARTESIAN_POINT('',(0.0184143980493585,-0.00842602733490321,0.003));
#11998=CARTESIAN_POINT('',(0.0184143980493585,-0.00842602733490321,3.90312782094782E-18));
#11999=CARTESIAN_POINT('',(0.0192527799415349,-0.00838632604439088,0.003));
#12000=CARTESIAN_POINT('',(0.0192527799415349,-0.00838632604439088,3.90312782094782E-18));
#12001=CARTESIAN_POINT('',(0.0171854318075248,-0.00820500842172467,0.));
#12002=CARTESIAN_POINT('',(-7.27109678592354E-15,3.71156225659039E-15,0.003));
#12003=CARTESIAN_POINT('',(0.0167698525242701,-0.00838656940078777,0.003));
#12004=CARTESIAN_POINT('',(0.016641949166628,-0.0086375938741858,0.003));
#12005=CARTESIAN_POINT('',(0.0169561637941347,-0.00880067923843953,0.0015));
#12006=CARTESIAN_POINT('',(0.0170864820795883,-0.00854491520234884,0.0015));
#12007=CARTESIAN_POINT('',(0.00820500843215391,-0.0171854318433507,0.003));
#12008=CARTESIAN_POINT('',(0.00820500843215391,-0.0171854318433507,4.33680868994202E-18));
#12009=CARTESIAN_POINT('',(0.00833995031440759,-0.0176489769565967,0.003));
#12010=CARTESIAN_POINT('',(0.00833995031440759,-0.0176489769565967,4.33680868994202E-18));
#12011=CARTESIAN_POINT('',(0.00842602733490323,-0.0184143980493577,0.003));
#12012=CARTESIAN_POINT('',(0.00842602733490323,-0.0184143980493577,4.33680868994202E-18));
#12013=CARTESIAN_POINT('',(0.00838632604439087,-0.019252779941535,0.003));
#12014=CARTESIAN_POINT('',(0.00838632604439087,-0.019252779941535,4.33680868994202E-18));
#12015=CARTESIAN_POINT('',(0.00820500842172465,-0.0171854318075248,0.003));
#12016=CARTESIAN_POINT('',(0.00908052346558771,-0.0167393346524013,0.003));
#12017=CARTESIAN_POINT('',(0.00908052346558771,-0.0167393346524013,0.));
#12018=CARTESIAN_POINT('',(0.00937622249155777,-0.0171209699097357,0.003));
#12019=CARTESIAN_POINT('',(0.00937622249155777,-0.0171209699097357,0.));
#12020=CARTESIAN_POINT('',(0.00994486636024603,-0.01764051091226,0.003));
#12021=CARTESIAN_POINT('',(0.00994486636024603,-0.01764051091226,0.));
#12022=CARTESIAN_POINT('',(0.0106464673918537,-0.0181011804055481,0.003));
#12023=CARTESIAN_POINT('',(0.0106464673918537,-0.0181011804055481,0.));
#12024=CARTESIAN_POINT('',(0.00908052344273401,-0.0167393346229058,0.));
#12025=CARTESIAN_POINT('',(-3.700839310168E-15,7.27656040001931E-15,0.003));
#12026=CARTESIAN_POINT('',(0.0086375938741858,-0.016641949166628,0.003));
#12027=CARTESIAN_POINT('',(0.00838656940078777,-0.0167698525242701,0.003));
#12028=CARTESIAN_POINT('',(0.00854491520234881,-0.0170864820795883,0.0015));
#12029=CARTESIAN_POINT('',(0.00880067923843956,-0.0169561637941347,0.0015));
#12030=CARTESIAN_POINT('',(0.0107923849998231,-0.0156903045550354,0.003));
#12031=CARTESIAN_POINT('',(0.0107923849998231,-0.0156903045550354,4.33680868994202E-19));
#12032=CARTESIAN_POINT('',(0.0109981799553957,-0.0161270330975661,0.00300000000000001));
#12033=CARTESIAN_POINT('',(0.0109981799553957,-0.0161270330975661,1.25767452008319E-17));
#12034=CARTESIAN_POINT('',(0.0112029354641089,-0.0168695651738788,0.003));
#12035=CARTESIAN_POINT('',(0.0112029354641089,-0.0168695651738788,8.67361737988404E-19));
#12036=CARTESIAN_POINT('',(0.0112948747851655,-0.0177038358438908,0.003));
#12037=CARTESIAN_POINT('',(0.0112948747851655,-0.0177038358438908,8.67361737988404E-19));
#12038=CARTESIAN_POINT('',(0.0107923849839178,-0.0156903045212819,0.003));
#12039=CARTESIAN_POINT('',(0.0115873360149393,-0.0151127388348725,0.003));
#12040=CARTESIAN_POINT('',(0.0115873360149393,-0.0151127388348725,3.90312782094782E-18));
#12041=CARTESIAN_POINT('',(0.0119390954025368,-0.015443418009961,0.003));
#12042=CARTESIAN_POINT('',(0.0119390954025368,-0.015443418009961,3.46944695195361E-18));
#12043=CARTESIAN_POINT('',(0.0125820124403878,-0.0158676071012187,0.003));
#12044=CARTESIAN_POINT('',(0.0125820124403878,-0.0158676071012187,4.33680868994202E-18));
#12045=CARTESIAN_POINT('',(0.0133470401847988,-0.0162128504065561,0.003));
#12046=CARTESIAN_POINT('',(0.0133470401847988,-0.0162128504065561,3.90312782094782E-18));
#12047=CARTESIAN_POINT('',(0.0115873359877529,-0.0151127388093153,0.));
#12048=CARTESIAN_POINT('',(-4.79358067057903E-15,6.60803504904938E-15,0.003));
#12049=CARTESIAN_POINT('',(0.0111346251754374,-0.0150858417797124,0.003));
#12050=CARTESIAN_POINT('',(0.0109066997231878,-0.0152514393139866,0.003));
#12051=CARTESIAN_POINT('',(0.0111126278002739,-0.0155393998933035,0.0015));
#12052=CARTESIAN_POINT('',(0.0113448566853944,-0.0153706757320323,0.0015));
#12053=CARTESIAN_POINT('',(0.0151127388348724,-0.0115873360149393,0.003));
#12054=CARTESIAN_POINT('',(0.0151127388348724,-0.0115873360149393,-3.90312782094782E-18));
#12055=CARTESIAN_POINT('',(0.0154434180099611,-0.0119390954025369,0.00300000000000001));
#12056=CARTESIAN_POINT('',(0.0154434180099611,-0.0119390954025369,8.67361737988404E-18));
#12057=CARTESIAN_POINT('',(0.0158676071012187,-0.0125820124403875,0.003));
#12058=CARTESIAN_POINT('',(0.0158676071012187,-0.0125820124403875,-3.46944695195361E-18));
#12059=CARTESIAN_POINT('',(0.0162128504065561,-0.0133470401847988,0.003));
#12060=CARTESIAN_POINT('',(0.0162128504065561,-0.0133470401847988,-3.46944695195361E-18));
#12061=CARTESIAN_POINT('',(0.0151127388093152,-0.0115873359877529,0.003));
#12062=CARTESIAN_POINT('',(0.0156903045550354,-0.0107923849998232,0.003));
#12063=CARTESIAN_POINT('',(0.0156903045550354,-0.0107923849998232,0.));
#12064=CARTESIAN_POINT('',(0.0161270330975661,-0.0109981799553956,0.00299999999999999));
#12065=CARTESIAN_POINT('',(0.0161270330975661,-0.0109981799553956,-1.25767452008319E-17));
#12066=CARTESIAN_POINT('',(0.0168695651738788,-0.0112029354641092,0.003));
#12067=CARTESIAN_POINT('',(0.0168695651738788,-0.0112029354641092,-4.33680868994202E-19));
#12068=CARTESIAN_POINT('',(0.0177038358438908,-0.0112948747851655,0.003));
#12069=CARTESIAN_POINT('',(0.0177038358438908,-0.0112948747851655,-4.33680868994202E-19));
#12070=CARTESIAN_POINT('',(0.015690304521282,-0.0107923849839179,0.));
#12071=CARTESIAN_POINT('',(-6.60096126272223E-15,4.803316902189E-15,0.003));
#12072=CARTESIAN_POINT('',(0.0152514393139866,-0.0109066997231878,0.003));
#12073=CARTESIAN_POINT('',(0.0150858417797124,-0.0111346251754375,0.003));
#12074=CARTESIAN_POINT('',(0.0153706757320322,-0.0113448566853944,0.0015));
#12075=CARTESIAN_POINT('',(0.0155393998933036,-0.011112627800274,0.0015));
#12076=CARTESIAN_POINT('',(0.0131140172309244,-0.0138088298954397,0.003));
#12077=CARTESIAN_POINT('',(0.0131140172309244,-0.0138088298954397,0.));
#12078=CARTESIAN_POINT('',(0.0133855979050152,-0.0142079881611195,0.003));
#12079=CARTESIAN_POINT('',(0.0133855979050152,-0.0142079881611195,0.));
#12080=CARTESIAN_POINT('',(0.0137039901417772,-0.014909347616942,0.003));
#12081=CARTESIAN_POINT('',(0.0137039901417772,-0.014909347616942,0.));
#12082=CARTESIAN_POINT('',(0.0139253062231891,-0.0157189645521074,0.003));
#12083=CARTESIAN_POINT('',(0.0139253062231891,-0.0157189645521074,0.));
#12084=CARTESIAN_POINT('',(0.0131140172099348,-0.0138088298645899,0.003));
#12085=CARTESIAN_POINT('',(0.0138088298954397,-0.0131140172309244,0.003));
#12086=CARTESIAN_POINT('',(0.0138088298954397,-0.0131140172309244,0.));
#12087=CARTESIAN_POINT('',(0.0142079881611196,-0.0133855979050154,0.003));
#12088=CARTESIAN_POINT('',(0.0142079881611196,-0.0133855979050154,0.));
#12089=CARTESIAN_POINT('',(0.0149093476169421,-0.0137039901417772,0.003));
#12090=CARTESIAN_POINT('',(0.0149093476169421,-0.0137039901417772,0.));
#12091=CARTESIAN_POINT('',(0.0157189645521074,-0.0139253062231891,0.003));
#12092=CARTESIAN_POINT('',(0.0157189645521074,-0.0139253062231891,0.));
#12093=CARTESIAN_POINT('',(0.0138088298645899,-0.0131140172099348,0.));
#12094=CARTESIAN_POINT('',(-5.76828816589827E-15,5.77679794436086E-15,0.003));
#12095=CARTESIAN_POINT('',(0.0133574850511675,-0.0131582709011418,0.003));
#12096=CARTESIAN_POINT('',(0.0131582709011418,-0.0133574850511675,0.003));
#12097=CARTESIAN_POINT('',(0.0134067106210591,-0.0136096861093342,0.0015));
#12098=CARTESIAN_POINT('',(0.0136096861093342,-0.0134067106210592,0.0015));
#12099=CARTESIAN_POINT('',(0.00635011829198369,0.0179537524961214,0.003));
#12100=CARTESIAN_POINT('',(0.00635011829198369,0.0179537524961214,4.33680868994202E-19));
#12101=CARTESIAN_POINT('',(0.006582475864938,0.018376946709091,0.00299999999999999));
#12102=CARTESIAN_POINT('',(0.006582475864938,0.018376946709091,-1.21430643318376E-17));
#12103=CARTESIAN_POINT('',(0.00706284466519608,0.0189790467991428,0.003));
#12104=CARTESIAN_POINT('',(0.00706284466519608,0.0189790467991428,0.));
#12105=CARTESIAN_POINT('',(0.00768374323812158,0.0195437992685819,0.003));
#12106=CARTESIAN_POINT('',(0.00768374323812158,0.0195437992685819,0.));
#12107=CARTESIAN_POINT('',(0.00635011827402549,0.0179537524634139,0.003));
#12108=CARTESIAN_POINT('',(0.00541559732602329,0.0182573967645046,0.003));
#12109=CARTESIAN_POINT('',(0.00541559732602329,0.0182573967645046,0.));
#12110=CARTESIAN_POINT('',(0.00547636341797058,0.018736344429359,0.003));
#12111=CARTESIAN_POINT('',(0.00547636341797058,0.018736344429359,0.));
#12112=CARTESIAN_POINT('',(0.00544164244833056,0.0195058073309789,0.003));
#12113=CARTESIAN_POINT('',(0.00544164244833056,0.0195058073309789,0.));
#12114=CARTESIAN_POINT('',(0.0052712781237829,0.0203276567007052,0.003));
#12115=CARTESIAN_POINT('',(0.0052712781237829,0.0203276567007052,0.));
#12116=CARTESIAN_POINT('',(0.00541559732132686,0.0182573967274881,0.));
#12117=CARTESIAN_POINT('',(-2.52841663026561E-15,-7.76219377486869E-15,0.003));
#12118=CARTESIAN_POINT('',(0.00565993390631226,0.0178753363094566,0.003));
#12119=CARTESIAN_POINT('',(0.00592787634522114,0.0177882765335984,0.003));
#12120=CARTESIAN_POINT('',(0.00603979986085443,0.0181241348293441,0.0015));
#12121=CARTESIAN_POINT('',(0.00576679843319419,0.0182128383702908,0.0015));
#12122=CARTESIAN_POINT('',(0.00908052346558768,0.0167393346524013,0.003));
#12123=CARTESIAN_POINT('',(0.00908052346558768,0.0167393346524013,0.));
#12124=CARTESIAN_POINT('',(0.00937622249155773,0.0171209699097354,0.003));
#12125=CARTESIAN_POINT('',(0.00937622249155773,0.0171209699097354,4.33680868994202E-19));
#12126=CARTESIAN_POINT('',(0.00994486636024629,0.01764051091226,0.003));
#12127=CARTESIAN_POINT('',(0.00994486636024629,0.01764051091226,4.33680868994202E-19));
#12128=CARTESIAN_POINT('',(0.0106464673918537,0.0181011804055481,0.003));
#12129=CARTESIAN_POINT('',(0.0106464673918537,0.0181011804055481,0.));
#12130=CARTESIAN_POINT('',(0.00908052344273398,0.0167393346229058,0.003));
#12131=CARTESIAN_POINT('',(0.00820500843215392,0.0171854318433508,0.003));
#12132=CARTESIAN_POINT('',(0.00820500843215392,0.0171854318433508,0.));
#12133=CARTESIAN_POINT('',(0.00833995031440754,0.0176489769565967,0.003));
#12134=CARTESIAN_POINT('',(0.00833995031440754,0.0176489769565967,0.));
#12135=CARTESIAN_POINT('',(0.00842602733490309,0.0184143980493585,0.003));
#12136=CARTESIAN_POINT('',(0.00842602733490309,0.0184143980493585,0.));
#12137=CARTESIAN_POINT('',(0.00838632604439088,0.0192527799415349,0.003));
#12138=CARTESIAN_POINT('',(0.00838632604439088,0.0192527799415349,0.));
#12139=CARTESIAN_POINT('',(0.00820500842172467,0.0171854318075248,0.));
#12140=CARTESIAN_POINT('',(-3.71156225659039E-15,-7.27109678592354E-15,0.003));
#12141=CARTESIAN_POINT('',(0.00838656940078777,0.0167698525242701,0.003));
#12142=CARTESIAN_POINT('',(0.0086375938741858,0.016641949166628,0.003));
#12143=CARTESIAN_POINT('',(0.00880067923843953,0.0169561637941347,0.0015));
#12144=CARTESIAN_POINT('',(0.00854491520234883,0.0170864820795883,0.0015));
#12145=CARTESIAN_POINT('',(0.0138088298954396,0.0131140172309244,0.003));
#12146=CARTESIAN_POINT('',(0.0138088298954396,0.0131140172309244,0.));
#12147=CARTESIAN_POINT('',(0.0142079881611195,0.0133855979050154,0.003));
#12148=CARTESIAN_POINT('',(0.0142079881611195,0.0133855979050154,0.));
#12149=CARTESIAN_POINT('',(0.014909347616942,0.0137039901417772,0.003));
#12150=CARTESIAN_POINT('',(0.014909347616942,0.0137039901417772,0.));
#12151=CARTESIAN_POINT('',(0.0157189645521074,0.0139253062231891,0.003));
#12152=CARTESIAN_POINT('',(0.0157189645521074,0.0139253062231891,0.));
#12153=CARTESIAN_POINT('',(0.0138088298645899,0.0131140172099348,0.003));
#12154=CARTESIAN_POINT('',(0.0131140172309244,0.0138088298954397,0.003));
#12155=CARTESIAN_POINT('',(0.0131140172309244,0.0138088298954397,0.));
#12156=CARTESIAN_POINT('',(0.0133855979050154,0.0142079881611196,0.003));
#12157=CARTESIAN_POINT('',(0.0133855979050154,0.0142079881611196,0.));
#12158=CARTESIAN_POINT('',(0.0137039901417772,0.0149093476169421,0.003));
#12159=CARTESIAN_POINT('',(0.0137039901417772,0.0149093476169421,0.));
#12160=CARTESIAN_POINT('',(0.0139253062231891,0.0157189645521074,0.003));
#12161=CARTESIAN_POINT('',(0.0139253062231891,0.0157189645521074,0.));
#12162=CARTESIAN_POINT('',(0.0131140172099348,0.0138088298645899,0.));
#12163=CARTESIAN_POINT('',(-5.77679794436086E-15,-5.76828816589827E-15,0.003));
#12164=CARTESIAN_POINT('',(0.0131582709011418,0.0133574850511675,0.003));
#12165=CARTESIAN_POINT('',(0.0133574850511675,0.0131582709011418,0.003));
#12166=CARTESIAN_POINT('',(0.0136096861093342,0.0134067106210591,0.0015));
#12167=CARTESIAN_POINT('',(0.0134067106210592,0.0136096861093342,0.0015));
#12168=CARTESIAN_POINT('',(0.0115873360149393,0.0151127388348724,0.003));
#12169=CARTESIAN_POINT('',(0.0115873360149393,0.0151127388348724,0.));
#12170=CARTESIAN_POINT('',(0.0119390954025367,0.015443418009961,0.00299999999999999));
#12171=CARTESIAN_POINT('',(0.0119390954025367,0.015443418009961,-1.25767452008319E-17));
#12172=CARTESIAN_POINT('',(0.0125820124403875,0.0158676071012187,0.003));
#12173=CARTESIAN_POINT('',(0.0125820124403875,0.0158676071012187,0.));
#12174=CARTESIAN_POINT('',(0.0133470401847988,0.0162128504065561,0.003));
#12175=CARTESIAN_POINT('',(0.0133470401847988,0.0162128504065561,0.));
#12176=CARTESIAN_POINT('',(0.0115873359877529,0.0151127388093153,0.003));
#12177=CARTESIAN_POINT('',(0.0107923849998231,0.0156903045550354,0.003));
#12178=CARTESIAN_POINT('',(0.0107923849998231,0.0156903045550354,0.));
#12179=CARTESIAN_POINT('',(0.0109981799553957,0.0161270330975662,0.003));
#12180=CARTESIAN_POINT('',(0.0109981799553957,0.0161270330975662,0.));
#12181=CARTESIAN_POINT('',(0.0112029354641089,0.0168695651738788,0.003));
#12182=CARTESIAN_POINT('',(0.0112029354641089,0.0168695651738788,0.));
#12183=CARTESIAN_POINT('',(0.0112948747851655,0.0177038358438908,0.003));
#12184=CARTESIAN_POINT('',(0.0112948747851655,0.0177038358438908,0.));
#12185=CARTESIAN_POINT('',(0.0107923849839179,0.015690304521282,0.));
#12186=CARTESIAN_POINT('',(-4.80331690218899E-15,-6.60096126272223E-15,0.003));
#12187=CARTESIAN_POINT('',(0.0109066997231878,0.0152514393139866,0.003));
#12188=CARTESIAN_POINT('',(0.0111346251754374,0.0150858417797124,0.003));
#12189=CARTESIAN_POINT('',(0.0113448566853944,0.0153706757320322,0.0015));
#12190=CARTESIAN_POINT('',(0.011112627800274,0.0155393998933036,0.0015));
#12191=CARTESIAN_POINT('',(0.0156903045550354,0.0107923849998231,0.003));
#12192=CARTESIAN_POINT('',(0.0156903045550354,0.0107923849998231,1.30104260698261E-18));
#12193=CARTESIAN_POINT('',(0.0161270330975661,0.0109981799553957,0.00300000000000001));
#12194=CARTESIAN_POINT('',(0.0161270330975661,0.0109981799553957,1.34441069388203E-17));
#12195=CARTESIAN_POINT('',(0.0168695651738788,0.0112029354641089,0.003));
#12196=CARTESIAN_POINT('',(0.0168695651738788,0.0112029354641089,1.73472347597681E-18));
#12197=CARTESIAN_POINT('',(0.0177038358438908,0.0112948747851655,0.003));
#12198=CARTESIAN_POINT('',(0.0177038358438908,0.0112948747851655,1.73472347597681E-18));
#12199=CARTESIAN_POINT('',(0.0156903045212819,0.0107923849839178,0.003));
#12200=CARTESIAN_POINT('',(0.0151127388348725,0.0115873360149393,0.003));
#12201=CARTESIAN_POINT('',(0.0151127388348725,0.0115873360149393,3.90312782094782E-18));
#12202=CARTESIAN_POINT('',(0.015443418009961,0.0119390954025368,0.003));
#12203=CARTESIAN_POINT('',(0.015443418009961,0.0119390954025368,3.90312782094782E-18));
#12204=CARTESIAN_POINT('',(0.0158676071012187,0.0125820124403876,0.003));
#12205=CARTESIAN_POINT('',(0.0158676071012187,0.0125820124403876,3.90312782094782E-18));
#12206=CARTESIAN_POINT('',(0.0162128504065561,0.0133470401847988,0.003));
#12207=CARTESIAN_POINT('',(0.0162128504065561,0.0133470401847988,3.90312782094782E-18));
#12208=CARTESIAN_POINT('',(0.0151127388093153,0.0115873359877529,0.));
#12209=CARTESIAN_POINT('',(-6.60803504904938E-15,-4.79358067057904E-15,0.003));
#12210=CARTESIAN_POINT('',(0.0150858417797124,0.0111346251754375,0.003));
#12211=CARTESIAN_POINT('',(0.0152514393139866,0.0109066997231878,0.003));
#12212=CARTESIAN_POINT('',(0.0155393998933035,0.0111126278002739,0.0015));
#12213=CARTESIAN_POINT('',(0.0153706757320323,0.0113448566853944,0.0015));
#12214=CARTESIAN_POINT('',(0.0171854318433507,0.00820500843215391,0.003));
#12215=CARTESIAN_POINT('',(0.0171854318433507,0.00820500843215391,3.90312782094782E-18));
#12216=CARTESIAN_POINT('',(0.0176489769565966,0.00833995031440754,0.003));
#12217=CARTESIAN_POINT('',(0.0176489769565966,0.00833995031440754,3.90312782094782E-18));
#12218=CARTESIAN_POINT('',(0.0184143980493577,0.00842602733490323,0.003));
#12219=CARTESIAN_POINT('',(0.0184143980493577,0.00842602733490323,3.90312782094782E-18));
#12220=CARTESIAN_POINT('',(0.019252779941535,0.00838632604439087,0.003));
#12221=CARTESIAN_POINT('',(0.019252779941535,0.00838632604439087,3.90312782094782E-18));
#12222=CARTESIAN_POINT('',(0.0171854318075248,0.00820500842172465,0.003));
#12223=CARTESIAN_POINT('',(0.0167393346524013,0.00908052346558771,0.003));
#12224=CARTESIAN_POINT('',(0.0167393346524013,0.00908052346558771,-3.90312782094782E-18));
#12225=CARTESIAN_POINT('',(0.0171209699097357,0.00937622249155777,0.003));
#12226=CARTESIAN_POINT('',(0.0171209699097357,0.00937622249155777,-3.90312782094782E-18));
#12227=CARTESIAN_POINT('',(0.01764051091226,0.00994486636024631,0.003));
#12228=CARTESIAN_POINT('',(0.01764051091226,0.00994486636024631,-3.90312782094782E-18));
#12229=CARTESIAN_POINT('',(0.0181011804055481,0.0106464673918537,0.003));
#12230=CARTESIAN_POINT('',(0.0181011804055481,0.0106464673918537,-3.90312782094782E-18));
#12231=CARTESIAN_POINT('',(0.0167393346229058,0.00908052344273401,0.));
#12232=CARTESIAN_POINT('',(-7.27656040001931E-15,-3.700839310168E-15,0.003));
#12233=CARTESIAN_POINT('',(0.016641949166628,0.0086375938741858,0.003));
#12234=CARTESIAN_POINT('',(0.0167698525242701,0.00838656940078777,0.003));
#12235=CARTESIAN_POINT('',(0.0170864820795883,0.00854491520234882,0.0015));
#12236=CARTESIAN_POINT('',(0.0169561637941347,0.00880067923843956,0.0015));
#12237=CARTESIAN_POINT('',(0.0182573967645045,0.00541559732602329,0.003));
#12238=CARTESIAN_POINT('',(0.0182573967645045,0.00541559732602329,0.));
#12239=CARTESIAN_POINT('',(0.018736344429359,0.00547636341797062,0.003));
#12240=CARTESIAN_POINT('',(0.018736344429359,0.00547636341797062,0.));
#12241=CARTESIAN_POINT('',(0.0195058073309789,0.00544164244833056,0.003));
#12242=CARTESIAN_POINT('',(0.0195058073309789,0.00544164244833056,0.));
#12243=CARTESIAN_POINT('',(0.0203276567007052,0.0052712781237829,0.003));
#12244=CARTESIAN_POINT('',(0.0203276567007052,0.0052712781237829,0.));
#12245=CARTESIAN_POINT('',(0.0182573967274881,0.00541559732132686,0.003));
#12246=CARTESIAN_POINT('',(0.0179537524961214,0.00635011829198372,0.003));
#12247=CARTESIAN_POINT('',(0.0179537524961214,0.00635011829198372,0.));
#12248=CARTESIAN_POINT('',(0.0183769467090912,0.0065824758649381,0.003));
#12249=CARTESIAN_POINT('',(0.0183769467090912,0.0065824758649381,0.));
#12250=CARTESIAN_POINT('',(0.0189790467991429,0.0070628446651961,0.003));
#12251=CARTESIAN_POINT('',(0.0189790467991429,0.0070628446651961,0.));
#12252=CARTESIAN_POINT('',(0.0195437992685819,0.00768374323812158,0.003));
#12253=CARTESIAN_POINT('',(0.0195437992685819,0.00768374323812158,0.));
#12254=CARTESIAN_POINT('',(0.017953752463414,0.00635011827402551,0.));
#12255=CARTESIAN_POINT('',(-7.76591268442135E-15,-2.51697100355914E-15,0.003));
#12256=CARTESIAN_POINT('',(0.0177882765335984,0.00592787634522115,0.003));
#12257=CARTESIAN_POINT('',(0.0178753363094566,0.00565993390631227,0.003));
#12258=CARTESIAN_POINT('',(0.0182128383702907,0.00576679843319418,0.0015));
#12259=CARTESIAN_POINT('',(0.0181241348293442,0.00603979986085446,0.0015));
#12260=CARTESIAN_POINT('',(0.0188798039844903,0.0024928362403889,0.003));
#12261=CARTESIAN_POINT('',(0.0188798039844903,0.0024928362403889,4.33680868994202E-18));
#12262=CARTESIAN_POINT('',(0.0193623609199088,0.00247793027917495,0.003));
#12263=CARTESIAN_POINT('',(0.0193623609199088,0.00247793027917495,4.33680868994202E-18));
#12264=CARTESIAN_POINT('',(0.0201169189000469,0.00232326626490425,0.003));
#12265=CARTESIAN_POINT('',(0.0201169189000469,0.00232326626490425,4.77048955893622E-18));
#12266=CARTESIAN_POINT('',(0.0209019990882795,0.00202643384139829,0.003));
#12267=CARTESIAN_POINT('',(0.0209019990882795,0.00202643384139829,4.77048955893622E-18));
#12268=CARTESIAN_POINT('',(0.0188798039471949,0.00249283624154093,0.003));
#12269=CARTESIAN_POINT('',(0.0187260893682986,0.00346335213119679,0.003));
#12270=CARTESIAN_POINT('',(0.0187260893682986,0.00346335213119679,-8.67361737988404E-19));
#12271=CARTESIAN_POINT('',(0.0191804220908795,0.00362664683653877,0.003));
#12272=CARTESIAN_POINT('',(0.0191804220908795,0.00362664683653877,-8.67361737988404E-19));
#12273=CARTESIAN_POINT('',(0.0198502555659843,0.00400691229425141,0.003));
#12274=CARTESIAN_POINT('',(0.0198502555659843,0.00400691229425141,-8.67361737988404E-19));
#12275=CARTESIAN_POINT('',(0.0205051849314721,0.00453181982498515,0.003));
#12276=CARTESIAN_POINT('',(0.0205051849314721,0.00453181982498515,-8.67361737988404E-19));
#12277=CARTESIAN_POINT('',(0.0187260893331846,0.00346335211857622,0.));
#12278=CARTESIAN_POINT('',(-8.0640424249464E-15,-1.27112651749481E-15,0.003));
#12279=CARTESIAN_POINT('',(0.0184965974964065,0.00307219482714349,0.003));
#12280=CARTESIAN_POINT('',(0.0185406699898642,0.00279393205481966,0.003));
#12281=CARTESIAN_POINT('',(0.0188907341353714,0.00284668394770759,0.0015));
#12282=CARTESIAN_POINT('',(0.0188458295145004,0.00313020056574861,0.0015));
#12283=CARTESIAN_POINT('',(0.00346335213119677,0.0187260893682986,0.003));
#12284=CARTESIAN_POINT('',(0.00346335213119677,0.0187260893682986,-3.90312782094782E-18));
#12285=CARTESIAN_POINT('',(0.00362664683653873,0.0191804220908794,0.003));
#12286=CARTESIAN_POINT('',(0.00362664683653873,0.0191804220908794,-3.90312782094782E-18));
#12287=CARTESIAN_POINT('',(0.0040069122942514,0.0198502555659843,0.003));
#12288=CARTESIAN_POINT('',(0.0040069122942514,0.0198502555659843,-3.90312782094782E-18));
#12289=CARTESIAN_POINT('',(0.00453181982498515,0.0205051849314721,0.003));
#12290=CARTESIAN_POINT('',(0.00453181982498515,0.0205051849314721,-3.90312782094782E-18));
#12291=CARTESIAN_POINT('',(0.0034633521185762,0.0187260893331846,0.003));
#12292=CARTESIAN_POINT('',(0.0024928362403889,0.0188798039844903,0.003));
#12293=CARTESIAN_POINT('',(0.0024928362403889,0.0188798039844903,0.));
#12294=CARTESIAN_POINT('',(0.00247793027917494,0.0193623609199088,0.003));
#12295=CARTESIAN_POINT('',(0.00247793027917494,0.0193623609199088,0.));
#12296=CARTESIAN_POINT('',(0.00232326626490424,0.020116918900047,0.003));
#12297=CARTESIAN_POINT('',(0.00232326626490424,0.020116918900047,0.));
#12298=CARTESIAN_POINT('',(0.00202643384139829,0.0209019990882795,0.003));
#12299=CARTESIAN_POINT('',(0.00202643384139829,0.0209019990882795,0.));
#12300=CARTESIAN_POINT('',(0.00249283624154093,0.0188798039471949,0.));
#12301=CARTESIAN_POINT('',(-1.28301299517E-15,-8.06215979183239E-15,0.003));
#12302=CARTESIAN_POINT('',(0.00279393205481966,0.0185406699898642,0.003));
#12303=CARTESIAN_POINT('',(0.00307219482714348,0.0184965974964065,0.003));
#12304=CARTESIAN_POINT('',(0.00313020056574859,0.0188458295145003,0.0015));
#12305=CARTESIAN_POINT('',(0.00284668394770759,0.0188907341353715,0.0015));
#12306=CARTESIAN_POINT('',(0.000491306746733022,0.0190373277719008,0.003));
#12307=CARTESIAN_POINT('',(0.000491306746733022,0.0190373277719008,3.90312782094782E-18));
#12308=CARTESIAN_POINT('',(0.00058151772687304,0.0195116118246186,0.00299999999999999));
#12309=CARTESIAN_POINT('',(0.00058151772687304,0.0195116118246186,-8.23993651088983E-18));
#12310=CARTESIAN_POINT('',(0.000852316444442664,0.020232685161571,0.003));
#12311=CARTESIAN_POINT('',(0.000852316444442664,0.020232685161571,3.46944695195361E-18));
#12312=CARTESIAN_POINT('',(0.00126830796750989,0.0209616648885424,0.003));
#12313=CARTESIAN_POINT('',(0.00126830796750989,0.0209616648885424,3.46944695195361E-18));
#12314=CARTESIAN_POINT('',(0.000491306739760884,0.0190373277352448,0.003));
#12315=CARTESIAN_POINT('',(-0.00049130674673303,0.0190373277719008,0.003));
#12316=CARTESIAN_POINT('',(-0.00049130674673303,0.0190373277719008,0.));
#12317=CARTESIAN_POINT('',(-0.000581517726873057,0.0195116118246186,0.00300000000000001));
#12318=CARTESIAN_POINT('',(-0.000581517726873057,0.0195116118246186,1.21430643318376E-17));
#12319=CARTESIAN_POINT('',(-0.000852316444442706,0.020232685161571,0.003));
#12320=CARTESIAN_POINT('',(-0.000852316444442706,0.020232685161571,0.));
#12321=CARTESIAN_POINT('',(-0.00126830796750989,0.0209616648885424,0.003));
#12322=CARTESIAN_POINT('',(-0.00126830796750989,0.0209616648885424,0.));
#12323=CARTESIAN_POINT('',(-0.000491306739760891,0.0190373277352449,0.));
#12324=CARTESIAN_POINT('',(-6.01732205729505E-18,-8.16360867794685E-15,0.003));
#12325=CARTESIAN_POINT('',(-0.000140865676391481,0.0187494708421655,0.003));
#12326=CARTESIAN_POINT('',(0.000140865676391476,0.0187494708421655,0.003));
#12327=CARTESIAN_POINT('',(0.000143525344173936,0.0191034773312872,0.0015));
#12328=CARTESIAN_POINT('',(-0.000143525344173941,0.0191034773312873,0.0015));
#12329=CARTESIAN_POINT('',(-0.0024928362403889,0.0188798039844903,0.003));
#12330=CARTESIAN_POINT('',(-0.0024928362403889,0.0188798039844903,3.90312782094782E-18));
#12331=CARTESIAN_POINT('',(-0.00247793027917496,0.0193623609199088,0.003));
#12332=CARTESIAN_POINT('',(-0.00247793027917496,0.0193623609199088,3.90312782094782E-18));
#12333=CARTESIAN_POINT('',(-0.00232326626490424,0.0201169189000469,0.003));
#12334=CARTESIAN_POINT('',(-0.00232326626490424,0.0201169189000469,3.90312782094782E-18));
#12335=CARTESIAN_POINT('',(-0.00202643384139829,0.0209019990882795,0.003));
#12336=CARTESIAN_POINT('',(-0.00202643384139829,0.0209019990882795,3.90312782094782E-18));
#12337=CARTESIAN_POINT('',(-0.00249283624154093,0.0188798039471949,0.003));
#12338=CARTESIAN_POINT('',(-0.00346335213119679,0.0187260893682986,0.003));
#12339=CARTESIAN_POINT('',(-0.00346335213119679,0.0187260893682986,-3.90312782094782E-18));
#12340=CARTESIAN_POINT('',(-0.0036266468365388,0.0191804220908794,0.00300000000000001));
#12341=CARTESIAN_POINT('',(-0.0036266468365388,0.0191804220908794,8.23993651088983E-18));
#12342=CARTESIAN_POINT('',(-0.00400691229425141,0.0198502555659843,0.003));
#12343=CARTESIAN_POINT('',(-0.00400691229425141,0.0198502555659843,-3.46944695195361E-18));
#12344=CARTESIAN_POINT('',(-0.00453181982498515,0.0205051849314721,0.003));
#12345=CARTESIAN_POINT('',(-0.00453181982498515,0.0205051849314721,-3.46944695195361E-18));
#12346=CARTESIAN_POINT('',(-0.00346335211857622,0.0187260893331846,0.));
#12347=CARTESIAN_POINT('',(1.27112651749481E-15,-8.0640424249464E-15,0.003));
#12348=CARTESIAN_POINT('',(-0.00307219482714349,0.0184965974964065,0.003));
#12349=CARTESIAN_POINT('',(-0.00279393205481966,0.0185406699898642,0.003));
#12350=CARTESIAN_POINT('',(-0.00284668394770759,0.0188907341353714,0.0015));
#12351=CARTESIAN_POINT('',(-0.0031302005657486,0.0188458295145004,0.0015));
#12352=CARTESIAN_POINT('',(-0.00541559732602328,0.0182573967645045,0.003));
#12353=CARTESIAN_POINT('',(-0.00541559732602328,0.0182573967645045,0.));
#12354=CARTESIAN_POINT('',(-0.00547636341797054,0.0187363444293589,0.00299999999999999));
#12355=CARTESIAN_POINT('',(-0.00547636341797054,0.0187363444293589,-1.25767452008319E-17));
#12356=CARTESIAN_POINT('',(-0.00544164244833056,0.0195058073309782,0.003));
#12357=CARTESIAN_POINT('',(-0.00544164244833056,0.0195058073309782,-4.33680868994202E-19));
#12358=CARTESIAN_POINT('',(-0.0052712781237829,0.0203276567007053,0.003));
#12359=CARTESIAN_POINT('',(-0.0052712781237829,0.0203276567007053,-4.33680868994202E-19));
#12360=CARTESIAN_POINT('',(-0.00541559732132685,0.0182573967274881,0.003));
#12361=CARTESIAN_POINT('',(-0.00635011829198372,0.0179537524961214,0.003));
#12362=CARTESIAN_POINT('',(-0.00635011829198372,0.0179537524961214,0.));
#12363=CARTESIAN_POINT('',(-0.00658247586493808,0.018376946709091,0.003));
#12364=CARTESIAN_POINT('',(-0.00658247586493808,0.018376946709091,0.));
#12365=CARTESIAN_POINT('',(-0.0070628446651961,0.0189790467991429,0.003));
#12366=CARTESIAN_POINT('',(-0.0070628446651961,0.0189790467991429,0.));
#12367=CARTESIAN_POINT('',(-0.00768374323812158,0.0195437992685819,0.003));
#12368=CARTESIAN_POINT('',(-0.00768374323812158,0.0195437992685819,0.));
#12369=CARTESIAN_POINT('',(-0.00635011827402551,0.017953752463414,0.));
#12370=CARTESIAN_POINT('',(2.51697100355914E-15,-7.76591268442135E-15,0.003));
#12371=CARTESIAN_POINT('',(-0.00592787634522114,0.0177882765335984,0.003));
#12372=CARTESIAN_POINT('',(-0.00565993390631226,0.0178753363094566,0.003));
#12373=CARTESIAN_POINT('',(-0.00576679843319418,0.0182128383702907,0.0015));
#12374=CARTESIAN_POINT('',(-0.00603979986085446,0.0181241348293442,0.0015));
#12375=CARTESIAN_POINT('',(-0.0131140172309244,0.0138088298954396,0.003));
#12376=CARTESIAN_POINT('',(-0.0131140172309244,0.0138088298954396,0.));
#12377=CARTESIAN_POINT('',(-0.0133855979050154,0.0142079881611195,0.003));
#12378=CARTESIAN_POINT('',(-0.0133855979050154,0.0142079881611195,0.));
#12379=CARTESIAN_POINT('',(-0.0137039901417772,0.014909347616942,0.003));
#12380=CARTESIAN_POINT('',(-0.0137039901417772,0.014909347616942,0.));
#12381=CARTESIAN_POINT('',(-0.0139253062231891,0.0157189645521074,0.003));
#12382=CARTESIAN_POINT('',(-0.0139253062231891,0.0157189645521074,0.));
#12383=CARTESIAN_POINT('',(-0.0131140172099348,0.0138088298645899,0.003));
#12384=CARTESIAN_POINT('',(-0.0138088298954397,0.0131140172309244,0.003));
#12385=CARTESIAN_POINT('',(-0.0138088298954397,0.0131140172309244,0.));
#12386=CARTESIAN_POINT('',(-0.0142079881611196,0.0133855979050154,0.003));
#12387=CARTESIAN_POINT('',(-0.0142079881611196,0.0133855979050154,0.));
#12388=CARTESIAN_POINT('',(-0.0149093476169421,0.0137039901417772,0.003));
#12389=CARTESIAN_POINT('',(-0.0149093476169421,0.0137039901417772,0.));
#12390=CARTESIAN_POINT('',(-0.0157189645521074,0.0139253062231891,0.003));
#12391=CARTESIAN_POINT('',(-0.0157189645521074,0.0139253062231891,0.));
#12392=CARTESIAN_POINT('',(-0.0138088298645899,0.0131140172099348,0.));
#12393=CARTESIAN_POINT('',(5.76828816589827E-15,-5.77679794436086E-15,0.003));
#12394=CARTESIAN_POINT('',(-0.0133574850511675,0.0131582709011418,0.003));
#12395=CARTESIAN_POINT('',(-0.0131582709011418,0.0133574850511675,0.003));
#12396=CARTESIAN_POINT('',(-0.0134067106210591,0.0136096861093342,0.0015));
#12397=CARTESIAN_POINT('',(-0.0136096861093342,0.0134067106210592,0.0015));
#12398=CARTESIAN_POINT('',(-0.0151127388348724,0.0115873360149393,0.003));
#12399=CARTESIAN_POINT('',(-0.0151127388348724,0.0115873360149393,-8.67361737988404E-19));
#12400=CARTESIAN_POINT('',(-0.0154434180099611,0.0119390954025369,0.00300000000000001));
#12401=CARTESIAN_POINT('',(-0.0154434180099611,0.0119390954025369,1.17093834628434E-17));
#12402=CARTESIAN_POINT('',(-0.0158676071012187,0.0125820124403875,0.003));
#12403=CARTESIAN_POINT('',(-0.0158676071012187,0.0125820124403875,-4.33680868994202E-19));
#12404=CARTESIAN_POINT('',(-0.0162128504065561,0.0133470401847988,0.003));
#12405=CARTESIAN_POINT('',(-0.0162128504065561,0.0133470401847988,-4.33680868994202E-19));
#12406=CARTESIAN_POINT('',(-0.0151127388093152,0.0115873359877529,0.003));
#12407=CARTESIAN_POINT('',(-0.0156903045550354,0.0107923849998232,0.003));
#12408=CARTESIAN_POINT('',(-0.0156903045550354,0.0107923849998232,0.));
#12409=CARTESIAN_POINT('',(-0.0161270330975661,0.0109981799553956,0.00299999999999999));
#12410=CARTESIAN_POINT('',(-0.0161270330975661,0.0109981799553956,-1.25767452008319E-17));
#12411=CARTESIAN_POINT('',(-0.0168695651738788,0.0112029354641089,0.003));
#12412=CARTESIAN_POINT('',(-0.0168695651738788,0.0112029354641089,-4.33680868994202E-19));
#12413=CARTESIAN_POINT('',(-0.0177038358438908,0.0112948747851655,0.003));
#12414=CARTESIAN_POINT('',(-0.0177038358438908,0.0112948747851655,-4.33680868994202E-19));
#12415=CARTESIAN_POINT('',(-0.015690304521282,0.0107923849839179,0.));
#12416=CARTESIAN_POINT('',(6.60096126272223E-15,-4.80331690218899E-15,0.003));
#12417=CARTESIAN_POINT('',(-0.0152514393139866,0.0109066997231878,0.003));
#12418=CARTESIAN_POINT('',(-0.0150858417797124,0.0111346251754374,0.003));
#12419=CARTESIAN_POINT('',(-0.0153706757320322,0.0113448566853944,0.0015));
#12420=CARTESIAN_POINT('',(-0.0155393998933036,0.011112627800274,0.0015));
#12421=CARTESIAN_POINT('',(-0.0107923849998231,0.0156903045550354,0.003));
#12422=CARTESIAN_POINT('',(-0.0107923849998231,0.0156903045550354,1.30104260698261E-18));
#12423=CARTESIAN_POINT('',(-0.0109981799553957,0.0161270330975661,0.00300000000000001));
#12424=CARTESIAN_POINT('',(-0.0109981799553957,0.0161270330975661,1.34441069388203E-17));
#12425=CARTESIAN_POINT('',(-0.0112029354641089,0.0168695651738788,0.003));
#12426=CARTESIAN_POINT('',(-0.0112029354641089,0.0168695651738788,1.73472347597681E-18));
#12427=CARTESIAN_POINT('',(-0.0112948747851655,0.0177038358438908,0.003));
#12428=CARTESIAN_POINT('',(-0.0112948747851655,0.0177038358438908,1.73472347597681E-18));
#12429=CARTESIAN_POINT('',(-0.0107923849839178,0.0156903045212819,0.003));
#12430=CARTESIAN_POINT('',(-0.0115873360149393,0.0151127388348725,0.003));
#12431=CARTESIAN_POINT('',(-0.0115873360149393,0.0151127388348725,0.));
#12432=CARTESIAN_POINT('',(-0.0119390954025368,0.015443418009961,0.003));
#12433=CARTESIAN_POINT('',(-0.0119390954025368,0.015443418009961,0.));
#12434=CARTESIAN_POINT('',(-0.0125820124403876,0.0158676071012187,0.003));
#12435=CARTESIAN_POINT('',(-0.0125820124403876,0.0158676071012187,0.));
#12436=CARTESIAN_POINT('',(-0.0133470401847988,0.0162128504065561,0.003));
#12437=CARTESIAN_POINT('',(-0.0133470401847988,0.0162128504065561,0.));
#12438=CARTESIAN_POINT('',(-0.0115873359877529,0.0151127388093153,0.));
#12439=CARTESIAN_POINT('',(4.79358067057904E-15,-6.60803504904938E-15,0.003));
#12440=CARTESIAN_POINT('',(-0.0111346251754375,0.0150858417797124,0.003));
#12441=CARTESIAN_POINT('',(-0.0109066997231878,0.0152514393139866,0.003));
#12442=CARTESIAN_POINT('',(-0.0111126278002739,0.0155393998933035,0.0015));
#12443=CARTESIAN_POINT('',(-0.0113448566853944,0.0153706757320323,0.0015));
#12444=CARTESIAN_POINT('',(-0.00820500843215391,0.0171854318433507,0.003));
#12445=CARTESIAN_POINT('',(-0.00820500843215391,0.0171854318433507,4.33680868994202E-19));
#12446=CARTESIAN_POINT('',(-0.00833995031440754,0.0176489769565967,0.003));
#12447=CARTESIAN_POINT('',(-0.00833995031440754,0.0176489769565967,4.33680868994202E-19));
#12448=CARTESIAN_POINT('',(-0.00842602733490323,0.0184143980493577,0.003));
#12449=CARTESIAN_POINT('',(-0.00842602733490323,0.0184143980493577,4.33680868994202E-19));
#12450=CARTESIAN_POINT('',(-0.00838632604439087,0.019252779941535,0.003));
#12451=CARTESIAN_POINT('',(-0.00838632604439087,0.019252779941535,4.33680868994202E-19));
#12452=CARTESIAN_POINT('',(-0.00820500842172465,0.0171854318075248,0.003));
#12453=CARTESIAN_POINT('',(-0.00908052346558771,0.0167393346524013,0.003));
#12454=CARTESIAN_POINT('',(-0.00908052346558771,0.0167393346524013,0.));
#12455=CARTESIAN_POINT('',(-0.00937622249155777,0.0171209699097357,0.003));
#12456=CARTESIAN_POINT('',(-0.00937622249155777,0.0171209699097357,0.));
#12457=CARTESIAN_POINT('',(-0.00994486636024603,0.01764051091226,0.003));
#12458=CARTESIAN_POINT('',(-0.00994486636024603,0.01764051091226,0.));
#12459=CARTESIAN_POINT('',(-0.0106464673918537,0.0181011804055481,0.003));
#12460=CARTESIAN_POINT('',(-0.0106464673918537,0.0181011804055481,0.));
#12461=CARTESIAN_POINT('',(-0.00908052344273401,0.0167393346229058,0.));
#12462=CARTESIAN_POINT('',(3.700839310168E-15,-7.27656040001931E-15,0.003));
#12463=CARTESIAN_POINT('',(-0.0086375938741858,0.016641949166628,0.003));
#12464=CARTESIAN_POINT('',(-0.00838656940078777,0.0167698525242701,0.003));
#12465=CARTESIAN_POINT('',(-0.00854491520234881,0.0170864820795883,0.0015));
#12466=CARTESIAN_POINT('',(-0.00880067923843956,0.0169561637941347,0.0015));
#12467=CARTESIAN_POINT('',(0.00541559732602328,-0.0182573967645045,0.003));
#12468=CARTESIAN_POINT('',(0.00541559732602328,-0.0182573967645045,0.));
#12469=CARTESIAN_POINT('',(0.00547636341797054,-0.0187363444293589,0.00299999999999999));
#12470=CARTESIAN_POINT('',(0.00547636341797054,-0.0187363444293589,-1.25767452008319E-17));
#12471=CARTESIAN_POINT('',(0.00544164244833071,-0.0195058073309782,0.003));
#12472=CARTESIAN_POINT('',(0.00544164244833071,-0.0195058073309782,0.));
#12473=CARTESIAN_POINT('',(0.00527127812378289,-0.0203276567007053,0.003));
#12474=CARTESIAN_POINT('',(0.00527127812378289,-0.0203276567007053,0.));
#12475=CARTESIAN_POINT('',(0.00541559732132685,-0.0182573967274881,0.003));
#12476=CARTESIAN_POINT('',(0.00635011829198371,-0.0179537524961214,0.003));
#12477=CARTESIAN_POINT('',(0.00635011829198371,-0.0179537524961214,4.33680868994202E-19));
#12478=CARTESIAN_POINT('',(0.00658247586493802,-0.018376946709091,0.003));
#12479=CARTESIAN_POINT('',(0.00658247586493802,-0.018376946709091,0.));
#12480=CARTESIAN_POINT('',(0.00706284466519596,-0.0189790467991429,0.003));
#12481=CARTESIAN_POINT('',(0.00706284466519596,-0.0189790467991429,8.67361737988404E-19));
#12482=CARTESIAN_POINT('',(0.00768374323812158,-0.0195437992685819,0.003));
#12483=CARTESIAN_POINT('',(0.00768374323812158,-0.0195437992685819,4.33680868994202E-19));
#12484=CARTESIAN_POINT('',(0.00635011827402551,-0.017953752463414,0.));
#12485=CARTESIAN_POINT('',(-2.51697100355914E-15,7.76591268442135E-15,0.003));
#12486=CARTESIAN_POINT('',(0.00592787634522114,-0.0177882765335984,0.003));
#12487=CARTESIAN_POINT('',(0.00565993390631226,-0.0178753363094566,0.003));
#12488=CARTESIAN_POINT('',(0.00576679843319418,-0.0182128383702907,0.0015));
#12489=CARTESIAN_POINT('',(0.00603979986085445,-0.0181241348293442,0.0015));
#12490=CARTESIAN_POINT('',(0.00249283624038889,-0.0188798039844903,0.003));
#12491=CARTESIAN_POINT('',(0.00249283624038889,-0.0188798039844903,4.33680868994202E-19));
#12492=CARTESIAN_POINT('',(0.00247793027917497,-0.0193623609199088,0.003));
#12493=CARTESIAN_POINT('',(0.00247793027917497,-0.0193623609199088,4.33680868994202E-19));
#12494=CARTESIAN_POINT('',(0.00232326626490424,-0.0201169189000469,0.003));
#12495=CARTESIAN_POINT('',(0.00232326626490424,-0.0201169189000469,8.67361737988404E-19));
#12496=CARTESIAN_POINT('',(0.00202643384139829,-0.0209019990882795,0.003));
#12497=CARTESIAN_POINT('',(0.00202643384139829,-0.0209019990882795,8.67361737988404E-19));
#12498=CARTESIAN_POINT('',(0.00249283624154093,-0.0188798039471949,0.003));
#12499=CARTESIAN_POINT('',(0.00346335213119678,-0.0187260893682986,0.003));
#12500=CARTESIAN_POINT('',(0.00346335213119678,-0.0187260893682986,-3.46944695195361E-18));
#12501=CARTESIAN_POINT('',(0.00362664683653876,-0.0191804220908794,0.003));
#12502=CARTESIAN_POINT('',(0.00362664683653876,-0.0191804220908794,-3.46944695195361E-18));
#12503=CARTESIAN_POINT('',(0.00400691229425134,-0.0198502555659843,0.003));
#12504=CARTESIAN_POINT('',(0.00400691229425134,-0.0198502555659843,-3.46944695195361E-18));
#12505=CARTESIAN_POINT('',(0.00453181982498515,-0.0205051849314722,0.003));
#12506=CARTESIAN_POINT('',(0.00453181982498515,-0.0205051849314722,-3.46944695195361E-18));
#12507=CARTESIAN_POINT('',(0.00346335211857621,-0.0187260893331846,0.));
#12508=CARTESIAN_POINT('',(-1.2711265174948E-15,8.0640424249464E-15,0.003));
#12509=CARTESIAN_POINT('',(0.00307219482714348,-0.0184965974964065,0.003));
#12510=CARTESIAN_POINT('',(0.00279393205481966,-0.0185406699898642,0.003));
#12511=CARTESIAN_POINT('',(0.00284668394770759,-0.0188907341353714,0.0015));
#12512=CARTESIAN_POINT('',(0.0031302005657486,-0.0188458295145004,0.0015));
#12513=CARTESIAN_POINT('',(-0.000491306746733025,-0.0190373277719008,0.003));
#12514=CARTESIAN_POINT('',(-0.000491306746733025,-0.0190373277719008,0.));
#12515=CARTESIAN_POINT('',(-0.000581517726873042,-0.0195116118246186,0.003));
#12516=CARTESIAN_POINT('',(-0.000581517726873042,-0.0195116118246186,0.));
#12517=CARTESIAN_POINT('',(-0.000852316444442666,-0.020232685161571,0.003));
#12518=CARTESIAN_POINT('',(-0.000852316444442666,-0.020232685161571,0.));
#12519=CARTESIAN_POINT('',(-0.00126830796750989,-0.0209616648885424,0.003));
#12520=CARTESIAN_POINT('',(-0.00126830796750989,-0.0209616648885424,0.));
#12521=CARTESIAN_POINT('',(-0.000491306739760887,-0.0190373277352448,0.003));
#12522=CARTESIAN_POINT('',(0.000491306746733028,-0.0190373277719008,0.003));
#12523=CARTESIAN_POINT('',(0.000491306746733028,-0.0190373277719008,0.));
#12524=CARTESIAN_POINT('',(0.000581517726873058,-0.0195116118246186,0.00300000000000001));
#12525=CARTESIAN_POINT('',(0.000581517726873058,-0.0195116118246186,1.21430643318376E-17));
#12526=CARTESIAN_POINT('',(0.000852316444442705,-0.020232685161571,0.003));
#12527=CARTESIAN_POINT('',(0.000852316444442705,-0.020232685161571,0.));
#12528=CARTESIAN_POINT('',(0.00126830796750988,-0.0209616648885424,0.003));
#12529=CARTESIAN_POINT('',(0.00126830796750988,-0.0209616648885424,0.));
#12530=CARTESIAN_POINT('',(0.000491306739760889,-0.0190373277352449,0.));
#12531=CARTESIAN_POINT('',(6.01732205729605E-18,8.16360867794685E-15,0.003));
#12532=CARTESIAN_POINT('',(0.000140865676391479,-0.0187494708421655,0.003));
#12533=CARTESIAN_POINT('',(-0.000140865676391478,-0.0187494708421655,0.003));
#12534=CARTESIAN_POINT('',(-0.000143525344173938,-0.0191034773312872,0.0015));
#12535=CARTESIAN_POINT('',(0.000143525344173938,-0.0191034773312873,0.0015));
#12536=CARTESIAN_POINT('',(-0.00346335213119677,-0.0187260893682986,0.003));
#12537=CARTESIAN_POINT('',(-0.00346335213119677,-0.0187260893682986,4.33680868994202E-19));
#12538=CARTESIAN_POINT('',(-0.00362664683653872,-0.0191804220908793,0.003));
#12539=CARTESIAN_POINT('',(-0.00362664683653872,-0.0191804220908793,4.33680868994202E-19));
#12540=CARTESIAN_POINT('',(-0.00400691229425134,-0.0198502555659843,0.003));
#12541=CARTESIAN_POINT('',(-0.00400691229425134,-0.0198502555659843,4.33680868994202E-19));
#12542=CARTESIAN_POINT('',(-0.00453181982498516,-0.0205051849314722,0.003));
#12543=CARTESIAN_POINT('',(-0.00453181982498516,-0.0205051849314722,0.));
#12544=CARTESIAN_POINT('',(-0.0034633521185762,-0.0187260893331846,0.003));
#12545=CARTESIAN_POINT('',(-0.0024928362403889,-0.0188798039844903,0.003));
#12546=CARTESIAN_POINT('',(-0.0024928362403889,-0.0188798039844903,0.));
#12547=CARTESIAN_POINT('',(-0.00247793027917497,-0.0193623609199088,0.003));
#12548=CARTESIAN_POINT('',(-0.00247793027917497,-0.0193623609199088,0.));
#12549=CARTESIAN_POINT('',(-0.00232326626490424,-0.020116918900047,0.003));
#12550=CARTESIAN_POINT('',(-0.00232326626490424,-0.020116918900047,0.));
#12551=CARTESIAN_POINT('',(-0.00202643384139829,-0.0209019990882795,0.003));
#12552=CARTESIAN_POINT('',(-0.00202643384139829,-0.0209019990882795,0.));
#12553=CARTESIAN_POINT('',(-0.00249283624154093,-0.0188798039471949,0.));
#12554=CARTESIAN_POINT('',(1.28301299517E-15,8.06215979183239E-15,0.003));
#12555=CARTESIAN_POINT('',(-0.00279393205481966,-0.0185406699898642,0.003));
#12556=CARTESIAN_POINT('',(-0.00307219482714348,-0.0184965974964065,0.003));
#12557=CARTESIAN_POINT('',(-0.00313020056574859,-0.0188458295145003,0.0015));
#12558=CARTESIAN_POINT('',(-0.0028466839477076,-0.0188907341353715,0.0015));
#12559=CARTESIAN_POINT('',(-0.00635011829198369,-0.0179537524961214,0.003));
#12560=CARTESIAN_POINT('',(-0.00635011829198369,-0.0179537524961214,4.33680868994202E-19));
#12561=CARTESIAN_POINT('',(-0.00658247586493802,-0.0183769467090911,0.00300000000000001));
#12562=CARTESIAN_POINT('',(-0.00658247586493802,-0.0183769467090911,1.25767452008319E-17));
#12563=CARTESIAN_POINT('',(-0.00706284466519608,-0.0189790467991428,0.003));
#12564=CARTESIAN_POINT('',(-0.00706284466519608,-0.0189790467991428,4.33680868994202E-19));
#12565=CARTESIAN_POINT('',(-0.00768374323812158,-0.0195437992685819,0.003));
#12566=CARTESIAN_POINT('',(-0.00768374323812158,-0.0195437992685819,4.33680868994202E-19));
#12567=CARTESIAN_POINT('',(-0.00635011827402549,-0.0179537524634139,0.003));
#12568=CARTESIAN_POINT('',(-0.00541559732602329,-0.0182573967645046,0.003));
#12569=CARTESIAN_POINT('',(-0.00541559732602329,-0.0182573967645046,0.));
#12570=CARTESIAN_POINT('',(-0.00547636341797058,-0.018736344429359,0.003));
#12571=CARTESIAN_POINT('',(-0.00547636341797058,-0.018736344429359,0.));
#12572=CARTESIAN_POINT('',(-0.00544164244833056,-0.0195058073309789,0.003));
#12573=CARTESIAN_POINT('',(-0.00544164244833056,-0.0195058073309789,0.));
#12574=CARTESIAN_POINT('',(-0.0052712781237829,-0.0203276567007052,0.003));
#12575=CARTESIAN_POINT('',(-0.0052712781237829,-0.0203276567007052,0.));
#12576=CARTESIAN_POINT('',(-0.00541559732132687,-0.0182573967274881,0.));
#12577=CARTESIAN_POINT('',(2.52841663026562E-15,7.76219377486869E-15,0.003));
#12578=CARTESIAN_POINT('',(-0.00565993390631226,-0.0178753363094566,0.003));
#12579=CARTESIAN_POINT('',(-0.00592787634522114,-0.0177882765335984,0.003));
#12580=CARTESIAN_POINT('',(-0.00603979986085444,-0.0181241348293441,0.0015));
#12581=CARTESIAN_POINT('',(-0.00576679843319419,-0.0182128383702908,0.0015));
#12582=CARTESIAN_POINT('',(-0.00908052346558768,-0.0167393346524013,0.003));
#12583=CARTESIAN_POINT('',(-0.00908052346558768,-0.0167393346524013,0.));
#12584=CARTESIAN_POINT('',(-0.00937622249155771,-0.0171209699097354,0.003));
#12585=CARTESIAN_POINT('',(-0.00937622249155771,-0.0171209699097354,0.));
#12586=CARTESIAN_POINT('',(-0.00994486636024601,-0.01764051091226,0.003));
#12587=CARTESIAN_POINT('',(-0.00994486636024601,-0.01764051091226,0.));
#12588=CARTESIAN_POINT('',(-0.0106464673918537,-0.0181011804055481,0.003));
#12589=CARTESIAN_POINT('',(-0.0106464673918537,-0.0181011804055481,0.));
#12590=CARTESIAN_POINT('',(-0.00908052344273398,-0.0167393346229058,0.003));
#12591=CARTESIAN_POINT('',(-0.00820500843215393,-0.0171854318433508,0.003));
#12592=CARTESIAN_POINT('',(-0.00820500843215393,-0.0171854318433508,0.));
#12593=CARTESIAN_POINT('',(-0.00833995031440754,-0.0176489769565967,0.003));
#12594=CARTESIAN_POINT('',(-0.00833995031440754,-0.0176489769565967,0.));
#12595=CARTESIAN_POINT('',(-0.00842602733490309,-0.0184143980493585,0.003));
#12596=CARTESIAN_POINT('',(-0.00842602733490309,-0.0184143980493585,0.));
#12597=CARTESIAN_POINT('',(-0.00838632604439088,-0.0192527799415349,0.003));
#12598=CARTESIAN_POINT('',(-0.00838632604439088,-0.0192527799415349,0.));
#12599=CARTESIAN_POINT('',(-0.00820500842172467,-0.0171854318075248,0.));
#12600=CARTESIAN_POINT('',(3.71156225659039E-15,7.27109678592354E-15,0.003));
#12601=CARTESIAN_POINT('',(-0.00838656940078777,-0.0167698525242701,0.003));
#12602=CARTESIAN_POINT('',(-0.0086375938741858,-0.016641949166628,0.003));
#12603=CARTESIAN_POINT('',(-0.00880067923843953,-0.0169561637941347,0.0015));
#12604=CARTESIAN_POINT('',(-0.00854491520234884,-0.0170864820795883,0.0015));
#12605=CARTESIAN_POINT('',(-0.0138088298954396,-0.0131140172309244,0.003));
#12606=CARTESIAN_POINT('',(-0.0138088298954396,-0.0131140172309244,0.));
#12607=CARTESIAN_POINT('',(-0.0142079881611195,-0.0133855979050154,0.003));
#12608=CARTESIAN_POINT('',(-0.0142079881611195,-0.0133855979050154,0.));
#12609=CARTESIAN_POINT('',(-0.014909347616942,-0.0137039901417772,0.003));
#12610=CARTESIAN_POINT('',(-0.014909347616942,-0.0137039901417772,0.));
#12611=CARTESIAN_POINT('',(-0.0157189645521074,-0.0139253062231891,0.003));
#12612=CARTESIAN_POINT('',(-0.0157189645521074,-0.0139253062231891,0.));
#12613=CARTESIAN_POINT('',(-0.0138088298645899,-0.0131140172099348,0.003));
#12614=CARTESIAN_POINT('',(-0.0131140172309244,-0.0138088298954397,0.003));
#12615=CARTESIAN_POINT('',(-0.0131140172309244,-0.0138088298954397,0.));
#12616=CARTESIAN_POINT('',(-0.0133855979050154,-0.0142079881611196,0.003));
#12617=CARTESIAN_POINT('',(-0.0133855979050154,-0.0142079881611196,0.));
#12618=CARTESIAN_POINT('',(-0.0137039901417772,-0.0149093476169421,0.003));
#12619=CARTESIAN_POINT('',(-0.0137039901417772,-0.0149093476169421,0.));
#12620=CARTESIAN_POINT('',(-0.0139253062231891,-0.0157189645521074,0.003));
#12621=CARTESIAN_POINT('',(-0.0139253062231891,-0.0157189645521074,0.));
#12622=CARTESIAN_POINT('',(-0.0131140172099348,-0.0138088298645899,0.));
#12623=CARTESIAN_POINT('',(5.77679794436086E-15,5.76828816589827E-15,0.003));
#12624=CARTESIAN_POINT('',(-0.0131582709011418,-0.0133574850511675,0.003));
#12625=CARTESIAN_POINT('',(-0.0133574850511675,-0.0131582709011418,0.003));
#12626=CARTESIAN_POINT('',(-0.0136096861093342,-0.0134067106210591,0.0015));
#12627=CARTESIAN_POINT('',(-0.0134067106210592,-0.0136096861093342,0.0015));
#12628=CARTESIAN_POINT('',(-0.0115873360149393,-0.0151127388348724,0.003));
#12629=CARTESIAN_POINT('',(-0.0115873360149393,-0.0151127388348724,-8.67361737988404E-19));
#12630=CARTESIAN_POINT('',(-0.0119390954025369,-0.0154434180099611,0.00300000000000001));
#12631=CARTESIAN_POINT('',(-0.0119390954025369,-0.0154434180099611,1.17093834628434E-17));
#12632=CARTESIAN_POINT('',(-0.0125820124403875,-0.0158676071012187,0.003));
#12633=CARTESIAN_POINT('',(-0.0125820124403875,-0.0158676071012187,-4.33680868994202E-19));
#12634=CARTESIAN_POINT('',(-0.0133470401847988,-0.0162128504065561,0.003));
#12635=CARTESIAN_POINT('',(-0.0133470401847988,-0.0162128504065561,-4.33680868994202E-19));
#12636=CARTESIAN_POINT('',(-0.0115873359877529,-0.0151127388093152,0.003));
#12637=CARTESIAN_POINT('',(-0.0107923849998232,-0.0156903045550354,0.003));
#12638=CARTESIAN_POINT('',(-0.0107923849998232,-0.0156903045550354,0.));
#12639=CARTESIAN_POINT('',(-0.0109981799553956,-0.0161270330975661,0.00299999999999999));
#12640=CARTESIAN_POINT('',(-0.0109981799553956,-0.0161270330975661,-1.25767452008319E-17));
#12641=CARTESIAN_POINT('',(-0.0112029354641089,-0.0168695651738788,0.003));
#12642=CARTESIAN_POINT('',(-0.0112029354641089,-0.0168695651738788,-4.33680868994202E-19));
#12643=CARTESIAN_POINT('',(-0.0112948747851655,-0.0177038358438908,0.003));
#12644=CARTESIAN_POINT('',(-0.0112948747851655,-0.0177038358438908,-4.33680868994202E-19));
#12645=CARTESIAN_POINT('',(-0.0107923849839179,-0.015690304521282,0.));
#12646=CARTESIAN_POINT('',(4.80331690218899E-15,6.60096126272223E-15,0.003));
#12647=CARTESIAN_POINT('',(-0.0109066997231878,-0.0152514393139866,0.003));
#12648=CARTESIAN_POINT('',(-0.0111346251754374,-0.0150858417797124,0.003));
#12649=CARTESIAN_POINT('',(-0.0113448566853944,-0.0153706757320322,0.0015));
#12650=CARTESIAN_POINT('',(-0.011112627800274,-0.0155393998933036,0.0015));
#12651=CARTESIAN_POINT('',(-0.0156903045550354,-0.0107923849998231,0.003));
#12652=CARTESIAN_POINT('',(-0.0156903045550354,-0.0107923849998231,4.33680868994202E-19));
#12653=CARTESIAN_POINT('',(-0.0161270330975661,-0.0109981799553957,0.00300000000000001));
#12654=CARTESIAN_POINT('',(-0.0161270330975661,-0.0109981799553957,1.25767452008319E-17));
#12655=CARTESIAN_POINT('',(-0.0168695651738788,-0.0112029354641089,0.003));
#12656=CARTESIAN_POINT('',(-0.0168695651738788,-0.0112029354641089,8.67361737988404E-19));
#12657=CARTESIAN_POINT('',(-0.0177038358438908,-0.0112948747851655,0.003));
#12658=CARTESIAN_POINT('',(-0.0177038358438908,-0.0112948747851655,8.67361737988404E-19));
#12659=CARTESIAN_POINT('',(-0.0156903045212819,-0.0107923849839178,0.003));
#12660=CARTESIAN_POINT('',(-0.0151127388348725,-0.0115873360149393,0.003));
#12661=CARTESIAN_POINT('',(-0.0151127388348725,-0.0115873360149393,3.90312782094782E-18));
#12662=CARTESIAN_POINT('',(-0.015443418009961,-0.0119390954025368,0.003));
#12663=CARTESIAN_POINT('',(-0.015443418009961,-0.0119390954025368,3.46944695195361E-18));
#12664=CARTESIAN_POINT('',(-0.0158676071012187,-0.0125820124403876,0.003));
#12665=CARTESIAN_POINT('',(-0.0158676071012187,-0.0125820124403876,4.33680868994202E-18));
#12666=CARTESIAN_POINT('',(-0.0162128504065561,-0.0133470401847988,0.003));
#12667=CARTESIAN_POINT('',(-0.0162128504065561,-0.0133470401847988,3.90312782094782E-18));
#12668=CARTESIAN_POINT('',(-0.0151127388093153,-0.0115873359877529,0.));
#12669=CARTESIAN_POINT('',(6.60803504904938E-15,4.79358067057904E-15,0.003));
#12670=CARTESIAN_POINT('',(-0.0150858417797124,-0.0111346251754375,0.003));
#12671=CARTESIAN_POINT('',(-0.0152514393139866,-0.0109066997231878,0.003));
#12672=CARTESIAN_POINT('',(-0.0155393998933035,-0.0111126278002739,0.0015));
#12673=CARTESIAN_POINT('',(-0.0153706757320323,-0.0113448566853944,0.0015));
#12674=CARTESIAN_POINT('',(-0.0171854318433507,-0.00820500843215391,0.003));
#12675=CARTESIAN_POINT('',(-0.0171854318433507,-0.00820500843215391,4.33680868994202E-19));
#12676=CARTESIAN_POINT('',(-0.0176489769565967,-0.00833995031440754,0.003));
#12677=CARTESIAN_POINT('',(-0.0176489769565967,-0.00833995031440754,4.33680868994202E-19));
#12678=CARTESIAN_POINT('',(-0.0184143980493577,-0.00842602733490323,0.003));
#12679=CARTESIAN_POINT('',(-0.0184143980493577,-0.00842602733490323,4.33680868994202E-19));
#12680=CARTESIAN_POINT('',(-0.019252779941535,-0.00838632604439087,0.003));
#12681=CARTESIAN_POINT('',(-0.019252779941535,-0.00838632604439087,4.33680868994202E-19));
#12682=CARTESIAN_POINT('',(-0.0171854318075248,-0.00820500842172465,0.003));
#12683=CARTESIAN_POINT('',(-0.0167393346524013,-0.00908052346558771,0.003));
#12684=CARTESIAN_POINT('',(-0.0167393346524013,-0.00908052346558771,0.));
#12685=CARTESIAN_POINT('',(-0.0171209699097357,-0.00937622249155777,0.003));
#12686=CARTESIAN_POINT('',(-0.0171209699097357,-0.00937622249155777,0.));
#12687=CARTESIAN_POINT('',(-0.01764051091226,-0.00994486636024603,0.003));
#12688=CARTESIAN_POINT('',(-0.01764051091226,-0.00994486636024603,0.));
#12689=CARTESIAN_POINT('',(-0.0181011804055481,-0.0106464673918537,0.003));
#12690=CARTESIAN_POINT('',(-0.0181011804055481,-0.0106464673918537,0.));
#12691=CARTESIAN_POINT('',(-0.0167393346229058,-0.00908052344273401,0.));
#12692=CARTESIAN_POINT('',(7.27656040001931E-15,3.700839310168E-15,0.003));
#12693=CARTESIAN_POINT('',(-0.016641949166628,-0.0086375938741858,0.003));
#12694=CARTESIAN_POINT('',(-0.0167698525242701,-0.00838656940078777,0.003));
#12695=CARTESIAN_POINT('',(-0.0170864820795883,-0.00854491520234881,0.0015));
#12696=CARTESIAN_POINT('',(-0.0169561637941347,-0.00880067923843956,0.0015));
#12697=CARTESIAN_POINT('',(-0.0182573967645045,-0.00541559732602328,0.003));
#12698=CARTESIAN_POINT('',(-0.0182573967645045,-0.00541559732602328,0.));
#12699=CARTESIAN_POINT('',(-0.0187363444293589,-0.00547636341797054,0.00299999999999999));
#12700=CARTESIAN_POINT('',(-0.0187363444293589,-0.00547636341797054,-1.25767452008319E-17));
#12701=CARTESIAN_POINT('',(-0.0195058073309782,-0.00544164244833056,0.003));
#12702=CARTESIAN_POINT('',(-0.0195058073309782,-0.00544164244833056,-4.33680868994202E-19));
#12703=CARTESIAN_POINT('',(-0.0203276567007053,-0.0052712781237829,0.003));
#12704=CARTESIAN_POINT('',(-0.0203276567007053,-0.0052712781237829,-4.33680868994202E-19));
#12705=CARTESIAN_POINT('',(-0.0182573967274881,-0.00541559732132685,0.003));
#12706=CARTESIAN_POINT('',(-0.0179537524961214,-0.00635011829198372,0.003));
#12707=CARTESIAN_POINT('',(-0.0179537524961214,-0.00635011829198372,0.));
#12708=CARTESIAN_POINT('',(-0.018376946709091,-0.00658247586493808,0.003));
#12709=CARTESIAN_POINT('',(-0.018376946709091,-0.00658247586493808,0.));
#12710=CARTESIAN_POINT('',(-0.0189790467991429,-0.00706284466519596,0.003));
#12711=CARTESIAN_POINT('',(-0.0189790467991429,-0.00706284466519596,0.));
#12712=CARTESIAN_POINT('',(-0.0195437992685819,-0.00768374323812158,0.003));
#12713=CARTESIAN_POINT('',(-0.0195437992685819,-0.00768374323812158,0.));
#12714=CARTESIAN_POINT('',(-0.017953752463414,-0.00635011827402551,0.));
#12715=CARTESIAN_POINT('',(7.76591268442135E-15,2.51697100355914E-15,0.003));
#12716=CARTESIAN_POINT('',(-0.0177882765335984,-0.00592787634522114,0.003));
#12717=CARTESIAN_POINT('',(-0.0178753363094566,-0.00565993390631226,0.003));
#12718=CARTESIAN_POINT('',(-0.0182128383702907,-0.00576679843319418,0.0015));
#12719=CARTESIAN_POINT('',(-0.0181241348293442,-0.00603979986085445,0.0015));
#12720=CARTESIAN_POINT('',(-0.0188798039844903,-0.0024928362403889,0.003));
#12721=CARTESIAN_POINT('',(-0.0188798039844903,-0.0024928362403889,0.));
#12722=CARTESIAN_POINT('',(-0.0193623609199088,-0.00247793027917494,0.003));
#12723=CARTESIAN_POINT('',(-0.0193623609199088,-0.00247793027917494,0.));
#12724=CARTESIAN_POINT('',(-0.0201169189000469,-0.00232326626490424,0.003));
#12725=CARTESIAN_POINT('',(-0.0201169189000469,-0.00232326626490424,0.));
#12726=CARTESIAN_POINT('',(-0.0209019990882795,-0.00202643384139829,0.003));
#12727=CARTESIAN_POINT('',(-0.0209019990882795,-0.00202643384139829,0.));
#12728=CARTESIAN_POINT('',(-0.0188798039471949,-0.00249283624154093,0.003));
#12729=CARTESIAN_POINT('',(-0.0187260893682986,-0.00346335213119678,0.003));
#12730=CARTESIAN_POINT('',(-0.0187260893682986,-0.00346335213119678,-3.46944695195361E-18));
#12731=CARTESIAN_POINT('',(-0.0191804220908794,-0.00362664683653876,0.003));
#12732=CARTESIAN_POINT('',(-0.0191804220908794,-0.00362664683653876,-3.46944695195361E-18));
#12733=CARTESIAN_POINT('',(-0.0198502555659843,-0.00400691229425142,0.003));
#12734=CARTESIAN_POINT('',(-0.0198502555659843,-0.00400691229425142,-3.46944695195361E-18));
#12735=CARTESIAN_POINT('',(-0.0205051849314722,-0.00453181982498515,0.003));
#12736=CARTESIAN_POINT('',(-0.0205051849314722,-0.00453181982498515,-3.46944695195361E-18));
#12737=CARTESIAN_POINT('',(-0.0187260893331846,-0.00346335211857622,0.));
#12738=CARTESIAN_POINT('',(8.0640424249464E-15,1.27112651749481E-15,0.003));
#12739=CARTESIAN_POINT('',(-0.0184965974964065,-0.00307219482714348,0.003));
#12740=CARTESIAN_POINT('',(-0.0185406699898642,-0.00279393205481966,0.003));
#12741=CARTESIAN_POINT('',(-0.0188907341353714,-0.00284668394770759,0.0015));
#12742=CARTESIAN_POINT('',(-0.0188458295145004,-0.0031302005657486,0.0015));
#12743=CARTESIAN_POINT('',(-0.0190373277719008,0.000491306746733023,0.003));
#12744=CARTESIAN_POINT('',(-0.0190373277719008,0.000491306746733023,0.));
#12745=CARTESIAN_POINT('',(-0.0195116118246187,0.000581517726873037,0.003));
#12746=CARTESIAN_POINT('',(-0.0195116118246187,0.000581517726873037,0.));
#12747=CARTESIAN_POINT('',(-0.020232685161571,0.000852316444442692,0.003));
#12748=CARTESIAN_POINT('',(-0.020232685161571,0.000852316444442692,0.));
#12749=CARTESIAN_POINT('',(-0.0209616648885424,0.00126830796750989,0.003));
#12750=CARTESIAN_POINT('',(-0.0209616648885424,0.00126830796750989,0.));
#12751=CARTESIAN_POINT('',(-0.0190373277352448,0.000491306739760886,0.003));
#12752=CARTESIAN_POINT('',(-0.0190373277719008,-0.000491306746733029,0.003));
#12753=CARTESIAN_POINT('',(-0.0190373277719008,-0.000491306746733029,0.));
#12754=CARTESIAN_POINT('',(-0.0195116118246186,-0.000581517726873059,0.00300000000000001));
#12755=CARTESIAN_POINT('',(-0.0195116118246186,-0.000581517726873059,1.21430643318376E-17));
#12756=CARTESIAN_POINT('',(-0.020232685161571,-0.000852316444442705,0.003));
#12757=CARTESIAN_POINT('',(-0.020232685161571,-0.000852316444442705,0.));
#12758=CARTESIAN_POINT('',(-0.0209616648885424,-0.00126830796750988,0.003));
#12759=CARTESIAN_POINT('',(-0.0209616648885424,-0.00126830796750988,0.));
#12760=CARTESIAN_POINT('',(-0.0190373277352449,-0.00049130673976089,0.));
#12761=CARTESIAN_POINT('',(8.16360867794685E-15,-6.01732205729555E-18,0.003));
#12762=CARTESIAN_POINT('',(-0.0187494708421655,-0.00014086567639148,0.003));
#12763=CARTESIAN_POINT('',(-0.0187494708421655,0.000140865676391477,0.003));
#12764=CARTESIAN_POINT('',(-0.0191034773312872,0.000143525344173937,0.0015));
#12765=CARTESIAN_POINT('',(-0.0191034773312873,-0.00014352534417394,0.0015));
#12766=CARTESIAN_POINT('',(-0.0187260893682986,0.00346335213119677,0.003));
#12767=CARTESIAN_POINT('',(-0.0187260893682986,0.00346335213119677,0.));
#12768=CARTESIAN_POINT('',(-0.0191804220908794,0.00362664683653874,0.00299999999999999));
#12769=CARTESIAN_POINT('',(-0.0191804220908794,0.00362664683653874,-1.25767452008319E-17));
#12770=CARTESIAN_POINT('',(-0.0198502555659843,0.00400691229425134,0.003));
#12771=CARTESIAN_POINT('',(-0.0198502555659843,0.00400691229425134,0.));
#12772=CARTESIAN_POINT('',(-0.0205051849314721,0.00453181982498516,0.003));
#12773=CARTESIAN_POINT('',(-0.0205051849314721,0.00453181982498516,0.));
#12774=CARTESIAN_POINT('',(-0.0187260893331846,0.0034633521185762,0.003));
#12775=CARTESIAN_POINT('',(-0.0188798039844903,0.0024928362403889,0.003));
#12776=CARTESIAN_POINT('',(-0.0188798039844903,0.0024928362403889,0.));
#12777=CARTESIAN_POINT('',(-0.0193623609199088,0.00247793027917494,0.003));
#12778=CARTESIAN_POINT('',(-0.0193623609199088,0.00247793027917494,0.));
#12779=CARTESIAN_POINT('',(-0.020116918900047,0.00232326626490424,0.003));
#12780=CARTESIAN_POINT('',(-0.020116918900047,0.00232326626490424,0.));
#12781=CARTESIAN_POINT('',(-0.0209019990882795,0.00202643384139829,0.003));
#12782=CARTESIAN_POINT('',(-0.0209019990882795,0.00202643384139829,0.));
#12783=CARTESIAN_POINT('',(-0.0188798039471949,0.00249283624154093,0.));
#12784=CARTESIAN_POINT('',(8.06215979183239E-15,-1.28301299517E-15,0.003));
#12785=CARTESIAN_POINT('',(-0.0185406699898642,0.00279393205481966,0.003));
#12786=CARTESIAN_POINT('',(-0.0184965974964065,0.00307219482714348,0.003));
#12787=CARTESIAN_POINT('',(-0.0188458295145003,0.00313020056574859,0.0015));
#12788=CARTESIAN_POINT('',(-0.0188907341353715,0.00284668394770759,0.0015));
#12789=CARTESIAN_POINT('',(-0.0179537524961214,0.00635011829198369,0.003));
#12790=CARTESIAN_POINT('',(-0.0179537524961214,0.00635011829198369,4.33680868994202E-19));
#12791=CARTESIAN_POINT('',(-0.018376946709091,0.006582475864938,0.00299999999999999));
#12792=CARTESIAN_POINT('',(-0.018376946709091,0.006582475864938,-1.21430643318376E-17));
#12793=CARTESIAN_POINT('',(-0.0189790467991428,0.00706284466519608,0.003));
#12794=CARTESIAN_POINT('',(-0.0189790467991428,0.00706284466519608,0.));
#12795=CARTESIAN_POINT('',(-0.0195437992685819,0.00768374323812158,0.003));
#12796=CARTESIAN_POINT('',(-0.0195437992685819,0.00768374323812158,0.));
#12797=CARTESIAN_POINT('',(-0.0179537524634139,0.00635011827402549,0.003));
#12798=CARTESIAN_POINT('',(-0.0182573967645046,0.00541559732602329,0.003));
#12799=CARTESIAN_POINT('',(-0.0182573967645046,0.00541559732602329,0.));
#12800=CARTESIAN_POINT('',(-0.018736344429359,0.00547636341797058,0.003));
#12801=CARTESIAN_POINT('',(-0.018736344429359,0.00547636341797058,0.));
#12802=CARTESIAN_POINT('',(-0.0195058073309789,0.00544164244833056,0.003));
#12803=CARTESIAN_POINT('',(-0.0195058073309789,0.00544164244833056,0.));
#12804=CARTESIAN_POINT('',(-0.0203276567007052,0.0052712781237829,0.003));
#12805=CARTESIAN_POINT('',(-0.0203276567007052,0.0052712781237829,0.));
#12806=CARTESIAN_POINT('',(-0.0182573967274881,0.00541559732132686,0.));
#12807=CARTESIAN_POINT('',(7.76219377486869E-15,-2.52841663026562E-15,0.003));
#12808=CARTESIAN_POINT('',(-0.0178753363094566,0.00565993390631226,0.003));
#12809=CARTESIAN_POINT('',(-0.0177882765335984,0.00592787634522114,0.003));
#12810=CARTESIAN_POINT('',(-0.0181241348293441,0.00603979986085443,0.0015));
#12811=CARTESIAN_POINT('',(-0.0182128383702908,0.00576679843319419,0.0015));
#12812=CARTESIAN_POINT('',(-0.0167393346524013,0.00908052346558768,0.003));
#12813=CARTESIAN_POINT('',(-0.0167393346524013,0.00908052346558768,4.33680868994202E-19));
#12814=CARTESIAN_POINT('',(-0.0171209699097355,0.00937622249155768,0.003));
#12815=CARTESIAN_POINT('',(-0.0171209699097355,0.00937622249155768,0.));
#12816=CARTESIAN_POINT('',(-0.01764051091226,0.00994486636024629,0.003));
#12817=CARTESIAN_POINT('',(-0.01764051091226,0.00994486636024629,4.33680868994202E-19));
#12818=CARTESIAN_POINT('',(-0.0181011804055481,0.0106464673918537,0.003));
#12819=CARTESIAN_POINT('',(-0.0181011804055481,0.0106464673918537,4.33680868994202E-19));
#12820=CARTESIAN_POINT('',(-0.0167393346229058,0.00908052344273398,0.003));
#12821=CARTESIAN_POINT('',(-0.0171854318433508,0.00820500843215393,0.003));
#12822=CARTESIAN_POINT('',(-0.0171854318433508,0.00820500843215393,0.));
#12823=CARTESIAN_POINT('',(-0.0176489769565967,0.00833995031440754,0.003));
#12824=CARTESIAN_POINT('',(-0.0176489769565967,0.00833995031440754,0.));
#12825=CARTESIAN_POINT('',(-0.0184143980493585,0.00842602733490309,0.003));
#12826=CARTESIAN_POINT('',(-0.0184143980493585,0.00842602733490309,0.));
#12827=CARTESIAN_POINT('',(-0.0192527799415349,0.00838632604439088,0.003));
#12828=CARTESIAN_POINT('',(-0.0192527799415349,0.00838632604439088,0.));
#12829=CARTESIAN_POINT('',(-0.0171854318075248,0.00820500842172467,0.));
#12830=CARTESIAN_POINT('',(7.27109678592354E-15,-3.71156225659039E-15,0.003));
#12831=CARTESIAN_POINT('',(-0.0167698525242701,0.00838656940078777,0.003));
#12832=CARTESIAN_POINT('',(-0.016641949166628,0.0086375938741858,0.003));
#12833=CARTESIAN_POINT('',(-0.0169561637941347,0.00880067923843953,0.0015));
#12834=CARTESIAN_POINT('',(-0.0170864820795883,0.00854491520234884,0.0015));
#12835=CARTESIAN_POINT('',(4.33680868994202E-19,-2.13153874026837E-20,0.0015));
#12836=CARTESIAN_POINT('',(0.00197484176581315,-0.00295,0.0015));
#12837=CARTESIAN_POINT('',(0.00197484176581315,-0.00295,0.0015));
#12838=CARTESIAN_POINT('',(4.33680868994202E-19,-2.13153874026837E-20,0.0015));
#12839=CARTESIAN_POINT('',(0.00197484176581315,0.00295,0.0015));
#12840=CARTESIAN_POINT('',(0.00197484176581315,0.00295,0.0015));
#12841=CARTESIAN_POINT('',(0.00806768896421935,-0.00244669029794599,0.0015));
#12842=CARTESIAN_POINT('',(0.0141605361626255,-0.00194338059589198,0.0015));
#12843=CARTESIAN_POINT('',(0.0141605361626255,-0.00194338059589198,0.0015));
#12844=CARTESIAN_POINT('',(0.00806768896421935,-0.00244669029794599,0.0015));
#12845=CARTESIAN_POINT('',(0.014,-9.75781955236954E-18,0.0015));
#12846=CARTESIAN_POINT('',(0.0141605361626255,0.00194338059589198,0.0015));
#12847=CARTESIAN_POINT('',(0.0141605361626255,0.00194338059589198,0.0015));
#12848=CARTESIAN_POINT('',(0.014,-9.75781955236954E-18,0.0015));
#12849=CARTESIAN_POINT('',(0.00806768896421935,0.00244669029794599,0.0015));
#12850=CARTESIAN_POINT('',(0.00806768896421935,0.00244669029794599,0.0015));
#12851=CARTESIAN_POINT('',(0.,0.,0.0015));
#12852=CARTESIAN_POINT('',(0.01445,-9.55224503334935E-19,0.0015));
#12853=CARTESIAN_POINT('',(0.01485,-9.55224503334935E-19,0.0015));
#12854=CARTESIAN_POINT('',(0.00645,-9.55224503334935E-19,0.0015));
#12855=CARTESIAN_POINT('',(0.00685,-9.55224503334935E-19,0.0015));
#12856=CARTESIAN_POINT('',(0.00645,-9.55224503334935E-19,0.0025));
#12857=CARTESIAN_POINT('',(0.00645,-9.55224503334935E-19,0.0025));
#12858=CARTESIAN_POINT('',(0.00685,-9.55224503334935E-19,0.0025));
#12859=CARTESIAN_POINT('',(0.0062,0.,0.0025));
#12860=CARTESIAN_POINT('',(0.01445,-9.55224503334935E-19,0.0025));
#12861=CARTESIAN_POINT('',(0.01445,-9.55224503334935E-19,0.0025));
#12862=CARTESIAN_POINT('',(0.01485,-9.55224503334935E-19,0.0025));
#12863=CARTESIAN_POINT('',(0.0062,0.,0.0025));
#12864=MECHANICAL_DESIGN_GEOMETRIC_PRESENTATION_REPRESENTATION('',(#4731),#12865);
#12865=(
GEOMETRIC_REPRESENTATION_CONTEXT(3)
GLOBAL_UNCERTAINTY_ASSIGNED_CONTEXT((#12866))
GLOBAL_UNIT_ASSIGNED_CONTEXT((#12869,#12868,#12867))
REPRESENTATION_CONTEXT('Spur gear (40 teeth)','TOP_LEVEL_ASSEMBLY_PART')
);
#12866=UNCERTAINTY_MEASURE_WITH_UNIT(LENGTH_MEASURE(2.E-05),#12869,'DISTANCE_ACCURACY_VALUE','Maximum Tolerance applied to model');
#12867=(
NAMED_UNIT(*)
SI_UNIT($,.STERADIAN.)
SOLID_ANGLE_UNIT()
);
#12868=(
NAMED_UNIT(*)
PLANE_ANGLE_UNIT()
SI_UNIT($,.RADIAN.)
);
#12869=(
LENGTH_UNIT()
NAMED_UNIT(*)
SI_UNIT($,.METRE.)
);
#12870=PRODUCT_DEFINITION_SHAPE('','',#12871);
#12871=PRODUCT_DEFINITION('','',#12873,#12872);
#12872=PRODUCT_DEFINITION_CONTEXT('',#12879,'design');
#12873=PRODUCT_DEFINITION_FORMATION_WITH_SPECIFIED_SOURCE('','',#12875,.NOT_KNOWN.);
#12874=PRODUCT_RELATED_PRODUCT_CATEGORY('','',(#12875));
#12875=PRODUCT('Spur gear (40 teeth)','Spur gear (40 teeth)','Spur gear (40 teeth)',(#12877));
#12876=PRODUCT_CATEGORY('','');
#12877=PRODUCT_CONTEXT('',#12879,'mechanical');
#12878=APPLICATION_PROTOCOL_DEFINITION('international standard','ap242_managed_model_based_3d_engineering',2020,#12879);
#12879=APPLICATION_CONTEXT('managed model based 3d engineering');
ENDSEC;
END-ISO-10303-21;
