ISO-10303-21;
HEADER;
/*Generated by software containing ST-Developer
 * from STEP Tools, Inc. (www.steptools.com) 
 */
/*OPTION: using custom renumber hook */
/*description */
/*implementation_level */
FILE_DESCRIPTION(('STEP AP242 Edition 2','STEP AP242 Edition 2''CAx-IF Rec.Pracs.---Representation and Presentation of Product Manufa
cturing Information (PMI)---4.0---2014-10-13','STEP AP242 Edition 2''CAx-IF Rec.Pracs.---Representation and Presentation of Product Manufa
cturing Information (PMI)---4.0---2014-10-13''CAx-IF Rec.Pracs.---3D Tessellated Geometry---0.4---2014-09-14','STEP AP242 Edition 2''CAx-IF Rec.Pracs.---Representation and Presentation of Product Manufa
cturing Information (PMI)---4.0---2014-10-13''CAx-IF Rec.Pracs.---3D Tessellated Geometry---0.4---2014-09-14''2;1','STEP AP242 Edition 2''CAx-IF Rec.Pracs.---Representation and Presentation of Product Manufa
cturing Information (PMI)---4.0---2014-10-13''CAx-IF Rec.Pracs.---3D Tessellated Geometry---0.4---2014-09-14''2;1''CAx-IF Rec.Pracs.---User Defined Attributes---1.5---2016-08-15'),'2;1');
/*name */
/*time_stamp */
/*author */
/*organization */
/*preprocessor_version */
/*originating_system */
/*authorisation */
FILE_NAME('/vol/tmp/translate-16900613852083878481/Shaft - Shaft.step','2026-03-24T04:35:31',(''),(''),'ST-DEVELOPER v20','ONSHAPE BY PTC INC, 1.212','  ');
FILE_SCHEMA(('AP242_MANAGED_MODEL_BASED_3D_ENGINEERING_MIM_LF { 1 0 10303 442 3 1 4 }'));
ENDSEC;
DATA;
#10=SHAPE_REPRESENTATION_RELATIONSHIP('','',#2441,#11);
#11=ADVANCED_BREP_SHAPE_REPRESENTATION('',(#2439),#7839);
#12=B_SPLINE_SURFACE_WITH_KNOTS('',3,1,((#6558,#6559),(#6560,#6561),(#6562,
#6563),(#6564,#6565),(#6566,#6567),(#6568,#6569),(#6570,#6571),(#6572,#6573),(#6574,#6575),(#6576,#6577),(#6578,#6579),(#6580,#6581),(#6582,#6583),(#6584,
#6585)),.SURF_OF_LINEAR_EXTRUSION.,.F.,.F.,.F.,(4,1,1,1,1,1,1,1,1,1,1,4),(2,2),(0.0460055534152297,0.0750381937417355,0.104070834068241,0.133103474394747,0.162136114721253,0.220201395374265,0.278266676027277,0.3943972373333,0.510527798639323,0.626658359945347,0.74278892125137,0.975050043863417),(0.,1.),.UNSPECIFIED.);
#13=B_SPLINE_SURFACE_WITH_KNOTS('',3,1,((#6587,#6588),(#6589,#6590),(#6591,
#6592),(#6593,#6594),(#6595,#6596),(#6597,#6598),(#6599,#6600),(#6601,#6602),(#6603,#6604),(#6605,#6606),(#6607,#6608),(#6609,#6610),(#6611,#6612),(#6613,
#6614)),.SURF_OF_LINEAR_EXTRUSION.,.F.,.F.,.F.,(4,1,1,1,1,1,1,1,1,1,1,4),(2,2),(0.0460055534152268,0.0750381937417328,0.104070834068239,0.133103474394745,0.162136114721251,0.220201395374263,0.278266676027274,0.394397237333298,0.510527798639322,0.626658359945346,0.742788921251369,0.975050043863417),(0.,1.),.UNSPECIFIED.);
#14=B_SPLINE_SURFACE_WITH_KNOTS('',3,1,((#6621,#6622),(#6623,#6624),(#6625,
#6626),(#6627,#6628),(#6629,#6630),(#6631,#6632),(#6633,#6634),(#6635,#6636),(#6637,#6638),(#6639,#6640),(#6641,#6642),(#6643,#6644),(#6645,#6646),(#6647,
#6648)),.SURF_OF_LINEAR_EXTRUSION.,.F.,.F.,.F.,(4,1,1,1,1,1,1,1,1,1,1,4),(2,2),(0.0460055534152296,0.0750381937417354,0.104070834068241,0.133103474394747,0.162136114721253,0.220201395374265,0.278266676027276,0.3943972373333,0.510527798639323,0.626658359945347,0.74278892125137,0.975050043863417),(0.,1.),.UNSPECIFIED.);
#15=B_SPLINE_SURFACE_WITH_KNOTS('',3,1,((#6650,#6651),(#6652,#6653),(#6654,
#6655),(#6656,#6657),(#6658,#6659),(#6660,#6661),(#6662,#6663),(#6664,#6665),(#6666,#6667),(#6668,#6669),(#6670,#6671),(#6672,#6673),(#6674,#6675),(#6676,
#6677)),.SURF_OF_LINEAR_EXTRUSION.,.F.,.F.,.F.,(4,1,1,1,1,1,1,1,1,1,1,4),(2,2),(0.0460055534152273,0.0750381937417332,0.104070834068239,0.133103474394745,0.162136114721251,0.220201395374263,0.278266676027275,0.394397237333298,0.510527798639322,0.626658359945346,0.74278892125137,0.975050043863417),(0.,1.),.UNSPECIFIED.);
#16=B_SPLINE_SURFACE_WITH_KNOTS('',3,1,((#6684,#6685),(#6686,#6687),(#6688,
#6689),(#6690,#6691),(#6692,#6693),(#6694,#6695),(#6696,#6697),(#6698,#6699),(#6700,#6701),(#6702,#6703),(#6704,#6705),(#6706,#6707),(#6708,#6709),(#6710,
#6711)),.SURF_OF_LINEAR_EXTRUSION.,.F.,.F.,.F.,(4,1,1,1,1,1,1,1,1,1,1,4),(2,2),(0.04600555341523,0.0750381937417359,0.104070834068242,0.133103474394748,0.162136114721253,0.220201395374265,0.278266676027277,0.3943972373333,0.510527798639324,0.626658359945347,0.74278892125137,0.975050043863417),(0.,1.),.UNSPECIFIED.);
#17=B_SPLINE_SURFACE_WITH_KNOTS('',3,1,((#6713,#6714),(#6715,#6716),(#6717,
#6718),(#6719,#6720),(#6721,#6722),(#6723,#6724),(#6725,#6726),(#6727,#6728),(#6729,#6730),(#6731,#6732),(#6733,#6734),(#6735,#6736),(#6737,#6738),(#6739,
#6740)),.SURF_OF_LINEAR_EXTRUSION.,.F.,.F.,.F.,(4,1,1,1,1,1,1,1,1,1,1,4),(2,2),(0.0460055534152261,0.075038193741732,0.104070834068238,0.133103474394744,0.16213611472125,0.220201395374262,0.278266676027274,0.394397237333298,0.510527798639322,0.626658359945345,0.742788921251369,0.975050043863417),(0.,1.),.UNSPECIFIED.);
#18=B_SPLINE_SURFACE_WITH_KNOTS('',3,1,((#6747,#6748),(#6749,#6750),(#6751,
#6752),(#6753,#6754),(#6755,#6756),(#6757,#6758),(#6759,#6760),(#6761,#6762),(#6763,#6764),(#6765,#6766),(#6767,#6768),(#6769,#6770),(#6771,#6772),(#6773,
#6774)),.SURF_OF_LINEAR_EXTRUSION.,.F.,.F.,.F.,(4,1,1,1,1,1,1,1,1,1,1,4),(2,2),(0.0460055534152293,0.0750381937417352,0.104070834068241,0.133103474394747,0.162136114721253,0.220201395374265,0.278266676027276,0.3943972373333,0.510527798639323,0.626658359945347,0.74278892125137,0.975050043863417),(0.,1.),.UNSPECIFIED.);
#19=B_SPLINE_SURFACE_WITH_KNOTS('',3,1,((#6776,#6777),(#6778,#6779),(#6780,
#6781),(#6782,#6783),(#6784,#6785),(#6786,#6787),(#6788,#6789),(#6790,#6791),(#6792,#6793),(#6794,#6795),(#6796,#6797),(#6798,#6799),(#6800,#6801),(#6802,
#6803)),.SURF_OF_LINEAR_EXTRUSION.,.F.,.F.,.F.,(4,1,1,1,1,1,1,1,1,1,1,4),(2,2),(0.0460055534152263,0.0750381937417323,0.104070834068238,0.133103474394744,0.16213611472125,0.220201395374262,0.278266676027274,0.394397237333298,0.510527798639322,0.626658359945345,0.742788921251369,0.975050043863417),(0.,1.),.UNSPECIFIED.);
#20=B_SPLINE_SURFACE_WITH_KNOTS('',3,1,((#6810,#6811),(#6812,#6813),(#6814,
#6815),(#6816,#6817),(#6818,#6819),(#6820,#6821),(#6822,#6823),(#6824,#6825),(#6826,#6827),(#6828,#6829),(#6830,#6831),(#6832,#6833),(#6834,#6835),(#6836,
#6837)),.SURF_OF_LINEAR_EXTRUSION.,.F.,.F.,.F.,(4,1,1,1,1,1,1,1,1,1,1,4),(2,2),(0.0460055534152296,0.0750381937417355,0.104070834068241,0.133103474394747,0.162136114721253,0.220201395374265,0.278266676027276,0.3943972373333,0.510527798639323,0.626658359945347,0.74278892125137,0.975050043863417),(0.,1.),.UNSPECIFIED.);
#21=B_SPLINE_SURFACE_WITH_KNOTS('',3,1,((#6839,#6840),(#6841,#6842),(#6843,
#6844),(#6845,#6846),(#6847,#6848),(#6849,#6850),(#6851,#6852),(#6853,#6854),(#6855,#6856),(#6857,#6858),(#6859,#6860),(#6861,#6862),(#6863,#6864),(#6865,
#6866)),.SURF_OF_LINEAR_EXTRUSION.,.F.,.F.,.F.,(4,1,1,1,1,1,1,1,1,1,1,4),(2,2),(0.0460055534152273,0.0750381937417332,0.104070834068239,0.133103474394745,0.162136114721251,0.220201395374263,0.278266676027275,0.394397237333298,0.510527798639322,0.626658359945346,0.74278892125137,0.975050043863417),(0.,1.),.UNSPECIFIED.);
#22=B_SPLINE_SURFACE_WITH_KNOTS('',3,1,((#6873,#6874),(#6875,#6876),(#6877,
#6878),(#6879,#6880),(#6881,#6882),(#6883,#6884),(#6885,#6886),(#6887,#6888),(#6889,#6890),(#6891,#6892),(#6893,#6894),(#6895,#6896),(#6897,#6898),(#6899,
#6900)),.SURF_OF_LINEAR_EXTRUSION.,.F.,.F.,.F.,(4,1,1,1,1,1,1,1,1,1,1,4),(2,2),(0.0460055534152299,0.0750381937417357,0.104070834068242,0.133103474394747,0.162136114721253,0.220201395374265,0.278266676027277,0.3943972373333,0.510527798639323,0.626658359945347,0.74278892125137,0.975050043863417),(0.,1.),.UNSPECIFIED.);
#23=B_SPLINE_SURFACE_WITH_KNOTS('',3,1,((#6902,#6903),(#6904,#6905),(#6906,
#6907),(#6908,#6909),(#6910,#6911),(#6912,#6913),(#6914,#6915),(#6916,#6917),(#6918,#6919),(#6920,#6921),(#6922,#6923),(#6924,#6925),(#6926,#6927),(#6928,
#6929)),.SURF_OF_LINEAR_EXTRUSION.,.F.,.F.,.F.,(4,1,1,1,1,1,1,1,1,1,1,4),(2,2),(0.0460055534152263,0.0750381937417323,0.104070834068238,0.133103474394744,0.16213611472125,0.220201395374262,0.278266676027274,0.394397237333298,0.510527798639322,0.626658359945345,0.742788921251369,0.975050043863417),(0.,1.),.UNSPECIFIED.);
#24=B_SPLINE_SURFACE_WITH_KNOTS('',3,1,((#6936,#6937),(#6938,#6939),(#6940,
#6941),(#6942,#6943),(#6944,#6945),(#6946,#6947),(#6948,#6949),(#6950,#6951),(#6952,#6953),(#6954,#6955),(#6956,#6957),(#6958,#6959),(#6960,#6961),(#6962,
#6963)),.SURF_OF_LINEAR_EXTRUSION.,.F.,.F.,.F.,(4,1,1,1,1,1,1,1,1,1,1,4),(2,2),(0.0460055534152295,0.0750381937417353,0.104070834068241,0.133103474394747,0.162136114721253,0.220201395374265,0.278266676027276,0.3943972373333,0.510527798639323,0.626658359945347,0.74278892125137,0.975050043863417),(0.,1.),.UNSPECIFIED.);
#25=B_SPLINE_SURFACE_WITH_KNOTS('',3,1,((#6965,#6966),(#6967,#6968),(#6969,
#6970),(#6971,#6972),(#6973,#6974),(#6975,#6976),(#6977,#6978),(#6979,#6980),(#6981,#6982),(#6983,#6984),(#6985,#6986),(#6987,#6988),(#6989,#6990),(#6991,
#6992)),.SURF_OF_LINEAR_EXTRUSION.,.F.,.F.,.F.,(4,1,1,1,1,1,1,1,1,1,1,4),(2,2),(0.046005553415227,0.0750381937417329,0.104070834068239,0.133103474394745,0.162136114721251,0.220201395374263,0.278266676027274,0.394397237333298,0.510527798639322,0.626658359945346,0.742788921251369,0.975050043863417),(0.,1.),.UNSPECIFIED.);
#26=B_SPLINE_SURFACE_WITH_KNOTS('',3,1,((#6999,#7000),(#7001,#7002),(#7003,
#7004),(#7005,#7006),(#7007,#7008),(#7009,#7010),(#7011,#7012),(#7013,#7014),(#7015,#7016),(#7017,#7018),(#7019,#7020),(#7021,#7022),(#7023,#7024),(#7025,
#7026)),.SURF_OF_LINEAR_EXTRUSION.,.F.,.F.,.F.,(4,1,1,1,1,1,1,1,1,1,1,4),(2,2),(0.0460055534152302,0.0750381937417361,0.104070834068242,0.133103474394748,0.162136114721254,0.220201395374265,0.278266676027277,0.3943972373333,0.510527798639324,0.626658359945347,0.74278892125137,0.975050043863417),(0.,1.),.UNSPECIFIED.);
#27=B_SPLINE_SURFACE_WITH_KNOTS('',3,1,((#7028,#7029),(#7030,#7031),(#7032,
#7033),(#7034,#7035),(#7036,#7037),(#7038,#7039),(#7040,#7041),(#7042,#7043),(#7044,#7045),(#7046,#7047),(#7048,#7049),(#7050,#7051),(#7052,#7053),(#7054,
#7055)),.SURF_OF_LINEAR_EXTRUSION.,.F.,.F.,.F.,(4,1,1,1,1,1,1,1,1,1,1,4),(2,2),(0.0460055534152278,0.0750381937417337,0.10407083406824,0.133103474394746,0.162136114721251,0.220201395374263,0.278266676027275,0.394397237333299,0.510527798639322,0.626658359945346,0.74278892125137,0.975050043863417),(0.,1.),.UNSPECIFIED.);
#28=B_SPLINE_SURFACE_WITH_KNOTS('',3,1,((#7062,#7063),(#7064,#7065),(#7066,
#7067),(#7068,#7069),(#7070,#7071),(#7072,#7073),(#7074,#7075),(#7076,#7077),(#7078,#7079),(#7080,#7081),(#7082,#7083),(#7084,#7085),(#7086,#7087),(#7088,
#7089)),.SURF_OF_LINEAR_EXTRUSION.,.F.,.F.,.F.,(4,1,1,1,1,1,1,1,1,1,1,4),(2,2),(0.0460055534152297,0.0750381937417355,0.104070834068241,0.133103474394747,0.162136114721253,0.220201395374265,0.278266676027277,0.3943972373333,0.510527798639323,0.626658359945347,0.74278892125137,0.975050043863417),(0.,1.),.UNSPECIFIED.);
#29=B_SPLINE_SURFACE_WITH_KNOTS('',3,1,((#7091,#7092),(#7093,#7094),(#7095,
#7096),(#7097,#7098),(#7099,#7100),(#7101,#7102),(#7103,#7104),(#7105,#7106),(#7107,#7108),(#7109,#7110),(#7111,#7112),(#7113,#7114),(#7115,#7116),(#7117,
#7118)),.SURF_OF_LINEAR_EXTRUSION.,.F.,.F.,.F.,(4,1,1,1,1,1,1,1,1,1,1,4),(2,2),(0.0460055534152269,0.0750381937417328,0.104070834068239,0.133103474394745,0.162136114721251,0.220201395374263,0.278266676027274,0.394397237333298,0.510527798639322,0.626658359945346,0.742788921251369,0.975050043863417),(0.,1.),.UNSPECIFIED.);
#30=B_SPLINE_SURFACE_WITH_KNOTS('',3,1,((#7125,#7126),(#7127,#7128),(#7129,
#7130),(#7131,#7132),(#7133,#7134),(#7135,#7136),(#7137,#7138),(#7139,#7140),(#7141,#7142),(#7143,#7144),(#7145,#7146),(#7147,#7148),(#7149,#7150),(#7151,
#7152)),.SURF_OF_LINEAR_EXTRUSION.,.F.,.F.,.F.,(4,1,1,1,1,1,1,1,1,1,1,4),(2,2),(0.0460055534152302,0.075038193741736,0.104070834068242,0.133103474394748,0.162136114721253,0.220201395374265,0.278266676027277,0.3943972373333,0.510527798639324,0.626658359945347,0.74278892125137,0.975050043863417),(0.,1.),.UNSPECIFIED.);
#31=B_SPLINE_SURFACE_WITH_KNOTS('',3,1,((#7154,#7155),(#7156,#7157),(#7158,
#7159),(#7160,#7161),(#7162,#7163),(#7164,#7165),(#7166,#7167),(#7168,#7169),(#7170,#7171),(#7172,#7173),(#7174,#7175),(#7176,#7177),(#7178,#7179),(#7180,
#7181)),.SURF_OF_LINEAR_EXTRUSION.,.F.,.F.,.F.,(4,1,1,1,1,1,1,1,1,1,1,4),(2,2),(0.0460055534152278,0.0750381937417337,0.10407083406824,0.133103474394746,0.162136114721251,0.220201395374263,0.278266676027275,0.394397237333299,0.510527798639322,0.626658359945346,0.74278892125137,0.975050043863417),(0.,1.),.UNSPECIFIED.);
#32=B_SPLINE_SURFACE_WITH_KNOTS('',3,1,((#7188,#7189),(#7190,#7191),(#7192,
#7193),(#7194,#7195),(#7196,#7197),(#7198,#7199),(#7200,#7201),(#7202,#7203),(#7204,#7205),(#7206,#7207),(#7208,#7209),(#7210,#7211),(#7212,#7213),(#7214,
#7215)),.SURF_OF_LINEAR_EXTRUSION.,.F.,.F.,.F.,(4,1,1,1,1,1,1,1,1,1,1,4),(2,2),(0.0460055534152295,0.0750381937417353,0.104070834068241,0.133103474394747,0.162136114721253,0.220201395374265,0.278266676027276,0.3943972373333,0.510527798639323,0.626658359945347,0.74278892125137,0.975050043863417),(0.,1.),.UNSPECIFIED.);
#33=B_SPLINE_SURFACE_WITH_KNOTS('',3,1,((#7217,#7218),(#7219,#7220),(#7221,
#7222),(#7223,#7224),(#7225,#7226),(#7227,#7228),(#7229,#7230),(#7231,#7232),(#7233,#7234),(#7235,#7236),(#7237,#7238),(#7239,#7240),(#7241,#7242),(#7243,
#7244)),.SURF_OF_LINEAR_EXTRUSION.,.F.,.F.,.F.,(4,1,1,1,1,1,1,1,1,1,1,4),(2,2),(0.0460055534152263,0.0750381937417323,0.104070834068238,0.133103474394744,0.16213611472125,0.220201395374262,0.278266676027274,0.394397237333298,0.510527798639322,0.626658359945345,0.742788921251369,0.975050043863417),(0.,1.),.UNSPECIFIED.);
#34=B_SPLINE_SURFACE_WITH_KNOTS('',3,1,((#7251,#7252),(#7253,#7254),(#7255,
#7256),(#7257,#7258),(#7259,#7260),(#7261,#7262),(#7263,#7264),(#7265,#7266),(#7267,#7268),(#7269,#7270),(#7271,#7272),(#7273,#7274),(#7275,#7276),(#7277,
#7278)),.SURF_OF_LINEAR_EXTRUSION.,.F.,.F.,.F.,(4,1,1,1,1,1,1,1,1,1,1,4),(2,2),(0.0460055534152295,0.0750381937417353,0.104070834068241,0.133103474394747,0.162136114721253,0.220201395374265,0.278266676027276,0.3943972373333,0.510527798639323,0.626658359945347,0.74278892125137,0.975050043863417),(0.,1.),.UNSPECIFIED.);
#35=B_SPLINE_SURFACE_WITH_KNOTS('',3,1,((#7280,#7281),(#7282,#7283),(#7284,
#7285),(#7286,#7287),(#7288,#7289),(#7290,#7291),(#7292,#7293),(#7294,#7295),(#7296,#7297),(#7298,#7299),(#7300,#7301),(#7302,#7303),(#7304,#7305),(#7306,
#7307)),.SURF_OF_LINEAR_EXTRUSION.,.F.,.F.,.F.,(4,1,1,1,1,1,1,1,1,1,1,4),(2,2),(0.046005553415227,0.0750381937417329,0.104070834068239,0.133103474394745,0.162136114721251,0.220201395374263,0.278266676027274,0.394397237333298,0.510527798639322,0.626658359945346,0.742788921251369,0.975050043863417),(0.,1.),.UNSPECIFIED.);
#36=B_SPLINE_SURFACE_WITH_KNOTS('',3,1,((#7314,#7315),(#7316,#7317),(#7318,
#7319),(#7320,#7321),(#7322,#7323),(#7324,#7325),(#7326,#7327),(#7328,#7329),(#7330,#7331),(#7332,#7333),(#7334,#7335),(#7336,#7337),(#7338,#7339),(#7340,
#7341)),.SURF_OF_LINEAR_EXTRUSION.,.F.,.F.,.F.,(4,1,1,1,1,1,1,1,1,1,1,4),(2,2),(0.0460055534152302,0.075038193741736,0.104070834068242,0.133103474394748,0.162136114721254,0.220201395374265,0.278266676027277,0.3943972373333,0.510527798639324,0.626658359945347,0.74278892125137,0.975050043863417),(0.,1.),.UNSPECIFIED.);
#37=B_SPLINE_SURFACE_WITH_KNOTS('',3,1,((#7343,#7344),(#7345,#7346),(#7347,
#7348),(#7349,#7350),(#7351,#7352),(#7353,#7354),(#7355,#7356),(#7357,#7358),(#7359,#7360),(#7361,#7362),(#7363,#7364),(#7365,#7366),(#7367,#7368),(#7369,
#7370)),.SURF_OF_LINEAR_EXTRUSION.,.F.,.F.,.F.,(4,1,1,1,1,1,1,1,1,1,1,4),(2,2),(0.0460055534152279,0.0750381937417338,0.10407083406824,0.133103474394746,0.162136114721252,0.220201395374263,0.278266676027275,0.394397237333299,0.510527798639322,0.626658359945346,0.74278892125137,0.975050043863417),(0.,1.),.UNSPECIFIED.);
#38=B_SPLINE_SURFACE_WITH_KNOTS('',3,1,((#7377,#7378),(#7379,#7380),(#7381,
#7382),(#7383,#7384),(#7385,#7386),(#7387,#7388),(#7389,#7390),(#7391,#7392),(#7393,#7394),(#7395,#7396),(#7397,#7398),(#7399,#7400),(#7401,#7402),(#7403,
#7404)),.SURF_OF_LINEAR_EXTRUSION.,.F.,.F.,.F.,(4,1,1,1,1,1,1,1,1,1,1,4),(2,2),(0.0460055534152297,0.0750381937417356,0.104070834068241,0.133103474394747,0.162136114721253,0.220201395374265,0.278266676027277,0.3943972373333,0.510527798639323,0.626658359945347,0.74278892125137,0.975050043863417),(0.,1.),.UNSPECIFIED.);
#39=B_SPLINE_SURFACE_WITH_KNOTS('',3,1,((#7406,#7407),(#7408,#7409),(#7410,
#7411),(#7412,#7413),(#7414,#7415),(#7416,#7417),(#7418,#7419),(#7420,#7421),(#7422,#7423),(#7424,#7425),(#7426,#7427),(#7428,#7429),(#7430,#7431),(#7432,
#7433)),.SURF_OF_LINEAR_EXTRUSION.,.F.,.F.,.F.,(4,1,1,1,1,1,1,1,1,1,1,4),(2,2),(0.0460055534152269,0.0750381937417328,0.104070834068239,0.133103474394745,0.162136114721251,0.220201395374263,0.278266676027274,0.394397237333298,0.510527798639322,0.626658359945346,0.742788921251369,0.975050043863417),(0.,1.),.UNSPECIFIED.);
#40=B_SPLINE_SURFACE_WITH_KNOTS('',3,1,((#7440,#7441),(#7442,#7443),(#7444,
#7445),(#7446,#7447),(#7448,#7449),(#7450,#7451),(#7452,#7453),(#7454,#7455),(#7456,#7457),(#7458,#7459),(#7460,#7461),(#7462,#7463),(#7464,#7465),(#7466,
#7467)),.SURF_OF_LINEAR_EXTRUSION.,.F.,.F.,.F.,(4,1,1,1,1,1,1,1,1,1,1,4),(2,2),(0.0460055534152296,0.0750381937417354,0.104070834068241,0.133103474394747,0.162136114721253,0.220201395374265,0.278266676027276,0.3943972373333,0.510527798639323,0.626658359945347,0.74278892125137,0.975050043863417),(0.,1.),.UNSPECIFIED.);
#41=B_SPLINE_SURFACE_WITH_KNOTS('',3,1,((#7469,#7470),(#7471,#7472),(#7473,
#7474),(#7475,#7476),(#7477,#7478),(#7479,#7480),(#7481,#7482),(#7483,#7484),(#7485,#7486),(#7487,#7488),(#7489,#7490),(#7491,#7492),(#7493,#7494),(#7495,
#7496)),.SURF_OF_LINEAR_EXTRUSION.,.F.,.F.,.F.,(4,1,1,1,1,1,1,1,1,1,1,4),(2,2),(0.0460055534152273,0.0750381937417332,0.104070834068239,0.133103474394745,0.162136114721251,0.220201395374263,0.278266676027275,0.394397237333298,0.510527798639322,0.626658359945346,0.74278892125137,0.975050043863417),(0.,1.),.UNSPECIFIED.);
#42=B_SPLINE_SURFACE_WITH_KNOTS('',3,1,((#7503,#7504),(#7505,#7506),(#7507,
#7508),(#7509,#7510),(#7511,#7512),(#7513,#7514),(#7515,#7516),(#7517,#7518),(#7519,#7520),(#7521,#7522),(#7523,#7524),(#7525,#7526),(#7527,#7528),(#7529,
#7530)),.SURF_OF_LINEAR_EXTRUSION.,.F.,.F.,.F.,(4,1,1,1,1,1,1,1,1,1,1,4),(2,2),(0.0460055534152295,0.0750381937417353,0.104070834068241,0.133103474394747,0.162136114721253,0.220201395374265,0.278266676027276,0.3943972373333,0.510527798639323,0.626658359945347,0.74278892125137,0.975050043863417),(0.,1.),.UNSPECIFIED.);
#43=B_SPLINE_SURFACE_WITH_KNOTS('',3,1,((#7532,#7533),(#7534,#7535),(#7536,
#7537),(#7538,#7539),(#7540,#7541),(#7542,#7543),(#7544,#7545),(#7546,#7547),(#7548,#7549),(#7550,#7551),(#7552,#7553),(#7554,#7555),(#7556,#7557),(#7558,
#7559)),.SURF_OF_LINEAR_EXTRUSION.,.F.,.F.,.F.,(4,1,1,1,1,1,1,1,1,1,1,4),(2,2),(0.0460055534152263,0.0750381937417323,0.104070834068238,0.133103474394744,0.16213611472125,0.220201395374262,0.278266676027274,0.394397237333298,0.510527798639322,0.626658359945345,0.742788921251369,0.975050043863417),(0.,1.),.UNSPECIFIED.);
#44=B_SPLINE_SURFACE_WITH_KNOTS('',3,1,((#7566,#7567),(#7568,#7569),(#7570,
#7571),(#7572,#7573),(#7574,#7575),(#7576,#7577),(#7578,#7579),(#7580,#7581),(#7582,#7583),(#7584,#7585),(#7586,#7587),(#7588,#7589),(#7590,#7591),(#7592,
#7593)),.SURF_OF_LINEAR_EXTRUSION.,.F.,.F.,.F.,(4,1,1,1,1,1,1,1,1,1,1,4),(2,2),(0.0460055534152294,0.0750381937417353,0.104070834068241,0.133103474394747,0.162136114721253,0.220201395374265,0.278266676027276,0.3943972373333,0.510527798639323,0.626658359945347,0.74278892125137,0.975050043863417),(0.,1.),.UNSPECIFIED.);
#45=B_SPLINE_SURFACE_WITH_KNOTS('',3,1,((#7595,#7596),(#7597,#7598),(#7599,
#7600),(#7601,#7602),(#7603,#7604),(#7605,#7606),(#7607,#7608),(#7609,#7610),(#7611,#7612),(#7613,#7614),(#7615,#7616),(#7617,#7618),(#7619,#7620),(#7621,
#7622)),.SURF_OF_LINEAR_EXTRUSION.,.F.,.F.,.F.,(4,1,1,1,1,1,1,1,1,1,1,4),(2,2),(0.0460055534152261,0.075038193741732,0.104070834068238,0.133103474394744,0.16213611472125,0.220201395374262,0.278266676027274,0.394397237333298,0.510527798639322,0.626658359945345,0.742788921251369,0.975050043863417),(0.,1.),.UNSPECIFIED.);
#46=B_SPLINE_SURFACE_WITH_KNOTS('',3,1,((#7629,#7630),(#7631,#7632),(#7633,
#7634),(#7635,#7636),(#7637,#7638),(#7639,#7640),(#7641,#7642),(#7643,#7644),(#7645,#7646),(#7647,#7648),(#7649,#7650),(#7651,#7652),(#7653,#7654),(#7655,
#7656)),.SURF_OF_LINEAR_EXTRUSION.,.F.,.F.,.F.,(4,1,1,1,1,1,1,1,1,1,1,4),(2,2),(0.0460055534152302,0.075038193741736,0.104070834068242,0.133103474394748,0.162136114721253,0.220201395374265,0.278266676027277,0.3943972373333,0.510527798639324,0.626658359945347,0.74278892125137,0.975050043863417),(0.,1.),.UNSPECIFIED.);
#47=B_SPLINE_SURFACE_WITH_KNOTS('',3,1,((#7658,#7659),(#7660,#7661),(#7662,
#7663),(#7664,#7665),(#7666,#7667),(#7668,#7669),(#7670,#7671),(#7672,#7673),(#7674,#7675),(#7676,#7677),(#7678,#7679),(#7680,#7681),(#7682,#7683),(#7684,
#7685)),.SURF_OF_LINEAR_EXTRUSION.,.F.,.F.,.F.,(4,1,1,1,1,1,1,1,1,1,1,4),(2,2),(0.0460055534152278,0.0750381937417337,0.10407083406824,0.133103474394746,0.162136114721251,0.220201395374263,0.278266676027275,0.394397237333299,0.510527798639322,0.626658359945346,0.74278892125137,0.975050043863417),(0.,1.),.UNSPECIFIED.);
#48=B_SPLINE_SURFACE_WITH_KNOTS('',3,1,((#7692,#7693),(#7694,#7695),(#7696,
#7697),(#7698,#7699),(#7700,#7701),(#7702,#7703),(#7704,#7705),(#7706,#7707),(#7708,#7709),(#7710,#7711),(#7712,#7713),(#7714,#7715),(#7716,#7717),(#7718,
#7719)),.SURF_OF_LINEAR_EXTRUSION.,.F.,.F.,.F.,(4,1,1,1,1,1,1,1,1,1,1,4),(2,2),(0.0460055534152297,0.0750381937417355,0.104070834068241,0.133103474394747,0.162136114721253,0.220201395374265,0.278266676027277,0.3943972373333,0.510527798639323,0.626658359945347,0.74278892125137,0.975050043863417),(0.,1.),.UNSPECIFIED.);
#49=B_SPLINE_SURFACE_WITH_KNOTS('',3,1,((#7721,#7722),(#7723,#7724),(#7725,
#7726),(#7727,#7728),(#7729,#7730),(#7731,#7732),(#7733,#7734),(#7735,#7736),(#7737,#7738),(#7739,#7740),(#7741,#7742),(#7743,#7744),(#7745,#7746),(#7747,
#7748)),.SURF_OF_LINEAR_EXTRUSION.,.F.,.F.,.F.,(4,1,1,1,1,1,1,1,1,1,1,4),(2,2),(0.0460055534152269,0.0750381937417328,0.104070834068239,0.133103474394745,0.162136114721251,0.220201395374263,0.278266676027274,0.394397237333298,0.510527798639322,0.626658359945346,0.742788921251369,0.975050043863417),(0.,1.),.UNSPECIFIED.);
#50=B_SPLINE_SURFACE_WITH_KNOTS('',3,1,((#7755,#7756),(#7757,#7758),(#7759,
#7760),(#7761,#7762),(#7763,#7764),(#7765,#7766),(#7767,#7768),(#7769,#7770),(#7771,#7772),(#7773,#7774),(#7775,#7776),(#7777,#7778),(#7779,#7780),(#7781,
#7782)),.SURF_OF_LINEAR_EXTRUSION.,.F.,.F.,.F.,(4,1,1,1,1,1,1,1,1,1,1,4),(2,2),(0.0460055534152296,0.0750381937417355,0.104070834068241,0.133103474394747,0.162136114721253,0.220201395374265,0.278266676027276,0.3943972373333,0.510527798639323,0.626658359945347,0.74278892125137,0.975050043863417),(0.,1.),.UNSPECIFIED.);
#51=B_SPLINE_SURFACE_WITH_KNOTS('',3,1,((#7784,#7785),(#7786,#7787),(#7788,
#7789),(#7790,#7791),(#7792,#7793),(#7794,#7795),(#7796,#7797),(#7798,#7799),(#7800,#7801),(#7802,#7803),(#7804,#7805),(#7806,#7807),(#7808,#7809),(#7810,
#7811)),.SURF_OF_LINEAR_EXTRUSION.,.F.,.F.,.F.,(4,1,1,1,1,1,1,1,1,1,1,4),(2,2),(0.0460055534152273,0.0750381937417332,0.104070834068239,0.133103474394745,0.162136114721251,0.220201395374263,0.278266676027275,0.394397237333298,0.510527798639322,0.626658359945346,0.74278892125137,0.975050043863417),(0.,1.),.UNSPECIFIED.);
#52=B_SPLINE_CURVE_WITH_KNOTS('',3,(#3546,#3547,#3548,#3549,#3550,#3551,#3552,#3553,#3554,#3555,#3556,#3557,#3558,#3559,#3560,#3561,#3562,#3563,#3564,#3565,#3566,#3567,#3568,#3569,#3570,#3571,#3572,#3573,#3574,#3575,#3576,#3577,#3578,#3579),.UNSPECIFIED.,.F.,.F.,(4,1,1,1,1,1,1,1,1,1,1,1,1,1,1,1,1,1,1,1,1,1,1,1,1,1,1,1,1,1,1,4),(0.,0.103000416310752,0.112602086818188,0.124997787693311,0.139664577964043,0.156295154557826,0.174680948552335,0.194668413745219,0.216138395335842,0.238994936075388,0.263158603014357,0.288562227667102,0.315148041388081,0.342865668217028,0.371670670958546,0.401523468631774,0.432388511559896,0.464233640246041,0.497029578518293,0.530749526817626,0.565368831540411,0.600864713071815,0.637216039758934,0.674403138303366,0.712407633358658,0.75121231079161,0.790801000299535,0.831158473997035,0.872270358283008,0.91412305683221,0.956703682968573,0.975050043863417),.UNSPECIFIED.);
#53=B_SPLINE_CURVE_WITH_KNOTS('',3,(#3580,#3581,#3582,#3583,#3584,#3585,#3586,#3587,#3588,#3589,#3590,#3591,#3592,#3593,#3594,#3595,#3596,#3597,#3598,#3599,#3600,#3601,#3602,#3603,#3604,#3605,#3606,#3607,#3608,#3609,#3610,#3611,#3612,#3613),.UNSPECIFIED.,.F.,.F.,(4,1,1,1,1,1,1,1,1,1,1,1,1,1,1,1,1,1,1,1,1,1,1,1,1,1,1,1,1,1,1,4),(0.,0.103000416310752,0.112602086818188,0.124997787693311,0.139664577964043,0.156295154557826,0.174680948552335,0.194668413745219,0.216138395335842,0.238994936075388,0.263158603014357,0.288562227667102,0.315148041388081,0.342865668217028,0.371670670958546,0.401523468631774,0.432388511559896,0.464233640246041,0.497029578518293,0.530749526817626,0.565368831540411,0.600864713071815,0.637216039758934,0.674403138303366,0.712407633358658,0.75121231079161,0.790801000299535,0.831158473997035,0.872270358283008,0.91412305683221,0.956703682968573,0.975050043863417),.UNSPECIFIED.);
#54=B_SPLINE_CURVE_WITH_KNOTS('',3,(#3621,#3622,#3623,#3624,#3625,#3626,#3627,#3628,#3629,#3630,#3631,#3632,#3633,#3634,#3635,#3636,#3637,#3638,#3639,#3640,#3641,#3642,#3643,#3644,#3645,#3646,#3647,#3648,#3649,#3650,#3651,#3652,#3653,#3654),.UNSPECIFIED.,.F.,.F.,(4,1,1,1,1,1,1,1,1,1,1,1,1,1,1,1,1,1,1,1,1,1,1,1,1,1,1,1,1,1,1,4),(0.,0.103000416310752,0.112602086818188,0.124997787693311,0.139664577964043,0.156295154557826,0.174680948552335,0.194668413745219,0.216138395335842,0.238994936075388,0.263158603014357,0.288562227667102,0.315148041388081,0.342865668217028,0.371670670958546,0.401523468631774,0.432388511559896,0.464233640246041,0.497029578518293,0.530749526817626,0.565368831540411,0.600864713071815,0.637216039758934,0.674403138303366,0.712407633358658,0.75121231079161,0.790801000299535,0.831158473997035,0.872270358283008,0.91412305683221,0.956703682968573,0.975050043863417),.UNSPECIFIED.);
#55=B_SPLINE_CURVE_WITH_KNOTS('',3,(#3655,#3656,#3657,#3658,#3659,#3660,#3661,#3662,#3663,#3664,#3665,#3666,#3667,#3668,#3669,#3670,#3671,#3672,#3673,#3674,#3675,#3676,#3677,#3678,#3679,#3680,#3681,#3682,#3683,#3684,#3685,#3686,#3687,#3688),.UNSPECIFIED.,.F.,.F.,(4,1,1,1,1,1,1,1,1,1,1,1,1,1,1,1,1,1,1,1,1,1,1,1,1,1,1,1,1,1,1,4),(0.,0.103000416310752,0.112602086818188,0.124997787693311,0.139664577964043,0.156295154557826,0.174680948552335,0.194668413745219,0.216138395335842,0.238994936075388,0.263158603014357,0.288562227667102,0.315148041388081,0.342865668217028,0.371670670958546,0.401523468631774,0.432388511559896,0.464233640246041,0.497029578518293,0.530749526817626,0.565368831540411,0.600864713071815,0.637216039758934,0.674403138303366,0.712407633358658,0.75121231079161,0.790801000299535,0.831158473997035,0.872270358283008,0.91412305683221,0.956703682968573,0.975050043863417),.UNSPECIFIED.);
#56=B_SPLINE_CURVE_WITH_KNOTS('',3,(#3696,#3697,#3698,#3699,#3700,#3701,#3702,#3703,#3704,#3705,#3706,#3707,#3708,#3709,#3710,#3711,#3712,#3713,#3714,#3715,#3716,#3717,#3718,#3719,#3720,#3721,#3722,#3723,#3724,#3725,#3726,#3727,#3728,#3729),.UNSPECIFIED.,.F.,.F.,(4,1,1,1,1,1,1,1,1,1,1,1,1,1,1,1,1,1,1,1,1,1,1,1,1,1,1,1,1,1,1,4),(0.,0.103000416310752,0.112602086818188,0.124997787693311,0.139664577964043,0.156295154557826,0.174680948552335,0.194668413745219,0.216138395335842,0.238994936075388,0.263158603014357,0.288562227667102,0.315148041388081,0.342865668217028,0.371670670958546,0.401523468631774,0.432388511559896,0.464233640246041,0.497029578518293,0.530749526817626,0.565368831540411,0.600864713071815,0.637216039758934,0.674403138303366,0.712407633358658,0.75121231079161,0.790801000299535,0.831158473997035,0.872270358283008,0.91412305683221,0.956703682968573,0.975050043863417),.UNSPECIFIED.);
#57=B_SPLINE_CURVE_WITH_KNOTS('',3,(#3730,#3731,#3732,#3733,#3734,#3735,#3736,#3737,#3738,#3739,#3740,#3741,#3742,#3743,#3744,#3745,#3746,#3747,#3748,#3749,#3750,#3751,#3752,#3753,#3754,#3755,#3756,#3757,#3758,#3759,#3760,#3761,#3762,#3763),.UNSPECIFIED.,.F.,.F.,(4,1,1,1,1,1,1,1,1,1,1,1,1,1,1,1,1,1,1,1,1,1,1,1,1,1,1,1,1,1,1,4),(0.,0.103000416310752,0.112602086818188,0.124997787693311,0.139664577964043,0.156295154557826,0.174680948552335,0.194668413745219,0.216138395335842,0.238994936075388,0.263158603014357,0.288562227667102,0.315148041388081,0.342865668217028,0.371670670958546,0.401523468631774,0.432388511559896,0.464233640246041,0.497029578518293,0.530749526817626,0.565368831540411,0.600864713071815,0.637216039758934,0.674403138303366,0.712407633358658,0.75121231079161,0.790801000299535,0.831158473997035,0.872270358283008,0.91412305683221,0.956703682968573,0.975050043863417),.UNSPECIFIED.);
#58=B_SPLINE_CURVE_WITH_KNOTS('',3,(#3771,#3772,#3773,#3774,#3775,#3776,#3777,#3778,#3779,#3780,#3781,#3782,#3783,#3784,#3785,#3786,#3787,#3788,#3789,#3790,#3791,#3792,#3793,#3794,#3795,#3796,#3797,#3798,#3799,#3800,#3801,#3802,#3803,#3804),.UNSPECIFIED.,.F.,.F.,(4,1,1,1,1,1,1,1,1,1,1,1,1,1,1,1,1,1,1,1,1,1,1,1,1,1,1,1,1,1,1,4),(0.,0.103000416310752,0.112602086818188,0.124997787693311,0.139664577964043,0.156295154557826,0.174680948552335,0.194668413745219,0.216138395335842,0.238994936075388,0.263158603014357,0.288562227667102,0.315148041388081,0.342865668217028,0.371670670958546,0.401523468631774,0.432388511559896,0.464233640246041,0.497029578518293,0.530749526817626,0.565368831540411,0.600864713071815,0.637216039758934,0.674403138303366,0.712407633358658,0.75121231079161,0.790801000299535,0.831158473997035,0.872270358283008,0.91412305683221,0.956703682968573,0.975050043863417),.UNSPECIFIED.);
#59=B_SPLINE_CURVE_WITH_KNOTS('',3,(#3805,#3806,#3807,#3808,#3809,#3810,#3811,#3812,#3813,#3814,#3815,#3816,#3817,#3818,#3819,#3820,#3821,#3822,#3823,#3824,#3825,#3826,#3827,#3828,#3829,#3830,#3831,#3832,#3833,#3834,#3835,#3836,#3837,#3838),.UNSPECIFIED.,.F.,.F.,(4,1,1,1,1,1,1,1,1,1,1,1,1,1,1,1,1,1,1,1,1,1,1,1,1,1,1,1,1,1,1,4),(0.,0.103000416310752,0.112602086818188,0.124997787693311,0.139664577964043,0.156295154557826,0.174680948552335,0.194668413745219,0.216138395335842,0.238994936075388,0.263158603014357,0.288562227667102,0.315148041388081,0.342865668217028,0.371670670958546,0.401523468631774,0.432388511559896,0.464233640246041,0.497029578518293,0.530749526817626,0.565368831540411,0.600864713071815,0.637216039758934,0.674403138303366,0.712407633358658,0.75121231079161,0.790801000299535,0.831158473997035,0.872270358283008,0.91412305683221,0.956703682968573,0.975050043863417),.UNSPECIFIED.);
#60=B_SPLINE_CURVE_WITH_KNOTS('',3,(#3846,#3847,#3848,#3849,#3850,#3851,#3852,#3853,#3854,#3855,#3856,#3857,#3858,#3859,#3860,#3861,#3862,#3863,#3864,#3865,#3866,#3867,#3868,#3869,#3870,#3871,#3872,#3873,#3874,#3875,#3876,#3877,#3878,#3879),.UNSPECIFIED.,.F.,.F.,(4,1,1,1,1,1,1,1,1,1,1,1,1,1,1,1,1,1,1,1,1,1,1,1,1,1,1,1,1,1,1,4),(0.,0.103000416310752,0.112602086818188,0.124997787693311,0.139664577964043,0.156295154557826,0.174680948552335,0.194668413745219,0.216138395335842,0.238994936075388,0.263158603014357,0.288562227667102,0.315148041388081,0.342865668217028,0.371670670958546,0.401523468631774,0.432388511559896,0.464233640246041,0.497029578518293,0.530749526817626,0.565368831540411,0.600864713071815,0.637216039758934,0.674403138303366,0.712407633358658,0.75121231079161,0.790801000299535,0.831158473997035,0.872270358283008,0.91412305683221,0.956703682968573,0.975050043863417),.UNSPECIFIED.);
#61=B_SPLINE_CURVE_WITH_KNOTS('',3,(#3880,#3881,#3882,#3883,#3884,#3885,#3886,#3887,#3888,#3889,#3890,#3891,#3892,#3893,#3894,#3895,#3896,#3897,#3898,#3899,#3900,#3901,#3902,#3903,#3904,#3905,#3906,#3907,#3908,#3909,#3910,#3911,#3912,#3913),.UNSPECIFIED.,.F.,.F.,(4,1,1,1,1,1,1,1,1,1,1,1,1,1,1,1,1,1,1,1,1,1,1,1,1,1,1,1,1,1,1,4),(0.,0.103000416310752,0.112602086818188,0.124997787693311,0.139664577964043,0.156295154557826,0.174680948552335,0.194668413745219,0.216138395335842,0.238994936075388,0.263158603014357,0.288562227667102,0.315148041388081,0.342865668217028,0.371670670958546,0.401523468631774,0.432388511559896,0.464233640246041,0.497029578518293,0.530749526817626,0.565368831540411,0.600864713071815,0.637216039758934,0.674403138303366,0.712407633358658,0.75121231079161,0.790801000299535,0.831158473997035,0.872270358283008,0.91412305683221,0.956703682968573,0.975050043863417),.UNSPECIFIED.);
#62=B_SPLINE_CURVE_WITH_KNOTS('',3,(#3921,#3922,#3923,#3924,#3925,#3926,#3927,#3928,#3929,#3930,#3931,#3932,#3933,#3934,#3935,#3936,#3937,#3938,#3939,#3940,#3941,#3942,#3943,#3944,#3945,#3946,#3947,#3948,#3949,#3950,#3951,#3952,#3953,#3954),.UNSPECIFIED.,.F.,.F.,(4,1,1,1,1,1,1,1,1,1,1,1,1,1,1,1,1,1,1,1,1,1,1,1,1,1,1,1,1,1,1,4),(0.,0.103000416310752,0.112602086818188,0.124997787693311,0.139664577964043,0.156295154557826,0.174680948552335,0.194668413745219,0.216138395335842,0.238994936075388,0.263158603014357,0.288562227667102,0.315148041388081,0.342865668217028,0.371670670958546,0.401523468631774,0.432388511559896,0.464233640246041,0.497029578518293,0.530749526817626,0.565368831540411,0.600864713071815,0.637216039758934,0.674403138303366,0.712407633358658,0.75121231079161,0.790801000299535,0.831158473997035,0.872270358283008,0.91412305683221,0.956703682968573,0.975050043863417),.UNSPECIFIED.);
#63=B_SPLINE_CURVE_WITH_KNOTS('',3,(#3955,#3956,#3957,#3958,#3959,#3960,#3961,#3962,#3963,#3964,#3965,#3966,#3967,#3968,#3969,#3970,#3971,#3972,#3973,#3974,#3975,#3976,#3977,#3978,#3979,#3980,#3981,#3982,#3983,#3984,#3985,#3986,#3987,#3988),.UNSPECIFIED.,.F.,.F.,(4,1,1,1,1,1,1,1,1,1,1,1,1,1,1,1,1,1,1,1,1,1,1,1,1,1,1,1,1,1,1,4),(0.,0.103000416310752,0.112602086818188,0.124997787693311,0.139664577964043,0.156295154557826,0.174680948552335,0.194668413745219,0.216138395335842,0.238994936075388,0.263158603014357,0.288562227667102,0.315148041388081,0.342865668217028,0.371670670958546,0.401523468631774,0.432388511559896,0.464233640246041,0.497029578518293,0.530749526817626,0.565368831540411,0.600864713071815,0.637216039758934,0.674403138303366,0.712407633358658,0.75121231079161,0.790801000299535,0.831158473997035,0.872270358283008,0.91412305683221,0.956703682968573,0.975050043863417),.UNSPECIFIED.);
#64=B_SPLINE_CURVE_WITH_KNOTS('',3,(#3996,#3997,#3998,#3999,#4000,#4001,#4002,#4003,#4004,#4005,#4006,#4007,#4008,#4009,#4010,#4011,#4012,#4013,#4014,#4015,#4016,#4017,#4018,#4019,#4020,#4021,#4022,#4023,#4024,#4025,#4026,#4027,#4028,#4029),.UNSPECIFIED.,.F.,.F.,(4,1,1,1,1,1,1,1,1,1,1,1,1,1,1,1,1,1,1,1,1,1,1,1,1,1,1,1,1,1,1,4),(0.,0.103000416310752,0.112602086818188,0.124997787693311,0.139664577964043,0.156295154557826,0.174680948552335,0.194668413745219,0.216138395335842,0.238994936075388,0.263158603014357,0.288562227667102,0.315148041388081,0.342865668217028,0.371670670958546,0.401523468631774,0.432388511559896,0.464233640246041,0.497029578518293,0.530749526817626,0.565368831540411,0.600864713071815,0.637216039758934,0.674403138303366,0.712407633358658,0.75121231079161,0.790801000299535,0.831158473997035,0.872270358283008,0.91412305683221,0.956703682968573,0.975050043863417),.UNSPECIFIED.);
#65=B_SPLINE_CURVE_WITH_KNOTS('',3,(#4030,#4031,#4032,#4033,#4034,#4035,#4036,#4037,#4038,#4039,#4040,#4041,#4042,#4043,#4044,#4045,#4046,#4047,#4048,#4049,#4050,#4051,#4052,#4053,#4054,#4055,#4056,#4057,#4058,#4059,#4060,#4061,#4062,#4063),.UNSPECIFIED.,.F.,.F.,(4,1,1,1,1,1,1,1,1,1,1,1,1,1,1,1,1,1,1,1,1,1,1,1,1,1,1,1,1,1,1,4),(0.,0.103000416310752,0.112602086818188,0.124997787693311,0.139664577964043,0.156295154557826,0.174680948552335,0.194668413745219,0.216138395335842,0.238994936075388,0.263158603014357,0.288562227667102,0.315148041388081,0.342865668217028,0.371670670958546,0.401523468631774,0.432388511559896,0.464233640246041,0.497029578518293,0.530749526817626,0.565368831540411,0.600864713071815,0.637216039758934,0.674403138303366,0.712407633358658,0.75121231079161,0.790801000299535,0.831158473997035,0.872270358283008,0.91412305683221,0.956703682968573,0.975050043863417),.UNSPECIFIED.);
#66=B_SPLINE_CURVE_WITH_KNOTS('',3,(#4071,#4072,#4073,#4074,#4075,#4076,#4077,#4078,#4079,#4080,#4081,#4082,#4083,#4084,#4085,#4086,#4087,#4088,#4089,#4090,#4091,#4092,#4093,#4094,#4095,#4096,#4097,#4098,#4099,#4100,#4101,#4102,#4103,#4104),.UNSPECIFIED.,.F.,.F.,(4,1,1,1,1,1,1,1,1,1,1,1,1,1,1,1,1,1,1,1,1,1,1,1,1,1,1,1,1,1,1,4),(0.,0.103000416310752,0.112602086818188,0.124997787693311,0.139664577964043,0.156295154557826,0.174680948552335,0.194668413745219,0.216138395335842,0.238994936075388,0.263158603014357,0.288562227667102,0.315148041388081,0.342865668217028,0.371670670958546,0.401523468631774,0.432388511559896,0.464233640246041,0.497029578518293,0.530749526817626,0.565368831540411,0.600864713071815,0.637216039758934,0.674403138303366,0.712407633358658,0.75121231079161,0.790801000299535,0.831158473997035,0.872270358283008,0.91412305683221,0.956703682968573,0.975050043863417),.UNSPECIFIED.);
#67=B_SPLINE_CURVE_WITH_KNOTS('',3,(#4105,#4106,#4107,#4108,#4109,#4110,#4111,#4112,#4113,#4114,#4115,#4116,#4117,#4118,#4119,#4120,#4121,#4122,#4123,#4124,#4125,#4126,#4127,#4128,#4129,#4130,#4131,#4132,#4133,#4134,#4135,#4136,#4137,#4138),.UNSPECIFIED.,.F.,.F.,(4,1,1,1,1,1,1,1,1,1,1,1,1,1,1,1,1,1,1,1,1,1,1,1,1,1,1,1,1,1,1,4),(0.,0.103000416310752,0.112602086818188,0.124997787693311,0.139664577964043,0.156295154557826,0.174680948552335,0.194668413745219,0.216138395335842,0.238994936075388,0.263158603014357,0.288562227667102,0.315148041388081,0.342865668217028,0.371670670958546,0.401523468631774,0.432388511559896,0.464233640246041,0.497029578518293,0.530749526817626,0.565368831540411,0.600864713071815,0.637216039758934,0.674403138303366,0.712407633358658,0.75121231079161,0.790801000299535,0.831158473997035,0.872270358283008,0.91412305683221,0.956703682968573,0.975050043863417),.UNSPECIFIED.);
#68=B_SPLINE_CURVE_WITH_KNOTS('',3,(#4146,#4147,#4148,#4149,#4150,#4151,#4152,#4153,#4154,#4155,#4156,#4157,#4158,#4159,#4160,#4161,#4162,#4163,#4164,#4165,#4166,#4167,#4168,#4169,#4170,#4171,#4172,#4173,#4174,#4175,#4176,#4177,#4178,#4179),.UNSPECIFIED.,.F.,.F.,(4,1,1,1,1,1,1,1,1,1,1,1,1,1,1,1,1,1,1,1,1,1,1,1,1,1,1,1,1,1,1,4),(0.,0.103000416310752,0.112602086818188,0.124997787693311,0.139664577964043,0.156295154557826,0.174680948552335,0.194668413745219,0.216138395335842,0.238994936075388,0.263158603014357,0.288562227667102,0.315148041388081,0.342865668217028,0.371670670958546,0.401523468631774,0.432388511559896,0.464233640246041,0.497029578518293,0.530749526817626,0.565368831540411,0.600864713071815,0.637216039758934,0.674403138303366,0.712407633358658,0.75121231079161,0.790801000299535,0.831158473997035,0.872270358283008,0.91412305683221,0.956703682968573,0.975050043863417),.UNSPECIFIED.);
#69=B_SPLINE_CURVE_WITH_KNOTS('',3,(#4180,#4181,#4182,#4183,#4184,#4185,#4186,#4187,#4188,#4189,#4190,#4191,#4192,#4193,#4194,#4195,#4196,#4197,#4198,#4199,#4200,#4201,#4202,#4203,#4204,#4205,#4206,#4207,#4208,#4209,#4210,#4211,#4212,#4213),.UNSPECIFIED.,.F.,.F.,(4,1,1,1,1,1,1,1,1,1,1,1,1,1,1,1,1,1,1,1,1,1,1,1,1,1,1,1,1,1,1,4),(0.,0.103000416310752,0.112602086818188,0.124997787693311,0.139664577964043,0.156295154557826,0.174680948552335,0.194668413745219,0.216138395335842,0.238994936075388,0.263158603014357,0.288562227667102,0.315148041388081,0.342865668217028,0.371670670958546,0.401523468631774,0.432388511559896,0.464233640246041,0.497029578518293,0.530749526817626,0.565368831540411,0.600864713071815,0.637216039758934,0.674403138303366,0.712407633358658,0.75121231079161,0.790801000299535,0.831158473997035,0.872270358283008,0.91412305683221,0.956703682968573,0.975050043863417),.UNSPECIFIED.);
#70=B_SPLINE_CURVE_WITH_KNOTS('',3,(#4221,#4222,#4223,#4224,#4225,#4226,#4227,#4228,#4229,#4230,#4231,#4232,#4233,#4234,#4235,#4236,#4237,#4238,#4239,#4240,#4241,#4242,#4243,#4244,#4245,#4246,#4247,#4248,#4249,#4250,#4251,#4252,#4253,#4254),.UNSPECIFIED.,.F.,.F.,(4,1,1,1,1,1,1,1,1,1,1,1,1,1,1,1,1,1,1,1,1,1,1,1,1,1,1,1,1,1,1,4),(0.,0.103000416310752,0.112602086818188,0.124997787693311,0.139664577964043,0.156295154557826,0.174680948552335,0.194668413745219,0.216138395335842,0.238994936075388,0.263158603014357,0.288562227667102,0.315148041388081,0.342865668217028,0.371670670958546,0.401523468631774,0.432388511559896,0.464233640246041,0.497029578518293,0.530749526817626,0.565368831540411,0.600864713071815,0.637216039758934,0.674403138303366,0.712407633358658,0.75121231079161,0.790801000299535,0.831158473997035,0.872270358283008,0.91412305683221,0.956703682968573,0.975050043863417),.UNSPECIFIED.);
#71=B_SPLINE_CURVE_WITH_KNOTS('',3,(#4255,#4256,#4257,#4258,#4259,#4260,#4261,#4262,#4263,#4264,#4265,#4266,#4267,#4268,#4269,#4270,#4271,#4272,#4273,#4274,#4275,#4276,#4277,#4278,#4279,#4280,#4281,#4282,#4283,#4284,#4285,#4286,#4287,#4288),.UNSPECIFIED.,.F.,.F.,(4,1,1,1,1,1,1,1,1,1,1,1,1,1,1,1,1,1,1,1,1,1,1,1,1,1,1,1,1,1,1,4),(0.,0.103000416310752,0.112602086818188,0.124997787693311,0.139664577964043,0.156295154557826,0.174680948552335,0.194668413745219,0.216138395335842,0.238994936075388,0.263158603014357,0.288562227667102,0.315148041388081,0.342865668217028,0.371670670958546,0.401523468631774,0.432388511559896,0.464233640246041,0.497029578518293,0.530749526817626,0.565368831540411,0.600864713071815,0.637216039758934,0.674403138303366,0.712407633358658,0.75121231079161,0.790801000299535,0.831158473997035,0.872270358283008,0.91412305683221,0.956703682968573,0.975050043863417),.UNSPECIFIED.);
#72=B_SPLINE_CURVE_WITH_KNOTS('',3,(#4296,#4297,#4298,#4299,#4300,#4301,#4302,#4303,#4304,#4305,#4306,#4307,#4308,#4309,#4310,#4311,#4312,#4313,#4314,#4315,#4316,#4317,#4318,#4319,#4320,#4321,#4322,#4323,#4324,#4325,#4326,#4327,#4328,#4329),.UNSPECIFIED.,.F.,.F.,(4,1,1,1,1,1,1,1,1,1,1,1,1,1,1,1,1,1,1,1,1,1,1,1,1,1,1,1,1,1,1,4),(0.,0.103000416310752,0.112602086818188,0.124997787693311,0.139664577964043,0.156295154557826,0.174680948552335,0.194668413745219,0.216138395335842,0.238994936075388,0.263158603014357,0.288562227667102,0.315148041388081,0.342865668217028,0.371670670958546,0.401523468631774,0.432388511559896,0.464233640246041,0.497029578518293,0.530749526817626,0.565368831540411,0.600864713071815,0.637216039758934,0.674403138303366,0.712407633358658,0.75121231079161,0.790801000299535,0.831158473997035,0.872270358283008,0.91412305683221,0.956703682968573,0.975050043863417),.UNSPECIFIED.);
#73=B_SPLINE_CURVE_WITH_KNOTS('',3,(#4333,#4334,#4335,#4336,#4337,#4338,#4339,#4340,#4341,#4342,#4343,#4344,#4345,#4346,#4347,#4348,#4349,#4350,#4351,#4352,#4353,#4354,#4355,#4356,#4357,#4358,#4359,#4360,#4361,#4362,#4363,#4364,#4365,#4366),.UNSPECIFIED.,.F.,.F.,(4,1,1,1,1,1,1,1,1,1,1,1,1,1,1,1,1,1,1,1,1,1,1,1,1,1,1,1,1,1,1,4),(0.,0.103000416310752,0.112602086818188,0.124997787693311,0.139664577964043,0.156295154557826,0.174680948552335,0.194668413745219,0.216138395335842,0.238994936075388,0.263158603014357,0.288562227667102,0.315148041388081,0.342865668217028,0.371670670958546,0.401523468631774,0.432388511559896,0.464233640246041,0.497029578518293,0.530749526817626,0.565368831540411,0.600864713071815,0.637216039758934,0.674403138303366,0.712407633358658,0.75121231079161,0.790801000299535,0.831158473997035,0.872270358283008,0.91412305683221,0.956703682968573,0.975050043863417),.UNSPECIFIED.);
#74=B_SPLINE_CURVE_WITH_KNOTS('',3,(#4374,#4375,#4376,#4377,#4378,#4379,#4380,#4381,#4382,#4383,#4384,#4385,#4386,#4387,#4388,#4389,#4390,#4391,#4392,#4393,#4394,#4395,#4396,#4397,#4398,#4399,#4400,#4401,#4402,#4403,#4404,#4405,#4406,#4407),.UNSPECIFIED.,.F.,.F.,(4,1,1,1,1,1,1,1,1,1,1,1,1,1,1,1,1,1,1,1,1,1,1,1,1,1,1,1,1,1,1,4),(0.,0.103000416310752,0.112602086818188,0.124997787693311,0.139664577964043,0.156295154557826,0.174680948552335,0.194668413745219,0.216138395335842,0.238994936075388,0.263158603014357,0.288562227667102,0.315148041388081,0.342865668217028,0.371670670958546,0.401523468631774,0.432388511559896,0.464233640246041,0.497029578518293,0.530749526817626,0.565368831540411,0.600864713071815,0.637216039758934,0.674403138303366,0.712407633358658,0.75121231079161,0.790801000299535,0.831158473997035,0.872270358283008,0.91412305683221,0.956703682968573,0.975050043863417),.UNSPECIFIED.);
#75=B_SPLINE_CURVE_WITH_KNOTS('',3,(#4408,#4409,#4410,#4411,#4412,#4413,#4414,#4415,#4416,#4417,#4418,#4419,#4420,#4421,#4422,#4423,#4424,#4425,#4426,#4427,#4428,#4429,#4430,#4431,#4432,#4433,#4434,#4435,#4436,#4437,#4438,#4439,#4440,#4441),.UNSPECIFIED.,.F.,.F.,(4,1,1,1,1,1,1,1,1,1,1,1,1,1,1,1,1,1,1,1,1,1,1,1,1,1,1,1,1,1,1,4),(0.,0.103000416310752,0.112602086818188,0.124997787693311,0.139664577964043,0.156295154557826,0.174680948552335,0.194668413745219,0.216138395335842,0.238994936075388,0.263158603014357,0.288562227667102,0.315148041388081,0.342865668217028,0.371670670958546,0.401523468631774,0.432388511559896,0.464233640246041,0.497029578518293,0.530749526817626,0.565368831540411,0.600864713071815,0.637216039758934,0.674403138303366,0.712407633358658,0.75121231079161,0.790801000299535,0.831158473997035,0.872270358283008,0.91412305683221,0.956703682968573,0.975050043863417),.UNSPECIFIED.);
#76=B_SPLINE_CURVE_WITH_KNOTS('',3,(#4449,#4450,#4451,#4452,#4453,#4454,#4455,#4456,#4457,#4458,#4459,#4460,#4461,#4462,#4463,#4464,#4465,#4466,#4467,#4468,#4469,#4470,#4471,#4472,#4473,#4474,#4475,#4476,#4477,#4478,#4479,#4480,#4481,#4482),.UNSPECIFIED.,.F.,.F.,(4,1,1,1,1,1,1,1,1,1,1,1,1,1,1,1,1,1,1,1,1,1,1,1,1,1,1,1,1,1,1,4),(0.,0.103000416310752,0.112602086818188,0.124997787693311,0.139664577964043,0.156295154557826,0.174680948552335,0.194668413745219,0.216138395335842,0.238994936075388,0.263158603014357,0.288562227667102,0.315148041388081,0.342865668217028,0.371670670958546,0.401523468631774,0.432388511559896,0.464233640246041,0.497029578518293,0.530749526817626,0.565368831540411,0.600864713071815,0.637216039758934,0.674403138303366,0.712407633358658,0.75121231079161,0.790801000299535,0.831158473997035,0.872270358283008,0.91412305683221,0.956703682968573,0.975050043863417),.UNSPECIFIED.);
#77=B_SPLINE_CURVE_WITH_KNOTS('',3,(#4483,#4484,#4485,#4486,#4487,#4488,#4489,#4490,#4491,#4492,#4493,#4494,#4495,#4496,#4497,#4498,#4499,#4500,#4501,#4502,#4503,#4504,#4505,#4506,#4507,#4508,#4509,#4510,#4511,#4512,#4513,#4514,#4515,#4516),.UNSPECIFIED.,.F.,.F.,(4,1,1,1,1,1,1,1,1,1,1,1,1,1,1,1,1,1,1,1,1,1,1,1,1,1,1,1,1,1,1,4),(0.,0.103000416310752,0.112602086818188,0.124997787693311,0.139664577964043,0.156295154557826,0.174680948552335,0.194668413745219,0.216138395335842,0.238994936075388,0.263158603014357,0.288562227667102,0.315148041388081,0.342865668217028,0.371670670958546,0.401523468631774,0.432388511559896,0.464233640246041,0.497029578518293,0.530749526817626,0.565368831540411,0.600864713071815,0.637216039758934,0.674403138303366,0.712407633358658,0.75121231079161,0.790801000299535,0.831158473997035,0.872270358283008,0.91412305683221,0.956703682968573,0.975050043863417),.UNSPECIFIED.);
#78=B_SPLINE_CURVE_WITH_KNOTS('',3,(#4524,#4525,#4526,#4527,#4528,#4529,#4530,#4531,#4532,#4533,#4534,#4535,#4536,#4537,#4538,#4539,#4540,#4541,#4542,#4543,#4544,#4545,#4546,#4547,#4548,#4549,#4550,#4551,#4552,#4553,#4554,#4555,#4556,#4557),.UNSPECIFIED.,.F.,.F.,(4,1,1,1,1,1,1,1,1,1,1,1,1,1,1,1,1,1,1,1,1,1,1,1,1,1,1,1,1,1,1,4),(0.,0.103000416310752,0.112602086818188,0.124997787693311,0.139664577964043,0.156295154557826,0.174680948552335,0.194668413745219,0.216138395335842,0.238994936075388,0.263158603014357,0.288562227667102,0.315148041388081,0.342865668217028,0.371670670958546,0.401523468631774,0.432388511559896,0.464233640246041,0.497029578518293,0.530749526817626,0.565368831540411,0.600864713071815,0.637216039758934,0.674403138303366,0.712407633358658,0.75121231079161,0.790801000299535,0.831158473997035,0.872270358283008,0.91412305683221,0.956703682968573,0.975050043863417),.UNSPECIFIED.);
#79=B_SPLINE_CURVE_WITH_KNOTS('',3,(#4558,#4559,#4560,#4561,#4562,#4563,#4564,#4565,#4566,#4567,#4568,#4569,#4570,#4571,#4572,#4573,#4574,#4575,#4576,#4577,#4578,#4579,#4580,#4581,#4582,#4583,#4584,#4585,#4586,#4587,#4588,#4589,#4590,#4591),.UNSPECIFIED.,.F.,.F.,(4,1,1,1,1,1,1,1,1,1,1,1,1,1,1,1,1,1,1,1,1,1,1,1,1,1,1,1,1,1,1,4),(0.,0.103000416310752,0.112602086818188,0.124997787693311,0.139664577964043,0.156295154557826,0.174680948552335,0.194668413745219,0.216138395335842,0.238994936075388,0.263158603014357,0.288562227667102,0.315148041388081,0.342865668217028,0.371670670958546,0.401523468631774,0.432388511559896,0.464233640246041,0.497029578518293,0.530749526817626,0.565368831540411,0.600864713071815,0.637216039758934,0.674403138303366,0.712407633358658,0.75121231079161,0.790801000299535,0.831158473997035,0.872270358283008,0.91412305683221,0.956703682968573,0.975050043863417),.UNSPECIFIED.);
#80=B_SPLINE_CURVE_WITH_KNOTS('',3,(#4599,#4600,#4601,#4602,#4603,#4604,#4605,#4606,#4607,#4608,#4609,#4610,#4611,#4612,#4613,#4614,#4615,#4616,#4617,#4618,#4619,#4620,#4621,#4622,#4623,#4624,#4625,#4626,#4627,#4628,#4629,#4630,#4631,#4632),.UNSPECIFIED.,.F.,.F.,(4,1,1,1,1,1,1,1,1,1,1,1,1,1,1,1,1,1,1,1,1,1,1,1,1,1,1,1,1,1,1,4),(0.,0.103000416310752,0.112602086818188,0.124997787693311,0.139664577964043,0.156295154557826,0.174680948552335,0.194668413745219,0.216138395335842,0.238994936075388,0.263158603014357,0.288562227667102,0.315148041388081,0.342865668217028,0.371670670958546,0.401523468631774,0.432388511559896,0.464233640246041,0.497029578518293,0.530749526817626,0.565368831540411,0.600864713071815,0.637216039758934,0.674403138303366,0.712407633358658,0.75121231079161,0.790801000299535,0.831158473997035,0.872270358283008,0.91412305683221,0.956703682968573,0.975050043863417),.UNSPECIFIED.);
#81=B_SPLINE_CURVE_WITH_KNOTS('',3,(#4633,#4634,#4635,#4636,#4637,#4638,#4639,#4640,#4641,#4642,#4643,#4644,#4645,#4646,#4647,#4648,#4649,#4650,#4651,#4652,#4653,#4654,#4655,#4656,#4657,#4658,#4659,#4660,#4661,#4662,#4663,#4664,#4665,#4666),.UNSPECIFIED.,.F.,.F.,(4,1,1,1,1,1,1,1,1,1,1,1,1,1,1,1,1,1,1,1,1,1,1,1,1,1,1,1,1,1,1,4),(0.,0.103000416310752,0.112602086818188,0.124997787693311,0.139664577964043,0.156295154557826,0.174680948552335,0.194668413745219,0.216138395335842,0.238994936075388,0.263158603014357,0.288562227667102,0.315148041388081,0.342865668217028,0.371670670958546,0.401523468631774,0.432388511559896,0.464233640246041,0.497029578518293,0.530749526817626,0.565368831540411,0.600864713071815,0.637216039758934,0.674403138303366,0.712407633358658,0.75121231079161,0.790801000299535,0.831158473997035,0.872270358283008,0.91412305683221,0.956703682968573,0.975050043863417),.UNSPECIFIED.);
#82=B_SPLINE_CURVE_WITH_KNOTS('',3,(#4674,#4675,#4676,#4677,#4678,#4679,#4680,#4681,#4682,#4683,#4684,#4685,#4686,#4687,#4688,#4689,#4690,#4691,#4692,#4693,#4694,#4695,#4696,#4697,#4698,#4699,#4700,#4701,#4702,#4703,#4704,#4705,#4706,#4707),.UNSPECIFIED.,.F.,.F.,(4,1,1,1,1,1,1,1,1,1,1,1,1,1,1,1,1,1,1,1,1,1,1,1,1,1,1,1,1,1,1,4),(0.,0.103000416310752,0.112602086818188,0.124997787693311,0.139664577964043,0.156295154557826,0.174680948552335,0.194668413745219,0.216138395335842,0.238994936075388,0.263158603014357,0.288562227667102,0.315148041388081,0.342865668217028,0.371670670958546,0.401523468631774,0.432388511559896,0.464233640246041,0.497029578518293,0.530749526817626,0.565368831540411,0.600864713071815,0.637216039758934,0.674403138303366,0.712407633358658,0.75121231079161,0.790801000299535,0.831158473997035,0.872270358283008,0.91412305683221,0.956703682968573,0.975050043863417),.UNSPECIFIED.);
#83=B_SPLINE_CURVE_WITH_KNOTS('',3,(#4708,#4709,#4710,#4711,#4712,#4713,#4714,#4715,#4716,#4717,#4718,#4719,#4720,#4721,#4722,#4723,#4724,#4725,#4726,#4727,#4728,#4729,#4730,#4731,#4732,#4733,#4734,#4735,#4736,#4737,#4738,#4739,#4740,#4741),.UNSPECIFIED.,.F.,.F.,(4,1,1,1,1,1,1,1,1,1,1,1,1,1,1,1,1,1,1,1,1,1,1,1,1,1,1,1,1,1,1,4),(0.,0.103000416310752,0.112602086818188,0.124997787693311,0.139664577964043,0.156295154557826,0.174680948552335,0.194668413745219,0.216138395335842,0.238994936075388,0.263158603014357,0.288562227667102,0.315148041388081,0.342865668217028,0.371670670958546,0.401523468631774,0.432388511559896,0.464233640246041,0.497029578518293,0.530749526817626,0.565368831540411,0.600864713071815,0.637216039758934,0.674403138303366,0.712407633358658,0.75121231079161,0.790801000299535,0.831158473997035,0.872270358283008,0.91412305683221,0.956703682968573,0.975050043863417),.UNSPECIFIED.);
#84=B_SPLINE_CURVE_WITH_KNOTS('',3,(#4749,#4750,#4751,#4752,#4753,#4754,#4755,#4756,#4757,#4758,#4759,#4760,#4761,#4762,#4763,#4764,#4765,#4766,#4767,#4768,#4769,#4770,#4771,#4772,#4773,#4774,#4775,#4776,#4777,#4778,#4779,#4780,#4781,#4782),.UNSPECIFIED.,.F.,.F.,(4,1,1,1,1,1,1,1,1,1,1,1,1,1,1,1,1,1,1,1,1,1,1,1,1,1,1,1,1,1,1,4),(0.,0.103000416310752,0.112602086818188,0.124997787693311,0.139664577964043,0.156295154557826,0.174680948552335,0.194668413745219,0.216138395335842,0.238994936075388,0.263158603014357,0.288562227667102,0.315148041388081,0.342865668217028,0.371670670958546,0.401523468631774,0.432388511559896,0.464233640246041,0.497029578518293,0.530749526817626,0.565368831540411,0.600864713071815,0.637216039758934,0.674403138303366,0.712407633358658,0.75121231079161,0.790801000299535,0.831158473997035,0.872270358283008,0.91412305683221,0.956703682968573,0.975050043863417),.UNSPECIFIED.);
#85=B_SPLINE_CURVE_WITH_KNOTS('',3,(#4783,#4784,#4785,#4786,#4787,#4788,#4789,#4790,#4791,#4792,#4793,#4794,#4795,#4796,#4797,#4798,#4799,#4800,#4801,#4802,#4803,#4804,#4805,#4806,#4807,#4808,#4809,#4810,#4811,#4812,#4813,#4814,#4815,#4816),.UNSPECIFIED.,.F.,.F.,(4,1,1,1,1,1,1,1,1,1,1,1,1,1,1,1,1,1,1,1,1,1,1,1,1,1,1,1,1,1,1,4),(0.,0.103000416310752,0.112602086818188,0.124997787693311,0.139664577964043,0.156295154557826,0.174680948552335,0.194668413745219,0.216138395335842,0.238994936075388,0.263158603014357,0.288562227667102,0.315148041388081,0.342865668217028,0.371670670958546,0.401523468631774,0.432388511559896,0.464233640246041,0.497029578518293,0.530749526817626,0.565368831540411,0.600864713071815,0.637216039758934,0.674403138303366,0.712407633358658,0.75121231079161,0.790801000299535,0.831158473997035,0.872270358283008,0.91412305683221,0.956703682968573,0.975050043863417),.UNSPECIFIED.);
#86=B_SPLINE_CURVE_WITH_KNOTS('',3,(#4824,#4825,#4826,#4827,#4828,#4829,#4830,#4831,#4832,#4833,#4834,#4835,#4836,#4837,#4838,#4839,#4840,#4841,#4842,#4843,#4844,#4845,#4846,#4847,#4848,#4849,#4850,#4851,#4852,#4853,#4854,#4855,#4856,#4857),.UNSPECIFIED.,.F.,.F.,(4,1,1,1,1,1,1,1,1,1,1,1,1,1,1,1,1,1,1,1,1,1,1,1,1,1,1,1,1,1,1,4),(0.,0.103000416310752,0.112602086818188,0.124997787693311,0.139664577964043,0.156295154557826,0.174680948552335,0.194668413745219,0.216138395335842,0.238994936075388,0.263158603014357,0.288562227667102,0.315148041388081,0.342865668217028,0.371670670958546,0.401523468631774,0.432388511559896,0.464233640246041,0.497029578518293,0.530749526817626,0.565368831540411,0.600864713071815,0.637216039758934,0.674403138303366,0.712407633358658,0.75121231079161,0.790801000299535,0.831158473997035,0.872270358283008,0.91412305683221,0.956703682968573,0.975050043863417),.UNSPECIFIED.);
#87=B_SPLINE_CURVE_WITH_KNOTS('',3,(#4858,#4859,#4860,#4861,#4862,#4863,#4864,#4865,#4866,#4867,#4868,#4869,#4870,#4871,#4872,#4873,#4874,#4875,#4876,#4877,#4878,#4879,#4880,#4881,#4882,#4883,#4884,#4885,#4886,#4887,#4888,#4889,#4890,#4891),.UNSPECIFIED.,.F.,.F.,(4,1,1,1,1,1,1,1,1,1,1,1,1,1,1,1,1,1,1,1,1,1,1,1,1,1,1,1,1,1,1,4),(0.,0.103000416310752,0.112602086818188,0.124997787693311,0.139664577964043,0.156295154557826,0.174680948552335,0.194668413745219,0.216138395335842,0.238994936075388,0.263158603014357,0.288562227667102,0.315148041388081,0.342865668217028,0.371670670958546,0.401523468631774,0.432388511559896,0.464233640246041,0.497029578518293,0.530749526817626,0.565368831540411,0.600864713071815,0.637216039758934,0.674403138303366,0.712407633358658,0.75121231079161,0.790801000299535,0.831158473997035,0.872270358283008,0.91412305683221,0.956703682968573,0.975050043863417),.UNSPECIFIED.);
#88=B_SPLINE_CURVE_WITH_KNOTS('',3,(#4899,#4900,#4901,#4902,#4903,#4904,#4905,#4906,#4907,#4908,#4909,#4910,#4911,#4912,#4913,#4914,#4915,#4916,#4917,#4918,#4919,#4920,#4921,#4922,#4923,#4924,#4925,#4926,#4927,#4928,#4929,#4930,#4931,#4932),.UNSPECIFIED.,.F.,.F.,(4,1,1,1,1,1,1,1,1,1,1,1,1,1,1,1,1,1,1,1,1,1,1,1,1,1,1,1,1,1,1,4),(0.,0.103000416310752,0.112602086818188,0.124997787693311,0.139664577964043,0.156295154557826,0.174680948552335,0.194668413745219,0.216138395335842,0.238994936075388,0.263158603014357,0.288562227667102,0.315148041388081,0.342865668217028,0.371670670958546,0.401523468631774,0.432388511559896,0.464233640246041,0.497029578518293,0.530749526817626,0.565368831540411,0.600864713071815,0.637216039758934,0.674403138303366,0.712407633358658,0.75121231079161,0.790801000299535,0.831158473997035,0.872270358283008,0.91412305683221,0.956703682968573,0.975050043863417),.UNSPECIFIED.);
#89=B_SPLINE_CURVE_WITH_KNOTS('',3,(#4933,#4934,#4935,#4936,#4937,#4938,#4939,#4940,#4941,#4942,#4943,#4944,#4945,#4946,#4947,#4948,#4949,#4950,#4951,#4952,#4953,#4954,#4955,#4956,#4957,#4958,#4959,#4960,#4961,#4962,#4963,#4964,#4965,#4966),.UNSPECIFIED.,.F.,.F.,(4,1,1,1,1,1,1,1,1,1,1,1,1,1,1,1,1,1,1,1,1,1,1,1,1,1,1,1,1,1,1,4),(0.,0.103000416310752,0.112602086818188,0.124997787693311,0.139664577964043,0.156295154557826,0.174680948552335,0.194668413745219,0.216138395335842,0.238994936075388,0.263158603014357,0.288562227667102,0.315148041388081,0.342865668217028,0.371670670958546,0.401523468631774,0.432388511559896,0.464233640246041,0.497029578518293,0.530749526817626,0.565368831540411,0.600864713071815,0.637216039758934,0.674403138303366,0.712407633358658,0.75121231079161,0.790801000299535,0.831158473997035,0.872270358283008,0.91412305683221,0.956703682968573,0.975050043863417),.UNSPECIFIED.);
#90=B_SPLINE_CURVE_WITH_KNOTS('',3,(#4974,#4975,#4976,#4977,#4978,#4979,#4980,#4981,#4982,#4983,#4984,#4985,#4986,#4987,#4988,#4989,#4990,#4991,#4992,#4993,#4994,#4995,#4996,#4997,#4998,#4999,#5000,#5001,#5002,#5003,#5004,#5005,#5006,#5007),.UNSPECIFIED.,.F.,.F.,(4,1,1,1,1,1,1,1,1,1,1,1,1,1,1,1,1,1,1,1,1,1,1,1,1,1,1,1,1,1,1,4),(0.,0.103000416310752,0.112602086818188,0.124997787693311,0.139664577964043,0.156295154557826,0.174680948552335,0.194668413745219,0.216138395335842,0.238994936075388,0.263158603014357,0.288562227667102,0.315148041388081,0.342865668217028,0.371670670958546,0.401523468631774,0.432388511559896,0.464233640246041,0.497029578518293,0.530749526817626,0.565368831540411,0.600864713071815,0.637216039758934,0.674403138303366,0.712407633358658,0.75121231079161,0.790801000299535,0.831158473997035,0.872270358283008,0.91412305683221,0.956703682968573,0.975050043863417),.UNSPECIFIED.);
#91=B_SPLINE_CURVE_WITH_KNOTS('',3,(#5008,#5009,#5010,#5011,#5012,#5013,#5014,#5015,#5016,#5017,#5018,#5019,#5020,#5021,#5022,#5023,#5024,#5025,#5026,#5027,#5028,#5029,#5030,#5031,#5032,#5033,#5034,#5035,#5036,#5037,#5038,#5039,#5040,#5041),.UNSPECIFIED.,.F.,.F.,(4,1,1,1,1,1,1,1,1,1,1,1,1,1,1,1,1,1,1,1,1,1,1,1,1,1,1,1,1,1,1,4),(0.,0.103000416310752,0.112602086818188,0.124997787693311,0.139664577964043,0.156295154557826,0.174680948552335,0.194668413745219,0.216138395335842,0.238994936075388,0.263158603014357,0.288562227667102,0.315148041388081,0.342865668217028,0.371670670958546,0.401523468631774,0.432388511559896,0.464233640246041,0.497029578518293,0.530749526817626,0.565368831540411,0.600864713071815,0.637216039758934,0.674403138303366,0.712407633358658,0.75121231079161,0.790801000299535,0.831158473997035,0.872270358283008,0.91412305683221,0.956703682968573,0.975050043863417),.UNSPECIFIED.);
#92=B_SPLINE_CURVE_WITH_KNOTS('',3,(#5061,#5062,#5063,#5064,#5065,#5066,#5067,#5068,#5069,#5070,#5071,#5072,#5073,#5074,#5075,#5076,#5077,#5078,#5079,#5080,#5081,#5082,#5083,#5084,#5085,#5086,#5087,#5088,#5089,#5090,#5091,#5092,#5093,#5094),.UNSPECIFIED.,.F.,.F.,(4,1,1,1,1,1,1,1,1,1,1,1,1,1,1,1,1,1,1,1,1,1,1,1,1,1,1,1,1,1,1,4),(0.,0.103000416310752,0.112602086818188,0.124997787693311,0.139664577964043,0.156295154557826,0.174680948552335,0.194668413745219,0.216138395335842,0.238994936075388,0.263158603014357,0.288562227667102,0.315148041388081,0.342865668217028,0.371670670958546,0.401523468631774,0.432388511559896,0.464233640246041,0.497029578518293,0.530749526817626,0.565368831540411,0.600864713071815,0.637216039758934,0.674403138303366,0.712407633358658,0.75121231079161,0.790801000299535,0.831158473997035,0.872270358283008,0.91412305683221,0.956703682968573,0.975050043863417),.UNSPECIFIED.);
#93=B_SPLINE_CURVE_WITH_KNOTS('',3,(#5095,#5096,#5097,#5098,#5099,#5100,#5101,#5102,#5103,#5104,#5105,#5106,#5107,#5108,#5109,#5110,#5111,#5112,#5113,#5114,#5115,#5116,#5117,#5118,#5119,#5120,#5121,#5122,#5123,#5124,#5125,#5126,#5127,#5128),.UNSPECIFIED.,.F.,.F.,(4,1,1,1,1,1,1,1,1,1,1,1,1,1,1,1,1,1,1,1,1,1,1,1,1,1,1,1,1,1,1,4),(0.,0.103000416310752,0.112602086818188,0.124997787693311,0.139664577964043,0.156295154557826,0.174680948552335,0.194668413745219,0.216138395335842,0.238994936075388,0.263158603014357,0.288562227667102,0.315148041388081,0.342865668217028,0.371670670958546,0.401523468631774,0.432388511559896,0.464233640246041,0.497029578518293,0.530749526817626,0.565368831540411,0.600864713071815,0.637216039758934,0.674403138303366,0.712407633358658,0.75121231079161,0.790801000299535,0.831158473997035,0.872270358283008,0.91412305683221,0.956703682968573,0.975050043863417),.UNSPECIFIED.);
#94=B_SPLINE_CURVE_WITH_KNOTS('',3,(#5136,#5137,#5138,#5139,#5140,#5141,#5142,#5143,#5144,#5145,#5146,#5147,#5148,#5149,#5150,#5151,#5152,#5153,#5154,#5155,#5156,#5157,#5158,#5159,#5160,#5161,#5162,#5163,#5164,#5165,#5166,#5167,#5168,#5169),.UNSPECIFIED.,.F.,.F.,(4,1,1,1,1,1,1,1,1,1,1,1,1,1,1,1,1,1,1,1,1,1,1,1,1,1,1,1,1,1,1,4),(0.,0.103000416310752,0.112602086818188,0.124997787693311,0.139664577964043,0.156295154557826,0.174680948552335,0.194668413745219,0.216138395335842,0.238994936075388,0.263158603014357,0.288562227667102,0.315148041388081,0.342865668217028,0.371670670958546,0.401523468631774,0.432388511559896,0.464233640246041,0.497029578518293,0.530749526817626,0.565368831540411,0.600864713071815,0.637216039758934,0.674403138303366,0.712407633358658,0.75121231079161,0.790801000299535,0.831158473997035,0.872270358283008,0.91412305683221,0.956703682968573,0.975050043863417),.UNSPECIFIED.);
#95=B_SPLINE_CURVE_WITH_KNOTS('',3,(#5170,#5171,#5172,#5173,#5174,#5175,#5176,#5177,#5178,#5179,#5180,#5181,#5182,#5183,#5184,#5185,#5186,#5187,#5188,#5189,#5190,#5191,#5192,#5193,#5194,#5195,#5196,#5197,#5198,#5199,#5200,#5201,#5202,#5203),.UNSPECIFIED.,.F.,.F.,(4,1,1,1,1,1,1,1,1,1,1,1,1,1,1,1,1,1,1,1,1,1,1,1,1,1,1,1,1,1,1,4),(0.,0.103000416310752,0.112602086818188,0.124997787693311,0.139664577964043,0.156295154557826,0.174680948552335,0.194668413745219,0.216138395335842,0.238994936075388,0.263158603014357,0.288562227667102,0.315148041388081,0.342865668217028,0.371670670958546,0.401523468631774,0.432388511559896,0.464233640246041,0.497029578518293,0.530749526817626,0.565368831540411,0.600864713071815,0.637216039758934,0.674403138303366,0.712407633358658,0.75121231079161,0.790801000299535,0.831158473997035,0.872270358283008,0.91412305683221,0.956703682968573,0.975050043863417),.UNSPECIFIED.);
#96=B_SPLINE_CURVE_WITH_KNOTS('',3,(#5211,#5212,#5213,#5214,#5215,#5216,#5217,#5218,#5219,#5220,#5221,#5222,#5223,#5224,#5225,#5226,#5227,#5228,#5229,#5230,#5231,#5232,#5233,#5234,#5235,#5236,#5237,#5238,#5239,#5240,#5241,#5242,#5243,#5244),.UNSPECIFIED.,.F.,.F.,(4,1,1,1,1,1,1,1,1,1,1,1,1,1,1,1,1,1,1,1,1,1,1,1,1,1,1,1,1,1,1,4),(0.,0.103000416310752,0.112602086818188,0.124997787693311,0.139664577964043,0.156295154557826,0.174680948552335,0.194668413745219,0.216138395335842,0.238994936075388,0.263158603014357,0.288562227667102,0.315148041388081,0.342865668217028,0.371670670958546,0.401523468631774,0.432388511559896,0.464233640246041,0.497029578518293,0.530749526817626,0.565368831540411,0.600864713071815,0.637216039758934,0.674403138303366,0.712407633358658,0.75121231079161,0.790801000299535,0.831158473997035,0.872270358283008,0.91412305683221,0.956703682968573,0.975050043863417),.UNSPECIFIED.);
#97=B_SPLINE_CURVE_WITH_KNOTS('',3,(#5245,#5246,#5247,#5248,#5249,#5250,#5251,#5252,#5253,#5254,#5255,#5256,#5257,#5258,#5259,#5260,#5261,#5262,#5263,#5264,#5265,#5266,#5267,#5268,#5269,#5270,#5271,#5272,#5273,#5274,#5275,#5276,#5277,#5278),.UNSPECIFIED.,.F.,.F.,(4,1,1,1,1,1,1,1,1,1,1,1,1,1,1,1,1,1,1,1,1,1,1,1,1,1,1,1,1,1,1,4),(0.,0.103000416310752,0.112602086818188,0.124997787693311,0.139664577964043,0.156295154557826,0.174680948552335,0.194668413745219,0.216138395335842,0.238994936075388,0.263158603014357,0.288562227667102,0.315148041388081,0.342865668217028,0.371670670958546,0.401523468631774,0.432388511559896,0.464233640246041,0.497029578518293,0.530749526817626,0.565368831540411,0.600864713071815,0.637216039758934,0.674403138303366,0.712407633358658,0.75121231079161,0.790801000299535,0.831158473997035,0.872270358283008,0.91412305683221,0.956703682968573,0.975050043863417),.UNSPECIFIED.);
#98=B_SPLINE_CURVE_WITH_KNOTS('',3,(#5286,#5287,#5288,#5289,#5290,#5291,#5292,#5293,#5294,#5295,#5296,#5297,#5298,#5299,#5300,#5301,#5302,#5303,#5304,#5305,#5306,#5307,#5308,#5309,#5310,#5311,#5312,#5313,#5314,#5315,#5316,#5317,#5318,#5319),.UNSPECIFIED.,.F.,.F.,(4,1,1,1,1,1,1,1,1,1,1,1,1,1,1,1,1,1,1,1,1,1,1,1,1,1,1,1,1,1,1,4),(0.,0.103000416310752,0.112602086818188,0.124997787693311,0.139664577964043,0.156295154557826,0.174680948552335,0.194668413745219,0.216138395335842,0.238994936075388,0.263158603014357,0.288562227667102,0.315148041388081,0.342865668217028,0.371670670958546,0.401523468631774,0.432388511559896,0.464233640246041,0.497029578518293,0.530749526817626,0.565368831540411,0.600864713071815,0.637216039758934,0.674403138303366,0.712407633358658,0.75121231079161,0.790801000299535,0.831158473997035,0.872270358283008,0.91412305683221,0.956703682968573,0.975050043863417),.UNSPECIFIED.);
#99=B_SPLINE_CURVE_WITH_KNOTS('',3,(#5320,#5321,#5322,#5323,#5324,#5325,#5326,#5327,#5328,#5329,#5330,#5331,#5332,#5333,#5334,#5335,#5336,#5337,#5338,#5339,#5340,#5341,#5342,#5343,#5344,#5345,#5346,#5347,#5348,#5349,#5350,#5351,#5352,#5353),.UNSPECIFIED.,.F.,.F.,(4,1,1,1,1,1,1,1,1,1,1,1,1,1,1,1,1,1,1,1,1,1,1,1,1,1,1,1,1,1,1,4),(0.,0.103000416310752,0.112602086818188,0.124997787693311,0.139664577964043,0.156295154557826,0.174680948552335,0.194668413745219,0.216138395335842,0.238994936075388,0.263158603014357,0.288562227667102,0.315148041388081,0.342865668217028,0.371670670958546,0.401523468631774,0.432388511559896,0.464233640246041,0.497029578518293,0.530749526817626,0.565368831540411,0.600864713071815,0.637216039758934,0.674403138303366,0.712407633358658,0.75121231079161,0.790801000299535,0.831158473997035,0.872270358283008,0.91412305683221,0.956703682968573,0.975050043863417),.UNSPECIFIED.);
#100=B_SPLINE_CURVE_WITH_KNOTS('',3,(#5361,#5362,#5363,#5364,#5365,#5366,#5367,#5368,#5369,#5370,#5371,#5372,#5373,#5374,#5375,#5376,#5377,#5378,#5379,#5380,#5381,#5382,#5383,#5384,#5385,#5386,#5387,#5388,#5389,#5390,#5391,#5392,#5393,#5394),.UNSPECIFIED.,.F.,.F.,(4,1,1,1,1,1,1,1,1,1,1,1,1,1,1,1,1,1,1,1,1,1,1,1,1,1,1,1,1,1,1,4),(0.,0.103000416310752,0.112602086818188,0.124997787693311,0.139664577964043,0.156295154557826,0.174680948552335,0.194668413745219,0.216138395335842,0.238994936075388,0.263158603014357,0.288562227667102,0.315148041388081,0.342865668217028,0.371670670958546,0.401523468631774,0.432388511559896,0.464233640246041,0.497029578518293,0.530749526817626,0.565368831540411,0.600864713071815,0.637216039758934,0.674403138303366,0.712407633358658,0.75121231079161,0.790801000299535,0.831158473997035,0.872270358283008,0.91412305683221,0.956703682968573,0.975050043863417),.UNSPECIFIED.);
#101=B_SPLINE_CURVE_WITH_KNOTS('',3,(#5395,#5396,#5397,#5398,#5399,#5400,#5401,#5402,#5403,#5404,#5405,#5406,#5407,#5408,#5409,#5410,#5411,#5412,#5413,#5414,#5415,#5416,#5417,#5418,#5419,#5420,#5421,#5422,#5423,#5424,#5425,#5426,#5427,#5428),.UNSPECIFIED.,.F.,.F.,(4,1,1,1,1,1,1,1,1,1,1,1,1,1,1,1,1,1,1,1,1,1,1,1,1,1,1,1,1,1,1,4),(0.,0.103000416310752,0.112602086818188,0.124997787693311,0.139664577964043,0.156295154557826,0.174680948552335,0.194668413745219,0.216138395335842,0.238994936075388,0.263158603014357,0.288562227667102,0.315148041388081,0.342865668217028,0.371670670958546,0.401523468631774,0.432388511559896,0.464233640246041,0.497029578518293,0.530749526817626,0.565368831540411,0.600864713071815,0.637216039758934,0.674403138303366,0.712407633358658,0.75121231079161,0.790801000299535,0.831158473997035,0.872270358283008,0.91412305683221,0.956703682968573,0.975050043863417),.UNSPECIFIED.);
#102=B_SPLINE_CURVE_WITH_KNOTS('',3,(#5436,#5437,#5438,#5439,#5440,#5441,#5442,#5443,#5444,#5445,#5446,#5447,#5448,#5449,#5450,#5451,#5452,#5453,#5454,#5455,#5456,#5457,#5458,#5459,#5460,#5461,#5462,#5463,#5464,#5465,#5466,#5467,#5468,#5469),.UNSPECIFIED.,.F.,.F.,(4,1,1,1,1,1,1,1,1,1,1,1,1,1,1,1,1,1,1,1,1,1,1,1,1,1,1,1,1,1,1,4),(0.,0.103000416310752,0.112602086818188,0.124997787693311,0.139664577964043,0.156295154557826,0.174680948552335,0.194668413745219,0.216138395335842,0.238994936075388,0.263158603014357,0.288562227667102,0.315148041388081,0.342865668217028,0.371670670958546,0.401523468631774,0.432388511559896,0.464233640246041,0.497029578518293,0.530749526817626,0.565368831540411,0.600864713071815,0.637216039758934,0.674403138303366,0.712407633358658,0.75121231079161,0.790801000299535,0.831158473997035,0.872270358283008,0.91412305683221,0.956703682968573,0.975050043863417),.UNSPECIFIED.);
#103=B_SPLINE_CURVE_WITH_KNOTS('',3,(#5470,#5471,#5472,#5473,#5474,#5475,#5476,#5477,#5478,#5479,#5480,#5481,#5482,#5483,#5484,#5485,#5486,#5487,#5488,#5489,#5490,#5491,#5492,#5493,#5494,#5495,#5496,#5497,#5498,#5499,#5500,#5501,#5502,#5503),.UNSPECIFIED.,.F.,.F.,(4,1,1,1,1,1,1,1,1,1,1,1,1,1,1,1,1,1,1,1,1,1,1,1,1,1,1,1,1,1,1,4),(0.,0.103000416310752,0.112602086818188,0.124997787693311,0.139664577964043,0.156295154557826,0.174680948552335,0.194668413745219,0.216138395335842,0.238994936075388,0.263158603014357,0.288562227667102,0.315148041388081,0.342865668217028,0.371670670958546,0.401523468631774,0.432388511559896,0.464233640246041,0.497029578518293,0.530749526817626,0.565368831540411,0.600864713071815,0.637216039758934,0.674403138303366,0.712407633358658,0.75121231079161,0.790801000299535,0.831158473997035,0.872270358283008,0.91412305683221,0.956703682968573,0.975050043863417),.UNSPECIFIED.);
#104=B_SPLINE_CURVE_WITH_KNOTS('',3,(#5511,#5512,#5513,#5514,#5515,#5516,#5517,#5518,#5519,#5520,#5521,#5522,#5523,#5524,#5525,#5526,#5527,#5528,#5529,#5530,#5531,#5532,#5533,#5534,#5535,#5536,#5537,#5538,#5539,#5540,#5541,#5542,#5543,#5544),.UNSPECIFIED.,.F.,.F.,(4,1,1,1,1,1,1,1,1,1,1,1,1,1,1,1,1,1,1,1,1,1,1,1,1,1,1,1,1,1,1,4),(0.,0.103000416310752,0.112602086818188,0.124997787693311,0.139664577964043,0.156295154557826,0.174680948552335,0.194668413745219,0.216138395335842,0.238994936075388,0.263158603014357,0.288562227667102,0.315148041388081,0.342865668217028,0.371670670958546,0.401523468631774,0.432388511559896,0.464233640246041,0.497029578518293,0.530749526817626,0.565368831540411,0.600864713071815,0.637216039758934,0.674403138303366,0.712407633358658,0.75121231079161,0.790801000299535,0.831158473997035,0.872270358283008,0.91412305683221,0.956703682968573,0.975050043863417),.UNSPECIFIED.);
#105=B_SPLINE_CURVE_WITH_KNOTS('',3,(#5545,#5546,#5547,#5548,#5549,#5550,#5551,#5552,#5553,#5554,#5555,#5556,#5557,#5558,#5559,#5560,#5561,#5562,#5563,#5564,#5565,#5566,#5567,#5568,#5569,#5570,#5571,#5572,#5573,#5574,#5575,#5576,#5577,#5578),.UNSPECIFIED.,.F.,.F.,(4,1,1,1,1,1,1,1,1,1,1,1,1,1,1,1,1,1,1,1,1,1,1,1,1,1,1,1,1,1,1,4),(0.,0.103000416310752,0.112602086818188,0.124997787693311,0.139664577964043,0.156295154557826,0.174680948552335,0.194668413745219,0.216138395335842,0.238994936075388,0.263158603014357,0.288562227667102,0.315148041388081,0.342865668217028,0.371670670958546,0.401523468631774,0.432388511559896,0.464233640246041,0.497029578518293,0.530749526817626,0.565368831540411,0.600864713071815,0.637216039758934,0.674403138303366,0.712407633358658,0.75121231079161,0.790801000299535,0.831158473997035,0.872270358283008,0.91412305683221,0.956703682968573,0.975050043863417),.UNSPECIFIED.);
#106=B_SPLINE_CURVE_WITH_KNOTS('',3,(#5586,#5587,#5588,#5589,#5590,#5591,#5592,#5593,#5594,#5595,#5596,#5597,#5598,#5599,#5600,#5601,#5602,#5603,#5604,#5605,#5606,#5607,#5608,#5609,#5610,#5611,#5612,#5613,#5614,#5615,#5616,#5617,#5618,#5619),.UNSPECIFIED.,.F.,.F.,(4,1,1,1,1,1,1,1,1,1,1,1,1,1,1,1,1,1,1,1,1,1,1,1,1,1,1,1,1,1,1,4),(0.,0.103000416310752,0.112602086818188,0.124997787693311,0.139664577964043,0.156295154557826,0.174680948552335,0.194668413745219,0.216138395335842,0.238994936075388,0.263158603014357,0.288562227667102,0.315148041388081,0.342865668217028,0.371670670958546,0.401523468631774,0.432388511559896,0.464233640246041,0.497029578518293,0.530749526817626,0.565368831540411,0.600864713071815,0.637216039758934,0.674403138303366,0.712407633358658,0.75121231079161,0.790801000299535,0.831158473997035,0.872270358283008,0.91412305683221,0.956703682968573,0.975050043863417),.UNSPECIFIED.);
#107=B_SPLINE_CURVE_WITH_KNOTS('',3,(#5620,#5621,#5622,#5623,#5624,#5625,#5626,#5627,#5628,#5629,#5630,#5631,#5632,#5633,#5634,#5635,#5636,#5637,#5638,#5639,#5640,#5641,#5642,#5643,#5644,#5645,#5646,#5647,#5648,#5649,#5650,#5651,#5652,#5653),.UNSPECIFIED.,.F.,.F.,(4,1,1,1,1,1,1,1,1,1,1,1,1,1,1,1,1,1,1,1,1,1,1,1,1,1,1,1,1,1,1,4),(0.,0.103000416310752,0.112602086818188,0.124997787693311,0.139664577964043,0.156295154557826,0.174680948552335,0.194668413745219,0.216138395335842,0.238994936075388,0.263158603014357,0.288562227667102,0.315148041388081,0.342865668217028,0.371670670958546,0.401523468631774,0.432388511559896,0.464233640246041,0.497029578518293,0.530749526817626,0.565368831540411,0.600864713071815,0.637216039758934,0.674403138303366,0.712407633358658,0.75121231079161,0.790801000299535,0.831158473997035,0.872270358283008,0.91412305683221,0.956703682968573,0.975050043863417),.UNSPECIFIED.);
#108=B_SPLINE_CURVE_WITH_KNOTS('',3,(#5661,#5662,#5663,#5664,#5665,#5666,#5667,#5668,#5669,#5670,#5671,#5672,#5673,#5674,#5675,#5676,#5677,#5678,#5679,#5680,#5681,#5682,#5683,#5684,#5685,#5686,#5687,#5688,#5689,#5690,#5691,#5692,#5693,#5694),.UNSPECIFIED.,.F.,.F.,(4,1,1,1,1,1,1,1,1,1,1,1,1,1,1,1,1,1,1,1,1,1,1,1,1,1,1,1,1,1,1,4),(0.,0.103000416310752,0.112602086818188,0.124997787693311,0.139664577964043,0.156295154557826,0.174680948552335,0.194668413745219,0.216138395335842,0.238994936075388,0.263158603014357,0.288562227667102,0.315148041388081,0.342865668217028,0.371670670958546,0.401523468631774,0.432388511559896,0.464233640246041,0.497029578518293,0.530749526817626,0.565368831540411,0.600864713071815,0.637216039758934,0.674403138303366,0.712407633358658,0.75121231079161,0.790801000299535,0.831158473997035,0.872270358283008,0.91412305683221,0.956703682968573,0.975050043863417),.UNSPECIFIED.);
#109=B_SPLINE_CURVE_WITH_KNOTS('',3,(#5695,#5696,#5697,#5698,#5699,#5700,#5701,#5702,#5703,#5704,#5705,#5706,#5707,#5708,#5709,#5710,#5711,#5712,#5713,#5714,#5715,#5716,#5717,#5718,#5719,#5720,#5721,#5722,#5723,#5724,#5725,#5726,#5727,#5728),.UNSPECIFIED.,.F.,.F.,(4,1,1,1,1,1,1,1,1,1,1,1,1,1,1,1,1,1,1,1,1,1,1,1,1,1,1,1,1,1,1,4),(0.,0.103000416310752,0.112602086818188,0.124997787693311,0.139664577964043,0.156295154557826,0.174680948552335,0.194668413745219,0.216138395335842,0.238994936075388,0.263158603014357,0.288562227667102,0.315148041388081,0.342865668217028,0.371670670958546,0.401523468631774,0.432388511559896,0.464233640246041,0.497029578518293,0.530749526817626,0.565368831540411,0.600864713071815,0.637216039758934,0.674403138303366,0.712407633358658,0.75121231079161,0.790801000299535,0.831158473997035,0.872270358283008,0.91412305683221,0.956703682968573,0.975050043863417),.UNSPECIFIED.);
#110=B_SPLINE_CURVE_WITH_KNOTS('',3,(#5736,#5737,#5738,#5739,#5740,#5741,#5742,#5743,#5744,#5745,#5746,#5747,#5748,#5749,#5750,#5751,#5752,#5753,#5754,#5755,#5756,#5757,#5758,#5759,#5760,#5761,#5762,#5763,#5764,#5765,#5766,#5767,#5768,#5769),.UNSPECIFIED.,.F.,.F.,(4,1,1,1,1,1,1,1,1,1,1,1,1,1,1,1,1,1,1,1,1,1,1,1,1,1,1,1,1,1,1,4),(0.,0.103000416310752,0.112602086818188,0.124997787693311,0.139664577964043,0.156295154557826,0.174680948552335,0.194668413745219,0.216138395335842,0.238994936075388,0.263158603014357,0.288562227667102,0.315148041388081,0.342865668217028,0.371670670958546,0.401523468631774,0.432388511559896,0.464233640246041,0.497029578518293,0.530749526817626,0.565368831540411,0.600864713071815,0.637216039758934,0.674403138303366,0.712407633358658,0.75121231079161,0.790801000299535,0.831158473997035,0.872270358283008,0.91412305683221,0.956703682968573,0.975050043863417),.UNSPECIFIED.);
#111=B_SPLINE_CURVE_WITH_KNOTS('',3,(#5770,#5771,#5772,#5773,#5774,#5775,#5776,#5777,#5778,#5779,#5780,#5781,#5782,#5783,#5784,#5785,#5786,#5787,#5788,#5789,#5790,#5791,#5792,#5793,#5794,#5795,#5796,#5797,#5798,#5799,#5800,#5801,#5802,#5803),.UNSPECIFIED.,.F.,.F.,(4,1,1,1,1,1,1,1,1,1,1,1,1,1,1,1,1,1,1,1,1,1,1,1,1,1,1,1,1,1,1,4),(0.,0.103000416310752,0.112602086818188,0.124997787693311,0.139664577964043,0.156295154557826,0.174680948552335,0.194668413745219,0.216138395335842,0.238994936075388,0.263158603014357,0.288562227667102,0.315148041388081,0.342865668217028,0.371670670958546,0.401523468631774,0.432388511559896,0.464233640246041,0.497029578518293,0.530749526817626,0.565368831540411,0.600864713071815,0.637216039758934,0.674403138303366,0.712407633358658,0.75121231079161,0.790801000299535,0.831158473997035,0.872270358283008,0.91412305683221,0.956703682968573,0.975050043863417),.UNSPECIFIED.);
#112=B_SPLINE_CURVE_WITH_KNOTS('',3,(#5811,#5812,#5813,#5814,#5815,#5816,#5817,#5818,#5819,#5820,#5821,#5822,#5823,#5824,#5825,#5826,#5827,#5828,#5829,#5830,#5831,#5832,#5833,#5834,#5835,#5836,#5837,#5838,#5839,#5840,#5841,#5842,#5843,#5844),.UNSPECIFIED.,.F.,.F.,(4,1,1,1,1,1,1,1,1,1,1,1,1,1,1,1,1,1,1,1,1,1,1,1,1,1,1,1,1,1,1,4),(0.,0.103000416310752,0.112602086818188,0.124997787693311,0.139664577964043,0.156295154557826,0.174680948552335,0.194668413745219,0.216138395335842,0.238994936075388,0.263158603014357,0.288562227667102,0.315148041388081,0.342865668217028,0.371670670958546,0.401523468631774,0.432388511559896,0.464233640246041,0.497029578518293,0.530749526817626,0.565368831540411,0.600864713071815,0.637216039758934,0.674403138303366,0.712407633358658,0.75121231079161,0.790801000299535,0.831158473997035,0.872270358283008,0.91412305683221,0.956703682968573,0.975050043863417),.UNSPECIFIED.);
#113=B_SPLINE_CURVE_WITH_KNOTS('',3,(#5845,#5846,#5847,#5848,#5849,#5850,#5851,#5852,#5853,#5854,#5855,#5856,#5857,#5858,#5859,#5860,#5861,#5862,#5863,#5864,#5865,#5866,#5867,#5868,#5869,#5870,#5871,#5872,#5873,#5874,#5875,#5876,#5877,#5878),.UNSPECIFIED.,.F.,.F.,(4,1,1,1,1,1,1,1,1,1,1,1,1,1,1,1,1,1,1,1,1,1,1,1,1,1,1,1,1,1,1,4),(0.,0.103000416310752,0.112602086818188,0.124997787693311,0.139664577964043,0.156295154557826,0.174680948552335,0.194668413745219,0.216138395335842,0.238994936075388,0.263158603014357,0.288562227667102,0.315148041388081,0.342865668217028,0.371670670958546,0.401523468631774,0.432388511559896,0.464233640246041,0.497029578518293,0.530749526817626,0.565368831540411,0.600864713071815,0.637216039758934,0.674403138303366,0.712407633358658,0.75121231079161,0.790801000299535,0.831158473997035,0.872270358283008,0.91412305683221,0.956703682968573,0.975050043863417),.UNSPECIFIED.);
#114=B_SPLINE_CURVE_WITH_KNOTS('',3,(#5886,#5887,#5888,#5889,#5890,#5891,#5892,#5893,#5894,#5895,#5896,#5897,#5898,#5899,#5900,#5901,#5902,#5903,#5904,#5905,#5906,#5907,#5908,#5909,#5910,#5911,#5912,#5913,#5914,#5915,#5916,#5917,#5918,#5919),.UNSPECIFIED.,.F.,.F.,(4,1,1,1,1,1,1,1,1,1,1,1,1,1,1,1,1,1,1,1,1,1,1,1,1,1,1,1,1,1,1,4),(0.,0.103000416310752,0.112602086818188,0.124997787693311,0.139664577964043,0.156295154557826,0.174680948552335,0.194668413745219,0.216138395335842,0.238994936075388,0.263158603014357,0.288562227667102,0.315148041388081,0.342865668217028,0.371670670958546,0.401523468631774,0.432388511559896,0.464233640246041,0.497029578518293,0.530749526817626,0.565368831540411,0.600864713071815,0.637216039758934,0.674403138303366,0.712407633358658,0.75121231079161,0.790801000299535,0.831158473997035,0.872270358283008,0.91412305683221,0.956703682968573,0.975050043863417),.UNSPECIFIED.);
#115=B_SPLINE_CURVE_WITH_KNOTS('',3,(#5920,#5921,#5922,#5923,#5924,#5925,#5926,#5927,#5928,#5929,#5930,#5931,#5932,#5933,#5934,#5935,#5936,#5937,#5938,#5939,#5940,#5941,#5942,#5943,#5944,#5945,#5946,#5947,#5948,#5949,#5950,#5951,#5952,#5953),.UNSPECIFIED.,.F.,.F.,(4,1,1,1,1,1,1,1,1,1,1,1,1,1,1,1,1,1,1,1,1,1,1,1,1,1,1,1,1,1,1,4),(0.,0.103000416310752,0.112602086818188,0.124997787693311,0.139664577964043,0.156295154557826,0.174680948552335,0.194668413745219,0.216138395335842,0.238994936075388,0.263158603014357,0.288562227667102,0.315148041388081,0.342865668217028,0.371670670958546,0.401523468631774,0.432388511559896,0.464233640246041,0.497029578518293,0.530749526817626,0.565368831540411,0.600864713071815,0.637216039758934,0.674403138303366,0.712407633358658,0.75121231079161,0.790801000299535,0.831158473997035,0.872270358283008,0.91412305683221,0.956703682968573,0.975050043863417),.UNSPECIFIED.);
#116=B_SPLINE_CURVE_WITH_KNOTS('',3,(#5961,#5962,#5963,#5964,#5965,#5966,#5967,#5968,#5969,#5970,#5971,#5972,#5973,#5974,#5975,#5976,#5977,#5978,#5979,#5980,#5981,#5982,#5983,#5984,#5985,#5986,#5987,#5988,#5989,#5990,#5991,#5992,#5993,#5994),.UNSPECIFIED.,.F.,.F.,(4,1,1,1,1,1,1,1,1,1,1,1,1,1,1,1,1,1,1,1,1,1,1,1,1,1,1,1,1,1,1,4),(0.,0.103000416310752,0.112602086818188,0.124997787693311,0.139664577964043,0.156295154557826,0.174680948552335,0.194668413745219,0.216138395335842,0.238994936075388,0.263158603014357,0.288562227667102,0.315148041388081,0.342865668217028,0.371670670958546,0.401523468631774,0.432388511559896,0.464233640246041,0.497029578518293,0.530749526817626,0.565368831540411,0.600864713071815,0.637216039758934,0.674403138303366,0.712407633358658,0.75121231079161,0.790801000299535,0.831158473997035,0.872270358283008,0.91412305683221,0.956703682968573,0.975050043863417),.UNSPECIFIED.);
#117=B_SPLINE_CURVE_WITH_KNOTS('',3,(#5995,#5996,#5997,#5998,#5999,#6000,#6001,#6002,#6003,#6004,#6005,#6006,#6007,#6008,#6009,#6010,#6011,#6012,#6013,#6014,#6015,#6016,#6017,#6018,#6019,#6020,#6021,#6022,#6023,#6024,#6025,#6026,#6027,#6028),.UNSPECIFIED.,.F.,.F.,(4,1,1,1,1,1,1,1,1,1,1,1,1,1,1,1,1,1,1,1,1,1,1,1,1,1,1,1,1,1,1,4),(0.,0.103000416310752,0.112602086818188,0.124997787693311,0.139664577964043,0.156295154557826,0.174680948552335,0.194668413745219,0.216138395335842,0.238994936075388,0.263158603014357,0.288562227667102,0.315148041388081,0.342865668217028,0.371670670958546,0.401523468631774,0.432388511559896,0.464233640246041,0.497029578518293,0.530749526817626,0.565368831540411,0.600864713071815,0.637216039758934,0.674403138303366,0.712407633358658,0.75121231079161,0.790801000299535,0.831158473997035,0.872270358283008,0.91412305683221,0.956703682968573,0.975050043863417),.UNSPECIFIED.);
#118=B_SPLINE_CURVE_WITH_KNOTS('',3,(#6036,#6037,#6038,#6039,#6040,#6041,#6042,#6043,#6044,#6045,#6046,#6047,#6048,#6049,#6050,#6051,#6052,#6053,#6054,#6055,#6056,#6057,#6058,#6059,#6060,#6061,#6062,#6063,#6064,#6065,#6066,#6067,#6068,#6069),.UNSPECIFIED.,.F.,.F.,(4,1,1,1,1,1,1,1,1,1,1,1,1,1,1,1,1,1,1,1,1,1,1,1,1,1,1,1,1,1,1,4),(0.,0.103000416310752,0.112602086818188,0.124997787693311,0.139664577964043,0.156295154557826,0.174680948552335,0.194668413745219,0.216138395335842,0.238994936075388,0.263158603014357,0.288562227667102,0.315148041388081,0.342865668217028,0.371670670958546,0.401523468631774,0.432388511559896,0.464233640246041,0.497029578518293,0.530749526817626,0.565368831540411,0.600864713071815,0.637216039758934,0.674403138303366,0.712407633358658,0.75121231079161,0.790801000299535,0.831158473997035,0.872270358283008,0.91412305683221,0.956703682968573,0.975050043863417),.UNSPECIFIED.);
#119=B_SPLINE_CURVE_WITH_KNOTS('',3,(#6070,#6071,#6072,#6073,#6074,#6075,#6076,#6077,#6078,#6079,#6080,#6081,#6082,#6083,#6084,#6085,#6086,#6087,#6088,#6089,#6090,#6091,#6092,#6093,#6094,#6095,#6096,#6097,#6098,#6099,#6100,#6101,#6102,#6103),.UNSPECIFIED.,.F.,.F.,(4,1,1,1,1,1,1,1,1,1,1,1,1,1,1,1,1,1,1,1,1,1,1,1,1,1,1,1,1,1,1,4),(0.,0.103000416310752,0.112602086818188,0.124997787693311,0.139664577964043,0.156295154557826,0.174680948552335,0.194668413745219,0.216138395335842,0.238994936075388,0.263158603014357,0.288562227667102,0.315148041388081,0.342865668217028,0.371670670958546,0.401523468631774,0.432388511559896,0.464233640246041,0.497029578518293,0.530749526817626,0.565368831540411,0.600864713071815,0.637216039758934,0.674403138303366,0.712407633358658,0.75121231079161,0.790801000299535,0.831158473997035,0.872270358283008,0.91412305683221,0.956703682968573,0.975050043863417),.UNSPECIFIED.);
#120=B_SPLINE_CURVE_WITH_KNOTS('',3,(#6111,#6112,#6113,#6114,#6115,#6116,#6117,#6118,#6119,#6120,#6121,#6122,#6123,#6124,#6125,#6126,#6127,#6128,#6129,#6130,#6131,#6132,#6133,#6134,#6135,#6136,#6137,#6138,#6139,#6140,#6141,#6142,#6143,#6144),.UNSPECIFIED.,.F.,.F.,(4,1,1,1,1,1,1,1,1,1,1,1,1,1,1,1,1,1,1,1,1,1,1,1,1,1,1,1,1,1,1,4),(0.,0.103000416310752,0.112602086818188,0.124997787693311,0.139664577964043,0.156295154557826,0.174680948552335,0.194668413745219,0.216138395335842,0.238994936075388,0.263158603014357,0.288562227667102,0.315148041388081,0.342865668217028,0.371670670958546,0.401523468631774,0.432388511559896,0.464233640246041,0.497029578518293,0.530749526817626,0.565368831540411,0.600864713071815,0.637216039758934,0.674403138303366,0.712407633358658,0.75121231079161,0.790801000299535,0.831158473997035,0.872270358283008,0.91412305683221,0.956703682968573,0.975050043863417),.UNSPECIFIED.);
#121=B_SPLINE_CURVE_WITH_KNOTS('',3,(#6145,#6146,#6147,#6148,#6149,#6150,#6151,#6152,#6153,#6154,#6155,#6156,#6157,#6158,#6159,#6160,#6161,#6162,#6163,#6164,#6165,#6166,#6167,#6168,#6169,#6170,#6171,#6172,#6173,#6174,#6175,#6176,#6177,#6178),.UNSPECIFIED.,.F.,.F.,(4,1,1,1,1,1,1,1,1,1,1,1,1,1,1,1,1,1,1,1,1,1,1,1,1,1,1,1,1,1,1,4),(0.,0.103000416310752,0.112602086818188,0.124997787693311,0.139664577964043,0.156295154557826,0.174680948552335,0.194668413745219,0.216138395335842,0.238994936075388,0.263158603014357,0.288562227667102,0.315148041388081,0.342865668217028,0.371670670958546,0.401523468631774,0.432388511559896,0.464233640246041,0.497029578518293,0.530749526817626,0.565368831540411,0.600864713071815,0.637216039758934,0.674403138303366,0.712407633358658,0.75121231079161,0.790801000299535,0.831158473997035,0.872270358283008,0.91412305683221,0.956703682968573,0.975050043863417),.UNSPECIFIED.);
#122=B_SPLINE_CURVE_WITH_KNOTS('',3,(#6186,#6187,#6188,#6189,#6190,#6191,#6192,#6193,#6194,#6195,#6196,#6197,#6198,#6199,#6200,#6201,#6202,#6203,#6204,#6205,#6206,#6207,#6208,#6209,#6210,#6211,#6212,#6213,#6214,#6215,#6216,#6217,#6218,#6219),.UNSPECIFIED.,.F.,.F.,(4,1,1,1,1,1,1,1,1,1,1,1,1,1,1,1,1,1,1,1,1,1,1,1,1,1,1,1,1,1,1,4),(0.,0.103000416310752,0.112602086818188,0.124997787693311,0.139664577964043,0.156295154557826,0.174680948552335,0.194668413745219,0.216138395335842,0.238994936075388,0.263158603014357,0.288562227667102,0.315148041388081,0.342865668217028,0.371670670958546,0.401523468631774,0.432388511559896,0.464233640246041,0.497029578518293,0.530749526817626,0.565368831540411,0.600864713071815,0.637216039758934,0.674403138303366,0.712407633358658,0.75121231079161,0.790801000299535,0.831158473997035,0.872270358283008,0.91412305683221,0.956703682968573,0.975050043863417),.UNSPECIFIED.);
#123=B_SPLINE_CURVE_WITH_KNOTS('',3,(#6220,#6221,#6222,#6223,#6224,#6225,#6226,#6227,#6228,#6229,#6230,#6231,#6232,#6233,#6234,#6235,#6236,#6237,#6238,#6239,#6240,#6241,#6242,#6243,#6244,#6245,#6246,#6247,#6248,#6249,#6250,#6251,#6252,#6253),.UNSPECIFIED.,.F.,.F.,(4,1,1,1,1,1,1,1,1,1,1,1,1,1,1,1,1,1,1,1,1,1,1,1,1,1,1,1,1,1,1,4),(0.,0.103000416310752,0.112602086818188,0.124997787693311,0.139664577964043,0.156295154557826,0.174680948552335,0.194668413745219,0.216138395335842,0.238994936075388,0.263158603014357,0.288562227667102,0.315148041388081,0.342865668217028,0.371670670958546,0.401523468631774,0.432388511559896,0.464233640246041,0.497029578518293,0.530749526817626,0.565368831540411,0.600864713071815,0.637216039758934,0.674403138303366,0.712407633358658,0.75121231079161,0.790801000299535,0.831158473997035,0.872270358283008,0.91412305683221,0.956703682968573,0.975050043863417),.UNSPECIFIED.);
#124=B_SPLINE_CURVE_WITH_KNOTS('',3,(#6261,#6262,#6263,#6264,#6265,#6266,#6267,#6268,#6269,#6270,#6271,#6272,#6273,#6274,#6275,#6276,#6277,#6278,#6279,#6280,#6281,#6282,#6283,#6284,#6285,#6286,#6287,#6288,#6289,#6290,#6291,#6292,#6293,#6294),.UNSPECIFIED.,.F.,.F.,(4,1,1,1,1,1,1,1,1,1,1,1,1,1,1,1,1,1,1,1,1,1,1,1,1,1,1,1,1,1,1,4),(0.,0.103000416310752,0.112602086818188,0.124997787693311,0.139664577964043,0.156295154557826,0.174680948552335,0.194668413745219,0.216138395335842,0.238994936075388,0.263158603014357,0.288562227667102,0.315148041388081,0.342865668217028,0.371670670958546,0.401523468631774,0.432388511559896,0.464233640246041,0.497029578518293,0.530749526817626,0.565368831540411,0.600864713071815,0.637216039758934,0.674403138303366,0.712407633358658,0.75121231079161,0.790801000299535,0.831158473997035,0.872270358283008,0.91412305683221,0.956703682968573,0.975050043863417),.UNSPECIFIED.);
#125=B_SPLINE_CURVE_WITH_KNOTS('',3,(#6295,#6296,#6297,#6298,#6299,#6300,#6301,#6302,#6303,#6304,#6305,#6306,#6307,#6308,#6309,#6310,#6311,#6312,#6313,#6314,#6315,#6316,#6317,#6318,#6319,#6320,#6321,#6322,#6323,#6324,#6325,#6326,#6327,#6328),.UNSPECIFIED.,.F.,.F.,(4,1,1,1,1,1,1,1,1,1,1,1,1,1,1,1,1,1,1,1,1,1,1,1,1,1,1,1,1,1,1,4),(0.,0.103000416310752,0.112602086818188,0.124997787693311,0.139664577964043,0.156295154557826,0.174680948552335,0.194668413745219,0.216138395335842,0.238994936075388,0.263158603014357,0.288562227667102,0.315148041388081,0.342865668217028,0.371670670958546,0.401523468631774,0.432388511559896,0.464233640246041,0.497029578518293,0.530749526817626,0.565368831540411,0.600864713071815,0.637216039758934,0.674403138303366,0.712407633358658,0.75121231079161,0.790801000299535,0.831158473997035,0.872270358283008,0.91412305683221,0.956703682968573,0.975050043863417),.UNSPECIFIED.);
#126=B_SPLINE_CURVE_WITH_KNOTS('',3,(#6336,#6337,#6338,#6339,#6340,#6341,#6342,#6343,#6344,#6345,#6346,#6347,#6348,#6349,#6350,#6351,#6352,#6353,#6354,#6355,#6356,#6357,#6358,#6359,#6360,#6361,#6362,#6363,#6364,#6365,#6366,#6367,#6368,#6369),.UNSPECIFIED.,.F.,.F.,(4,1,1,1,1,1,1,1,1,1,1,1,1,1,1,1,1,1,1,1,1,1,1,1,1,1,1,1,1,1,1,4),(0.,0.103000416310752,0.112602086818188,0.124997787693311,0.139664577964043,0.156295154557826,0.174680948552335,0.194668413745219,0.216138395335842,0.238994936075388,0.263158603014357,0.288562227667102,0.315148041388081,0.342865668217028,0.371670670958546,0.401523468631774,0.432388511559896,0.464233640246041,0.497029578518293,0.530749526817626,0.565368831540411,0.600864713071815,0.637216039758934,0.674403138303366,0.712407633358658,0.75121231079161,0.790801000299535,0.831158473997035,0.872270358283008,0.91412305683221,0.956703682968573,0.975050043863417),.UNSPECIFIED.);
#127=B_SPLINE_CURVE_WITH_KNOTS('',3,(#6370,#6371,#6372,#6373,#6374,#6375,#6376,#6377,#6378,#6379,#6380,#6381,#6382,#6383,#6384,#6385,#6386,#6387,#6388,#6389,#6390,#6391,#6392,#6393,#6394,#6395,#6396,#6397,#6398,#6399,#6400,#6401,#6402,#6403),.UNSPECIFIED.,.F.,.F.,(4,1,1,1,1,1,1,1,1,1,1,1,1,1,1,1,1,1,1,1,1,1,1,1,1,1,1,1,1,1,1,4),(0.,0.103000416310752,0.112602086818188,0.124997787693311,0.139664577964043,0.156295154557826,0.174680948552335,0.194668413745219,0.216138395335842,0.238994936075388,0.263158603014357,0.288562227667102,0.315148041388081,0.342865668217028,0.371670670958546,0.401523468631774,0.432388511559896,0.464233640246041,0.497029578518293,0.530749526817626,0.565368831540411,0.600864713071815,0.637216039758934,0.674403138303366,0.712407633358658,0.75121231079161,0.790801000299535,0.831158473997035,0.872270358283008,0.91412305683221,0.956703682968573,0.975050043863417),.UNSPECIFIED.);
#128=B_SPLINE_CURVE_WITH_KNOTS('',3,(#6411,#6412,#6413,#6414,#6415,#6416,#6417,#6418,#6419,#6420,#6421,#6422,#6423,#6424,#6425,#6426,#6427,#6428,#6429,#6430,#6431,#6432,#6433,#6434,#6435,#6436,#6437,#6438,#6439,#6440,#6441,#6442,#6443,#6444),.UNSPECIFIED.,.F.,.F.,(4,1,1,1,1,1,1,1,1,1,1,1,1,1,1,1,1,1,1,1,1,1,1,1,1,1,1,1,1,1,1,4),(0.,0.103000416310752,0.112602086818188,0.124997787693311,0.139664577964043,0.156295154557826,0.174680948552335,0.194668413745219,0.216138395335842,0.238994936075388,0.263158603014357,0.288562227667102,0.315148041388081,0.342865668217028,0.371670670958546,0.401523468631774,0.432388511559896,0.464233640246041,0.497029578518293,0.530749526817626,0.565368831540411,0.600864713071815,0.637216039758934,0.674403138303366,0.712407633358658,0.75121231079161,0.790801000299535,0.831158473997035,0.872270358283008,0.91412305683221,0.956703682968573,0.975050043863417),.UNSPECIFIED.);
#129=B_SPLINE_CURVE_WITH_KNOTS('',3,(#6445,#6446,#6447,#6448,#6449,#6450,#6451,#6452,#6453,#6454,#6455,#6456,#6457,#6458,#6459,#6460,#6461,#6462,#6463,#6464,#6465,#6466,#6467,#6468,#6469,#6470,#6471,#6472,#6473,#6474,#6475,#6476,#6477,#6478),.UNSPECIFIED.,.F.,.F.,(4,1,1,1,1,1,1,1,1,1,1,1,1,1,1,1,1,1,1,1,1,1,1,1,1,1,1,1,1,1,1,4),(0.,0.103000416310752,0.112602086818188,0.124997787693311,0.139664577964043,0.156295154557826,0.174680948552335,0.194668413745219,0.216138395335842,0.238994936075388,0.263158603014357,0.288562227667102,0.315148041388081,0.342865668217028,0.371670670958546,0.401523468631774,0.432388511559896,0.464233640246041,0.497029578518293,0.530749526817626,0.565368831540411,0.600864713071815,0.637216039758934,0.674403138303366,0.712407633358658,0.75121231079161,0.790801000299535,0.831158473997035,0.872270358283008,0.91412305683221,0.956703682968573,0.975050043863417),.UNSPECIFIED.);
#130=B_SPLINE_CURVE_WITH_KNOTS('',3,(#6486,#6487,#6488,#6489,#6490,#6491,#6492,#6493,#6494,#6495,#6496,#6497,#6498,#6499,#6500,#6501,#6502,#6503,#6504,#6505,#6506,#6507,#6508,#6509,#6510,#6511,#6512,#6513,#6514,#6515,#6516,#6517,#6518,#6519),.UNSPECIFIED.,.F.,.F.,(4,1,1,1,1,1,1,1,1,1,1,1,1,1,1,1,1,1,1,1,1,1,1,1,1,1,1,1,1,1,1,4),(0.,0.103000416310752,0.112602086818188,0.124997787693311,0.139664577964043,0.156295154557826,0.174680948552335,0.194668413745219,0.216138395335842,0.238994936075388,0.263158603014357,0.288562227667102,0.315148041388081,0.342865668217028,0.371670670958546,0.401523468631774,0.432388511559896,0.464233640246041,0.497029578518293,0.530749526817626,0.565368831540411,0.600864713071815,0.637216039758934,0.674403138303366,0.712407633358658,0.75121231079161,0.790801000299535,0.831158473997035,0.872270358283008,0.91412305683221,0.956703682968573,0.975050043863417),.UNSPECIFIED.);
#131=B_SPLINE_CURVE_WITH_KNOTS('',3,(#6520,#6521,#6522,#6523,#6524,#6525,#6526,#6527,#6528,#6529,#6530,#6531,#6532,#6533,#6534,#6535,#6536,#6537,#6538,#6539,#6540,#6541,#6542,#6543,#6544,#6545,#6546,#6547,#6548,#6549,#6550,#6551,#6552,#6553),.UNSPECIFIED.,.F.,.F.,(4,1,1,1,1,1,1,1,1,1,1,1,1,1,1,1,1,1,1,1,1,1,1,1,1,1,1,1,1,1,1,4),(0.,0.103000416310752,0.112602086818188,0.124997787693311,0.139664577964043,0.156295154557826,0.174680948552335,0.194668413745219,0.216138395335842,0.238994936075388,0.263158603014357,0.288562227667102,0.315148041388081,0.342865668217028,0.371670670958546,0.401523468631774,0.432388511559896,0.464233640246041,0.497029578518293,0.530749526817626,0.565368831540411,0.600864713071815,0.637216039758934,0.674403138303366,0.712407633358658,0.75121231079161,0.790801000299535,0.831158473997035,0.872270358283008,0.91412305683221,0.956703682968573,0.975050043863417),.UNSPECIFIED.);
#132=PLANE('',#2506);
#133=PLANE('',#2573);
#134=PLANE('',#2697);
#135=PLANE('',#2701);
#136=PLANE('',#2702);
#137=PLANE('',#2706);
#138=PLANE('',#2707);
#139=LINE('',#3372,#259);
#140=LINE('',#3377,#260);
#141=LINE('',#3384,#261);
#142=LINE('',#3388,#262);
#143=LINE('',#3393,#263);
#144=LINE('',#3397,#264);
#145=LINE('',#3402,#265);
#146=LINE('',#3406,#266);
#147=LINE('',#3411,#267);
#148=LINE('',#3415,#268);
#149=LINE('',#3420,#269);
#150=LINE('',#3424,#270);
#151=LINE('',#3429,#271);
#152=LINE('',#3433,#272);
#153=LINE('',#3438,#273);
#154=LINE('',#3442,#274);
#155=LINE('',#3444,#275);
#156=LINE('',#3449,#276);
#157=LINE('',#3456,#277);
#158=LINE('',#3460,#278);
#159=LINE('',#3462,#279);
#160=LINE('',#3467,#280);
#161=LINE('',#3471,#281);
#162=LINE('',#3476,#282);
#163=LINE('',#3480,#283);
#164=LINE('',#3485,#284);
#165=LINE('',#3492,#285);
#166=LINE('',#3496,#286);
#167=LINE('',#3501,#287);
#168=LINE('',#3505,#288);
#169=LINE('',#3510,#289);
#170=LINE('',#3514,#290);
#171=LINE('',#3516,#291);
#172=LINE('',#3521,#292);
#173=LINE('',#3528,#293);
#174=LINE('',#3532,#294);
#175=LINE('',#3537,#295);
#176=LINE('',#3541,#296);
#177=LINE('',#5052,#297);
#178=LINE('',#5056,#298);
#179=LINE('',#6586,#299);
#180=LINE('',#6615,#300);
#181=LINE('',#6617,#301);
#182=LINE('',#6618,#302);
#183=LINE('',#6649,#303);
#184=LINE('',#6678,#304);
#185=LINE('',#6680,#305);
#186=LINE('',#6681,#306);
#187=LINE('',#6712,#307);
#188=LINE('',#6741,#308);
#189=LINE('',#6743,#309);
#190=LINE('',#6744,#310);
#191=LINE('',#6775,#311);
#192=LINE('',#6804,#312);
#193=LINE('',#6806,#313);
#194=LINE('',#6807,#314);
#195=LINE('',#6838,#315);
#196=LINE('',#6867,#316);
#197=LINE('',#6869,#317);
#198=LINE('',#6870,#318);
#199=LINE('',#6901,#319);
#200=LINE('',#6930,#320);
#201=LINE('',#6932,#321);
#202=LINE('',#6933,#322);
#203=LINE('',#6964,#323);
#204=LINE('',#6993,#324);
#205=LINE('',#6995,#325);
#206=LINE('',#6996,#326);
#207=LINE('',#7027,#327);
#208=LINE('',#7056,#328);
#209=LINE('',#7058,#329);
#210=LINE('',#7059,#330);
#211=LINE('',#7090,#331);
#212=LINE('',#7119,#332);
#213=LINE('',#7121,#333);
#214=LINE('',#7122,#334);
#215=LINE('',#7153,#335);
#216=LINE('',#7182,#336);
#217=LINE('',#7184,#337);
#218=LINE('',#7185,#338);
#219=LINE('',#7216,#339);
#220=LINE('',#7245,#340);
#221=LINE('',#7247,#341);
#222=LINE('',#7248,#342);
#223=LINE('',#7279,#343);
#224=LINE('',#7308,#344);
#225=LINE('',#7310,#345);
#226=LINE('',#7311,#346);
#227=LINE('',#7342,#347);
#228=LINE('',#7371,#348);
#229=LINE('',#7373,#349);
#230=LINE('',#7374,#350);
#231=LINE('',#7405,#351);
#232=LINE('',#7434,#352);
#233=LINE('',#7436,#353);
#234=LINE('',#7437,#354);
#235=LINE('',#7468,#355);
#236=LINE('',#7497,#356);
#237=LINE('',#7499,#357);
#238=LINE('',#7500,#358);
#239=LINE('',#7531,#359);
#240=LINE('',#7560,#360);
#241=LINE('',#7562,#361);
#242=LINE('',#7563,#362);
#243=LINE('',#7594,#363);
#244=LINE('',#7623,#364);
#245=LINE('',#7625,#365);
#246=LINE('',#7626,#366);
#247=LINE('',#7657,#367);
#248=LINE('',#7686,#368);
#249=LINE('',#7688,#369);
#250=LINE('',#7689,#370);
#251=LINE('',#7720,#371);
#252=LINE('',#7749,#372);
#253=LINE('',#7751,#373);
#254=LINE('',#7752,#374);
#255=LINE('',#7783,#375);
#256=LINE('',#7812,#376);
#257=LINE('',#7814,#377);
#258=LINE('',#7815,#378);
#259=VECTOR('',#2724,1.);
#260=VECTOR('',#2727,1.);
#261=VECTOR('',#2734,1.);
#262=VECTOR('',#2737,1.);
#263=VECTOR('',#2742,1.);
#264=VECTOR('',#2745,1.);
#265=VECTOR('',#2750,1.);
#266=VECTOR('',#2753,1.);
#267=VECTOR('',#2758,1.);
#268=VECTOR('',#2761,1.);
#269=VECTOR('',#2766,1.);
#270=VECTOR('',#2769,1.);
#271=VECTOR('',#2774,1.);
#272=VECTOR('',#2777,1.);
#273=VECTOR('',#2782,1.);
#274=VECTOR('',#2785,1.);
#275=VECTOR('',#2788,1.);
#276=VECTOR('',#2791,1.);
#277=VECTOR('',#2798,1.);
#278=VECTOR('',#2801,1.);
#279=VECTOR('',#2804,1.);
#280=VECTOR('',#2807,1.);
#281=VECTOR('',#2812,1.);
#282=VECTOR('',#2815,1.);
#283=VECTOR('',#2820,1.);
#284=VECTOR('',#2823,1.);
#285=VECTOR('',#2830,1.);
#286=VECTOR('',#2833,1.);
#287=VECTOR('',#2838,1.);
#288=VECTOR('',#2841,1.);
#289=VECTOR('',#2846,1.);
#290=VECTOR('',#2849,1.);
#291=VECTOR('',#2852,1.);
#292=VECTOR('',#2855,1.);
#293=VECTOR('',#2862,1.);
#294=VECTOR('',#2865,1.);
#295=VECTOR('',#2870,1.);
#296=VECTOR('',#2873,1.);
#297=VECTOR('',#3006,1.);
#298=VECTOR('',#3009,1.);
#299=VECTOR('',#3132,1.);
#300=VECTOR('',#3133,1.);
#301=VECTOR('',#3136,1.);
#302=VECTOR('',#3137,1.);
#303=VECTOR('',#3142,1.);
#304=VECTOR('',#3143,1.);
#305=VECTOR('',#3146,1.);
#306=VECTOR('',#3147,1.);
#307=VECTOR('',#3152,1.);
#308=VECTOR('',#3153,1.);
#309=VECTOR('',#3156,1.);
#310=VECTOR('',#3157,1.);
#311=VECTOR('',#3162,1.);
#312=VECTOR('',#3163,1.);
#313=VECTOR('',#3166,1.);
#314=VECTOR('',#3167,1.);
#315=VECTOR('',#3172,1.);
#316=VECTOR('',#3173,1.);
#317=VECTOR('',#3176,1.);
#318=VECTOR('',#3177,1.);
#319=VECTOR('',#3182,1.);
#320=VECTOR('',#3183,1.);
#321=VECTOR('',#3186,1.);
#322=VECTOR('',#3187,1.);
#323=VECTOR('',#3192,1.);
#324=VECTOR('',#3193,1.);
#325=VECTOR('',#3196,1.);
#326=VECTOR('',#3197,1.);
#327=VECTOR('',#3202,1.);
#328=VECTOR('',#3203,1.);
#329=VECTOR('',#3206,1.);
#330=VECTOR('',#3207,1.);
#331=VECTOR('',#3212,1.);
#332=VECTOR('',#3213,1.);
#333=VECTOR('',#3216,1.);
#334=VECTOR('',#3217,1.);
#335=VECTOR('',#3222,1.);
#336=VECTOR('',#3223,1.);
#337=VECTOR('',#3226,1.);
#338=VECTOR('',#3227,1.);
#339=VECTOR('',#3232,1.);
#340=VECTOR('',#3233,1.);
#341=VECTOR('',#3236,1.);
#342=VECTOR('',#3237,1.);
#343=VECTOR('',#3242,1.);
#344=VECTOR('',#3243,1.);
#345=VECTOR('',#3246,1.);
#346=VECTOR('',#3247,1.);
#347=VECTOR('',#3252,1.);
#348=VECTOR('',#3253,1.);
#349=VECTOR('',#3256,1.);
#350=VECTOR('',#3257,1.);
#351=VECTOR('',#3262,1.);
#352=VECTOR('',#3263,1.);
#353=VECTOR('',#3266,1.);
#354=VECTOR('',#3267,1.);
#355=VECTOR('',#3272,1.);
#356=VECTOR('',#3273,1.);
#357=VECTOR('',#3276,1.);
#358=VECTOR('',#3277,1.);
#359=VECTOR('',#3282,1.);
#360=VECTOR('',#3283,1.);
#361=VECTOR('',#3286,1.);
#362=VECTOR('',#3287,1.);
#363=VECTOR('',#3292,1.);
#364=VECTOR('',#3293,1.);
#365=VECTOR('',#3296,1.);
#366=VECTOR('',#3297,1.);
#367=VECTOR('',#3302,1.);
#368=VECTOR('',#3303,1.);
#369=VECTOR('',#3306,1.);
#370=VECTOR('',#3307,1.);
#371=VECTOR('',#3312,1.);
#372=VECTOR('',#3313,1.);
#373=VECTOR('',#3316,1.);
#374=VECTOR('',#3317,1.);
#375=VECTOR('',#3322,1.);
#376=VECTOR('',#3323,1.);
#377=VECTOR('',#3326,1.);
#378=VECTOR('',#3327,1.);
#379=ORIENTED_EDGE('',*,*,#1123,.T.);
#380=ORIENTED_EDGE('',*,*,#1124,.F.);
#381=ORIENTED_EDGE('',*,*,#1125,.T.);
#382=ORIENTED_EDGE('',*,*,#1126,.F.);
#383=ORIENTED_EDGE('',*,*,#1127,.F.);
#384=ORIENTED_EDGE('',*,*,#1128,.F.);
#385=ORIENTED_EDGE('',*,*,#1129,.T.);
#386=ORIENTED_EDGE('',*,*,#1130,.T.);
#387=ORIENTED_EDGE('',*,*,#1131,.F.);
#388=ORIENTED_EDGE('',*,*,#1132,.T.);
#389=ORIENTED_EDGE('',*,*,#1133,.T.);
#390=ORIENTED_EDGE('',*,*,#1134,.F.);
#391=ORIENTED_EDGE('',*,*,#1135,.F.);
#392=ORIENTED_EDGE('',*,*,#1136,.T.);
#393=ORIENTED_EDGE('',*,*,#1137,.T.);
#394=ORIENTED_EDGE('',*,*,#1138,.F.);
#395=ORIENTED_EDGE('',*,*,#1139,.F.);
#396=ORIENTED_EDGE('',*,*,#1140,.T.);
#397=ORIENTED_EDGE('',*,*,#1141,.T.);
#398=ORIENTED_EDGE('',*,*,#1142,.F.);
#399=ORIENTED_EDGE('',*,*,#1143,.F.);
#400=ORIENTED_EDGE('',*,*,#1144,.T.);
#401=ORIENTED_EDGE('',*,*,#1145,.T.);
#402=ORIENTED_EDGE('',*,*,#1146,.F.);
#403=ORIENTED_EDGE('',*,*,#1147,.F.);
#404=ORIENTED_EDGE('',*,*,#1148,.T.);
#405=ORIENTED_EDGE('',*,*,#1149,.T.);
#406=ORIENTED_EDGE('',*,*,#1150,.F.);
#407=ORIENTED_EDGE('',*,*,#1151,.F.);
#408=ORIENTED_EDGE('',*,*,#1152,.T.);
#409=ORIENTED_EDGE('',*,*,#1153,.T.);
#410=ORIENTED_EDGE('',*,*,#1154,.F.);
#411=ORIENTED_EDGE('',*,*,#1155,.F.);
#412=ORIENTED_EDGE('',*,*,#1156,.T.);
#413=ORIENTED_EDGE('',*,*,#1157,.T.);
#414=ORIENTED_EDGE('',*,*,#1158,.F.);
#415=ORIENTED_EDGE('',*,*,#1159,.F.);
#416=ORIENTED_EDGE('',*,*,#1160,.F.);
#417=ORIENTED_EDGE('',*,*,#1161,.T.);
#418=ORIENTED_EDGE('',*,*,#1162,.T.);
#419=ORIENTED_EDGE('',*,*,#1163,.F.);
#420=ORIENTED_EDGE('',*,*,#1164,.T.);
#421=ORIENTED_EDGE('',*,*,#1165,.T.);
#422=ORIENTED_EDGE('',*,*,#1166,.F.);
#423=ORIENTED_EDGE('',*,*,#1167,.F.);
#424=ORIENTED_EDGE('',*,*,#1168,.F.);
#425=ORIENTED_EDGE('',*,*,#1169,.T.);
#426=ORIENTED_EDGE('',*,*,#1170,.T.);
#427=ORIENTED_EDGE('',*,*,#1171,.F.);
#428=ORIENTED_EDGE('',*,*,#1172,.F.);
#429=ORIENTED_EDGE('',*,*,#1173,.T.);
#430=ORIENTED_EDGE('',*,*,#1174,.T.);
#431=ORIENTED_EDGE('',*,*,#1175,.F.);
#432=ORIENTED_EDGE('',*,*,#1176,.F.);
#433=ORIENTED_EDGE('',*,*,#1177,.T.);
#434=ORIENTED_EDGE('',*,*,#1178,.T.);
#435=ORIENTED_EDGE('',*,*,#1179,.F.);
#436=ORIENTED_EDGE('',*,*,#1180,.T.);
#437=ORIENTED_EDGE('',*,*,#1181,.T.);
#438=ORIENTED_EDGE('',*,*,#1182,.F.);
#439=ORIENTED_EDGE('',*,*,#1183,.F.);
#440=ORIENTED_EDGE('',*,*,#1184,.T.);
#441=ORIENTED_EDGE('',*,*,#1185,.T.);
#442=ORIENTED_EDGE('',*,*,#1186,.F.);
#443=ORIENTED_EDGE('',*,*,#1187,.F.);
#444=ORIENTED_EDGE('',*,*,#1188,.T.);
#445=ORIENTED_EDGE('',*,*,#1189,.T.);
#446=ORIENTED_EDGE('',*,*,#1190,.F.);
#447=ORIENTED_EDGE('',*,*,#1191,.F.);
#448=ORIENTED_EDGE('',*,*,#1192,.F.);
#449=ORIENTED_EDGE('',*,*,#1193,.T.);
#450=ORIENTED_EDGE('',*,*,#1194,.T.);
#451=ORIENTED_EDGE('',*,*,#1195,.F.);
#452=ORIENTED_EDGE('',*,*,#1196,.T.);
#453=ORIENTED_EDGE('',*,*,#1197,.T.);
#454=ORIENTED_EDGE('',*,*,#1198,.F.);
#455=ORIENTED_EDGE('',*,*,#1199,.F.);
#456=ORIENTED_EDGE('',*,*,#1200,.T.);
#457=ORIENTED_EDGE('',*,*,#1201,.T.);
#458=ORIENTED_EDGE('',*,*,#1202,.F.);
#459=ORIENTED_EDGE('',*,*,#1125,.F.);
#460=ORIENTED_EDGE('',*,*,#1203,.F.);
#461=ORIENTED_EDGE('',*,*,#1204,.T.);
#462=ORIENTED_EDGE('',*,*,#1131,.T.);
#463=ORIENTED_EDGE('',*,*,#1205,.F.);
#464=ORIENTED_EDGE('',*,*,#1206,.F.);
#465=ORIENTED_EDGE('',*,*,#1207,.T.);
#466=ORIENTED_EDGE('',*,*,#1208,.F.);
#467=ORIENTED_EDGE('',*,*,#1209,.T.);
#468=ORIENTED_EDGE('',*,*,#1135,.T.);
#469=ORIENTED_EDGE('',*,*,#1210,.F.);
#470=ORIENTED_EDGE('',*,*,#1211,.F.);
#471=ORIENTED_EDGE('',*,*,#1212,.T.);
#472=ORIENTED_EDGE('',*,*,#1213,.F.);
#473=ORIENTED_EDGE('',*,*,#1214,.T.);
#474=ORIENTED_EDGE('',*,*,#1139,.T.);
#475=ORIENTED_EDGE('',*,*,#1215,.F.);
#476=ORIENTED_EDGE('',*,*,#1216,.F.);
#477=ORIENTED_EDGE('',*,*,#1217,.T.);
#478=ORIENTED_EDGE('',*,*,#1218,.F.);
#479=ORIENTED_EDGE('',*,*,#1219,.T.);
#480=ORIENTED_EDGE('',*,*,#1143,.T.);
#481=ORIENTED_EDGE('',*,*,#1220,.F.);
#482=ORIENTED_EDGE('',*,*,#1221,.F.);
#483=ORIENTED_EDGE('',*,*,#1222,.T.);
#484=ORIENTED_EDGE('',*,*,#1223,.F.);
#485=ORIENTED_EDGE('',*,*,#1224,.T.);
#486=ORIENTED_EDGE('',*,*,#1147,.T.);
#487=ORIENTED_EDGE('',*,*,#1225,.F.);
#488=ORIENTED_EDGE('',*,*,#1226,.F.);
#489=ORIENTED_EDGE('',*,*,#1227,.T.);
#490=ORIENTED_EDGE('',*,*,#1228,.F.);
#491=ORIENTED_EDGE('',*,*,#1229,.T.);
#492=ORIENTED_EDGE('',*,*,#1151,.T.);
#493=ORIENTED_EDGE('',*,*,#1230,.F.);
#494=ORIENTED_EDGE('',*,*,#1231,.F.);
#495=ORIENTED_EDGE('',*,*,#1232,.T.);
#496=ORIENTED_EDGE('',*,*,#1233,.F.);
#497=ORIENTED_EDGE('',*,*,#1234,.T.);
#498=ORIENTED_EDGE('',*,*,#1155,.T.);
#499=ORIENTED_EDGE('',*,*,#1235,.F.);
#500=ORIENTED_EDGE('',*,*,#1236,.F.);
#501=ORIENTED_EDGE('',*,*,#1237,.T.);
#502=ORIENTED_EDGE('',*,*,#1238,.F.);
#503=ORIENTED_EDGE('',*,*,#1239,.T.);
#504=ORIENTED_EDGE('',*,*,#1195,.T.);
#505=ORIENTED_EDGE('',*,*,#1240,.F.);
#506=ORIENTED_EDGE('',*,*,#1241,.F.);
#507=ORIENTED_EDGE('',*,*,#1242,.T.);
#508=ORIENTED_EDGE('',*,*,#1243,.F.);
#509=ORIENTED_EDGE('',*,*,#1244,.T.);
#510=ORIENTED_EDGE('',*,*,#1192,.T.);
#511=ORIENTED_EDGE('',*,*,#1245,.F.);
#512=ORIENTED_EDGE('',*,*,#1246,.F.);
#513=ORIENTED_EDGE('',*,*,#1247,.T.);
#514=ORIENTED_EDGE('',*,*,#1248,.F.);
#515=ORIENTED_EDGE('',*,*,#1249,.T.);
#516=ORIENTED_EDGE('',*,*,#1199,.T.);
#517=ORIENTED_EDGE('',*,*,#1250,.F.);
#518=ORIENTED_EDGE('',*,*,#1251,.F.);
#519=ORIENTED_EDGE('',*,*,#1252,.T.);
#520=ORIENTED_EDGE('',*,*,#1253,.F.);
#521=ORIENTED_EDGE('',*,*,#1254,.T.);
#522=ORIENTED_EDGE('',*,*,#1255,.T.);
#523=ORIENTED_EDGE('',*,*,#1256,.F.);
#524=ORIENTED_EDGE('',*,*,#1257,.F.);
#525=ORIENTED_EDGE('',*,*,#1258,.T.);
#526=ORIENTED_EDGE('',*,*,#1259,.F.);
#527=ORIENTED_EDGE('',*,*,#1260,.T.);
#528=ORIENTED_EDGE('',*,*,#1176,.T.);
#529=ORIENTED_EDGE('',*,*,#1261,.F.);
#530=ORIENTED_EDGE('',*,*,#1262,.F.);
#531=ORIENTED_EDGE('',*,*,#1263,.T.);
#532=ORIENTED_EDGE('',*,*,#1264,.F.);
#533=ORIENTED_EDGE('',*,*,#1265,.T.);
#534=ORIENTED_EDGE('',*,*,#1179,.T.);
#535=ORIENTED_EDGE('',*,*,#1266,.F.);
#536=ORIENTED_EDGE('',*,*,#1267,.F.);
#537=ORIENTED_EDGE('',*,*,#1268,.T.);
#538=ORIENTED_EDGE('',*,*,#1269,.F.);
#539=ORIENTED_EDGE('',*,*,#1270,.T.);
#540=ORIENTED_EDGE('',*,*,#1183,.T.);
#541=ORIENTED_EDGE('',*,*,#1271,.F.);
#542=ORIENTED_EDGE('',*,*,#1272,.F.);
#543=ORIENTED_EDGE('',*,*,#1273,.T.);
#544=ORIENTED_EDGE('',*,*,#1274,.F.);
#545=ORIENTED_EDGE('',*,*,#1275,.T.);
#546=ORIENTED_EDGE('',*,*,#1187,.T.);
#547=ORIENTED_EDGE('',*,*,#1276,.F.);
#548=ORIENTED_EDGE('',*,*,#1277,.F.);
#549=ORIENTED_EDGE('',*,*,#1278,.T.);
#550=ORIENTED_EDGE('',*,*,#1279,.F.);
#551=ORIENTED_EDGE('',*,*,#1280,.T.);
#552=ORIENTED_EDGE('',*,*,#1172,.T.);
#553=ORIENTED_EDGE('',*,*,#1281,.F.);
#554=ORIENTED_EDGE('',*,*,#1282,.F.);
#555=ORIENTED_EDGE('',*,*,#1283,.T.);
#556=ORIENTED_EDGE('',*,*,#1284,.F.);
#557=ORIENTED_EDGE('',*,*,#1285,.T.);
#558=ORIENTED_EDGE('',*,*,#1168,.T.);
#559=ORIENTED_EDGE('',*,*,#1286,.F.);
#560=ORIENTED_EDGE('',*,*,#1287,.F.);
#561=ORIENTED_EDGE('',*,*,#1288,.T.);
#562=ORIENTED_EDGE('',*,*,#1289,.F.);
#563=ORIENTED_EDGE('',*,*,#1290,.T.);
#564=ORIENTED_EDGE('',*,*,#1160,.T.);
#565=ORIENTED_EDGE('',*,*,#1291,.F.);
#566=ORIENTED_EDGE('',*,*,#1292,.F.);
#567=ORIENTED_EDGE('',*,*,#1293,.T.);
#568=ORIENTED_EDGE('',*,*,#1294,.F.);
#569=ORIENTED_EDGE('',*,*,#1295,.T.);
#570=ORIENTED_EDGE('',*,*,#1163,.T.);
#571=ORIENTED_EDGE('',*,*,#1296,.F.);
#572=ORIENTED_EDGE('',*,*,#1297,.F.);
#573=ORIENTED_EDGE('',*,*,#1298,.T.);
#574=ORIENTED_EDGE('',*,*,#1299,.F.);
#575=ORIENTED_EDGE('',*,*,#1300,.T.);
#576=ORIENTED_EDGE('',*,*,#1128,.T.);
#577=ORIENTED_EDGE('',*,*,#1301,.F.);
#578=ORIENTED_EDGE('',*,*,#1302,.F.);
#579=ORIENTED_EDGE('',*,*,#1303,.T.);
#580=ORIENTED_EDGE('',*,*,#1304,.F.);
#581=ORIENTED_EDGE('',*,*,#1305,.T.);
#582=ORIENTED_EDGE('',*,*,#1255,.F.);
#583=ORIENTED_EDGE('',*,*,#1306,.T.);
#584=ORIENTED_EDGE('',*,*,#1307,.T.);
#585=ORIENTED_EDGE('',*,*,#1308,.F.);
#586=ORIENTED_EDGE('',*,*,#1309,.F.);
#587=ORIENTED_EDGE('',*,*,#1310,.T.);
#588=ORIENTED_EDGE('',*,*,#1130,.F.);
#589=ORIENTED_EDGE('',*,*,#1311,.F.);
#590=ORIENTED_EDGE('',*,*,#1312,.F.);
#591=ORIENTED_EDGE('',*,*,#1313,.F.);
#592=ORIENTED_EDGE('',*,*,#1314,.F.);
#593=ORIENTED_EDGE('',*,*,#1315,.T.);
#594=ORIENTED_EDGE('',*,*,#1165,.F.);
#595=ORIENTED_EDGE('',*,*,#1316,.F.);
#596=ORIENTED_EDGE('',*,*,#1317,.F.);
#597=ORIENTED_EDGE('',*,*,#1318,.F.);
#598=ORIENTED_EDGE('',*,*,#1319,.F.);
#599=ORIENTED_EDGE('',*,*,#1320,.T.);
#600=ORIENTED_EDGE('',*,*,#1162,.F.);
#601=ORIENTED_EDGE('',*,*,#1321,.F.);
#602=ORIENTED_EDGE('',*,*,#1322,.F.);
#603=ORIENTED_EDGE('',*,*,#1323,.F.);
#604=ORIENTED_EDGE('',*,*,#1324,.F.);
#605=ORIENTED_EDGE('',*,*,#1325,.T.);
#606=ORIENTED_EDGE('',*,*,#1170,.F.);
#607=ORIENTED_EDGE('',*,*,#1326,.F.);
#608=ORIENTED_EDGE('',*,*,#1327,.F.);
#609=ORIENTED_EDGE('',*,*,#1328,.F.);
#610=ORIENTED_EDGE('',*,*,#1329,.F.);
#611=ORIENTED_EDGE('',*,*,#1330,.T.);
#612=ORIENTED_EDGE('',*,*,#1174,.F.);
#613=ORIENTED_EDGE('',*,*,#1331,.F.);
#614=ORIENTED_EDGE('',*,*,#1332,.F.);
#615=ORIENTED_EDGE('',*,*,#1333,.F.);
#616=ORIENTED_EDGE('',*,*,#1334,.F.);
#617=ORIENTED_EDGE('',*,*,#1335,.T.);
#618=ORIENTED_EDGE('',*,*,#1189,.F.);
#619=ORIENTED_EDGE('',*,*,#1336,.F.);
#620=ORIENTED_EDGE('',*,*,#1337,.F.);
#621=ORIENTED_EDGE('',*,*,#1338,.F.);
#622=ORIENTED_EDGE('',*,*,#1339,.F.);
#623=ORIENTED_EDGE('',*,*,#1340,.T.);
#624=ORIENTED_EDGE('',*,*,#1185,.F.);
#625=ORIENTED_EDGE('',*,*,#1341,.F.);
#626=ORIENTED_EDGE('',*,*,#1342,.F.);
#627=ORIENTED_EDGE('',*,*,#1343,.F.);
#628=ORIENTED_EDGE('',*,*,#1344,.F.);
#629=ORIENTED_EDGE('',*,*,#1345,.T.);
#630=ORIENTED_EDGE('',*,*,#1181,.F.);
#631=ORIENTED_EDGE('',*,*,#1346,.F.);
#632=ORIENTED_EDGE('',*,*,#1347,.F.);
#633=ORIENTED_EDGE('',*,*,#1348,.F.);
#634=ORIENTED_EDGE('',*,*,#1349,.F.);
#635=ORIENTED_EDGE('',*,*,#1350,.T.);
#636=ORIENTED_EDGE('',*,*,#1178,.F.);
#637=ORIENTED_EDGE('',*,*,#1351,.F.);
#638=ORIENTED_EDGE('',*,*,#1352,.F.);
#639=ORIENTED_EDGE('',*,*,#1353,.F.);
#640=ORIENTED_EDGE('',*,*,#1354,.F.);
#641=ORIENTED_EDGE('',*,*,#1355,.T.);
#642=ORIENTED_EDGE('',*,*,#1307,.F.);
#643=ORIENTED_EDGE('',*,*,#1356,.F.);
#644=ORIENTED_EDGE('',*,*,#1357,.F.);
#645=ORIENTED_EDGE('',*,*,#1358,.F.);
#646=ORIENTED_EDGE('',*,*,#1359,.F.);
#647=ORIENTED_EDGE('',*,*,#1360,.T.);
#648=ORIENTED_EDGE('',*,*,#1201,.F.);
#649=ORIENTED_EDGE('',*,*,#1361,.F.);
#650=ORIENTED_EDGE('',*,*,#1362,.F.);
#651=ORIENTED_EDGE('',*,*,#1363,.F.);
#652=ORIENTED_EDGE('',*,*,#1364,.F.);
#653=ORIENTED_EDGE('',*,*,#1365,.T.);
#654=ORIENTED_EDGE('',*,*,#1194,.F.);
#655=ORIENTED_EDGE('',*,*,#1366,.F.);
#656=ORIENTED_EDGE('',*,*,#1367,.F.);
#657=ORIENTED_EDGE('',*,*,#1368,.F.);
#658=ORIENTED_EDGE('',*,*,#1369,.F.);
#659=ORIENTED_EDGE('',*,*,#1370,.T.);
#660=ORIENTED_EDGE('',*,*,#1197,.F.);
#661=ORIENTED_EDGE('',*,*,#1371,.F.);
#662=ORIENTED_EDGE('',*,*,#1372,.F.);
#663=ORIENTED_EDGE('',*,*,#1373,.F.);
#664=ORIENTED_EDGE('',*,*,#1374,.F.);
#665=ORIENTED_EDGE('',*,*,#1375,.T.);
#666=ORIENTED_EDGE('',*,*,#1157,.F.);
#667=ORIENTED_EDGE('',*,*,#1376,.F.);
#668=ORIENTED_EDGE('',*,*,#1377,.F.);
#669=ORIENTED_EDGE('',*,*,#1378,.F.);
#670=ORIENTED_EDGE('',*,*,#1379,.F.);
#671=ORIENTED_EDGE('',*,*,#1380,.T.);
#672=ORIENTED_EDGE('',*,*,#1153,.F.);
#673=ORIENTED_EDGE('',*,*,#1381,.F.);
#674=ORIENTED_EDGE('',*,*,#1382,.F.);
#675=ORIENTED_EDGE('',*,*,#1383,.F.);
#676=ORIENTED_EDGE('',*,*,#1384,.F.);
#677=ORIENTED_EDGE('',*,*,#1385,.T.);
#678=ORIENTED_EDGE('',*,*,#1149,.F.);
#679=ORIENTED_EDGE('',*,*,#1386,.F.);
#680=ORIENTED_EDGE('',*,*,#1387,.F.);
#681=ORIENTED_EDGE('',*,*,#1388,.F.);
#682=ORIENTED_EDGE('',*,*,#1389,.F.);
#683=ORIENTED_EDGE('',*,*,#1390,.T.);
#684=ORIENTED_EDGE('',*,*,#1145,.F.);
#685=ORIENTED_EDGE('',*,*,#1391,.F.);
#686=ORIENTED_EDGE('',*,*,#1392,.F.);
#687=ORIENTED_EDGE('',*,*,#1393,.F.);
#688=ORIENTED_EDGE('',*,*,#1394,.F.);
#689=ORIENTED_EDGE('',*,*,#1395,.T.);
#690=ORIENTED_EDGE('',*,*,#1141,.F.);
#691=ORIENTED_EDGE('',*,*,#1396,.F.);
#692=ORIENTED_EDGE('',*,*,#1397,.F.);
#693=ORIENTED_EDGE('',*,*,#1398,.F.);
#694=ORIENTED_EDGE('',*,*,#1399,.F.);
#695=ORIENTED_EDGE('',*,*,#1400,.T.);
#696=ORIENTED_EDGE('',*,*,#1137,.F.);
#697=ORIENTED_EDGE('',*,*,#1401,.F.);
#698=ORIENTED_EDGE('',*,*,#1402,.F.);
#699=ORIENTED_EDGE('',*,*,#1403,.F.);
#700=ORIENTED_EDGE('',*,*,#1404,.F.);
#701=ORIENTED_EDGE('',*,*,#1405,.T.);
#702=ORIENTED_EDGE('',*,*,#1133,.F.);
#703=ORIENTED_EDGE('',*,*,#1406,.F.);
#704=ORIENTED_EDGE('',*,*,#1407,.F.);
#705=ORIENTED_EDGE('',*,*,#1408,.F.);
#706=ORIENTED_EDGE('',*,*,#1304,.T.);
#707=ORIENTED_EDGE('',*,*,#1256,.T.);
#708=ORIENTED_EDGE('',*,*,#1308,.T.);
#709=ORIENTED_EDGE('',*,*,#1355,.F.);
#710=ORIENTED_EDGE('',*,*,#1409,.F.);
#711=ORIENTED_EDGE('',*,*,#1351,.T.);
#712=ORIENTED_EDGE('',*,*,#1177,.F.);
#713=ORIENTED_EDGE('',*,*,#1260,.F.);
#714=ORIENTED_EDGE('',*,*,#1410,.F.);
#715=ORIENTED_EDGE('',*,*,#1353,.T.);
#716=ORIENTED_EDGE('',*,*,#1411,.F.);
#717=ORIENTED_EDGE('',*,*,#1258,.F.);
#718=ORIENTED_EDGE('',*,*,#1412,.F.);
#719=ORIENTED_EDGE('',*,*,#1257,.T.);
#720=ORIENTED_EDGE('',*,*,#1409,.T.);
#721=ORIENTED_EDGE('',*,*,#1354,.T.);
#722=ORIENTED_EDGE('',*,*,#1412,.T.);
#723=ORIENTED_EDGE('',*,*,#1259,.T.);
#724=ORIENTED_EDGE('',*,*,#1411,.T.);
#725=ORIENTED_EDGE('',*,*,#1352,.T.);
#726=ORIENTED_EDGE('',*,*,#1410,.T.);
#727=ORIENTED_EDGE('',*,*,#1250,.T.);
#728=ORIENTED_EDGE('',*,*,#1202,.T.);
#729=ORIENTED_EDGE('',*,*,#1360,.F.);
#730=ORIENTED_EDGE('',*,*,#1413,.F.);
#731=ORIENTED_EDGE('',*,*,#1356,.T.);
#732=ORIENTED_EDGE('',*,*,#1306,.F.);
#733=ORIENTED_EDGE('',*,*,#1254,.F.);
#734=ORIENTED_EDGE('',*,*,#1414,.F.);
#735=ORIENTED_EDGE('',*,*,#1358,.T.);
#736=ORIENTED_EDGE('',*,*,#1415,.F.);
#737=ORIENTED_EDGE('',*,*,#1252,.F.);
#738=ORIENTED_EDGE('',*,*,#1416,.F.);
#739=ORIENTED_EDGE('',*,*,#1251,.T.);
#740=ORIENTED_EDGE('',*,*,#1413,.T.);
#741=ORIENTED_EDGE('',*,*,#1359,.T.);
#742=ORIENTED_EDGE('',*,*,#1416,.T.);
#743=ORIENTED_EDGE('',*,*,#1253,.T.);
#744=ORIENTED_EDGE('',*,*,#1415,.T.);
#745=ORIENTED_EDGE('',*,*,#1357,.T.);
#746=ORIENTED_EDGE('',*,*,#1414,.T.);
#747=ORIENTED_EDGE('',*,*,#1240,.T.);
#748=ORIENTED_EDGE('',*,*,#1198,.T.);
#749=ORIENTED_EDGE('',*,*,#1370,.F.);
#750=ORIENTED_EDGE('',*,*,#1417,.F.);
#751=ORIENTED_EDGE('',*,*,#1366,.T.);
#752=ORIENTED_EDGE('',*,*,#1193,.F.);
#753=ORIENTED_EDGE('',*,*,#1244,.F.);
#754=ORIENTED_EDGE('',*,*,#1418,.F.);
#755=ORIENTED_EDGE('',*,*,#1368,.T.);
#756=ORIENTED_EDGE('',*,*,#1419,.F.);
#757=ORIENTED_EDGE('',*,*,#1242,.F.);
#758=ORIENTED_EDGE('',*,*,#1420,.F.);
#759=ORIENTED_EDGE('',*,*,#1241,.T.);
#760=ORIENTED_EDGE('',*,*,#1417,.T.);
#761=ORIENTED_EDGE('',*,*,#1369,.T.);
#762=ORIENTED_EDGE('',*,*,#1420,.T.);
#763=ORIENTED_EDGE('',*,*,#1243,.T.);
#764=ORIENTED_EDGE('',*,*,#1419,.T.);
#765=ORIENTED_EDGE('',*,*,#1367,.T.);
#766=ORIENTED_EDGE('',*,*,#1418,.T.);
#767=ORIENTED_EDGE('',*,*,#1245,.T.);
#768=ORIENTED_EDGE('',*,*,#1191,.T.);
#769=ORIENTED_EDGE('',*,*,#1365,.F.);
#770=ORIENTED_EDGE('',*,*,#1421,.F.);
#771=ORIENTED_EDGE('',*,*,#1361,.T.);
#772=ORIENTED_EDGE('',*,*,#1200,.F.);
#773=ORIENTED_EDGE('',*,*,#1249,.F.);
#774=ORIENTED_EDGE('',*,*,#1422,.F.);
#775=ORIENTED_EDGE('',*,*,#1363,.T.);
#776=ORIENTED_EDGE('',*,*,#1423,.F.);
#777=ORIENTED_EDGE('',*,*,#1247,.F.);
#778=ORIENTED_EDGE('',*,*,#1424,.F.);
#779=ORIENTED_EDGE('',*,*,#1246,.T.);
#780=ORIENTED_EDGE('',*,*,#1421,.T.);
#781=ORIENTED_EDGE('',*,*,#1364,.T.);
#782=ORIENTED_EDGE('',*,*,#1424,.T.);
#783=ORIENTED_EDGE('',*,*,#1248,.T.);
#784=ORIENTED_EDGE('',*,*,#1423,.T.);
#785=ORIENTED_EDGE('',*,*,#1362,.T.);
#786=ORIENTED_EDGE('',*,*,#1422,.T.);
#787=ORIENTED_EDGE('',*,*,#1276,.T.);
#788=ORIENTED_EDGE('',*,*,#1190,.T.);
#789=ORIENTED_EDGE('',*,*,#1335,.F.);
#790=ORIENTED_EDGE('',*,*,#1425,.F.);
#791=ORIENTED_EDGE('',*,*,#1331,.T.);
#792=ORIENTED_EDGE('',*,*,#1173,.F.);
#793=ORIENTED_EDGE('',*,*,#1280,.F.);
#794=ORIENTED_EDGE('',*,*,#1426,.F.);
#795=ORIENTED_EDGE('',*,*,#1333,.T.);
#796=ORIENTED_EDGE('',*,*,#1427,.F.);
#797=ORIENTED_EDGE('',*,*,#1278,.F.);
#798=ORIENTED_EDGE('',*,*,#1428,.F.);
#799=ORIENTED_EDGE('',*,*,#1277,.T.);
#800=ORIENTED_EDGE('',*,*,#1425,.T.);
#801=ORIENTED_EDGE('',*,*,#1334,.T.);
#802=ORIENTED_EDGE('',*,*,#1428,.T.);
#803=ORIENTED_EDGE('',*,*,#1279,.T.);
#804=ORIENTED_EDGE('',*,*,#1427,.T.);
#805=ORIENTED_EDGE('',*,*,#1332,.T.);
#806=ORIENTED_EDGE('',*,*,#1426,.T.);
#807=ORIENTED_EDGE('',*,*,#1271,.T.);
#808=ORIENTED_EDGE('',*,*,#1186,.T.);
#809=ORIENTED_EDGE('',*,*,#1340,.F.);
#810=ORIENTED_EDGE('',*,*,#1429,.F.);
#811=ORIENTED_EDGE('',*,*,#1336,.T.);
#812=ORIENTED_EDGE('',*,*,#1188,.F.);
#813=ORIENTED_EDGE('',*,*,#1275,.F.);
#814=ORIENTED_EDGE('',*,*,#1430,.F.);
#815=ORIENTED_EDGE('',*,*,#1338,.T.);
#816=ORIENTED_EDGE('',*,*,#1431,.F.);
#817=ORIENTED_EDGE('',*,*,#1273,.F.);
#818=ORIENTED_EDGE('',*,*,#1432,.F.);
#819=ORIENTED_EDGE('',*,*,#1272,.T.);
#820=ORIENTED_EDGE('',*,*,#1429,.T.);
#821=ORIENTED_EDGE('',*,*,#1339,.T.);
#822=ORIENTED_EDGE('',*,*,#1432,.T.);
#823=ORIENTED_EDGE('',*,*,#1274,.T.);
#824=ORIENTED_EDGE('',*,*,#1431,.T.);
#825=ORIENTED_EDGE('',*,*,#1337,.T.);
#826=ORIENTED_EDGE('',*,*,#1430,.T.);
#827=ORIENTED_EDGE('',*,*,#1266,.T.);
#828=ORIENTED_EDGE('',*,*,#1182,.T.);
#829=ORIENTED_EDGE('',*,*,#1345,.F.);
#830=ORIENTED_EDGE('',*,*,#1433,.F.);
#831=ORIENTED_EDGE('',*,*,#1341,.T.);
#832=ORIENTED_EDGE('',*,*,#1184,.F.);
#833=ORIENTED_EDGE('',*,*,#1270,.F.);
#834=ORIENTED_EDGE('',*,*,#1434,.F.);
#835=ORIENTED_EDGE('',*,*,#1343,.T.);
#836=ORIENTED_EDGE('',*,*,#1435,.F.);
#837=ORIENTED_EDGE('',*,*,#1268,.F.);
#838=ORIENTED_EDGE('',*,*,#1436,.F.);
#839=ORIENTED_EDGE('',*,*,#1267,.T.);
#840=ORIENTED_EDGE('',*,*,#1433,.T.);
#841=ORIENTED_EDGE('',*,*,#1344,.T.);
#842=ORIENTED_EDGE('',*,*,#1436,.T.);
#843=ORIENTED_EDGE('',*,*,#1269,.T.);
#844=ORIENTED_EDGE('',*,*,#1435,.T.);
#845=ORIENTED_EDGE('',*,*,#1342,.T.);
#846=ORIENTED_EDGE('',*,*,#1434,.T.);
#847=ORIENTED_EDGE('',*,*,#1261,.T.);
#848=ORIENTED_EDGE('',*,*,#1175,.T.);
#849=ORIENTED_EDGE('',*,*,#1350,.F.);
#850=ORIENTED_EDGE('',*,*,#1437,.F.);
#851=ORIENTED_EDGE('',*,*,#1346,.T.);
#852=ORIENTED_EDGE('',*,*,#1180,.F.);
#853=ORIENTED_EDGE('',*,*,#1265,.F.);
#854=ORIENTED_EDGE('',*,*,#1438,.F.);
#855=ORIENTED_EDGE('',*,*,#1348,.T.);
#856=ORIENTED_EDGE('',*,*,#1439,.F.);
#857=ORIENTED_EDGE('',*,*,#1263,.F.);
#858=ORIENTED_EDGE('',*,*,#1440,.F.);
#859=ORIENTED_EDGE('',*,*,#1262,.T.);
#860=ORIENTED_EDGE('',*,*,#1437,.T.);
#861=ORIENTED_EDGE('',*,*,#1349,.T.);
#862=ORIENTED_EDGE('',*,*,#1440,.T.);
#863=ORIENTED_EDGE('',*,*,#1264,.T.);
#864=ORIENTED_EDGE('',*,*,#1439,.T.);
#865=ORIENTED_EDGE('',*,*,#1347,.T.);
#866=ORIENTED_EDGE('',*,*,#1438,.T.);
#867=ORIENTED_EDGE('',*,*,#1281,.T.);
#868=ORIENTED_EDGE('',*,*,#1171,.T.);
#869=ORIENTED_EDGE('',*,*,#1330,.F.);
#870=ORIENTED_EDGE('',*,*,#1441,.F.);
#871=ORIENTED_EDGE('',*,*,#1326,.T.);
#872=ORIENTED_EDGE('',*,*,#1169,.F.);
#873=ORIENTED_EDGE('',*,*,#1285,.F.);
#874=ORIENTED_EDGE('',*,*,#1442,.F.);
#875=ORIENTED_EDGE('',*,*,#1328,.T.);
#876=ORIENTED_EDGE('',*,*,#1443,.F.);
#877=ORIENTED_EDGE('',*,*,#1283,.F.);
#878=ORIENTED_EDGE('',*,*,#1444,.F.);
#879=ORIENTED_EDGE('',*,*,#1282,.T.);
#880=ORIENTED_EDGE('',*,*,#1441,.T.);
#881=ORIENTED_EDGE('',*,*,#1329,.T.);
#882=ORIENTED_EDGE('',*,*,#1444,.T.);
#883=ORIENTED_EDGE('',*,*,#1284,.T.);
#884=ORIENTED_EDGE('',*,*,#1443,.T.);
#885=ORIENTED_EDGE('',*,*,#1327,.T.);
#886=ORIENTED_EDGE('',*,*,#1442,.T.);
#887=ORIENTED_EDGE('',*,*,#1286,.T.);
#888=ORIENTED_EDGE('',*,*,#1167,.T.);
#889=ORIENTED_EDGE('',*,*,#1325,.F.);
#890=ORIENTED_EDGE('',*,*,#1445,.F.);
#891=ORIENTED_EDGE('',*,*,#1321,.T.);
#892=ORIENTED_EDGE('',*,*,#1161,.F.);
#893=ORIENTED_EDGE('',*,*,#1290,.F.);
#894=ORIENTED_EDGE('',*,*,#1446,.F.);
#895=ORIENTED_EDGE('',*,*,#1323,.T.);
#896=ORIENTED_EDGE('',*,*,#1447,.F.);
#897=ORIENTED_EDGE('',*,*,#1288,.F.);
#898=ORIENTED_EDGE('',*,*,#1448,.F.);
#899=ORIENTED_EDGE('',*,*,#1287,.T.);
#900=ORIENTED_EDGE('',*,*,#1445,.T.);
#901=ORIENTED_EDGE('',*,*,#1324,.T.);
#902=ORIENTED_EDGE('',*,*,#1448,.T.);
#903=ORIENTED_EDGE('',*,*,#1289,.T.);
#904=ORIENTED_EDGE('',*,*,#1447,.T.);
#905=ORIENTED_EDGE('',*,*,#1322,.T.);
#906=ORIENTED_EDGE('',*,*,#1446,.T.);
#907=ORIENTED_EDGE('',*,*,#1296,.T.);
#908=ORIENTED_EDGE('',*,*,#1166,.T.);
#909=ORIENTED_EDGE('',*,*,#1315,.F.);
#910=ORIENTED_EDGE('',*,*,#1449,.F.);
#911=ORIENTED_EDGE('',*,*,#1311,.T.);
#912=ORIENTED_EDGE('',*,*,#1129,.F.);
#913=ORIENTED_EDGE('',*,*,#1300,.F.);
#914=ORIENTED_EDGE('',*,*,#1450,.F.);
#915=ORIENTED_EDGE('',*,*,#1313,.T.);
#916=ORIENTED_EDGE('',*,*,#1451,.F.);
#917=ORIENTED_EDGE('',*,*,#1298,.F.);
#918=ORIENTED_EDGE('',*,*,#1452,.F.);
#919=ORIENTED_EDGE('',*,*,#1297,.T.);
#920=ORIENTED_EDGE('',*,*,#1449,.T.);
#921=ORIENTED_EDGE('',*,*,#1314,.T.);
#922=ORIENTED_EDGE('',*,*,#1452,.T.);
#923=ORIENTED_EDGE('',*,*,#1299,.T.);
#924=ORIENTED_EDGE('',*,*,#1451,.T.);
#925=ORIENTED_EDGE('',*,*,#1312,.T.);
#926=ORIENTED_EDGE('',*,*,#1450,.T.);
#927=ORIENTED_EDGE('',*,*,#1291,.T.);
#928=ORIENTED_EDGE('',*,*,#1159,.T.);
#929=ORIENTED_EDGE('',*,*,#1320,.F.);
#930=ORIENTED_EDGE('',*,*,#1453,.F.);
#931=ORIENTED_EDGE('',*,*,#1316,.T.);
#932=ORIENTED_EDGE('',*,*,#1164,.F.);
#933=ORIENTED_EDGE('',*,*,#1295,.F.);
#934=ORIENTED_EDGE('',*,*,#1454,.F.);
#935=ORIENTED_EDGE('',*,*,#1318,.T.);
#936=ORIENTED_EDGE('',*,*,#1455,.F.);
#937=ORIENTED_EDGE('',*,*,#1293,.F.);
#938=ORIENTED_EDGE('',*,*,#1456,.F.);
#939=ORIENTED_EDGE('',*,*,#1292,.T.);
#940=ORIENTED_EDGE('',*,*,#1453,.T.);
#941=ORIENTED_EDGE('',*,*,#1319,.T.);
#942=ORIENTED_EDGE('',*,*,#1456,.T.);
#943=ORIENTED_EDGE('',*,*,#1294,.T.);
#944=ORIENTED_EDGE('',*,*,#1455,.T.);
#945=ORIENTED_EDGE('',*,*,#1317,.T.);
#946=ORIENTED_EDGE('',*,*,#1454,.T.);
#947=ORIENTED_EDGE('',*,*,#1235,.T.);
#948=ORIENTED_EDGE('',*,*,#1158,.T.);
#949=ORIENTED_EDGE('',*,*,#1375,.F.);
#950=ORIENTED_EDGE('',*,*,#1457,.F.);
#951=ORIENTED_EDGE('',*,*,#1371,.T.);
#952=ORIENTED_EDGE('',*,*,#1196,.F.);
#953=ORIENTED_EDGE('',*,*,#1239,.F.);
#954=ORIENTED_EDGE('',*,*,#1458,.F.);
#955=ORIENTED_EDGE('',*,*,#1373,.T.);
#956=ORIENTED_EDGE('',*,*,#1459,.F.);
#957=ORIENTED_EDGE('',*,*,#1237,.F.);
#958=ORIENTED_EDGE('',*,*,#1460,.F.);
#959=ORIENTED_EDGE('',*,*,#1236,.T.);
#960=ORIENTED_EDGE('',*,*,#1457,.T.);
#961=ORIENTED_EDGE('',*,*,#1374,.T.);
#962=ORIENTED_EDGE('',*,*,#1460,.T.);
#963=ORIENTED_EDGE('',*,*,#1238,.T.);
#964=ORIENTED_EDGE('',*,*,#1459,.T.);
#965=ORIENTED_EDGE('',*,*,#1372,.T.);
#966=ORIENTED_EDGE('',*,*,#1458,.T.);
#967=ORIENTED_EDGE('',*,*,#1230,.T.);
#968=ORIENTED_EDGE('',*,*,#1154,.T.);
#969=ORIENTED_EDGE('',*,*,#1380,.F.);
#970=ORIENTED_EDGE('',*,*,#1461,.F.);
#971=ORIENTED_EDGE('',*,*,#1376,.T.);
#972=ORIENTED_EDGE('',*,*,#1156,.F.);
#973=ORIENTED_EDGE('',*,*,#1234,.F.);
#974=ORIENTED_EDGE('',*,*,#1462,.F.);
#975=ORIENTED_EDGE('',*,*,#1378,.T.);
#976=ORIENTED_EDGE('',*,*,#1463,.F.);
#977=ORIENTED_EDGE('',*,*,#1232,.F.);
#978=ORIENTED_EDGE('',*,*,#1464,.F.);
#979=ORIENTED_EDGE('',*,*,#1231,.T.);
#980=ORIENTED_EDGE('',*,*,#1461,.T.);
#981=ORIENTED_EDGE('',*,*,#1379,.T.);
#982=ORIENTED_EDGE('',*,*,#1464,.T.);
#983=ORIENTED_EDGE('',*,*,#1233,.T.);
#984=ORIENTED_EDGE('',*,*,#1463,.T.);
#985=ORIENTED_EDGE('',*,*,#1377,.T.);
#986=ORIENTED_EDGE('',*,*,#1462,.T.);
#987=ORIENTED_EDGE('',*,*,#1225,.T.);
#988=ORIENTED_EDGE('',*,*,#1150,.T.);
#989=ORIENTED_EDGE('',*,*,#1385,.F.);
#990=ORIENTED_EDGE('',*,*,#1465,.F.);
#991=ORIENTED_EDGE('',*,*,#1381,.T.);
#992=ORIENTED_EDGE('',*,*,#1152,.F.);
#993=ORIENTED_EDGE('',*,*,#1229,.F.);
#994=ORIENTED_EDGE('',*,*,#1466,.F.);
#995=ORIENTED_EDGE('',*,*,#1383,.T.);
#996=ORIENTED_EDGE('',*,*,#1467,.F.);
#997=ORIENTED_EDGE('',*,*,#1227,.F.);
#998=ORIENTED_EDGE('',*,*,#1468,.F.);
#999=ORIENTED_EDGE('',*,*,#1226,.T.);
#1000=ORIENTED_EDGE('',*,*,#1465,.T.);
#1001=ORIENTED_EDGE('',*,*,#1384,.T.);
#1002=ORIENTED_EDGE('',*,*,#1468,.T.);
#1003=ORIENTED_EDGE('',*,*,#1228,.T.);
#1004=ORIENTED_EDGE('',*,*,#1467,.T.);
#1005=ORIENTED_EDGE('',*,*,#1382,.T.);
#1006=ORIENTED_EDGE('',*,*,#1466,.T.);
#1007=ORIENTED_EDGE('',*,*,#1220,.T.);
#1008=ORIENTED_EDGE('',*,*,#1146,.T.);
#1009=ORIENTED_EDGE('',*,*,#1390,.F.);
#1010=ORIENTED_EDGE('',*,*,#1469,.F.);
#1011=ORIENTED_EDGE('',*,*,#1386,.T.);
#1012=ORIENTED_EDGE('',*,*,#1148,.F.);
#1013=ORIENTED_EDGE('',*,*,#1224,.F.);
#1014=ORIENTED_EDGE('',*,*,#1470,.F.);
#1015=ORIENTED_EDGE('',*,*,#1388,.T.);
#1016=ORIENTED_EDGE('',*,*,#1471,.F.);
#1017=ORIENTED_EDGE('',*,*,#1222,.F.);
#1018=ORIENTED_EDGE('',*,*,#1472,.F.);
#1019=ORIENTED_EDGE('',*,*,#1221,.T.);
#1020=ORIENTED_EDGE('',*,*,#1469,.T.);
#1021=ORIENTED_EDGE('',*,*,#1389,.T.);
#1022=ORIENTED_EDGE('',*,*,#1472,.T.);
#1023=ORIENTED_EDGE('',*,*,#1223,.T.);
#1024=ORIENTED_EDGE('',*,*,#1471,.T.);
#1025=ORIENTED_EDGE('',*,*,#1387,.T.);
#1026=ORIENTED_EDGE('',*,*,#1470,.T.);
#1027=ORIENTED_EDGE('',*,*,#1215,.T.);
#1028=ORIENTED_EDGE('',*,*,#1142,.T.);
#1029=ORIENTED_EDGE('',*,*,#1395,.F.);
#1030=ORIENTED_EDGE('',*,*,#1473,.F.);
#1031=ORIENTED_EDGE('',*,*,#1391,.T.);
#1032=ORIENTED_EDGE('',*,*,#1144,.F.);
#1033=ORIENTED_EDGE('',*,*,#1219,.F.);
#1034=ORIENTED_EDGE('',*,*,#1474,.F.);
#1035=ORIENTED_EDGE('',*,*,#1393,.T.);
#1036=ORIENTED_EDGE('',*,*,#1475,.F.);
#1037=ORIENTED_EDGE('',*,*,#1217,.F.);
#1038=ORIENTED_EDGE('',*,*,#1476,.F.);
#1039=ORIENTED_EDGE('',*,*,#1216,.T.);
#1040=ORIENTED_EDGE('',*,*,#1473,.T.);
#1041=ORIENTED_EDGE('',*,*,#1394,.T.);
#1042=ORIENTED_EDGE('',*,*,#1476,.T.);
#1043=ORIENTED_EDGE('',*,*,#1218,.T.);
#1044=ORIENTED_EDGE('',*,*,#1475,.T.);
#1045=ORIENTED_EDGE('',*,*,#1392,.T.);
#1046=ORIENTED_EDGE('',*,*,#1474,.T.);
#1047=ORIENTED_EDGE('',*,*,#1210,.T.);
#1048=ORIENTED_EDGE('',*,*,#1138,.T.);
#1049=ORIENTED_EDGE('',*,*,#1400,.F.);
#1050=ORIENTED_EDGE('',*,*,#1477,.F.);
#1051=ORIENTED_EDGE('',*,*,#1396,.T.);
#1052=ORIENTED_EDGE('',*,*,#1140,.F.);
#1053=ORIENTED_EDGE('',*,*,#1214,.F.);
#1054=ORIENTED_EDGE('',*,*,#1478,.F.);
#1055=ORIENTED_EDGE('',*,*,#1398,.T.);
#1056=ORIENTED_EDGE('',*,*,#1479,.F.);
#1057=ORIENTED_EDGE('',*,*,#1212,.F.);
#1058=ORIENTED_EDGE('',*,*,#1480,.F.);
#1059=ORIENTED_EDGE('',*,*,#1211,.T.);
#1060=ORIENTED_EDGE('',*,*,#1477,.T.);
#1061=ORIENTED_EDGE('',*,*,#1399,.T.);
#1062=ORIENTED_EDGE('',*,*,#1480,.T.);
#1063=ORIENTED_EDGE('',*,*,#1213,.T.);
#1064=ORIENTED_EDGE('',*,*,#1479,.T.);
#1065=ORIENTED_EDGE('',*,*,#1397,.T.);
#1066=ORIENTED_EDGE('',*,*,#1478,.T.);
#1067=ORIENTED_EDGE('',*,*,#1205,.T.);
#1068=ORIENTED_EDGE('',*,*,#1134,.T.);
#1069=ORIENTED_EDGE('',*,*,#1405,.F.);
#1070=ORIENTED_EDGE('',*,*,#1481,.F.);
#1071=ORIENTED_EDGE('',*,*,#1401,.T.);
#1072=ORIENTED_EDGE('',*,*,#1136,.F.);
#1073=ORIENTED_EDGE('',*,*,#1209,.F.);
#1074=ORIENTED_EDGE('',*,*,#1482,.F.);
#1075=ORIENTED_EDGE('',*,*,#1403,.T.);
#1076=ORIENTED_EDGE('',*,*,#1483,.F.);
#1077=ORIENTED_EDGE('',*,*,#1207,.F.);
#1078=ORIENTED_EDGE('',*,*,#1484,.F.);
#1079=ORIENTED_EDGE('',*,*,#1206,.T.);
#1080=ORIENTED_EDGE('',*,*,#1481,.T.);
#1081=ORIENTED_EDGE('',*,*,#1404,.T.);
#1082=ORIENTED_EDGE('',*,*,#1484,.T.);
#1083=ORIENTED_EDGE('',*,*,#1208,.T.);
#1084=ORIENTED_EDGE('',*,*,#1483,.T.);
#1085=ORIENTED_EDGE('',*,*,#1402,.T.);
#1086=ORIENTED_EDGE('',*,*,#1482,.T.);
#1087=ORIENTED_EDGE('',*,*,#1301,.T.);
#1088=ORIENTED_EDGE('',*,*,#1127,.T.);
#1089=ORIENTED_EDGE('',*,*,#1310,.F.);
#1090=ORIENTED_EDGE('',*,*,#1485,.F.);
#1091=ORIENTED_EDGE('',*,*,#1406,.T.);
#1092=ORIENTED_EDGE('',*,*,#1132,.F.);
#1093=ORIENTED_EDGE('',*,*,#1204,.F.);
#1094=ORIENTED_EDGE('',*,*,#1486,.F.);
#1095=ORIENTED_EDGE('',*,*,#1408,.T.);
#1096=ORIENTED_EDGE('',*,*,#1487,.F.);
#1097=ORIENTED_EDGE('',*,*,#1303,.F.);
#1098=ORIENTED_EDGE('',*,*,#1488,.F.);
#1099=ORIENTED_EDGE('',*,*,#1302,.T.);
#1100=ORIENTED_EDGE('',*,*,#1485,.T.);
#1101=ORIENTED_EDGE('',*,*,#1309,.T.);
#1102=ORIENTED_EDGE('',*,*,#1488,.T.);
#1103=ORIENTED_EDGE('',*,*,#1203,.T.);
#1104=ORIENTED_EDGE('',*,*,#1487,.T.);
#1105=ORIENTED_EDGE('',*,*,#1407,.T.);
#1106=ORIENTED_EDGE('',*,*,#1486,.T.);
#1107=ORIENTED_EDGE('',*,*,#1489,.T.);
#1108=ORIENTED_EDGE('',*,*,#1490,.F.);
#1109=ORIENTED_EDGE('',*,*,#1305,.F.);
#1110=ORIENTED_EDGE('',*,*,#1490,.T.);
#1111=ORIENTED_EDGE('',*,*,#1491,.T.);
#1112=ORIENTED_EDGE('',*,*,#1492,.F.);
#1113=ORIENTED_EDGE('',*,*,#1126,.T.);
#1114=ORIENTED_EDGE('',*,*,#1491,.F.);
#1115=ORIENTED_EDGE('',*,*,#1123,.F.);
#1116=ORIENTED_EDGE('',*,*,#1492,.T.);
#1117=ORIENTED_EDGE('',*,*,#1493,.T.);
#1118=ORIENTED_EDGE('',*,*,#1494,.F.);
#1119=ORIENTED_EDGE('',*,*,#1124,.T.);
#1120=ORIENTED_EDGE('',*,*,#1493,.F.);
#1121=ORIENTED_EDGE('',*,*,#1489,.F.);
#1122=ORIENTED_EDGE('',*,*,#1494,.T.);
#1123=EDGE_CURVE('',#1495,#1495,#1747,.T.);
#1124=EDGE_CURVE('',#1496,#1496,#1748,.T.);
#1125=EDGE_CURVE('',#1497,#1497,#1749,.T.);
#1126=EDGE_CURVE('',#1498,#1498,#1750,.T.);
#1127=EDGE_CURVE('',#1499,#1500,#139,.T.);
#1128=EDGE_CURVE('',#1501,#1499,#1751,.T.);
#1129=EDGE_CURVE('',#1501,#1502,#140,.T.);
#1130=EDGE_CURVE('',#1502,#1500,#1752,.T.);
#1131=EDGE_CURVE('',#1503,#1504,#1753,.T.);
#1132=EDGE_CURVE('',#1503,#1505,#141,.T.);
#1133=EDGE_CURVE('',#1505,#1506,#1754,.T.);
#1134=EDGE_CURVE('',#1504,#1506,#142,.T.);
#1135=EDGE_CURVE('',#1507,#1508,#1755,.T.);
#1136=EDGE_CURVE('',#1507,#1509,#143,.T.);
#1137=EDGE_CURVE('',#1509,#1510,#1756,.T.);
#1138=EDGE_CURVE('',#1508,#1510,#144,.T.);
#1139=EDGE_CURVE('',#1511,#1512,#1757,.T.);
#1140=EDGE_CURVE('',#1511,#1513,#145,.T.);
#1141=EDGE_CURVE('',#1513,#1514,#1758,.T.);
#1142=EDGE_CURVE('',#1512,#1514,#146,.T.);
#1143=EDGE_CURVE('',#1515,#1516,#1759,.T.);
#1144=EDGE_CURVE('',#1515,#1517,#147,.T.);
#1145=EDGE_CURVE('',#1517,#1518,#1760,.T.);
#1146=EDGE_CURVE('',#1516,#1518,#148,.T.);
#1147=EDGE_CURVE('',#1519,#1520,#1761,.T.);
#1148=EDGE_CURVE('',#1519,#1521,#149,.T.);
#1149=EDGE_CURVE('',#1521,#1522,#1762,.T.);
#1150=EDGE_CURVE('',#1520,#1522,#150,.T.);
#1151=EDGE_CURVE('',#1523,#1524,#1763,.T.);
#1152=EDGE_CURVE('',#1523,#1525,#151,.T.);
#1153=EDGE_CURVE('',#1525,#1526,#1764,.T.);
#1154=EDGE_CURVE('',#1524,#1526,#152,.T.);
#1155=EDGE_CURVE('',#1527,#1528,#1765,.T.);
#1156=EDGE_CURVE('',#1527,#1529,#153,.T.);
#1157=EDGE_CURVE('',#1529,#1530,#1766,.T.);
#1158=EDGE_CURVE('',#1528,#1530,#154,.T.);
#1159=EDGE_CURVE('',#1531,#1532,#155,.T.);
#1160=EDGE_CURVE('',#1533,#1531,#1767,.T.);
#1161=EDGE_CURVE('',#1533,#1534,#156,.T.);
#1162=EDGE_CURVE('',#1534,#1532,#1768,.T.);
#1163=EDGE_CURVE('',#1535,#1536,#1769,.T.);
#1164=EDGE_CURVE('',#1535,#1537,#157,.T.);
#1165=EDGE_CURVE('',#1537,#1538,#1770,.T.);
#1166=EDGE_CURVE('',#1536,#1538,#158,.T.);
#1167=EDGE_CURVE('',#1539,#1540,#159,.T.);
#1168=EDGE_CURVE('',#1541,#1539,#1771,.T.);
#1169=EDGE_CURVE('',#1541,#1542,#160,.T.);
#1170=EDGE_CURVE('',#1542,#1540,#1772,.T.);
#1171=EDGE_CURVE('',#1543,#1544,#161,.T.);
#1172=EDGE_CURVE('',#1545,#1543,#1773,.T.);
#1173=EDGE_CURVE('',#1545,#1546,#162,.T.);
#1174=EDGE_CURVE('',#1546,#1544,#1774,.T.);
#1175=EDGE_CURVE('',#1547,#1548,#163,.T.);
#1176=EDGE_CURVE('',#1549,#1547,#1775,.T.);
#1177=EDGE_CURVE('',#1549,#1550,#164,.T.);
#1178=EDGE_CURVE('',#1550,#1548,#1776,.T.);
#1179=EDGE_CURVE('',#1551,#1552,#1777,.T.);
#1180=EDGE_CURVE('',#1551,#1553,#165,.T.);
#1181=EDGE_CURVE('',#1553,#1554,#1778,.T.);
#1182=EDGE_CURVE('',#1552,#1554,#166,.T.);
#1183=EDGE_CURVE('',#1555,#1556,#1779,.T.);
#1184=EDGE_CURVE('',#1555,#1557,#167,.T.);
#1185=EDGE_CURVE('',#1557,#1558,#1780,.T.);
#1186=EDGE_CURVE('',#1556,#1558,#168,.T.);
#1187=EDGE_CURVE('',#1559,#1560,#1781,.T.);
#1188=EDGE_CURVE('',#1559,#1561,#169,.T.);
#1189=EDGE_CURVE('',#1561,#1562,#1782,.T.);
#1190=EDGE_CURVE('',#1560,#1562,#170,.T.);
#1191=EDGE_CURVE('',#1563,#1564,#171,.T.);
#1192=EDGE_CURVE('',#1565,#1563,#1783,.T.);
#1193=EDGE_CURVE('',#1565,#1566,#172,.T.);
#1194=EDGE_CURVE('',#1566,#1564,#1784,.T.);
#1195=EDGE_CURVE('',#1567,#1568,#1785,.T.);
#1196=EDGE_CURVE('',#1567,#1569,#173,.T.);
#1197=EDGE_CURVE('',#1569,#1570,#1786,.T.);
#1198=EDGE_CURVE('',#1568,#1570,#174,.T.);
#1199=EDGE_CURVE('',#1571,#1572,#1787,.T.);
#1200=EDGE_CURVE('',#1571,#1573,#175,.T.);
#1201=EDGE_CURVE('',#1573,#1574,#1788,.T.);
#1202=EDGE_CURVE('',#1572,#1574,#176,.T.);
#1203=EDGE_CURVE('',#1575,#1576,#1789,.T.);
#1204=EDGE_CURVE('',#1575,#1503,#52,.T.);
#1205=EDGE_CURVE('',#1577,#1504,#53,.T.);
#1206=EDGE_CURVE('',#1578,#1577,#1790,.T.);
#1207=EDGE_CURVE('',#1578,#1579,#1791,.T.);
#1208=EDGE_CURVE('',#1580,#1579,#1792,.T.);
#1209=EDGE_CURVE('',#1580,#1507,#54,.T.);
#1210=EDGE_CURVE('',#1581,#1508,#55,.T.);
#1211=EDGE_CURVE('',#1582,#1581,#1793,.T.);
#1212=EDGE_CURVE('',#1582,#1583,#1794,.T.);
#1213=EDGE_CURVE('',#1584,#1583,#1795,.T.);
#1214=EDGE_CURVE('',#1584,#1511,#56,.T.);
#1215=EDGE_CURVE('',#1585,#1512,#57,.T.);
#1216=EDGE_CURVE('',#1586,#1585,#1796,.T.);
#1217=EDGE_CURVE('',#1586,#1587,#1797,.T.);
#1218=EDGE_CURVE('',#1588,#1587,#1798,.T.);
#1219=EDGE_CURVE('',#1588,#1515,#58,.T.);
#1220=EDGE_CURVE('',#1589,#1516,#59,.T.);
#1221=EDGE_CURVE('',#1590,#1589,#1799,.T.);
#1222=EDGE_CURVE('',#1590,#1591,#1800,.T.);
#1223=EDGE_CURVE('',#1592,#1591,#1801,.T.);
#1224=EDGE_CURVE('',#1592,#1519,#60,.T.);
#1225=EDGE_CURVE('',#1593,#1520,#61,.T.);
#1226=EDGE_CURVE('',#1594,#1593,#1802,.T.);
#1227=EDGE_CURVE('',#1594,#1595,#1803,.T.);
#1228=EDGE_CURVE('',#1596,#1595,#1804,.T.);
#1229=EDGE_CURVE('',#1596,#1523,#62,.T.);
#1230=EDGE_CURVE('',#1597,#1524,#63,.T.);
#1231=EDGE_CURVE('',#1598,#1597,#1805,.T.);
#1232=EDGE_CURVE('',#1598,#1599,#1806,.T.);
#1233=EDGE_CURVE('',#1600,#1599,#1807,.T.);
#1234=EDGE_CURVE('',#1600,#1527,#64,.T.);
#1235=EDGE_CURVE('',#1601,#1528,#65,.T.);
#1236=EDGE_CURVE('',#1602,#1601,#1808,.T.);
#1237=EDGE_CURVE('',#1602,#1603,#1809,.T.);
#1238=EDGE_CURVE('',#1604,#1603,#1810,.T.);
#1239=EDGE_CURVE('',#1604,#1567,#66,.T.);
#1240=EDGE_CURVE('',#1605,#1568,#67,.T.);
#1241=EDGE_CURVE('',#1606,#1605,#1811,.T.);
#1242=EDGE_CURVE('',#1606,#1607,#1812,.T.);
#1243=EDGE_CURVE('',#1608,#1607,#1813,.T.);
#1244=EDGE_CURVE('',#1608,#1565,#68,.T.);
#1245=EDGE_CURVE('',#1609,#1563,#69,.T.);
#1246=EDGE_CURVE('',#1610,#1609,#1814,.T.);
#1247=EDGE_CURVE('',#1610,#1611,#1815,.T.);
#1248=EDGE_CURVE('',#1612,#1611,#1816,.T.);
#1249=EDGE_CURVE('',#1612,#1571,#70,.T.);
#1250=EDGE_CURVE('',#1613,#1572,#71,.T.);
#1251=EDGE_CURVE('',#1614,#1613,#1817,.T.);
#1252=EDGE_CURVE('',#1614,#1615,#1818,.T.);
#1253=EDGE_CURVE('',#1616,#1615,#1819,.T.);
#1254=EDGE_CURVE('',#1616,#1617,#72,.T.);
#1255=EDGE_CURVE('',#1617,#1618,#1820,.T.);
#1256=EDGE_CURVE('',#1619,#1618,#73,.T.);
#1257=EDGE_CURVE('',#1620,#1619,#1821,.T.);
#1258=EDGE_CURVE('',#1620,#1621,#1822,.T.);
#1259=EDGE_CURVE('',#1622,#1621,#1823,.T.);
#1260=EDGE_CURVE('',#1622,#1549,#74,.T.);
#1261=EDGE_CURVE('',#1623,#1547,#75,.T.);
#1262=EDGE_CURVE('',#1624,#1623,#1824,.T.);
#1263=EDGE_CURVE('',#1624,#1625,#1825,.T.);
#1264=EDGE_CURVE('',#1626,#1625,#1826,.T.);
#1265=EDGE_CURVE('',#1626,#1551,#76,.T.);
#1266=EDGE_CURVE('',#1627,#1552,#77,.T.);
#1267=EDGE_CURVE('',#1628,#1627,#1827,.T.);
#1268=EDGE_CURVE('',#1628,#1629,#1828,.T.);
#1269=EDGE_CURVE('',#1630,#1629,#1829,.T.);
#1270=EDGE_CURVE('',#1630,#1555,#78,.T.);
#1271=EDGE_CURVE('',#1631,#1556,#79,.T.);
#1272=EDGE_CURVE('',#1632,#1631,#1830,.T.);
#1273=EDGE_CURVE('',#1632,#1633,#1831,.T.);
#1274=EDGE_CURVE('',#1634,#1633,#1832,.T.);
#1275=EDGE_CURVE('',#1634,#1559,#80,.T.);
#1276=EDGE_CURVE('',#1635,#1560,#81,.T.);
#1277=EDGE_CURVE('',#1636,#1635,#1833,.T.);
#1278=EDGE_CURVE('',#1636,#1637,#1834,.T.);
#1279=EDGE_CURVE('',#1638,#1637,#1835,.T.);
#1280=EDGE_CURVE('',#1638,#1545,#82,.T.);
#1281=EDGE_CURVE('',#1639,#1543,#83,.T.);
#1282=EDGE_CURVE('',#1640,#1639,#1836,.T.);
#1283=EDGE_CURVE('',#1640,#1641,#1837,.T.);
#1284=EDGE_CURVE('',#1642,#1641,#1838,.T.);
#1285=EDGE_CURVE('',#1642,#1541,#84,.T.);
#1286=EDGE_CURVE('',#1643,#1539,#85,.T.);
#1287=EDGE_CURVE('',#1644,#1643,#1839,.T.);
#1288=EDGE_CURVE('',#1644,#1645,#1840,.T.);
#1289=EDGE_CURVE('',#1646,#1645,#1841,.T.);
#1290=EDGE_CURVE('',#1646,#1533,#86,.T.);
#1291=EDGE_CURVE('',#1647,#1531,#87,.T.);
#1292=EDGE_CURVE('',#1648,#1647,#1842,.T.);
#1293=EDGE_CURVE('',#1648,#1649,#1843,.T.);
#1294=EDGE_CURVE('',#1650,#1649,#1844,.T.);
#1295=EDGE_CURVE('',#1650,#1535,#88,.T.);
#1296=EDGE_CURVE('',#1651,#1536,#89,.T.);
#1297=EDGE_CURVE('',#1652,#1651,#1845,.T.);
#1298=EDGE_CURVE('',#1652,#1653,#1846,.T.);
#1299=EDGE_CURVE('',#1654,#1653,#1847,.T.);
#1300=EDGE_CURVE('',#1654,#1501,#90,.T.);
#1301=EDGE_CURVE('',#1655,#1499,#91,.T.);
#1302=EDGE_CURVE('',#1656,#1655,#1848,.T.);
#1303=EDGE_CURVE('',#1656,#1576,#1849,.T.);
#1304=EDGE_CURVE('',#1657,#1657,#1850,.T.);
#1305=EDGE_CURVE('',#1658,#1658,#1851,.T.);
#1306=EDGE_CURVE('',#1617,#1659,#177,.T.);
#1307=EDGE_CURVE('',#1659,#1660,#1852,.T.);
#1308=EDGE_CURVE('',#1618,#1660,#178,.T.);
#1309=EDGE_CURVE('',#1661,#1662,#1853,.F.);
#1310=EDGE_CURVE('',#1661,#1500,#92,.T.);
#1311=EDGE_CURVE('',#1663,#1502,#93,.T.);
#1312=EDGE_CURVE('',#1664,#1663,#1854,.F.);
#1313=EDGE_CURVE('',#1665,#1664,#1855,.T.);
#1314=EDGE_CURVE('',#1666,#1665,#1856,.F.);
#1315=EDGE_CURVE('',#1666,#1538,#94,.T.);
#1316=EDGE_CURVE('',#1667,#1537,#95,.T.);
#1317=EDGE_CURVE('',#1668,#1667,#1857,.F.);
#1318=EDGE_CURVE('',#1669,#1668,#1858,.T.);
#1319=EDGE_CURVE('',#1670,#1669,#1859,.F.);
#1320=EDGE_CURVE('',#1670,#1532,#96,.T.);
#1321=EDGE_CURVE('',#1671,#1534,#97,.T.);
#1322=EDGE_CURVE('',#1672,#1671,#1860,.F.);
#1323=EDGE_CURVE('',#1673,#1672,#1861,.T.);
#1324=EDGE_CURVE('',#1674,#1673,#1862,.F.);
#1325=EDGE_CURVE('',#1674,#1540,#98,.T.);
#1326=EDGE_CURVE('',#1675,#1542,#99,.T.);
#1327=EDGE_CURVE('',#1676,#1675,#1863,.F.);
#1328=EDGE_CURVE('',#1677,#1676,#1864,.T.);
#1329=EDGE_CURVE('',#1678,#1677,#1865,.F.);
#1330=EDGE_CURVE('',#1678,#1544,#100,.T.);
#1331=EDGE_CURVE('',#1679,#1546,#101,.T.);
#1332=EDGE_CURVE('',#1680,#1679,#1866,.F.);
#1333=EDGE_CURVE('',#1681,#1680,#1867,.T.);
#1334=EDGE_CURVE('',#1682,#1681,#1868,.F.);
#1335=EDGE_CURVE('',#1682,#1562,#102,.T.);
#1336=EDGE_CURVE('',#1683,#1561,#103,.T.);
#1337=EDGE_CURVE('',#1684,#1683,#1869,.F.);
#1338=EDGE_CURVE('',#1685,#1684,#1870,.T.);
#1339=EDGE_CURVE('',#1686,#1685,#1871,.F.);
#1340=EDGE_CURVE('',#1686,#1558,#104,.T.);
#1341=EDGE_CURVE('',#1687,#1557,#105,.T.);
#1342=EDGE_CURVE('',#1688,#1687,#1872,.F.);
#1343=EDGE_CURVE('',#1689,#1688,#1873,.T.);
#1344=EDGE_CURVE('',#1690,#1689,#1874,.F.);
#1345=EDGE_CURVE('',#1690,#1554,#106,.T.);
#1346=EDGE_CURVE('',#1691,#1553,#107,.T.);
#1347=EDGE_CURVE('',#1692,#1691,#1875,.F.);
#1348=EDGE_CURVE('',#1693,#1692,#1876,.T.);
#1349=EDGE_CURVE('',#1694,#1693,#1877,.F.);
#1350=EDGE_CURVE('',#1694,#1548,#108,.T.);
#1351=EDGE_CURVE('',#1695,#1550,#109,.T.);
#1352=EDGE_CURVE('',#1696,#1695,#1878,.F.);
#1353=EDGE_CURVE('',#1697,#1696,#1879,.T.);
#1354=EDGE_CURVE('',#1698,#1697,#1880,.F.);
#1355=EDGE_CURVE('',#1698,#1660,#110,.T.);
#1356=EDGE_CURVE('',#1699,#1659,#111,.T.);
#1357=EDGE_CURVE('',#1700,#1699,#1881,.F.);
#1358=EDGE_CURVE('',#1701,#1700,#1882,.T.);
#1359=EDGE_CURVE('',#1702,#1701,#1883,.F.);
#1360=EDGE_CURVE('',#1702,#1574,#112,.T.);
#1361=EDGE_CURVE('',#1703,#1573,#113,.T.);
#1362=EDGE_CURVE('',#1704,#1703,#1884,.F.);
#1363=EDGE_CURVE('',#1705,#1704,#1885,.T.);
#1364=EDGE_CURVE('',#1706,#1705,#1886,.F.);
#1365=EDGE_CURVE('',#1706,#1564,#114,.T.);
#1366=EDGE_CURVE('',#1707,#1566,#115,.T.);
#1367=EDGE_CURVE('',#1708,#1707,#1887,.F.);
#1368=EDGE_CURVE('',#1709,#1708,#1888,.T.);
#1369=EDGE_CURVE('',#1710,#1709,#1889,.F.);
#1370=EDGE_CURVE('',#1710,#1570,#116,.T.);
#1371=EDGE_CURVE('',#1711,#1569,#117,.T.);
#1372=EDGE_CURVE('',#1712,#1711,#1890,.F.);
#1373=EDGE_CURVE('',#1713,#1712,#1891,.T.);
#1374=EDGE_CURVE('',#1714,#1713,#1892,.F.);
#1375=EDGE_CURVE('',#1714,#1530,#118,.T.);
#1376=EDGE_CURVE('',#1715,#1529,#119,.T.);
#1377=EDGE_CURVE('',#1716,#1715,#1893,.F.);
#1378=EDGE_CURVE('',#1717,#1716,#1894,.T.);
#1379=EDGE_CURVE('',#1718,#1717,#1895,.F.);
#1380=EDGE_CURVE('',#1718,#1526,#120,.T.);
#1381=EDGE_CURVE('',#1719,#1525,#121,.T.);
#1382=EDGE_CURVE('',#1720,#1719,#1896,.F.);
#1383=EDGE_CURVE('',#1721,#1720,#1897,.T.);
#1384=EDGE_CURVE('',#1722,#1721,#1898,.F.);
#1385=EDGE_CURVE('',#1722,#1522,#122,.T.);
#1386=EDGE_CURVE('',#1723,#1521,#123,.T.);
#1387=EDGE_CURVE('',#1724,#1723,#1899,.F.);
#1388=EDGE_CURVE('',#1725,#1724,#1900,.T.);
#1389=EDGE_CURVE('',#1726,#1725,#1901,.F.);
#1390=EDGE_CURVE('',#1726,#1518,#124,.T.);
#1391=EDGE_CURVE('',#1727,#1517,#125,.T.);
#1392=EDGE_CURVE('',#1728,#1727,#1902,.F.);
#1393=EDGE_CURVE('',#1729,#1728,#1903,.T.);
#1394=EDGE_CURVE('',#1730,#1729,#1904,.F.);
#1395=EDGE_CURVE('',#1730,#1514,#126,.T.);
#1396=EDGE_CURVE('',#1731,#1513,#127,.T.);
#1397=EDGE_CURVE('',#1732,#1731,#1905,.F.);
#1398=EDGE_CURVE('',#1733,#1732,#1906,.T.);
#1399=EDGE_CURVE('',#1734,#1733,#1907,.F.);
#1400=EDGE_CURVE('',#1734,#1510,#128,.T.);
#1401=EDGE_CURVE('',#1735,#1509,#129,.T.);
#1402=EDGE_CURVE('',#1736,#1735,#1908,.F.);
#1403=EDGE_CURVE('',#1737,#1736,#1909,.T.);
#1404=EDGE_CURVE('',#1738,#1737,#1910,.F.);
#1405=EDGE_CURVE('',#1738,#1506,#130,.T.);
#1406=EDGE_CURVE('',#1739,#1505,#131,.T.);
#1407=EDGE_CURVE('',#1740,#1739,#1911,.F.);
#1408=EDGE_CURVE('',#1662,#1740,#1912,.T.);
#1409=EDGE_CURVE('',#1619,#1698,#179,.T.);
#1410=EDGE_CURVE('',#1695,#1622,#180,.F.);
#1411=EDGE_CURVE('',#1621,#1696,#181,.T.);
#1412=EDGE_CURVE('',#1697,#1620,#182,.F.);
#1413=EDGE_CURVE('',#1613,#1702,#183,.T.);
#1414=EDGE_CURVE('',#1699,#1616,#184,.F.);
#1415=EDGE_CURVE('',#1615,#1700,#185,.T.);
#1416=EDGE_CURVE('',#1701,#1614,#186,.F.);
#1417=EDGE_CURVE('',#1605,#1710,#187,.T.);
#1418=EDGE_CURVE('',#1707,#1608,#188,.F.);
#1419=EDGE_CURVE('',#1607,#1708,#189,.T.);
#1420=EDGE_CURVE('',#1709,#1606,#190,.F.);
#1421=EDGE_CURVE('',#1609,#1706,#191,.T.);
#1422=EDGE_CURVE('',#1703,#1612,#192,.F.);
#1423=EDGE_CURVE('',#1611,#1704,#193,.T.);
#1424=EDGE_CURVE('',#1705,#1610,#194,.F.);
#1425=EDGE_CURVE('',#1635,#1682,#195,.T.);
#1426=EDGE_CURVE('',#1679,#1638,#196,.F.);
#1427=EDGE_CURVE('',#1637,#1680,#197,.T.);
#1428=EDGE_CURVE('',#1681,#1636,#198,.F.);
#1429=EDGE_CURVE('',#1631,#1686,#199,.T.);
#1430=EDGE_CURVE('',#1683,#1634,#200,.F.);
#1431=EDGE_CURVE('',#1633,#1684,#201,.T.);
#1432=EDGE_CURVE('',#1685,#1632,#202,.F.);
#1433=EDGE_CURVE('',#1627,#1690,#203,.T.);
#1434=EDGE_CURVE('',#1687,#1630,#204,.F.);
#1435=EDGE_CURVE('',#1629,#1688,#205,.T.);
#1436=EDGE_CURVE('',#1689,#1628,#206,.F.);
#1437=EDGE_CURVE('',#1623,#1694,#207,.T.);
#1438=EDGE_CURVE('',#1691,#1626,#208,.F.);
#1439=EDGE_CURVE('',#1625,#1692,#209,.T.);
#1440=EDGE_CURVE('',#1693,#1624,#210,.F.);
#1441=EDGE_CURVE('',#1639,#1678,#211,.T.);
#1442=EDGE_CURVE('',#1675,#1642,#212,.F.);
#1443=EDGE_CURVE('',#1641,#1676,#213,.T.);
#1444=EDGE_CURVE('',#1677,#1640,#214,.F.);
#1445=EDGE_CURVE('',#1643,#1674,#215,.T.);
#1446=EDGE_CURVE('',#1671,#1646,#216,.F.);
#1447=EDGE_CURVE('',#1645,#1672,#217,.T.);
#1448=EDGE_CURVE('',#1673,#1644,#218,.F.);
#1449=EDGE_CURVE('',#1651,#1666,#219,.T.);
#1450=EDGE_CURVE('',#1663,#1654,#220,.F.);
#1451=EDGE_CURVE('',#1653,#1664,#221,.T.);
#1452=EDGE_CURVE('',#1665,#1652,#222,.F.);
#1453=EDGE_CURVE('',#1647,#1670,#223,.T.);
#1454=EDGE_CURVE('',#1667,#1650,#224,.F.);
#1455=EDGE_CURVE('',#1649,#1668,#225,.T.);
#1456=EDGE_CURVE('',#1669,#1648,#226,.F.);
#1457=EDGE_CURVE('',#1601,#1714,#227,.T.);
#1458=EDGE_CURVE('',#1711,#1604,#228,.F.);
#1459=EDGE_CURVE('',#1603,#1712,#229,.T.);
#1460=EDGE_CURVE('',#1713,#1602,#230,.F.);
#1461=EDGE_CURVE('',#1597,#1718,#231,.T.);
#1462=EDGE_CURVE('',#1715,#1600,#232,.F.);
#1463=EDGE_CURVE('',#1599,#1716,#233,.T.);
#1464=EDGE_CURVE('',#1717,#1598,#234,.F.);
#1465=EDGE_CURVE('',#1593,#1722,#235,.T.);
#1466=EDGE_CURVE('',#1719,#1596,#236,.F.);
#1467=EDGE_CURVE('',#1595,#1720,#237,.T.);
#1468=EDGE_CURVE('',#1721,#1594,#238,.F.);
#1469=EDGE_CURVE('',#1589,#1726,#239,.T.);
#1470=EDGE_CURVE('',#1723,#1592,#240,.F.);
#1471=EDGE_CURVE('',#1591,#1724,#241,.T.);
#1472=EDGE_CURVE('',#1725,#1590,#242,.F.);
#1473=EDGE_CURVE('',#1585,#1730,#243,.T.);
#1474=EDGE_CURVE('',#1727,#1588,#244,.F.);
#1475=EDGE_CURVE('',#1587,#1728,#245,.T.);
#1476=EDGE_CURVE('',#1729,#1586,#246,.F.);
#1477=EDGE_CURVE('',#1581,#1734,#247,.T.);
#1478=EDGE_CURVE('',#1731,#1584,#248,.F.);
#1479=EDGE_CURVE('',#1583,#1732,#249,.T.);
#1480=EDGE_CURVE('',#1733,#1582,#250,.F.);
#1481=EDGE_CURVE('',#1577,#1738,#251,.T.);
#1482=EDGE_CURVE('',#1735,#1580,#252,.F.);
#1483=EDGE_CURVE('',#1579,#1736,#253,.T.);
#1484=EDGE_CURVE('',#1737,#1578,#254,.F.);
#1485=EDGE_CURVE('',#1655,#1661,#255,.T.);
#1486=EDGE_CURVE('',#1739,#1575,#256,.F.);
#1487=EDGE_CURVE('',#1576,#1740,#257,.T.);
#1488=EDGE_CURVE('',#1662,#1656,#258,.F.);
#1489=EDGE_CURVE('',#1741,#1741,#1913,.T.);
#1490=EDGE_CURVE('',#1742,#1742,#1914,.T.);
#1491=EDGE_CURVE('',#1743,#1743,#1915,.T.);
#1492=EDGE_CURVE('',#1744,#1744,#1916,.T.);
#1493=EDGE_CURVE('',#1745,#1745,#1917,.T.);
#1494=EDGE_CURVE('',#1746,#1746,#1918,.T.);
#1495=VERTEX_POINT('',#3363);
#1496=VERTEX_POINT('',#3365);
#1497=VERTEX_POINT('',#3368);
#1498=VERTEX_POINT('',#3370);
#1499=VERTEX_POINT('',#3373);
#1500=VERTEX_POINT('',#3374);
#1501=VERTEX_POINT('',#3376);
#1502=VERTEX_POINT('',#3378);
#1503=VERTEX_POINT('',#3382);
#1504=VERTEX_POINT('',#3383);
#1505=VERTEX_POINT('',#3385);
#1506=VERTEX_POINT('',#3387);
#1507=VERTEX_POINT('',#3391);
#1508=VERTEX_POINT('',#3392);
#1509=VERTEX_POINT('',#3394);
#1510=VERTEX_POINT('',#3396);
#1511=VERTEX_POINT('',#3400);
#1512=VERTEX_POINT('',#3401);
#1513=VERTEX_POINT('',#3403);
#1514=VERTEX_POINT('',#3405);
#1515=VERTEX_POINT('',#3409);
#1516=VERTEX_POINT('',#3410);
#1517=VERTEX_POINT('',#3412);
#1518=VERTEX_POINT('',#3414);
#1519=VERTEX_POINT('',#3418);
#1520=VERTEX_POINT('',#3419);
#1521=VERTEX_POINT('',#3421);
#1522=VERTEX_POINT('',#3423);
#1523=VERTEX_POINT('',#3427);
#1524=VERTEX_POINT('',#3428);
#1525=VERTEX_POINT('',#3430);
#1526=VERTEX_POINT('',#3432);
#1527=VERTEX_POINT('',#3436);
#1528=VERTEX_POINT('',#3437);
#1529=VERTEX_POINT('',#3439);
#1530=VERTEX_POINT('',#3441);
#1531=VERTEX_POINT('',#3445);
#1532=VERTEX_POINT('',#3446);
#1533=VERTEX_POINT('',#3448);
#1534=VERTEX_POINT('',#3450);
#1535=VERTEX_POINT('',#3454);
#1536=VERTEX_POINT('',#3455);
#1537=VERTEX_POINT('',#3457);
#1538=VERTEX_POINT('',#3459);
#1539=VERTEX_POINT('',#3463);
#1540=VERTEX_POINT('',#3464);
#1541=VERTEX_POINT('',#3466);
#1542=VERTEX_POINT('',#3468);
#1543=VERTEX_POINT('',#3472);
#1544=VERTEX_POINT('',#3473);
#1545=VERTEX_POINT('',#3475);
#1546=VERTEX_POINT('',#3477);
#1547=VERTEX_POINT('',#3481);
#1548=VERTEX_POINT('',#3482);
#1549=VERTEX_POINT('',#3484);
#1550=VERTEX_POINT('',#3486);
#1551=VERTEX_POINT('',#3490);
#1552=VERTEX_POINT('',#3491);
#1553=VERTEX_POINT('',#3493);
#1554=VERTEX_POINT('',#3495);
#1555=VERTEX_POINT('',#3499);
#1556=VERTEX_POINT('',#3500);
#1557=VERTEX_POINT('',#3502);
#1558=VERTEX_POINT('',#3504);
#1559=VERTEX_POINT('',#3508);
#1560=VERTEX_POINT('',#3509);
#1561=VERTEX_POINT('',#3511);
#1562=VERTEX_POINT('',#3513);
#1563=VERTEX_POINT('',#3517);
#1564=VERTEX_POINT('',#3518);
#1565=VERTEX_POINT('',#3520);
#1566=VERTEX_POINT('',#3522);
#1567=VERTEX_POINT('',#3526);
#1568=VERTEX_POINT('',#3527);
#1569=VERTEX_POINT('',#3529);
#1570=VERTEX_POINT('',#3531);
#1571=VERTEX_POINT('',#3535);
#1572=VERTEX_POINT('',#3536);
#1573=VERTEX_POINT('',#3538);
#1574=VERTEX_POINT('',#3540);
#1575=VERTEX_POINT('',#3544);
#1576=VERTEX_POINT('',#3545);
#1577=VERTEX_POINT('',#3614);
#1578=VERTEX_POINT('',#3616);
#1579=VERTEX_POINT('',#3618);
#1580=VERTEX_POINT('',#3620);
#1581=VERTEX_POINT('',#3689);
#1582=VERTEX_POINT('',#3691);
#1583=VERTEX_POINT('',#3693);
#1584=VERTEX_POINT('',#3695);
#1585=VERTEX_POINT('',#3764);
#1586=VERTEX_POINT('',#3766);
#1587=VERTEX_POINT('',#3768);
#1588=VERTEX_POINT('',#3770);
#1589=VERTEX_POINT('',#3839);
#1590=VERTEX_POINT('',#3841);
#1591=VERTEX_POINT('',#3843);
#1592=VERTEX_POINT('',#3845);
#1593=VERTEX_POINT('',#3914);
#1594=VERTEX_POINT('',#3916);
#1595=VERTEX_POINT('',#3918);
#1596=VERTEX_POINT('',#3920);
#1597=VERTEX_POINT('',#3989);
#1598=VERTEX_POINT('',#3991);
#1599=VERTEX_POINT('',#3993);
#1600=VERTEX_POINT('',#3995);
#1601=VERTEX_POINT('',#4064);
#1602=VERTEX_POINT('',#4066);
#1603=VERTEX_POINT('',#4068);
#1604=VERTEX_POINT('',#4070);
#1605=VERTEX_POINT('',#4139);
#1606=VERTEX_POINT('',#4141);
#1607=VERTEX_POINT('',#4143);
#1608=VERTEX_POINT('',#4145);
#1609=VERTEX_POINT('',#4214);
#1610=VERTEX_POINT('',#4216);
#1611=VERTEX_POINT('',#4218);
#1612=VERTEX_POINT('',#4220);
#1613=VERTEX_POINT('',#4289);
#1614=VERTEX_POINT('',#4291);
#1615=VERTEX_POINT('',#4293);
#1616=VERTEX_POINT('',#4295);
#1617=VERTEX_POINT('',#4330);
#1618=VERTEX_POINT('',#4332);
#1619=VERTEX_POINT('',#4367);
#1620=VERTEX_POINT('',#4369);
#1621=VERTEX_POINT('',#4371);
#1622=VERTEX_POINT('',#4373);
#1623=VERTEX_POINT('',#4442);
#1624=VERTEX_POINT('',#4444);
#1625=VERTEX_POINT('',#4446);
#1626=VERTEX_POINT('',#4448);
#1627=VERTEX_POINT('',#4517);
#1628=VERTEX_POINT('',#4519);
#1629=VERTEX_POINT('',#4521);
#1630=VERTEX_POINT('',#4523);
#1631=VERTEX_POINT('',#4592);
#1632=VERTEX_POINT('',#4594);
#1633=VERTEX_POINT('',#4596);
#1634=VERTEX_POINT('',#4598);
#1635=VERTEX_POINT('',#4667);
#1636=VERTEX_POINT('',#4669);
#1637=VERTEX_POINT('',#4671);
#1638=VERTEX_POINT('',#4673);
#1639=VERTEX_POINT('',#4742);
#1640=VERTEX_POINT('',#4744);
#1641=VERTEX_POINT('',#4746);
#1642=VERTEX_POINT('',#4748);
#1643=VERTEX_POINT('',#4817);
#1644=VERTEX_POINT('',#4819);
#1645=VERTEX_POINT('',#4821);
#1646=VERTEX_POINT('',#4823);
#1647=VERTEX_POINT('',#4892);
#1648=VERTEX_POINT('',#4894);
#1649=VERTEX_POINT('',#4896);
#1650=VERTEX_POINT('',#4898);
#1651=VERTEX_POINT('',#4967);
#1652=VERTEX_POINT('',#4969);
#1653=VERTEX_POINT('',#4971);
#1654=VERTEX_POINT('',#4973);
#1655=VERTEX_POINT('',#5042);
#1656=VERTEX_POINT('',#5044);
#1657=VERTEX_POINT('',#5048);
#1658=VERTEX_POINT('',#5050);
#1659=VERTEX_POINT('',#5053);
#1660=VERTEX_POINT('',#5055);
#1661=VERTEX_POINT('',#5059);
#1662=VERTEX_POINT('',#5060);
#1663=VERTEX_POINT('',#5129);
#1664=VERTEX_POINT('',#5131);
#1665=VERTEX_POINT('',#5133);
#1666=VERTEX_POINT('',#5135);
#1667=VERTEX_POINT('',#5204);
#1668=VERTEX_POINT('',#5206);
#1669=VERTEX_POINT('',#5208);
#1670=VERTEX_POINT('',#5210);
#1671=VERTEX_POINT('',#5279);
#1672=VERTEX_POINT('',#5281);
#1673=VERTEX_POINT('',#5283);
#1674=VERTEX_POINT('',#5285);
#1675=VERTEX_POINT('',#5354);
#1676=VERTEX_POINT('',#5356);
#1677=VERTEX_POINT('',#5358);
#1678=VERTEX_POINT('',#5360);
#1679=VERTEX_POINT('',#5429);
#1680=VERTEX_POINT('',#5431);
#1681=VERTEX_POINT('',#5433);
#1682=VERTEX_POINT('',#5435);
#1683=VERTEX_POINT('',#5504);
#1684=VERTEX_POINT('',#5506);
#1685=VERTEX_POINT('',#5508);
#1686=VERTEX_POINT('',#5510);
#1687=VERTEX_POINT('',#5579);
#1688=VERTEX_POINT('',#5581);
#1689=VERTEX_POINT('',#5583);
#1690=VERTEX_POINT('',#5585);
#1691=VERTEX_POINT('',#5654);
#1692=VERTEX_POINT('',#5656);
#1693=VERTEX_POINT('',#5658);
#1694=VERTEX_POINT('',#5660);
#1695=VERTEX_POINT('',#5729);
#1696=VERTEX_POINT('',#5731);
#1697=VERTEX_POINT('',#5733);
#1698=VERTEX_POINT('',#5735);
#1699=VERTEX_POINT('',#5804);
#1700=VERTEX_POINT('',#5806);
#1701=VERTEX_POINT('',#5808);
#1702=VERTEX_POINT('',#5810);
#1703=VERTEX_POINT('',#5879);
#1704=VERTEX_POINT('',#5881);
#1705=VERTEX_POINT('',#5883);
#1706=VERTEX_POINT('',#5885);
#1707=VERTEX_POINT('',#5954);
#1708=VERTEX_POINT('',#5956);
#1709=VERTEX_POINT('',#5958);
#1710=VERTEX_POINT('',#5960);
#1711=VERTEX_POINT('',#6029);
#1712=VERTEX_POINT('',#6031);
#1713=VERTEX_POINT('',#6033);
#1714=VERTEX_POINT('',#6035);
#1715=VERTEX_POINT('',#6104);
#1716=VERTEX_POINT('',#6106);
#1717=VERTEX_POINT('',#6108);
#1718=VERTEX_POINT('',#6110);
#1719=VERTEX_POINT('',#6179);
#1720=VERTEX_POINT('',#6181);
#1721=VERTEX_POINT('',#6183);
#1722=VERTEX_POINT('',#6185);
#1723=VERTEX_POINT('',#6254);
#1724=VERTEX_POINT('',#6256);
#1725=VERTEX_POINT('',#6258);
#1726=VERTEX_POINT('',#6260);
#1727=VERTEX_POINT('',#6329);
#1728=VERTEX_POINT('',#6331);
#1729=VERTEX_POINT('',#6333);
#1730=VERTEX_POINT('',#6335);
#1731=VERTEX_POINT('',#6404);
#1732=VERTEX_POINT('',#6406);
#1733=VERTEX_POINT('',#6408);
#1734=VERTEX_POINT('',#6410);
#1735=VERTEX_POINT('',#6479);
#1736=VERTEX_POINT('',#6481);
#1737=VERTEX_POINT('',#6483);
#1738=VERTEX_POINT('',#6485);
#1739=VERTEX_POINT('',#6554);
#1740=VERTEX_POINT('',#6556);
#1741=VERTEX_POINT('',#7820);
#1742=VERTEX_POINT('',#7822);
#1743=VERTEX_POINT('',#7826);
#1744=VERTEX_POINT('',#7828);
#1745=VERTEX_POINT('',#7833);
#1746=VERTEX_POINT('',#7835);
#1747=CIRCLE('',#2444,0.0056);
#1748=CIRCLE('',#2445,0.0056);
#1749=CIRCLE('',#2447,0.0056);
#1750=CIRCLE('',#2448,0.0056);
#1751=CIRCLE('',#2450,0.011);
#1752=CIRCLE('',#2451,0.011);
#1753=CIRCLE('',#2453,0.011);
#1754=CIRCLE('',#2454,0.011);
#1755=CIRCLE('',#2456,0.011);
#1756=CIRCLE('',#2457,0.011);
#1757=CIRCLE('',#2459,0.011);
#1758=CIRCLE('',#2460,0.011);
#1759=CIRCLE('',#2462,0.011);
#1760=CIRCLE('',#2463,0.011);
#1761=CIRCLE('',#2465,0.011);
#1762=CIRCLE('',#2466,0.011);
#1763=CIRCLE('',#2468,0.011);
#1764=CIRCLE('',#2469,0.011);
#1765=CIRCLE('',#2471,0.011);
#1766=CIRCLE('',#2472,0.011);
#1767=CIRCLE('',#2474,0.011);
#1768=CIRCLE('',#2475,0.011);
#1769=CIRCLE('',#2477,0.011);
#1770=CIRCLE('',#2478,0.011);
#1771=CIRCLE('',#2480,0.011);
#1772=CIRCLE('',#2481,0.011);
#1773=CIRCLE('',#2483,0.011);
#1774=CIRCLE('',#2484,0.011);
#1775=CIRCLE('',#2486,0.011);
#1776=CIRCLE('',#2487,0.011);
#1777=CIRCLE('',#2489,0.011);
#1778=CIRCLE('',#2490,0.011);
#1779=CIRCLE('',#2492,0.011);
#1780=CIRCLE('',#2493,0.011);
#1781=CIRCLE('',#2495,0.011);
#1782=CIRCLE('',#2496,0.011);
#1783=CIRCLE('',#2498,0.011);
#1784=CIRCLE('',#2499,0.011);
#1785=CIRCLE('',#2501,0.011);
#1786=CIRCLE('',#2502,0.011);
#1787=CIRCLE('',#2504,0.011);
#1788=CIRCLE('',#2505,0.011);
#1789=CIRCLE('',#2507,0.000396000330012734);
#1790=CIRCLE('',#2508,0.000396000330012734);
#1791=CIRCLE('',#2509,0.0087500000000001);
#1792=CIRCLE('',#2510,0.000396000330012734);
#1793=CIRCLE('',#2511,0.000396000330012734);
#1794=CIRCLE('',#2512,0.0087500000000001);
#1795=CIRCLE('',#2513,0.000396000330012734);
#1796=CIRCLE('',#2514,0.000396000330012734);
#1797=CIRCLE('',#2515,0.0087500000000001);
#1798=CIRCLE('',#2516,0.000396000330012734);
#1799=CIRCLE('',#2517,0.000396000330012734);
#1800=CIRCLE('',#2518,0.0087500000000001);
#1801=CIRCLE('',#2519,0.000396000330012734);
#1802=CIRCLE('',#2520,0.000396000330012734);
#1803=CIRCLE('',#2521,0.0087500000000001);
#1804=CIRCLE('',#2522,0.000396000330012734);
#1805=CIRCLE('',#2523,0.000396000330012734);
#1806=CIRCLE('',#2524,0.0087500000000001);
#1807=CIRCLE('',#2525,0.000396000330012734);
#1808=CIRCLE('',#2526,0.000396000330012734);
#1809=CIRCLE('',#2527,0.0087500000000001);
#1810=CIRCLE('',#2528,0.000396000330012734);
#1811=CIRCLE('',#2529,0.000396000330012734);
#1812=CIRCLE('',#2530,0.0087500000000001);
#1813=CIRCLE('',#2531,0.000396000330012734);
#1814=CIRCLE('',#2532,0.000396000330012734);
#1815=CIRCLE('',#2533,0.0087500000000001);
#1816=CIRCLE('',#2534,0.000396000330012734);
#1817=CIRCLE('',#2535,0.000396000330012734);
#1818=CIRCLE('',#2536,0.0087500000000001);
#1819=CIRCLE('',#2537,0.000396000330012734);
#1820=CIRCLE('',#2538,0.011);
#1821=CIRCLE('',#2539,0.000396000330012734);
#1822=CIRCLE('',#2540,0.0087500000000001);
#1823=CIRCLE('',#2541,0.000396000330012734);
#1824=CIRCLE('',#2542,0.000396000330012734);
#1825=CIRCLE('',#2543,0.0087500000000001);
#1826=CIRCLE('',#2544,0.000396000330012734);
#1827=CIRCLE('',#2545,0.000396000330012734);
#1828=CIRCLE('',#2546,0.0087500000000001);
#1829=CIRCLE('',#2547,0.000396000330012734);
#1830=CIRCLE('',#2548,0.000396000330012734);
#1831=CIRCLE('',#2549,0.0087500000000001);
#1832=CIRCLE('',#2550,0.000396000330012734);
#1833=CIRCLE('',#2551,0.000396000330012734);
#1834=CIRCLE('',#2552,0.0087500000000001);
#1835=CIRCLE('',#2553,0.000396000330012734);
#1836=CIRCLE('',#2554,0.000396000330012734);
#1837=CIRCLE('',#2555,0.0087500000000001);
#1838=CIRCLE('',#2556,0.000396000330012734);
#1839=CIRCLE('',#2557,0.000396000330012734);
#1840=CIRCLE('',#2558,0.0087500000000001);
#1841=CIRCLE('',#2559,0.000396000330012734);
#1842=CIRCLE('',#2560,0.000396000330012734);
#1843=CIRCLE('',#2561,0.0087500000000001);
#1844=CIRCLE('',#2562,0.000396000330012734);
#1845=CIRCLE('',#2563,0.000396000330012734);
#1846=CIRCLE('',#2564,0.0087500000000001);
#1847=CIRCLE('',#2565,0.000396000330012734);
#1848=CIRCLE('',#2566,0.000396000330012734);
#1849=CIRCLE('',#2567,0.0087500000000001);
#1850=CIRCLE('',#2569,0.0046);
#1851=CIRCLE('',#2570,0.0046);
#1852=CIRCLE('',#2572,0.011);
#1853=CIRCLE('',#2574,0.000396000330012734);
#1854=CIRCLE('',#2575,0.000396000330012734);
#1855=CIRCLE('',#2576,0.0087500000000001);
#1856=CIRCLE('',#2577,0.000396000330012734);
#1857=CIRCLE('',#2578,0.000396000330012734);
#1858=CIRCLE('',#2579,0.0087500000000001);
#1859=CIRCLE('',#2580,0.000396000330012734);
#1860=CIRCLE('',#2581,0.000396000330012734);
#1861=CIRCLE('',#2582,0.0087500000000001);
#1862=CIRCLE('',#2583,0.000396000330012734);
#1863=CIRCLE('',#2584,0.000396000330012734);
#1864=CIRCLE('',#2585,0.0087500000000001);
#1865=CIRCLE('',#2586,0.000396000330012734);
#1866=CIRCLE('',#2587,0.000396000330012734);
#1867=CIRCLE('',#2588,0.0087500000000001);
#1868=CIRCLE('',#2589,0.000396000330012734);
#1869=CIRCLE('',#2590,0.000396000330012734);
#1870=CIRCLE('',#2591,0.0087500000000001);
#1871=CIRCLE('',#2592,0.000396000330012734);
#1872=CIRCLE('',#2593,0.000396000330012734);
#1873=CIRCLE('',#2594,0.0087500000000001);
#1874=CIRCLE('',#2595,0.000396000330012734);
#1875=CIRCLE('',#2596,0.000396000330012734);
#1876=CIRCLE('',#2597,0.0087500000000001);
#1877=CIRCLE('',#2598,0.000396000330012734);
#1878=CIRCLE('',#2599,0.000396000330012734);
#1879=CIRCLE('',#2600,0.0087500000000001);
#1880=CIRCLE('',#2601,0.000396000330012734);
#1881=CIRCLE('',#2602,0.000396000330012734);
#1882=CIRCLE('',#2603,0.0087500000000001);
#1883=CIRCLE('',#2604,0.000396000330012734);
#1884=CIRCLE('',#2605,0.000396000330012734);
#1885=CIRCLE('',#2606,0.0087500000000001);
#1886=CIRCLE('',#2607,0.000396000330012734);
#1887=CIRCLE('',#2608,0.000396000330012734);
#1888=CIRCLE('',#2609,0.0087500000000001);
#1889=CIRCLE('',#2610,0.000396000330012734);
#1890=CIRCLE('',#2611,0.000396000330012734);
#1891=CIRCLE('',#2612,0.0087500000000001);
#1892=CIRCLE('',#2613,0.000396000330012734);
#1893=CIRCLE('',#2614,0.000396000330012734);
#1894=CIRCLE('',#2615,0.0087500000000001);
#1895=CIRCLE('',#2616,0.000396000330012734);
#1896=CIRCLE('',#2617,0.000396000330012734);
#1897=CIRCLE('',#2618,0.0087500000000001);
#1898=CIRCLE('',#2619,0.000396000330012734);
#1899=CIRCLE('',#2620,0.000396000330012734);
#1900=CIRCLE('',#2621,0.0087500000000001);
#1901=CIRCLE('',#2622,0.000396000330012734);
#1902=CIRCLE('',#2623,0.000396000330012734);
#1903=CIRCLE('',#2624,0.0087500000000001);
#1904=CIRCLE('',#2625,0.000396000330012734);
#1905=CIRCLE('',#2626,0.000396000330012734);
#1906=CIRCLE('',#2627,0.0087500000000001);
#1907=CIRCLE('',#2628,0.000396000330012734);
#1908=CIRCLE('',#2629,0.000396000330012734);
#1909=CIRCLE('',#2630,0.0087500000000001);
#1910=CIRCLE('',#2631,0.000396000330012734);
#1911=CIRCLE('',#2632,0.000396000330012734);
#1912=CIRCLE('',#2633,0.0087500000000001);
#1913=CIRCLE('',#2695,0.0056);
#1914=CIRCLE('',#2696,0.0056);
#1915=CIRCLE('',#2699,0.0058);
#1916=CIRCLE('',#2700,0.0058);
#1917=CIRCLE('',#2704,0.0071);
#1918=CIRCLE('',#2705,0.0071);
#1919=EDGE_LOOP('',(#379));
#1920=EDGE_LOOP('',(#380));
#1921=EDGE_LOOP('',(#381));
#1922=EDGE_LOOP('',(#382));
#1923=EDGE_LOOP('',(#383,#384,#385,#386));
#1924=EDGE_LOOP('',(#387,#388,#389,#390));
#1925=EDGE_LOOP('',(#391,#392,#393,#394));
#1926=EDGE_LOOP('',(#395,#396,#397,#398));
#1927=EDGE_LOOP('',(#399,#400,#401,#402));
#1928=EDGE_LOOP('',(#403,#404,#405,#406));
#1929=EDGE_LOOP('',(#407,#408,#409,#410));
#1930=EDGE_LOOP('',(#411,#412,#413,#414));
#1931=EDGE_LOOP('',(#415,#416,#417,#418));
#1932=EDGE_LOOP('',(#419,#420,#421,#422));
#1933=EDGE_LOOP('',(#423,#424,#425,#426));
#1934=EDGE_LOOP('',(#427,#428,#429,#430));
#1935=EDGE_LOOP('',(#431,#432,#433,#434));
#1936=EDGE_LOOP('',(#435,#436,#437,#438));
#1937=EDGE_LOOP('',(#439,#440,#441,#442));
#1938=EDGE_LOOP('',(#443,#444,#445,#446));
#1939=EDGE_LOOP('',(#447,#448,#449,#450));
#1940=EDGE_LOOP('',(#451,#452,#453,#454));
#1941=EDGE_LOOP('',(#455,#456,#457,#458));
#1942=EDGE_LOOP('',(#459));
#1943=EDGE_LOOP('',(#460,#461,#462,#463,#464,#465,#466,#467,#468,#469,#470,#471,#472,#473,#474,#475,#476,#477,#478,#479,#480,#481,#482,#483,#484,#485,#486,#487,#488,#489,#490,#491,#492,#493,#494,#495,#496,#497,#498,#499,#500,#501,#502,#503,#504,#505,#506,#507,#508,#509,#510,#511,#512,#513,#514,#515,#516,#517,#518,#519,#520,#521,#522,#523,#524,#525,#526,#527,#528,#529,#530,#531,#532,#533,#534,#535,#536,#537,#538,#539,#540,#541,#542,#543,#544,#545,#546,#547,#548,#549,#550,#551,#552,#553,#554,#555,#556,#557,#558,#559,#560,#561,#562,#563,#564,#565,#566,#567,#568,#569,#570,#571,#572,#573,#574,#575,#576,#577,#578,#579));
#1944=EDGE_LOOP('',(#580));
#1945=EDGE_LOOP('',(#581));
#1946=EDGE_LOOP('',(#582,#583,#584,#585));
#1947=EDGE_LOOP('',(#586,#587,#588,#589,#590,#591,#592,#593,#594,#595,#596,#597,#598,#599,#600,#601,#602,#603,#604,#605,#606,#607,#608,#609,#610,#611,#612,#613,#614,#615,#616,#617,#618,#619,#620,#621,#622,#623,#624,#625,#626,#627,#628,#629,#630,#631,#632,#633,#634,#635,#636,#637,#638,#639,#640,#641,#642,#643,#644,#645,#646,#647,#648,#649,#650,#651,#652,#653,#654,#655,#656,#657,#658,#659,#660,#661,#662,#663,#664,#665,#666,#667,#668,#669,#670,#671,#672,#673,#674,#675,#676,#677,#678,#679,#680,#681,#682,#683,#684,#685,#686,#687,#688,#689,#690,#691,#692,#693,#694,#695,#696,#697,#698,#699,#700,#701,#702,#703,#704,#705));
#1948=EDGE_LOOP('',(#706));
#1949=EDGE_LOOP('',(#707,#708,#709,#710));
#1950=EDGE_LOOP('',(#711,#712,#713,#714));
#1951=EDGE_LOOP('',(#715,#716,#717,#718));
#1952=EDGE_LOOP('',(#719,#720,#721,#722));
#1953=EDGE_LOOP('',(#723,#724,#725,#726));
#1954=EDGE_LOOP('',(#727,#728,#729,#730));
#1955=EDGE_LOOP('',(#731,#732,#733,#734));
#1956=EDGE_LOOP('',(#735,#736,#737,#738));
#1957=EDGE_LOOP('',(#739,#740,#741,#742));
#1958=EDGE_LOOP('',(#743,#744,#745,#746));
#1959=EDGE_LOOP('',(#747,#748,#749,#750));
#1960=EDGE_LOOP('',(#751,#752,#753,#754));
#1961=EDGE_LOOP('',(#755,#756,#757,#758));
#1962=EDGE_LOOP('',(#759,#760,#761,#762));
#1963=EDGE_LOOP('',(#763,#764,#765,#766));
#1964=EDGE_LOOP('',(#767,#768,#769,#770));
#1965=EDGE_LOOP('',(#771,#772,#773,#774));
#1966=EDGE_LOOP('',(#775,#776,#777,#778));
#1967=EDGE_LOOP('',(#779,#780,#781,#782));
#1968=EDGE_LOOP('',(#783,#784,#785,#786));
#1969=EDGE_LOOP('',(#787,#788,#789,#790));
#1970=EDGE_LOOP('',(#791,#792,#793,#794));
#1971=EDGE_LOOP('',(#795,#796,#797,#798));
#1972=EDGE_LOOP('',(#799,#800,#801,#802));
#1973=EDGE_LOOP('',(#803,#804,#805,#806));
#1974=EDGE_LOOP('',(#807,#808,#809,#810));
#1975=EDGE_LOOP('',(#811,#812,#813,#814));
#1976=EDGE_LOOP('',(#815,#816,#817,#818));
#1977=EDGE_LOOP('',(#819,#820,#821,#822));
#1978=EDGE_LOOP('',(#823,#824,#825,#826));
#1979=EDGE_LOOP('',(#827,#828,#829,#830));
#1980=EDGE_LOOP('',(#831,#832,#833,#834));
#1981=EDGE_LOOP('',(#835,#836,#837,#838));
#1982=EDGE_LOOP('',(#839,#840,#841,#842));
#1983=EDGE_LOOP('',(#843,#844,#845,#846));
#1984=EDGE_LOOP('',(#847,#848,#849,#850));
#1985=EDGE_LOOP('',(#851,#852,#853,#854));
#1986=EDGE_LOOP('',(#855,#856,#857,#858));
#1987=EDGE_LOOP('',(#859,#860,#861,#862));
#1988=EDGE_LOOP('',(#863,#864,#865,#866));
#1989=EDGE_LOOP('',(#867,#868,#869,#870));
#1990=EDGE_LOOP('',(#871,#872,#873,#874));
#1991=EDGE_LOOP('',(#875,#876,#877,#878));
#1992=EDGE_LOOP('',(#879,#880,#881,#882));
#1993=EDGE_LOOP('',(#883,#884,#885,#886));
#1994=EDGE_LOOP('',(#887,#888,#889,#890));
#1995=EDGE_LOOP('',(#891,#892,#893,#894));
#1996=EDGE_LOOP('',(#895,#896,#897,#898));
#1997=EDGE_LOOP('',(#899,#900,#901,#902));
#1998=EDGE_LOOP('',(#903,#904,#905,#906));
#1999=EDGE_LOOP('',(#907,#908,#909,#910));
#2000=EDGE_LOOP('',(#911,#912,#913,#914));
#2001=EDGE_LOOP('',(#915,#916,#917,#918));
#2002=EDGE_LOOP('',(#919,#920,#921,#922));
#2003=EDGE_LOOP('',(#923,#924,#925,#926));
#2004=EDGE_LOOP('',(#927,#928,#929,#930));
#2005=EDGE_LOOP('',(#931,#932,#933,#934));
#2006=EDGE_LOOP('',(#935,#936,#937,#938));
#2007=EDGE_LOOP('',(#939,#940,#941,#942));
#2008=EDGE_LOOP('',(#943,#944,#945,#946));
#2009=EDGE_LOOP('',(#947,#948,#949,#950));
#2010=EDGE_LOOP('',(#951,#952,#953,#954));
#2011=EDGE_LOOP('',(#955,#956,#957,#958));
#2012=EDGE_LOOP('',(#959,#960,#961,#962));
#2013=EDGE_LOOP('',(#963,#964,#965,#966));
#2014=EDGE_LOOP('',(#967,#968,#969,#970));
#2015=EDGE_LOOP('',(#971,#972,#973,#974));
#2016=EDGE_LOOP('',(#975,#976,#977,#978));
#2017=EDGE_LOOP('',(#979,#980,#981,#982));
#2018=EDGE_LOOP('',(#983,#984,#985,#986));
#2019=EDGE_LOOP('',(#987,#988,#989,#990));
#2020=EDGE_LOOP('',(#991,#992,#993,#994));
#2021=EDGE_LOOP('',(#995,#996,#997,#998));
#2022=EDGE_LOOP('',(#999,#1000,#1001,#1002));
#2023=EDGE_LOOP('',(#1003,#1004,#1005,#1006));
#2024=EDGE_LOOP('',(#1007,#1008,#1009,#1010));
#2025=EDGE_LOOP('',(#1011,#1012,#1013,#1014));
#2026=EDGE_LOOP('',(#1015,#1016,#1017,#1018));
#2027=EDGE_LOOP('',(#1019,#1020,#1021,#1022));
#2028=EDGE_LOOP('',(#1023,#1024,#1025,#1026));
#2029=EDGE_LOOP('',(#1027,#1028,#1029,#1030));
#2030=EDGE_LOOP('',(#1031,#1032,#1033,#1034));
#2031=EDGE_LOOP('',(#1035,#1036,#1037,#1038));
#2032=EDGE_LOOP('',(#1039,#1040,#1041,#1042));
#2033=EDGE_LOOP('',(#1043,#1044,#1045,#1046));
#2034=EDGE_LOOP('',(#1047,#1048,#1049,#1050));
#2035=EDGE_LOOP('',(#1051,#1052,#1053,#1054));
#2036=EDGE_LOOP('',(#1055,#1056,#1057,#1058));
#2037=EDGE_LOOP('',(#1059,#1060,#1061,#1062));
#2038=EDGE_LOOP('',(#1063,#1064,#1065,#1066));
#2039=EDGE_LOOP('',(#1067,#1068,#1069,#1070));
#2040=EDGE_LOOP('',(#1071,#1072,#1073,#1074));
#2041=EDGE_LOOP('',(#1075,#1076,#1077,#1078));
#2042=EDGE_LOOP('',(#1079,#1080,#1081,#1082));
#2043=EDGE_LOOP('',(#1083,#1084,#1085,#1086));
#2044=EDGE_LOOP('',(#1087,#1088,#1089,#1090));
#2045=EDGE_LOOP('',(#1091,#1092,#1093,#1094));
#2046=EDGE_LOOP('',(#1095,#1096,#1097,#1098));
#2047=EDGE_LOOP('',(#1099,#1100,#1101,#1102));
#2048=EDGE_LOOP('',(#1103,#1104,#1105,#1106));
#2049=EDGE_LOOP('',(#1107));
#2050=EDGE_LOOP('',(#1108));
#2051=EDGE_LOOP('',(#1109));
#2052=EDGE_LOOP('',(#1110));
#2053=EDGE_LOOP('',(#1111));
#2054=EDGE_LOOP('',(#1112));
#2055=EDGE_LOOP('',(#1113));
#2056=EDGE_LOOP('',(#1114));
#2057=EDGE_LOOP('',(#1115));
#2058=EDGE_LOOP('',(#1116));
#2059=EDGE_LOOP('',(#1117));
#2060=EDGE_LOOP('',(#1118));
#2061=EDGE_LOOP('',(#1119));
#2062=EDGE_LOOP('',(#1120));
#2063=EDGE_LOOP('',(#1121));
#2064=EDGE_LOOP('',(#1122));
#2065=FACE_BOUND('',#1919,.T.);
#2066=FACE_BOUND('',#1920,.T.);
#2067=FACE_BOUND('',#1921,.T.);
#2068=FACE_BOUND('',#1922,.T.);
#2069=FACE_BOUND('',#1923,.T.);
#2070=FACE_BOUND('',#1924,.T.);
#2071=FACE_BOUND('',#1925,.T.);
#2072=FACE_BOUND('',#1926,.T.);
#2073=FACE_BOUND('',#1927,.T.);
#2074=FACE_BOUND('',#1928,.T.);
#2075=FACE_BOUND('',#1929,.T.);
#2076=FACE_BOUND('',#1930,.T.);
#2077=FACE_BOUND('',#1931,.T.);
#2078=FACE_BOUND('',#1932,.T.);
#2079=FACE_BOUND('',#1933,.T.);
#2080=FACE_BOUND('',#1934,.T.);
#2081=FACE_BOUND('',#1935,.T.);
#2082=FACE_BOUND('',#1936,.T.);
#2083=FACE_BOUND('',#1937,.T.);
#2084=FACE_BOUND('',#1938,.T.);
#2085=FACE_BOUND('',#1939,.T.);
#2086=FACE_BOUND('',#1940,.T.);
#2087=FACE_BOUND('',#1941,.T.);
#2088=FACE_BOUND('',#1942,.T.);
#2089=FACE_BOUND('',#1943,.T.);
#2090=FACE_BOUND('',#1944,.T.);
#2091=FACE_BOUND('',#1945,.T.);
#2092=FACE_BOUND('',#1946,.T.);
#2093=FACE_BOUND('',#1947,.T.);
#2094=FACE_BOUND('',#1948,.T.);
#2095=FACE_BOUND('',#1949,.T.);
#2096=FACE_BOUND('',#1950,.T.);
#2097=FACE_BOUND('',#1951,.T.);
#2098=FACE_BOUND('',#1952,.T.);
#2099=FACE_BOUND('',#1953,.T.);
#2100=FACE_BOUND('',#1954,.T.);
#2101=FACE_BOUND('',#1955,.T.);
#2102=FACE_BOUND('',#1956,.T.);
#2103=FACE_BOUND('',#1957,.T.);
#2104=FACE_BOUND('',#1958,.T.);
#2105=FACE_BOUND('',#1959,.T.);
#2106=FACE_BOUND('',#1960,.T.);
#2107=FACE_BOUND('',#1961,.T.);
#2108=FACE_BOUND('',#1962,.T.);
#2109=FACE_BOUND('',#1963,.T.);
#2110=FACE_BOUND('',#1964,.T.);
#2111=FACE_BOUND('',#1965,.T.);
#2112=FACE_BOUND('',#1966,.T.);
#2113=FACE_BOUND('',#1967,.T.);
#2114=FACE_BOUND('',#1968,.T.);
#2115=FACE_BOUND('',#1969,.T.);
#2116=FACE_BOUND('',#1970,.T.);
#2117=FACE_BOUND('',#1971,.T.);
#2118=FACE_BOUND('',#1972,.T.);
#2119=FACE_BOUND('',#1973,.T.);
#2120=FACE_BOUND('',#1974,.T.);
#2121=FACE_BOUND('',#1975,.T.);
#2122=FACE_BOUND('',#1976,.T.);
#2123=FACE_BOUND('',#1977,.T.);
#2124=FACE_BOUND('',#1978,.T.);
#2125=FACE_BOUND('',#1979,.T.);
#2126=FACE_BOUND('',#1980,.T.);
#2127=FACE_BOUND('',#1981,.T.);
#2128=FACE_BOUND('',#1982,.T.);
#2129=FACE_BOUND('',#1983,.T.);
#2130=FACE_BOUND('',#1984,.T.);
#2131=FACE_BOUND('',#1985,.T.);
#2132=FACE_BOUND('',#1986,.T.);
#2133=FACE_BOUND('',#1987,.T.);
#2134=FACE_BOUND('',#1988,.T.);
#2135=FACE_BOUND('',#1989,.T.);
#2136=FACE_BOUND('',#1990,.T.);
#2137=FACE_BOUND('',#1991,.T.);
#2138=FACE_BOUND('',#1992,.T.);
#2139=FACE_BOUND('',#1993,.T.);
#2140=FACE_BOUND('',#1994,.T.);
#2141=FACE_BOUND('',#1995,.T.);
#2142=FACE_BOUND('',#1996,.T.);
#2143=FACE_BOUND('',#1997,.T.);
#2144=FACE_BOUND('',#1998,.T.);
#2145=FACE_BOUND('',#1999,.T.);
#2146=FACE_BOUND('',#2000,.T.);
#2147=FACE_BOUND('',#2001,.T.);
#2148=FACE_BOUND('',#2002,.T.);
#2149=FACE_BOUND('',#2003,.T.);
#2150=FACE_BOUND('',#2004,.T.);
#2151=FACE_BOUND('',#2005,.T.);
#2152=FACE_BOUND('',#2006,.T.);
#2153=FACE_BOUND('',#2007,.T.);
#2154=FACE_BOUND('',#2008,.T.);
#2155=FACE_BOUND('',#2009,.T.);
#2156=FACE_BOUND('',#2010,.T.);
#2157=FACE_BOUND('',#2011,.T.);
#2158=FACE_BOUND('',#2012,.T.);
#2159=FACE_BOUND('',#2013,.T.);
#2160=FACE_BOUND('',#2014,.T.);
#2161=FACE_BOUND('',#2015,.T.);
#2162=FACE_BOUND('',#2016,.T.);
#2163=FACE_BOUND('',#2017,.T.);
#2164=FACE_BOUND('',#2018,.T.);
#2165=FACE_BOUND('',#2019,.T.);
#2166=FACE_BOUND('',#2020,.T.);
#2167=FACE_BOUND('',#2021,.T.);
#2168=FACE_BOUND('',#2022,.T.);
#2169=FACE_BOUND('',#2023,.T.);
#2170=FACE_BOUND('',#2024,.T.);
#2171=FACE_BOUND('',#2025,.T.);
#2172=FACE_BOUND('',#2026,.T.);
#2173=FACE_BOUND('',#2027,.T.);
#2174=FACE_BOUND('',#2028,.T.);
#2175=FACE_BOUND('',#2029,.T.);
#2176=FACE_BOUND('',#2030,.T.);
#2177=FACE_BOUND('',#2031,.T.);
#2178=FACE_BOUND('',#2032,.T.);
#2179=FACE_BOUND('',#2033,.T.);
#2180=FACE_BOUND('',#2034,.T.);
#2181=FACE_BOUND('',#2035,.T.);
#2182=FACE_BOUND('',#2036,.T.);
#2183=FACE_BOUND('',#2037,.T.);
#2184=FACE_BOUND('',#2038,.T.);
#2185=FACE_BOUND('',#2039,.T.);
#2186=FACE_BOUND('',#2040,.T.);
#2187=FACE_BOUND('',#2041,.T.);
#2188=FACE_BOUND('',#2042,.T.);
#2189=FACE_BOUND('',#2043,.T.);
#2190=FACE_BOUND('',#2044,.T.);
#2191=FACE_BOUND('',#2045,.T.);
#2192=FACE_BOUND('',#2046,.T.);
#2193=FACE_BOUND('',#2047,.T.);
#2194=FACE_BOUND('',#2048,.T.);
#2195=FACE_BOUND('',#2049,.T.);
#2196=FACE_BOUND('',#2050,.T.);
#2197=FACE_BOUND('',#2051,.T.);
#2198=FACE_BOUND('',#2052,.T.);
#2199=FACE_BOUND('',#2053,.T.);
#2200=FACE_BOUND('',#2054,.T.);
#2201=FACE_BOUND('',#2055,.T.);
#2202=FACE_BOUND('',#2056,.T.);
#2203=FACE_BOUND('',#2057,.T.);
#2204=FACE_BOUND('',#2058,.T.);
#2205=FACE_BOUND('',#2059,.T.);
#2206=FACE_BOUND('',#2060,.T.);
#2207=FACE_BOUND('',#2061,.T.);
#2208=FACE_BOUND('',#2062,.T.);
#2209=FACE_BOUND('',#2063,.T.);
#2210=FACE_BOUND('',#2064,.T.);
#2211=CYLINDRICAL_SURFACE('',#2443,0.0056);
#2212=CYLINDRICAL_SURFACE('',#2446,0.0056);
#2213=CYLINDRICAL_SURFACE('',#2449,0.011);
#2214=CYLINDRICAL_SURFACE('',#2452,0.011);
#2215=CYLINDRICAL_SURFACE('',#2455,0.011);
#2216=CYLINDRICAL_SURFACE('',#2458,0.011);
#2217=CYLINDRICAL_SURFACE('',#2461,0.011);
#2218=CYLINDRICAL_SURFACE('',#2464,0.011);
#2219=CYLINDRICAL_SURFACE('',#2467,0.011);
#2220=CYLINDRICAL_SURFACE('',#2470,0.011);
#2221=CYLINDRICAL_SURFACE('',#2473,0.011);
#2222=CYLINDRICAL_SURFACE('',#2476,0.011);
#2223=CYLINDRICAL_SURFACE('',#2479,0.011);
#2224=CYLINDRICAL_SURFACE('',#2482,0.011);
#2225=CYLINDRICAL_SURFACE('',#2485,0.011);
#2226=CYLINDRICAL_SURFACE('',#2488,0.011);
#2227=CYLINDRICAL_SURFACE('',#2491,0.011);
#2228=CYLINDRICAL_SURFACE('',#2494,0.011);
#2229=CYLINDRICAL_SURFACE('',#2497,0.011);
#2230=CYLINDRICAL_SURFACE('',#2500,0.011);
#2231=CYLINDRICAL_SURFACE('',#2503,0.011);
#2232=CYLINDRICAL_SURFACE('',#2568,0.0046);
#2233=CYLINDRICAL_SURFACE('',#2571,0.011);
#2234=CYLINDRICAL_SURFACE('',#2634,0.0087500000000001);
#2235=CYLINDRICAL_SURFACE('',#2635,0.000396000330012734);
#2236=CYLINDRICAL_SURFACE('',#2636,0.000396000330012734);
#2237=CYLINDRICAL_SURFACE('',#2637,0.0087500000000001);
#2238=CYLINDRICAL_SURFACE('',#2638,0.000396000330012734);
#2239=CYLINDRICAL_SURFACE('',#2639,0.000396000330012734);
#2240=CYLINDRICAL_SURFACE('',#2640,0.0087500000000001);
#2241=CYLINDRICAL_SURFACE('',#2641,0.000396000330012734);
#2242=CYLINDRICAL_SURFACE('',#2642,0.000396000330012734);
#2243=CYLINDRICAL_SURFACE('',#2643,0.0087500000000001);
#2244=CYLINDRICAL_SURFACE('',#2644,0.000396000330012734);
#2245=CYLINDRICAL_SURFACE('',#2645,0.000396000330012734);
#2246=CYLINDRICAL_SURFACE('',#2646,0.0087500000000001);
#2247=CYLINDRICAL_SURFACE('',#2647,0.000396000330012734);
#2248=CYLINDRICAL_SURFACE('',#2648,0.000396000330012734);
#2249=CYLINDRICAL_SURFACE('',#2649,0.0087500000000001);
#2250=CYLINDRICAL_SURFACE('',#2650,0.000396000330012734);
#2251=CYLINDRICAL_SURFACE('',#2651,0.000396000330012734);
#2252=CYLINDRICAL_SURFACE('',#2652,0.0087500000000001);
#2253=CYLINDRICAL_SURFACE('',#2653,0.000396000330012734);
#2254=CYLINDRICAL_SURFACE('',#2654,0.000396000330012734);
#2255=CYLINDRICAL_SURFACE('',#2655,0.0087500000000001);
#2256=CYLINDRICAL_SURFACE('',#2656,0.000396000330012734);
#2257=CYLINDRICAL_SURFACE('',#2657,0.000396000330012734);
#2258=CYLINDRICAL_SURFACE('',#2658,0.0087500000000001);
#2259=CYLINDRICAL_SURFACE('',#2659,0.000396000330012734);
#2260=CYLINDRICAL_SURFACE('',#2660,0.000396000330012734);
#2261=CYLINDRICAL_SURFACE('',#2661,0.0087500000000001);
#2262=CYLINDRICAL_SURFACE('',#2662,0.000396000330012734);
#2263=CYLINDRICAL_SURFACE('',#2663,0.000396000330012734);
#2264=CYLINDRICAL_SURFACE('',#2664,0.0087500000000001);
#2265=CYLINDRICAL_SURFACE('',#2665,0.000396000330012734);
#2266=CYLINDRICAL_SURFACE('',#2666,0.000396000330012734);
#2267=CYLINDRICAL_SURFACE('',#2667,0.0087500000000001);
#2268=CYLINDRICAL_SURFACE('',#2668,0.000396000330012734);
#2269=CYLINDRICAL_SURFACE('',#2669,0.000396000330012734);
#2270=CYLINDRICAL_SURFACE('',#2670,0.0087500000000001);
#2271=CYLINDRICAL_SURFACE('',#2671,0.000396000330012734);
#2272=CYLINDRICAL_SURFACE('',#2672,0.000396000330012734);
#2273=CYLINDRICAL_SURFACE('',#2673,0.0087500000000001);
#2274=CYLINDRICAL_SURFACE('',#2674,0.000396000330012734);
#2275=CYLINDRICAL_SURFACE('',#2675,0.000396000330012734);
#2276=CYLINDRICAL_SURFACE('',#2676,0.0087500000000001);
#2277=CYLINDRICAL_SURFACE('',#2677,0.000396000330012734);
#2278=CYLINDRICAL_SURFACE('',#2678,0.000396000330012734);
#2279=CYLINDRICAL_SURFACE('',#2679,0.0087500000000001);
#2280=CYLINDRICAL_SURFACE('',#2680,0.000396000330012734);
#2281=CYLINDRICAL_SURFACE('',#2681,0.000396000330012734);
#2282=CYLINDRICAL_SURFACE('',#2682,0.0087500000000001);
#2283=CYLINDRICAL_SURFACE('',#2683,0.000396000330012734);
#2284=CYLINDRICAL_SURFACE('',#2684,0.000396000330012734);
#2285=CYLINDRICAL_SURFACE('',#2685,0.0087500000000001);
#2286=CYLINDRICAL_SURFACE('',#2686,0.000396000330012734);
#2287=CYLINDRICAL_SURFACE('',#2687,0.000396000330012734);
#2288=CYLINDRICAL_SURFACE('',#2688,0.0087500000000001);
#2289=CYLINDRICAL_SURFACE('',#2689,0.000396000330012734);
#2290=CYLINDRICAL_SURFACE('',#2690,0.000396000330012734);
#2291=CYLINDRICAL_SURFACE('',#2691,0.0087500000000001);
#2292=CYLINDRICAL_SURFACE('',#2692,0.000396000330012734);
#2293=CYLINDRICAL_SURFACE('',#2693,0.000396000330012734);
#2294=CYLINDRICAL_SURFACE('',#2694,0.0056);
#2295=CYLINDRICAL_SURFACE('',#2698,0.0058);
#2296=CYLINDRICAL_SURFACE('',#2703,0.0071);
#2297=ADVANCED_FACE('',(#2065,#2066),#2211,.T.);
#2298=ADVANCED_FACE('',(#2067,#2068),#2212,.T.);
#2299=ADVANCED_FACE('',(#2069),#2213,.T.);
#2300=ADVANCED_FACE('',(#2070),#2214,.T.);
#2301=ADVANCED_FACE('',(#2071),#2215,.T.);
#2302=ADVANCED_FACE('',(#2072),#2216,.T.);
#2303=ADVANCED_FACE('',(#2073),#2217,.T.);
#2304=ADVANCED_FACE('',(#2074),#2218,.T.);
#2305=ADVANCED_FACE('',(#2075),#2219,.T.);
#2306=ADVANCED_FACE('',(#2076),#2220,.T.);
#2307=ADVANCED_FACE('',(#2077),#2221,.T.);
#2308=ADVANCED_FACE('',(#2078),#2222,.T.);
#2309=ADVANCED_FACE('',(#2079),#2223,.T.);
#2310=ADVANCED_FACE('',(#2080),#2224,.T.);
#2311=ADVANCED_FACE('',(#2081),#2225,.T.);
#2312=ADVANCED_FACE('',(#2082),#2226,.T.);
#2313=ADVANCED_FACE('',(#2083),#2227,.T.);
#2314=ADVANCED_FACE('',(#2084),#2228,.T.);
#2315=ADVANCED_FACE('',(#2085),#2229,.T.);
#2316=ADVANCED_FACE('',(#2086),#2230,.T.);
#2317=ADVANCED_FACE('',(#2087),#2231,.T.);
#2318=ADVANCED_FACE('',(#2088,#2089),#132,.T.);
#2319=ADVANCED_FACE('',(#2090,#2091),#2232,.F.);
#2320=ADVANCED_FACE('',(#2092),#2233,.T.);
#2321=ADVANCED_FACE('',(#2093,#2094),#133,.F.);
#2322=ADVANCED_FACE('',(#2095),#12,.T.);
#2323=ADVANCED_FACE('',(#2096),#13,.F.);
#2324=ADVANCED_FACE('',(#2097),#2234,.T.);
#2325=ADVANCED_FACE('',(#2098),#2235,.F.);
#2326=ADVANCED_FACE('',(#2099),#2236,.F.);
#2327=ADVANCED_FACE('',(#2100),#14,.T.);
#2328=ADVANCED_FACE('',(#2101),#15,.F.);
#2329=ADVANCED_FACE('',(#2102),#2237,.T.);
#2330=ADVANCED_FACE('',(#2103),#2238,.F.);
#2331=ADVANCED_FACE('',(#2104),#2239,.F.);
#2332=ADVANCED_FACE('',(#2105),#16,.T.);
#2333=ADVANCED_FACE('',(#2106),#17,.F.);
#2334=ADVANCED_FACE('',(#2107),#2240,.T.);
#2335=ADVANCED_FACE('',(#2108),#2241,.F.);
#2336=ADVANCED_FACE('',(#2109),#2242,.F.);
#2337=ADVANCED_FACE('',(#2110),#18,.T.);
#2338=ADVANCED_FACE('',(#2111),#19,.F.);
#2339=ADVANCED_FACE('',(#2112),#2243,.T.);
#2340=ADVANCED_FACE('',(#2113),#2244,.F.);
#2341=ADVANCED_FACE('',(#2114),#2245,.F.);
#2342=ADVANCED_FACE('',(#2115),#20,.T.);
#2343=ADVANCED_FACE('',(#2116),#21,.F.);
#2344=ADVANCED_FACE('',(#2117),#2246,.T.);
#2345=ADVANCED_FACE('',(#2118),#2247,.F.);
#2346=ADVANCED_FACE('',(#2119),#2248,.F.);
#2347=ADVANCED_FACE('',(#2120),#22,.T.);
#2348=ADVANCED_FACE('',(#2121),#23,.F.);
#2349=ADVANCED_FACE('',(#2122),#2249,.T.);
#2350=ADVANCED_FACE('',(#2123),#2250,.F.);
#2351=ADVANCED_FACE('',(#2124),#2251,.F.);
#2352=ADVANCED_FACE('',(#2125),#24,.T.);
#2353=ADVANCED_FACE('',(#2126),#25,.F.);
#2354=ADVANCED_FACE('',(#2127),#2252,.T.);
#2355=ADVANCED_FACE('',(#2128),#2253,.F.);
#2356=ADVANCED_FACE('',(#2129),#2254,.F.);
#2357=ADVANCED_FACE('',(#2130),#26,.T.);
#2358=ADVANCED_FACE('',(#2131),#27,.F.);
#2359=ADVANCED_FACE('',(#2132),#2255,.T.);
#2360=ADVANCED_FACE('',(#2133),#2256,.F.);
#2361=ADVANCED_FACE('',(#2134),#2257,.F.);
#2362=ADVANCED_FACE('',(#2135),#28,.T.);
#2363=ADVANCED_FACE('',(#2136),#29,.F.);
#2364=ADVANCED_FACE('',(#2137),#2258,.T.);
#2365=ADVANCED_FACE('',(#2138),#2259,.F.);
#2366=ADVANCED_FACE('',(#2139),#2260,.F.);
#2367=ADVANCED_FACE('',(#2140),#30,.T.);
#2368=ADVANCED_FACE('',(#2141),#31,.F.);
#2369=ADVANCED_FACE('',(#2142),#2261,.T.);
#2370=ADVANCED_FACE('',(#2143),#2262,.F.);
#2371=ADVANCED_FACE('',(#2144),#2263,.F.);
#2372=ADVANCED_FACE('',(#2145),#32,.T.);
#2373=ADVANCED_FACE('',(#2146),#33,.F.);
#2374=ADVANCED_FACE('',(#2147),#2264,.T.);
#2375=ADVANCED_FACE('',(#2148),#2265,.F.);
#2376=ADVANCED_FACE('',(#2149),#2266,.F.);
#2377=ADVANCED_FACE('',(#2150),#34,.T.);
#2378=ADVANCED_FACE('',(#2151),#35,.F.);
#2379=ADVANCED_FACE('',(#2152),#2267,.T.);
#2380=ADVANCED_FACE('',(#2153),#2268,.F.);
#2381=ADVANCED_FACE('',(#2154),#2269,.F.);
#2382=ADVANCED_FACE('',(#2155),#36,.T.);
#2383=ADVANCED_FACE('',(#2156),#37,.F.);
#2384=ADVANCED_FACE('',(#2157),#2270,.T.);
#2385=ADVANCED_FACE('',(#2158),#2271,.F.);
#2386=ADVANCED_FACE('',(#2159),#2272,.F.);
#2387=ADVANCED_FACE('',(#2160),#38,.T.);
#2388=ADVANCED_FACE('',(#2161),#39,.F.);
#2389=ADVANCED_FACE('',(#2162),#2273,.T.);
#2390=ADVANCED_FACE('',(#2163),#2274,.F.);
#2391=ADVANCED_FACE('',(#2164),#2275,.F.);
#2392=ADVANCED_FACE('',(#2165),#40,.T.);
#2393=ADVANCED_FACE('',(#2166),#41,.F.);
#2394=ADVANCED_FACE('',(#2167),#2276,.T.);
#2395=ADVANCED_FACE('',(#2168),#2277,.F.);
#2396=ADVANCED_FACE('',(#2169),#2278,.F.);
#2397=ADVANCED_FACE('',(#2170),#42,.T.);
#2398=ADVANCED_FACE('',(#2171),#43,.F.);
#2399=ADVANCED_FACE('',(#2172),#2279,.T.);
#2400=ADVANCED_FACE('',(#2173),#2280,.F.);
#2401=ADVANCED_FACE('',(#2174),#2281,.F.);
#2402=ADVANCED_FACE('',(#2175),#44,.T.);
#2403=ADVANCED_FACE('',(#2176),#45,.F.);
#2404=ADVANCED_FACE('',(#2177),#2282,.T.);
#2405=ADVANCED_FACE('',(#2178),#2283,.F.);
#2406=ADVANCED_FACE('',(#2179),#2284,.F.);
#2407=ADVANCED_FACE('',(#2180),#46,.T.);
#2408=ADVANCED_FACE('',(#2181),#47,.F.);
#2409=ADVANCED_FACE('',(#2182),#2285,.T.);
#2410=ADVANCED_FACE('',(#2183),#2286,.F.);
#2411=ADVANCED_FACE('',(#2184),#2287,.F.);
#2412=ADVANCED_FACE('',(#2185),#48,.T.);
#2413=ADVANCED_FACE('',(#2186),#49,.F.);
#2414=ADVANCED_FACE('',(#2187),#2288,.T.);
#2415=ADVANCED_FACE('',(#2188),#2289,.F.);
#2416=ADVANCED_FACE('',(#2189),#2290,.F.);
#2417=ADVANCED_FACE('',(#2190),#50,.T.);
#2418=ADVANCED_FACE('',(#2191),#51,.F.);
#2419=ADVANCED_FACE('',(#2192),#2291,.T.);
#2420=ADVANCED_FACE('',(#2193),#2292,.F.);
#2421=ADVANCED_FACE('',(#2194),#2293,.F.);
#2422=ADVANCED_FACE('',(#2195,#2196),#2294,.T.);
#2423=ADVANCED_FACE('',(#2197,#2198),#134,.T.);
#2424=ADVANCED_FACE('',(#2199,#2200),#2295,.T.);
#2425=ADVANCED_FACE('',(#2201,#2202),#135,.F.);
#2426=ADVANCED_FACE('',(#2203,#2204),#136,.T.);
#2427=ADVANCED_FACE('',(#2205,#2206),#2296,.T.);
#2428=ADVANCED_FACE('',(#2207,#2208),#137,.F.);
#2429=ADVANCED_FACE('',(#2209,#2210),#138,.T.);
#2430=CLOSED_SHELL('',(#2297,#2298,#2299,#2300,#2301,#2302,#2303,#2304,#2305,#2306,#2307,#2308,#2309,#2310,#2311,#2312,#2313,#2314,#2315,#2316,#2317,#2318,#2319,#2320,#2321,#2322,#2323,#2324,#2325,#2326,#2327,#2328,#2329,#2330,#2331,#2332,#2333,#2334,#2335,#2336,#2337,#2338,#2339,#2340,#2341,#2342,#2343,#2344,#2345,#2346,#2347,#2348,#2349,#2350,#2351,#2352,#2353,#2354,#2355,#2356,#2357,#2358,#2359,#2360,#2361,#2362,#2363,#2364,#2365,#2366,#2367,#2368,#2369,#2370,#2371,#2372,#2373,#2374,#2375,#2376,#2377,#2378,#2379,#2380,#2381,#2382,#2383,#2384,#2385,#2386,#2387,#2388,#2389,#2390,#2391,#2392,#2393,#2394,#2395,#2396,#2397,#2398,#2399,#2400,#2401,#2402,#2403,#2404,#2405,#2406,#2407,#2408,#2409,#2410,#2411,#2412,#2413,#2414,#2415,#2416,#2417,#2418,#2419,#2420,#2421,#2422,#2423,#2424,#2425,#2426,#2427,#2428,#2429));
#2431=STYLED_ITEM('',(#2432),#2439);
#2432=PRESENTATION_STYLE_ASSIGNMENT((#2433));
#2433=SURFACE_STYLE_USAGE(.BOTH.,#2434);
#2434=SURFACE_SIDE_STYLE('',(#2435));
#2435=SURFACE_STYLE_FILL_AREA(#2436);
#2436=FILL_AREA_STYLE('',(#2437));
#2437=FILL_AREA_STYLE_COLOUR('',#2438);
#2438=COLOUR_RGB('',0.909803921568627,0.572549019607843,0.164705882352941);
#2439=MANIFOLD_SOLID_BREP('Shaft',#2430);
#2440=SHAPE_DEFINITION_REPRESENTATION(#7844,#2441);
#2441=SHAPE_REPRESENTATION('Shaft',(#2442),#7839);
#2442=AXIS2_PLACEMENT_3D('',#3360,#2708,#2709);
#2443=AXIS2_PLACEMENT_3D('',#3361,#2710,#2711);
#2444=AXIS2_PLACEMENT_3D('',#3362,#2712,#2713);
#2445=AXIS2_PLACEMENT_3D('',#3364,#2714,#2715);
#2446=AXIS2_PLACEMENT_3D('',#3366,#2716,#2717);
#2447=AXIS2_PLACEMENT_3D('',#3367,#2718,#2719);
#2448=AXIS2_PLACEMENT_3D('',#3369,#2720,#2721);
#2449=AXIS2_PLACEMENT_3D('',#3371,#2722,#2723);
#2450=AXIS2_PLACEMENT_3D('',#3375,#2725,#2726);
#2451=AXIS2_PLACEMENT_3D('',#3379,#2728,#2729);
#2452=AXIS2_PLACEMENT_3D('',#3380,#2730,#2731);
#2453=AXIS2_PLACEMENT_3D('',#3381,#2732,#2733);
#2454=AXIS2_PLACEMENT_3D('',#3386,#2735,#2736);
#2455=AXIS2_PLACEMENT_3D('',#3389,#2738,#2739);
#2456=AXIS2_PLACEMENT_3D('',#3390,#2740,#2741);
#2457=AXIS2_PLACEMENT_3D('',#3395,#2743,#2744);
#2458=AXIS2_PLACEMENT_3D('',#3398,#2746,#2747);
#2459=AXIS2_PLACEMENT_3D('',#3399,#2748,#2749);
#2460=AXIS2_PLACEMENT_3D('',#3404,#2751,#2752);
#2461=AXIS2_PLACEMENT_3D('',#3407,#2754,#2755);
#2462=AXIS2_PLACEMENT_3D('',#3408,#2756,#2757);
#2463=AXIS2_PLACEMENT_3D('',#3413,#2759,#2760);
#2464=AXIS2_PLACEMENT_3D('',#3416,#2762,#2763);
#2465=AXIS2_PLACEMENT_3D('',#3417,#2764,#2765);
#2466=AXIS2_PLACEMENT_3D('',#3422,#2767,#2768);
#2467=AXIS2_PLACEMENT_3D('',#3425,#2770,#2771);
#2468=AXIS2_PLACEMENT_3D('',#3426,#2772,#2773);
#2469=AXIS2_PLACEMENT_3D('',#3431,#2775,#2776);
#2470=AXIS2_PLACEMENT_3D('',#3434,#2778,#2779);
#2471=AXIS2_PLACEMENT_3D('',#3435,#2780,#2781);
#2472=AXIS2_PLACEMENT_3D('',#3440,#2783,#2784);
#2473=AXIS2_PLACEMENT_3D('',#3443,#2786,#2787);
#2474=AXIS2_PLACEMENT_3D('',#3447,#2789,#2790);
#2475=AXIS2_PLACEMENT_3D('',#3451,#2792,#2793);
#2476=AXIS2_PLACEMENT_3D('',#3452,#2794,#2795);
#2477=AXIS2_PLACEMENT_3D('',#3453,#2796,#2797);
#2478=AXIS2_PLACEMENT_3D('',#3458,#2799,#2800);
#2479=AXIS2_PLACEMENT_3D('',#3461,#2802,#2803);
#2480=AXIS2_PLACEMENT_3D('',#3465,#2805,#2806);
#2481=AXIS2_PLACEMENT_3D('',#3469,#2808,#2809);
#2482=AXIS2_PLACEMENT_3D('',#3470,#2810,#2811);
#2483=AXIS2_PLACEMENT_3D('',#3474,#2813,#2814);
#2484=AXIS2_PLACEMENT_3D('',#3478,#2816,#2817);
#2485=AXIS2_PLACEMENT_3D('',#3479,#2818,#2819);
#2486=AXIS2_PLACEMENT_3D('',#3483,#2821,#2822);
#2487=AXIS2_PLACEMENT_3D('',#3487,#2824,#2825);
#2488=AXIS2_PLACEMENT_3D('',#3488,#2826,#2827);
#2489=AXIS2_PLACEMENT_3D('',#3489,#2828,#2829);
#2490=AXIS2_PLACEMENT_3D('',#3494,#2831,#2832);
#2491=AXIS2_PLACEMENT_3D('',#3497,#2834,#2835);
#2492=AXIS2_PLACEMENT_3D('',#3498,#2836,#2837);
#2493=AXIS2_PLACEMENT_3D('',#3503,#2839,#2840);
#2494=AXIS2_PLACEMENT_3D('',#3506,#2842,#2843);
#2495=AXIS2_PLACEMENT_3D('',#3507,#2844,#2845);
#2496=AXIS2_PLACEMENT_3D('',#3512,#2847,#2848);
#2497=AXIS2_PLACEMENT_3D('',#3515,#2850,#2851);
#2498=AXIS2_PLACEMENT_3D('',#3519,#2853,#2854);
#2499=AXIS2_PLACEMENT_3D('',#3523,#2856,#2857);
#2500=AXIS2_PLACEMENT_3D('',#3524,#2858,#2859);
#2501=AXIS2_PLACEMENT_3D('',#3525,#2860,#2861);
#2502=AXIS2_PLACEMENT_3D('',#3530,#2863,#2864);
#2503=AXIS2_PLACEMENT_3D('',#3533,#2866,#2867);
#2504=AXIS2_PLACEMENT_3D('',#3534,#2868,#2869);
#2505=AXIS2_PLACEMENT_3D('',#3539,#2871,#2872);
#2506=AXIS2_PLACEMENT_3D('',#3542,#2874,#2875);
#2507=AXIS2_PLACEMENT_3D('',#3543,#2876,#2877);
#2508=AXIS2_PLACEMENT_3D('',#3615,#2878,#2879);
#2509=AXIS2_PLACEMENT_3D('',#3617,#2880,#2881);
#2510=AXIS2_PLACEMENT_3D('',#3619,#2882,#2883);
#2511=AXIS2_PLACEMENT_3D('',#3690,#2884,#2885);
#2512=AXIS2_PLACEMENT_3D('',#3692,#2886,#2887);
#2513=AXIS2_PLACEMENT_3D('',#3694,#2888,#2889);
#2514=AXIS2_PLACEMENT_3D('',#3765,#2890,#2891);
#2515=AXIS2_PLACEMENT_3D('',#3767,#2892,#2893);
#2516=AXIS2_PLACEMENT_3D('',#3769,#2894,#2895);
#2517=AXIS2_PLACEMENT_3D('',#3840,#2896,#2897);
#2518=AXIS2_PLACEMENT_3D('',#3842,#2898,#2899);
#2519=AXIS2_PLACEMENT_3D('',#3844,#2900,#2901);
#2520=AXIS2_PLACEMENT_3D('',#3915,#2902,#2903);
#2521=AXIS2_PLACEMENT_3D('',#3917,#2904,#2905);
#2522=AXIS2_PLACEMENT_3D('',#3919,#2906,#2907);
#2523=AXIS2_PLACEMENT_3D('',#3990,#2908,#2909);
#2524=AXIS2_PLACEMENT_3D('',#3992,#2910,#2911);
#2525=AXIS2_PLACEMENT_3D('',#3994,#2912,#2913);
#2526=AXIS2_PLACEMENT_3D('',#4065,#2914,#2915);
#2527=AXIS2_PLACEMENT_3D('',#4067,#2916,#2917);
#2528=AXIS2_PLACEMENT_3D('',#4069,#2918,#2919);
#2529=AXIS2_PLACEMENT_3D('',#4140,#2920,#2921);
#2530=AXIS2_PLACEMENT_3D('',#4142,#2922,#2923);
#2531=AXIS2_PLACEMENT_3D('',#4144,#2924,#2925);
#2532=AXIS2_PLACEMENT_3D('',#4215,#2926,#2927);
#2533=AXIS2_PLACEMENT_3D('',#4217,#2928,#2929);
#2534=AXIS2_PLACEMENT_3D('',#4219,#2930,#2931);
#2535=AXIS2_PLACEMENT_3D('',#4290,#2932,#2933);
#2536=AXIS2_PLACEMENT_3D('',#4292,#2934,#2935);
#2537=AXIS2_PLACEMENT_3D('',#4294,#2936,#2937);
#2538=AXIS2_PLACEMENT_3D('',#4331,#2938,#2939);
#2539=AXIS2_PLACEMENT_3D('',#4368,#2940,#2941);
#2540=AXIS2_PLACEMENT_3D('',#4370,#2942,#2943);
#2541=AXIS2_PLACEMENT_3D('',#4372,#2944,#2945);
#2542=AXIS2_PLACEMENT_3D('',#4443,#2946,#2947);
#2543=AXIS2_PLACEMENT_3D('',#4445,#2948,#2949);
#2544=AXIS2_PLACEMENT_3D('',#4447,#2950,#2951);
#2545=AXIS2_PLACEMENT_3D('',#4518,#2952,#2953);
#2546=AXIS2_PLACEMENT_3D('',#4520,#2954,#2955);
#2547=AXIS2_PLACEMENT_3D('',#4522,#2956,#2957);
#2548=AXIS2_PLACEMENT_3D('',#4593,#2958,#2959);
#2549=AXIS2_PLACEMENT_3D('',#4595,#2960,#2961);
#2550=AXIS2_PLACEMENT_3D('',#4597,#2962,#2963);
#2551=AXIS2_PLACEMENT_3D('',#4668,#2964,#2965);
#2552=AXIS2_PLACEMENT_3D('',#4670,#2966,#2967);
#2553=AXIS2_PLACEMENT_3D('',#4672,#2968,#2969);
#2554=AXIS2_PLACEMENT_3D('',#4743,#2970,#2971);
#2555=AXIS2_PLACEMENT_3D('',#4745,#2972,#2973);
#2556=AXIS2_PLACEMENT_3D('',#4747,#2974,#2975);
#2557=AXIS2_PLACEMENT_3D('',#4818,#2976,#2977);
#2558=AXIS2_PLACEMENT_3D('',#4820,#2978,#2979);
#2559=AXIS2_PLACEMENT_3D('',#4822,#2980,#2981);
#2560=AXIS2_PLACEMENT_3D('',#4893,#2982,#2983);
#2561=AXIS2_PLACEMENT_3D('',#4895,#2984,#2985);
#2562=AXIS2_PLACEMENT_3D('',#4897,#2986,#2987);
#2563=AXIS2_PLACEMENT_3D('',#4968,#2988,#2989);
#2564=AXIS2_PLACEMENT_3D('',#4970,#2990,#2991);
#2565=AXIS2_PLACEMENT_3D('',#4972,#2992,#2993);
#2566=AXIS2_PLACEMENT_3D('',#5043,#2994,#2995);
#2567=AXIS2_PLACEMENT_3D('',#5045,#2996,#2997);
#2568=AXIS2_PLACEMENT_3D('',#5046,#2998,#2999);
#2569=AXIS2_PLACEMENT_3D('',#5047,#3000,#3001);
#2570=AXIS2_PLACEMENT_3D('',#5049,#3002,#3003);
#2571=AXIS2_PLACEMENT_3D('',#5051,#3004,#3005);
#2572=AXIS2_PLACEMENT_3D('',#5054,#3007,#3008);
#2573=AXIS2_PLACEMENT_3D('',#5057,#3010,#3011);
#2574=AXIS2_PLACEMENT_3D('',#5058,#3012,#3013);
#2575=AXIS2_PLACEMENT_3D('',#5130,#3014,#3015);
#2576=AXIS2_PLACEMENT_3D('',#5132,#3016,#3017);
#2577=AXIS2_PLACEMENT_3D('',#5134,#3018,#3019);
#2578=AXIS2_PLACEMENT_3D('',#5205,#3020,#3021);
#2579=AXIS2_PLACEMENT_3D('',#5207,#3022,#3023);
#2580=AXIS2_PLACEMENT_3D('',#5209,#3024,#3025);
#2581=AXIS2_PLACEMENT_3D('',#5280,#3026,#3027);
#2582=AXIS2_PLACEMENT_3D('',#5282,#3028,#3029);
#2583=AXIS2_PLACEMENT_3D('',#5284,#3030,#3031);
#2584=AXIS2_PLACEMENT_3D('',#5355,#3032,#3033);
#2585=AXIS2_PLACEMENT_3D('',#5357,#3034,#3035);
#2586=AXIS2_PLACEMENT_3D('',#5359,#3036,#3037);
#2587=AXIS2_PLACEMENT_3D('',#5430,#3038,#3039);
#2588=AXIS2_PLACEMENT_3D('',#5432,#3040,#3041);
#2589=AXIS2_PLACEMENT_3D('',#5434,#3042,#3043);
#2590=AXIS2_PLACEMENT_3D('',#5505,#3044,#3045);
#2591=AXIS2_PLACEMENT_3D('',#5507,#3046,#3047);
#2592=AXIS2_PLACEMENT_3D('',#5509,#3048,#3049);
#2593=AXIS2_PLACEMENT_3D('',#5580,#3050,#3051);
#2594=AXIS2_PLACEMENT_3D('',#5582,#3052,#3053);
#2595=AXIS2_PLACEMENT_3D('',#5584,#3054,#3055);
#2596=AXIS2_PLACEMENT_3D('',#5655,#3056,#3057);
#2597=AXIS2_PLACEMENT_3D('',#5657,#3058,#3059);
#2598=AXIS2_PLACEMENT_3D('',#5659,#3060,#3061);
#2599=AXIS2_PLACEMENT_3D('',#5730,#3062,#3063);
#2600=AXIS2_PLACEMENT_3D('',#5732,#3064,#3065);
#2601=AXIS2_PLACEMENT_3D('',#5734,#3066,#3067);
#2602=AXIS2_PLACEMENT_3D('',#5805,#3068,#3069);
#2603=AXIS2_PLACEMENT_3D('',#5807,#3070,#3071);
#2604=AXIS2_PLACEMENT_3D('',#5809,#3072,#3073);
#2605=AXIS2_PLACEMENT_3D('',#5880,#3074,#3075);
#2606=AXIS2_PLACEMENT_3D('',#5882,#3076,#3077);
#2607=AXIS2_PLACEMENT_3D('',#5884,#3078,#3079);
#2608=AXIS2_PLACEMENT_3D('',#5955,#3080,#3081);
#2609=AXIS2_PLACEMENT_3D('',#5957,#3082,#3083);
#2610=AXIS2_PLACEMENT_3D('',#5959,#3084,#3085);
#2611=AXIS2_PLACEMENT_3D('',#6030,#3086,#3087);
#2612=AXIS2_PLACEMENT_3D('',#6032,#3088,#3089);
#2613=AXIS2_PLACEMENT_3D('',#6034,#3090,#3091);
#2614=AXIS2_PLACEMENT_3D('',#6105,#3092,#3093);
#2615=AXIS2_PLACEMENT_3D('',#6107,#3094,#3095);
#2616=AXIS2_PLACEMENT_3D('',#6109,#3096,#3097);
#2617=AXIS2_PLACEMENT_3D('',#6180,#3098,#3099);
#2618=AXIS2_PLACEMENT_3D('',#6182,#3100,#3101);
#2619=AXIS2_PLACEMENT_3D('',#6184,#3102,#3103);
#2620=AXIS2_PLACEMENT_3D('',#6255,#3104,#3105);
#2621=AXIS2_PLACEMENT_3D('',#6257,#3106,#3107);
#2622=AXIS2_PLACEMENT_3D('',#6259,#3108,#3109);
#2623=AXIS2_PLACEMENT_3D('',#6330,#3110,#3111);
#2624=AXIS2_PLACEMENT_3D('',#6332,#3112,#3113);
#2625=AXIS2_PLACEMENT_3D('',#6334,#3114,#3115);
#2626=AXIS2_PLACEMENT_3D('',#6405,#3116,#3117);
#2627=AXIS2_PLACEMENT_3D('',#6407,#3118,#3119);
#2628=AXIS2_PLACEMENT_3D('',#6409,#3120,#3121);
#2629=AXIS2_PLACEMENT_3D('',#6480,#3122,#3123);
#2630=AXIS2_PLACEMENT_3D('',#6482,#3124,#3125);
#2631=AXIS2_PLACEMENT_3D('',#6484,#3126,#3127);
#2632=AXIS2_PLACEMENT_3D('',#6555,#3128,#3129);
#2633=AXIS2_PLACEMENT_3D('',#6557,#3130,#3131);
#2634=AXIS2_PLACEMENT_3D('',#6616,#3134,#3135);
#2635=AXIS2_PLACEMENT_3D('',#6619,#3138,#3139);
#2636=AXIS2_PLACEMENT_3D('',#6620,#3140,#3141);
#2637=AXIS2_PLACEMENT_3D('',#6679,#3144,#3145);
#2638=AXIS2_PLACEMENT_3D('',#6682,#3148,#3149);
#2639=AXIS2_PLACEMENT_3D('',#6683,#3150,#3151);
#2640=AXIS2_PLACEMENT_3D('',#6742,#3154,#3155);
#2641=AXIS2_PLACEMENT_3D('',#6745,#3158,#3159);
#2642=AXIS2_PLACEMENT_3D('',#6746,#3160,#3161);
#2643=AXIS2_PLACEMENT_3D('',#6805,#3164,#3165);
#2644=AXIS2_PLACEMENT_3D('',#6808,#3168,#3169);
#2645=AXIS2_PLACEMENT_3D('',#6809,#3170,#3171);
#2646=AXIS2_PLACEMENT_3D('',#6868,#3174,#3175);
#2647=AXIS2_PLACEMENT_3D('',#6871,#3178,#3179);
#2648=AXIS2_PLACEMENT_3D('',#6872,#3180,#3181);
#2649=AXIS2_PLACEMENT_3D('',#6931,#3184,#3185);
#2650=AXIS2_PLACEMENT_3D('',#6934,#3188,#3189);
#2651=AXIS2_PLACEMENT_3D('',#6935,#3190,#3191);
#2652=AXIS2_PLACEMENT_3D('',#6994,#3194,#3195);
#2653=AXIS2_PLACEMENT_3D('',#6997,#3198,#3199);
#2654=AXIS2_PLACEMENT_3D('',#6998,#3200,#3201);
#2655=AXIS2_PLACEMENT_3D('',#7057,#3204,#3205);
#2656=AXIS2_PLACEMENT_3D('',#7060,#3208,#3209);
#2657=AXIS2_PLACEMENT_3D('',#7061,#3210,#3211);
#2658=AXIS2_PLACEMENT_3D('',#7120,#3214,#3215);
#2659=AXIS2_PLACEMENT_3D('',#7123,#3218,#3219);
#2660=AXIS2_PLACEMENT_3D('',#7124,#3220,#3221);
#2661=AXIS2_PLACEMENT_3D('',#7183,#3224,#3225);
#2662=AXIS2_PLACEMENT_3D('',#7186,#3228,#3229);
#2663=AXIS2_PLACEMENT_3D('',#7187,#3230,#3231);
#2664=AXIS2_PLACEMENT_3D('',#7246,#3234,#3235);
#2665=AXIS2_PLACEMENT_3D('',#7249,#3238,#3239);
#2666=AXIS2_PLACEMENT_3D('',#7250,#3240,#3241);
#2667=AXIS2_PLACEMENT_3D('',#7309,#3244,#3245);
#2668=AXIS2_PLACEMENT_3D('',#7312,#3248,#3249);
#2669=AXIS2_PLACEMENT_3D('',#7313,#3250,#3251);
#2670=AXIS2_PLACEMENT_3D('',#7372,#3254,#3255);
#2671=AXIS2_PLACEMENT_3D('',#7375,#3258,#3259);
#2672=AXIS2_PLACEMENT_3D('',#7376,#3260,#3261);
#2673=AXIS2_PLACEMENT_3D('',#7435,#3264,#3265);
#2674=AXIS2_PLACEMENT_3D('',#7438,#3268,#3269);
#2675=AXIS2_PLACEMENT_3D('',#7439,#3270,#3271);
#2676=AXIS2_PLACEMENT_3D('',#7498,#3274,#3275);
#2677=AXIS2_PLACEMENT_3D('',#7501,#3278,#3279);
#2678=AXIS2_PLACEMENT_3D('',#7502,#3280,#3281);
#2679=AXIS2_PLACEMENT_3D('',#7561,#3284,#3285);
#2680=AXIS2_PLACEMENT_3D('',#7564,#3288,#3289);
#2681=AXIS2_PLACEMENT_3D('',#7565,#3290,#3291);
#2682=AXIS2_PLACEMENT_3D('',#7624,#3294,#3295);
#2683=AXIS2_PLACEMENT_3D('',#7627,#3298,#3299);
#2684=AXIS2_PLACEMENT_3D('',#7628,#3300,#3301);
#2685=AXIS2_PLACEMENT_3D('',#7687,#3304,#3305);
#2686=AXIS2_PLACEMENT_3D('',#7690,#3308,#3309);
#2687=AXIS2_PLACEMENT_3D('',#7691,#3310,#3311);
#2688=AXIS2_PLACEMENT_3D('',#7750,#3314,#3315);
#2689=AXIS2_PLACEMENT_3D('',#7753,#3318,#3319);
#2690=AXIS2_PLACEMENT_3D('',#7754,#3320,#3321);
#2691=AXIS2_PLACEMENT_3D('',#7813,#3324,#3325);
#2692=AXIS2_PLACEMENT_3D('',#7816,#3328,#3329);
#2693=AXIS2_PLACEMENT_3D('',#7817,#3330,#3331);
#2694=AXIS2_PLACEMENT_3D('',#7818,#3332,#3333);
#2695=AXIS2_PLACEMENT_3D('',#7819,#3334,#3335);
#2696=AXIS2_PLACEMENT_3D('',#7821,#3336,#3337);
#2697=AXIS2_PLACEMENT_3D('',#7823,#3338,#3339);
#2698=AXIS2_PLACEMENT_3D('',#7824,#3340,#3341);
#2699=AXIS2_PLACEMENT_3D('',#7825,#3342,#3343);
#2700=AXIS2_PLACEMENT_3D('',#7827,#3344,#3345);
#2701=AXIS2_PLACEMENT_3D('',#7829,#3346,#3347);
#2702=AXIS2_PLACEMENT_3D('',#7830,#3348,#3349);
#2703=AXIS2_PLACEMENT_3D('',#7831,#3350,#3351);
#2704=AXIS2_PLACEMENT_3D('',#7832,#3352,#3353);
#2705=AXIS2_PLACEMENT_3D('',#7834,#3354,#3355);
#2706=AXIS2_PLACEMENT_3D('',#7836,#3356,#3357);
#2707=AXIS2_PLACEMENT_3D('',#7837,#3358,#3359);
#2708=DIRECTION('',(0.,0.,1.));
#2709=DIRECTION('',(1.,0.,0.));
#2710=DIRECTION('',(0.,0.,-1.));
#2711=DIRECTION('',(-1.,0.,0.));
#2712=DIRECTION('',(0.,0.,1.));
#2713=DIRECTION('',(1.,0.,0.));
#2714=DIRECTION('',(0.,0.,1.));
#2715=DIRECTION('',(1.,0.,0.));
#2716=DIRECTION('',(0.,0.,-1.));
#2717=DIRECTION('',(-1.,0.,0.));
#2718=DIRECTION('',(0.,0.,1.));
#2719=DIRECTION('',(1.,0.,0.));
#2720=DIRECTION('',(0.,0.,1.));
#2721=DIRECTION('',(1.,0.,0.));
#2722=DIRECTION('',(0.,0.,-1.));
#2723=DIRECTION('',(-1.,0.,0.));
#2724=DIRECTION('',(0.,0.,-1.));
#2725=DIRECTION('',(0.,0.,1.));
#2726=DIRECTION('',(1.,0.,0.));
#2727=DIRECTION('',(0.,0.,-1.));
#2728=DIRECTION('',(0.,0.,1.));
#2729=DIRECTION('',(1.,0.,0.));
#2730=DIRECTION('',(0.,0.,-1.));
#2731=DIRECTION('',(-1.,0.,0.));
#2732=DIRECTION('',(0.,0.,1.));
#2733=DIRECTION('',(1.,0.,0.));
#2734=DIRECTION('',(0.,0.,-1.));
#2735=DIRECTION('',(0.,0.,1.));
#2736=DIRECTION('',(1.,0.,0.));
#2737=DIRECTION('',(0.,0.,-1.));
#2738=DIRECTION('',(0.,0.,-1.));
#2739=DIRECTION('',(-1.,0.,0.));
#2740=DIRECTION('',(0.,0.,1.));
#2741=DIRECTION('',(1.,0.,0.));
#2742=DIRECTION('',(0.,0.,-1.));
#2743=DIRECTION('',(0.,0.,1.));
#2744=DIRECTION('',(1.,0.,0.));
#2745=DIRECTION('',(0.,0.,-1.));
#2746=DIRECTION('',(0.,0.,-1.));
#2747=DIRECTION('',(-1.,0.,0.));
#2748=DIRECTION('',(0.,0.,1.));
#2749=DIRECTION('',(1.,0.,0.));
#2750=DIRECTION('',(0.,0.,-1.));
#2751=DIRECTION('',(0.,0.,1.));
#2752=DIRECTION('',(1.,0.,0.));
#2753=DIRECTION('',(0.,0.,-1.));
#2754=DIRECTION('',(0.,0.,-1.));
#2755=DIRECTION('',(-1.,0.,0.));
#2756=DIRECTION('',(0.,0.,1.));
#2757=DIRECTION('',(1.,0.,0.));
#2758=DIRECTION('',(0.,0.,-1.));
#2759=DIRECTION('',(0.,0.,1.));
#2760=DIRECTION('',(1.,0.,0.));
#2761=DIRECTION('',(0.,0.,-1.));
#2762=DIRECTION('',(0.,0.,-1.));
#2763=DIRECTION('',(-1.,0.,0.));
#2764=DIRECTION('',(0.,0.,1.));
#2765=DIRECTION('',(1.,0.,0.));
#2766=DIRECTION('',(0.,0.,-1.));
#2767=DIRECTION('',(0.,0.,1.));
#2768=DIRECTION('',(1.,0.,0.));
#2769=DIRECTION('',(0.,0.,-1.));
#2770=DIRECTION('',(0.,0.,-1.));
#2771=DIRECTION('',(-1.,0.,0.));
#2772=DIRECTION('',(0.,0.,1.));
#2773=DIRECTION('',(1.,0.,0.));
#2774=DIRECTION('',(0.,0.,-1.));
#2775=DIRECTION('',(0.,0.,1.));
#2776=DIRECTION('',(1.,0.,0.));
#2777=DIRECTION('',(0.,0.,-1.));
#2778=DIRECTION('',(0.,0.,-1.));
#2779=DIRECTION('',(-1.,0.,0.));
#2780=DIRECTION('',(0.,0.,1.));
#2781=DIRECTION('',(1.,0.,0.));
#2782=DIRECTION('',(0.,0.,-1.));
#2783=DIRECTION('',(0.,0.,1.));
#2784=DIRECTION('',(1.,0.,0.));
#2785=DIRECTION('',(0.,0.,-1.));
#2786=DIRECTION('',(0.,0.,-1.));
#2787=DIRECTION('',(-1.,0.,0.));
#2788=DIRECTION('',(0.,0.,-1.));
#2789=DIRECTION('',(0.,0.,1.));
#2790=DIRECTION('',(1.,0.,0.));
#2791=DIRECTION('',(0.,0.,-1.));
#2792=DIRECTION('',(0.,0.,1.));
#2793=DIRECTION('',(1.,0.,0.));
#2794=DIRECTION('',(0.,0.,-1.));
#2795=DIRECTION('',(-1.,0.,0.));
#2796=DIRECTION('',(0.,0.,1.));
#2797=DIRECTION('',(1.,0.,0.));
#2798=DIRECTION('',(0.,0.,-1.));
#2799=DIRECTION('',(0.,0.,1.));
#2800=DIRECTION('',(1.,0.,0.));
#2801=DIRECTION('',(0.,0.,-1.));
#2802=DIRECTION('',(0.,0.,-1.));
#2803=DIRECTION('',(-1.,0.,0.));
#2804=DIRECTION('',(0.,0.,-1.));
#2805=DIRECTION('',(0.,0.,1.));
#2806=DIRECTION('',(1.,0.,0.));
#2807=DIRECTION('',(0.,0.,-1.));
#2808=DIRECTION('',(0.,0.,1.));
#2809=DIRECTION('',(1.,0.,0.));
#2810=DIRECTION('',(0.,0.,-1.));
#2811=DIRECTION('',(-1.,0.,0.));
#2812=DIRECTION('',(0.,0.,-1.));
#2813=DIRECTION('',(0.,0.,1.));
#2814=DIRECTION('',(1.,0.,0.));
#2815=DIRECTION('',(0.,0.,-1.));
#2816=DIRECTION('',(0.,0.,1.));
#2817=DIRECTION('',(1.,0.,0.));
#2818=DIRECTION('',(0.,0.,-1.));
#2819=DIRECTION('',(-1.,0.,0.));
#2820=DIRECTION('',(0.,0.,-1.));
#2821=DIRECTION('',(0.,0.,1.));
#2822=DIRECTION('',(1.,0.,0.));
#2823=DIRECTION('',(0.,0.,-1.));
#2824=DIRECTION('',(0.,0.,1.));
#2825=DIRECTION('',(1.,0.,0.));
#2826=DIRECTION('',(0.,0.,-1.));
#2827=DIRECTION('',(-1.,0.,0.));
#2828=DIRECTION('',(0.,0.,1.));
#2829=DIRECTION('',(1.,0.,0.));
#2830=DIRECTION('',(0.,0.,-1.));
#2831=DIRECTION('',(0.,0.,1.));
#2832=DIRECTION('',(1.,0.,0.));
#2833=DIRECTION('',(0.,0.,-1.));
#2834=DIRECTION('',(0.,0.,-1.));
#2835=DIRECTION('',(-1.,0.,0.));
#2836=DIRECTION('',(0.,0.,1.));
#2837=DIRECTION('',(1.,0.,0.));
#2838=DIRECTION('',(0.,0.,-1.));
#2839=DIRECTION('',(0.,0.,1.));
#2840=DIRECTION('',(1.,0.,0.));
#2841=DIRECTION('',(0.,0.,-1.));
#2842=DIRECTION('',(0.,0.,-1.));
#2843=DIRECTION('',(-1.,0.,0.));
#2844=DIRECTION('',(0.,0.,1.));
#2845=DIRECTION('',(1.,0.,0.));
#2846=DIRECTION('',(0.,0.,-1.));
#2847=DIRECTION('',(0.,0.,1.));
#2848=DIRECTION('',(1.,0.,0.));
#2849=DIRECTION('',(0.,0.,-1.));
#2850=DIRECTION('',(0.,0.,-1.));
#2851=DIRECTION('',(-1.,0.,0.));
#2852=DIRECTION('',(0.,0.,-1.));
#2853=DIRECTION('',(0.,0.,1.));
#2854=DIRECTION('',(1.,0.,0.));
#2855=DIRECTION('',(0.,0.,-1.));
#2856=DIRECTION('',(0.,0.,1.));
#2857=DIRECTION('',(1.,0.,0.));
#2858=DIRECTION('',(0.,0.,-1.));
#2859=DIRECTION('',(-1.,0.,0.));
#2860=DIRECTION('',(0.,0.,1.));
#2861=DIRECTION('',(1.,0.,0.));
#2862=DIRECTION('',(0.,0.,-1.));
#2863=DIRECTION('',(0.,0.,1.));
#2864=DIRECTION('',(1.,0.,0.));
#2865=DIRECTION('',(0.,0.,-1.));
#2866=DIRECTION('',(0.,0.,-1.));
#2867=DIRECTION('',(-1.,0.,0.));
#2868=DIRECTION('',(0.,0.,1.));
#2869=DIRECTION('',(1.,0.,0.));
#2870=DIRECTION('',(0.,0.,-1.));
#2871=DIRECTION('',(0.,0.,1.));
#2872=DIRECTION('',(1.,0.,0.));
#2873=DIRECTION('',(0.,0.,-1.));
#2874=DIRECTION('',(0.,0.,1.));
#2875=DIRECTION('',(1.,0.,0.));
#2876=DIRECTION('',(0.,0.,1.));
#2877=DIRECTION('',(-0.951056516295154,0.309016994374948,0.));
#2878=DIRECTION('',(0.,0.,1.));
#2879=DIRECTION('',(-1.,1.22464679914735E-16,0.));
#2880=DIRECTION('',(0.,0.,1.));
#2881=DIRECTION('',(-1.,1.22464679914735E-16,0.));
#2882=DIRECTION('',(0.,0.,1.));
#2883=DIRECTION('',(-1.,1.22464679914735E-16,0.));
#2884=DIRECTION('',(0.,0.,1.));
#2885=DIRECTION('',(-0.951056516295154,-0.309016994374948,0.));
#2886=DIRECTION('',(0.,0.,1.));
#2887=DIRECTION('',(-0.951056516295154,-0.309016994374948,0.));
#2888=DIRECTION('',(0.,0.,1.));
#2889=DIRECTION('',(-0.951056516295154,-0.309016994374948,0.));
#2890=DIRECTION('',(0.,0.,1.));
#2891=DIRECTION('',(-0.809016994374948,-0.587785252292473,0.));
#2892=DIRECTION('',(0.,0.,1.));
#2893=DIRECTION('',(-0.809016994374948,-0.587785252292473,0.));
#2894=DIRECTION('',(0.,0.,1.));
#2895=DIRECTION('',(-0.809016994374948,-0.587785252292473,0.));
#2896=DIRECTION('',(0.,0.,1.));
#2897=DIRECTION('',(-0.587785252292473,-0.809016994374947,0.));
#2898=DIRECTION('',(0.,0.,1.));
#2899=DIRECTION('',(-0.587785252292473,-0.809016994374947,0.));
#2900=DIRECTION('',(0.,0.,1.));
#2901=DIRECTION('',(-0.587785252292473,-0.809016994374947,0.));
#2902=DIRECTION('',(0.,0.,1.));
#2903=DIRECTION('',(-0.309016994374948,-0.951056516295154,0.));
#2904=DIRECTION('',(0.,0.,1.));
#2905=DIRECTION('',(-0.309016994374948,-0.951056516295154,0.));
#2906=DIRECTION('',(0.,0.,1.));
#2907=DIRECTION('',(-0.309016994374948,-0.951056516295154,0.));
#2908=DIRECTION('',(0.,0.,1.));
#2909=DIRECTION('',(-1.83697019872103E-16,-1.,0.));
#2910=DIRECTION('',(0.,0.,1.));
#2911=DIRECTION('',(-1.83697019872103E-16,-1.,0.));
#2912=DIRECTION('',(0.,0.,1.));
#2913=DIRECTION('',(-1.83697019872103E-16,-1.,0.));
#2914=DIRECTION('',(0.,0.,1.));
#2915=DIRECTION('',(0.309016994374948,-0.951056516295154,0.));
#2916=DIRECTION('',(0.,0.,1.));
#2917=DIRECTION('',(0.309016994374948,-0.951056516295154,0.));
#2918=DIRECTION('',(0.,0.,1.));
#2919=DIRECTION('',(0.309016994374948,-0.951056516295154,0.));
#2920=DIRECTION('',(0.,0.,1.));
#2921=DIRECTION('',(0.587785252292473,-0.809016994374948,0.));
#2922=DIRECTION('',(0.,0.,1.));
#2923=DIRECTION('',(0.587785252292473,-0.809016994374948,0.));
#2924=DIRECTION('',(0.,0.,1.));
#2925=DIRECTION('',(0.587785252292473,-0.809016994374948,0.));
#2926=DIRECTION('',(0.,0.,1.));
#2927=DIRECTION('',(0.809016994374947,-0.587785252292473,0.));
#2928=DIRECTION('',(0.,0.,1.));
#2929=DIRECTION('',(0.809016994374947,-0.587785252292473,0.));
#2930=DIRECTION('',(0.,0.,1.));
#2931=DIRECTION('',(0.809016994374947,-0.587785252292473,0.));
#2932=DIRECTION('',(0.,0.,1.));
#2933=DIRECTION('',(0.951056516295154,-0.309016994374948,0.));
#2934=DIRECTION('',(0.,0.,1.));
#2935=DIRECTION('',(0.951056516295154,-0.309016994374948,0.));
#2936=DIRECTION('',(0.,0.,1.));
#2937=DIRECTION('',(0.951056516295154,-0.309016994374948,0.));
#2938=DIRECTION('',(0.,0.,1.));
#2939=DIRECTION('',(1.,0.,0.));
#2940=DIRECTION('',(0.,0.,1.));
#2941=DIRECTION('',(1.,0.,0.));
#2942=DIRECTION('',(0.,0.,1.));
#2943=DIRECTION('',(1.,0.,0.));
#2944=DIRECTION('',(0.,0.,1.));
#2945=DIRECTION('',(1.,0.,0.));
#2946=DIRECTION('',(0.,0.,1.));
#2947=DIRECTION('',(0.951056516295154,0.309016994374948,0.));
#2948=DIRECTION('',(0.,0.,1.));
#2949=DIRECTION('',(0.951056516295154,0.309016994374948,0.));
#2950=DIRECTION('',(0.,0.,1.));
#2951=DIRECTION('',(0.951056516295154,0.309016994374948,0.));
#2952=DIRECTION('',(0.,0.,1.));
#2953=DIRECTION('',(0.809016994374948,0.587785252292473,0.));
#2954=DIRECTION('',(0.,0.,1.));
#2955=DIRECTION('',(0.809016994374948,0.587785252292473,0.));
#2956=DIRECTION('',(0.,0.,1.));
#2957=DIRECTION('',(0.809016994374948,0.587785252292473,0.));
#2958=DIRECTION('',(0.,0.,1.));
#2959=DIRECTION('',(0.587785252292473,0.809016994374948,0.));
#2960=DIRECTION('',(0.,0.,1.));
#2961=DIRECTION('',(0.587785252292473,0.809016994374948,0.));
#2962=DIRECTION('',(0.,0.,1.));
#2963=DIRECTION('',(0.587785252292473,0.809016994374948,0.));
#2964=DIRECTION('',(0.,0.,1.));
#2965=DIRECTION('',(0.309016994374948,0.951056516295154,0.));
#2966=DIRECTION('',(0.,0.,1.));
#2967=DIRECTION('',(0.309016994374948,0.951056516295154,0.));
#2968=DIRECTION('',(0.,0.,1.));
#2969=DIRECTION('',(0.309016994374948,0.951056516295154,0.));
#2970=DIRECTION('',(0.,0.,1.));
#2971=DIRECTION('',(6.12323399573677E-17,1.,0.));
#2972=DIRECTION('',(0.,0.,1.));
#2973=DIRECTION('',(6.12323399573677E-17,1.,0.));
#2974=DIRECTION('',(0.,0.,1.));
#2975=DIRECTION('',(6.12323399573677E-17,1.,0.));
#2976=DIRECTION('',(0.,0.,1.));
#2977=DIRECTION('',(-0.309016994374948,0.951056516295154,0.));
#2978=DIRECTION('',(0.,0.,1.));
#2979=DIRECTION('',(-0.309016994374948,0.951056516295154,0.));
#2980=DIRECTION('',(0.,0.,1.));
#2981=DIRECTION('',(-0.309016994374948,0.951056516295154,0.));
#2982=DIRECTION('',(0.,0.,1.));
#2983=DIRECTION('',(-0.587785252292473,0.809016994374948,0.));
#2984=DIRECTION('',(0.,0.,1.));
#2985=DIRECTION('',(-0.587785252292473,0.809016994374948,0.));
#2986=DIRECTION('',(0.,0.,1.));
#2987=DIRECTION('',(-0.587785252292473,0.809016994374948,0.));
#2988=DIRECTION('',(0.,0.,1.));
#2989=DIRECTION('',(-0.809016994374947,0.587785252292473,0.));
#2990=DIRECTION('',(0.,0.,1.));
#2991=DIRECTION('',(-0.809016994374947,0.587785252292473,0.));
#2992=DIRECTION('',(0.,0.,1.));
#2993=DIRECTION('',(-0.809016994374947,0.587785252292473,0.));
#2994=DIRECTION('',(0.,0.,1.));
#2995=DIRECTION('',(-0.951056516295154,0.309016994374948,0.));
#2996=DIRECTION('',(0.,0.,1.));
#2997=DIRECTION('',(-0.951056516295154,0.309016994374948,0.));
#2998=DIRECTION('',(0.,0.,-1.));
#2999=DIRECTION('',(-1.,0.,0.));
#3000=DIRECTION('',(0.,0.,1.));
#3001=DIRECTION('',(1.,0.,0.));
#3002=DIRECTION('',(0.,0.,1.));
#3003=DIRECTION('',(1.,0.,0.));
#3004=DIRECTION('',(0.,0.,-1.));
#3005=DIRECTION('',(-1.,0.,0.));
#3006=DIRECTION('',(0.,0.,-1.));
#3007=DIRECTION('',(0.,0.,1.));
#3008=DIRECTION('',(1.,0.,0.));
#3009=DIRECTION('',(0.,0.,-1.));
#3010=DIRECTION('',(0.,0.,1.));
#3011=DIRECTION('',(1.,0.,0.));
#3012=DIRECTION('',(0.,0.,1.));
#3013=DIRECTION('',(-0.951056516295154,0.309016994374948,0.));
#3014=DIRECTION('',(0.,0.,1.));
#3015=DIRECTION('',(-0.809016994374947,0.587785252292473,0.));
#3016=DIRECTION('',(0.,0.,1.));
#3017=DIRECTION('',(-0.809016994374947,0.587785252292473,0.));
#3018=DIRECTION('',(0.,0.,1.));
#3019=DIRECTION('',(-0.809016994374947,0.587785252292473,0.));
#3020=DIRECTION('',(0.,0.,1.));
#3021=DIRECTION('',(-0.587785252292473,0.809016994374948,0.));
#3022=DIRECTION('',(0.,0.,1.));
#3023=DIRECTION('',(-0.587785252292473,0.809016994374948,0.));
#3024=DIRECTION('',(0.,0.,1.));
#3025=DIRECTION('',(-0.587785252292473,0.809016994374948,0.));
#3026=DIRECTION('',(0.,0.,1.));
#3027=DIRECTION('',(-0.309016994374948,0.951056516295154,0.));
#3028=DIRECTION('',(0.,0.,1.));
#3029=DIRECTION('',(-0.309016994374948,0.951056516295154,0.));
#3030=DIRECTION('',(0.,0.,1.));
#3031=DIRECTION('',(-0.309016994374948,0.951056516295154,0.));
#3032=DIRECTION('',(0.,0.,1.));
#3033=DIRECTION('',(6.12323399573677E-17,1.,0.));
#3034=DIRECTION('',(0.,0.,1.));
#3035=DIRECTION('',(6.12323399573677E-17,1.,0.));
#3036=DIRECTION('',(0.,0.,1.));
#3037=DIRECTION('',(6.12323399573677E-17,1.,0.));
#3038=DIRECTION('',(0.,0.,1.));
#3039=DIRECTION('',(0.309016994374948,0.951056516295154,0.));
#3040=DIRECTION('',(0.,0.,1.));
#3041=DIRECTION('',(0.309016994374948,0.951056516295154,0.));
#3042=DIRECTION('',(0.,0.,1.));
#3043=DIRECTION('',(0.309016994374948,0.951056516295154,0.));
#3044=DIRECTION('',(0.,0.,1.));
#3045=DIRECTION('',(0.587785252292473,0.809016994374948,0.));
#3046=DIRECTION('',(0.,0.,1.));
#3047=DIRECTION('',(0.587785252292473,0.809016994374948,0.));
#3048=DIRECTION('',(0.,0.,1.));
#3049=DIRECTION('',(0.587785252292473,0.809016994374948,0.));
#3050=DIRECTION('',(0.,0.,1.));
#3051=DIRECTION('',(0.809016994374948,0.587785252292473,0.));
#3052=DIRECTION('',(0.,0.,1.));
#3053=DIRECTION('',(0.809016994374948,0.587785252292473,0.));
#3054=DIRECTION('',(0.,0.,1.));
#3055=DIRECTION('',(0.809016994374948,0.587785252292473,0.));
#3056=DIRECTION('',(0.,0.,1.));
#3057=DIRECTION('',(0.951056516295154,0.309016994374948,0.));
#3058=DIRECTION('',(0.,0.,1.));
#3059=DIRECTION('',(0.951056516295154,0.309016994374948,0.));
#3060=DIRECTION('',(0.,0.,1.));
#3061=DIRECTION('',(0.951056516295154,0.309016994374948,0.));
#3062=DIRECTION('',(0.,0.,1.));
#3063=DIRECTION('',(1.,0.,0.));
#3064=DIRECTION('',(0.,0.,1.));
#3065=DIRECTION('',(1.,0.,0.));
#3066=DIRECTION('',(0.,0.,1.));
#3067=DIRECTION('',(1.,0.,0.));
#3068=DIRECTION('',(0.,0.,1.));
#3069=DIRECTION('',(0.951056516295154,-0.309016994374948,0.));
#3070=DIRECTION('',(0.,0.,1.));
#3071=DIRECTION('',(0.951056516295154,-0.309016994374948,0.));
#3072=DIRECTION('',(0.,0.,1.));
#3073=DIRECTION('',(0.951056516295154,-0.309016994374948,0.));
#3074=DIRECTION('',(0.,0.,1.));
#3075=DIRECTION('',(0.809016994374947,-0.587785252292473,0.));
#3076=DIRECTION('',(0.,0.,1.));
#3077=DIRECTION('',(0.809016994374947,-0.587785252292473,0.));
#3078=DIRECTION('',(0.,0.,1.));
#3079=DIRECTION('',(0.809016994374947,-0.587785252292473,0.));
#3080=DIRECTION('',(0.,0.,1.));
#3081=DIRECTION('',(0.587785252292473,-0.809016994374948,0.));
#3082=DIRECTION('',(0.,0.,1.));
#3083=DIRECTION('',(0.587785252292473,-0.809016994374948,0.));
#3084=DIRECTION('',(0.,0.,1.));
#3085=DIRECTION('',(0.587785252292473,-0.809016994374948,0.));
#3086=DIRECTION('',(0.,0.,1.));
#3087=DIRECTION('',(0.309016994374948,-0.951056516295154,0.));
#3088=DIRECTION('',(0.,0.,1.));
#3089=DIRECTION('',(0.309016994374948,-0.951056516295154,0.));
#3090=DIRECTION('',(0.,0.,1.));
#3091=DIRECTION('',(0.309016994374948,-0.951056516295154,0.));
#3092=DIRECTION('',(0.,0.,1.));
#3093=DIRECTION('',(-1.83697019872103E-16,-1.,0.));
#3094=DIRECTION('',(0.,0.,1.));
#3095=DIRECTION('',(-1.83697019872103E-16,-1.,0.));
#3096=DIRECTION('',(0.,0.,1.));
#3097=DIRECTION('',(-1.83697019872103E-16,-1.,0.));
#3098=DIRECTION('',(0.,0.,1.));
#3099=DIRECTION('',(-0.309016994374948,-0.951056516295154,0.));
#3100=DIRECTION('',(0.,0.,1.));
#3101=DIRECTION('',(-0.309016994374948,-0.951056516295154,0.));
#3102=DIRECTION('',(0.,0.,1.));
#3103=DIRECTION('',(-0.309016994374948,-0.951056516295154,0.));
#3104=DIRECTION('',(0.,0.,1.));
#3105=DIRECTION('',(-0.587785252292473,-0.809016994374947,0.));
#3106=DIRECTION('',(0.,0.,1.));
#3107=DIRECTION('',(-0.587785252292473,-0.809016994374947,0.));
#3108=DIRECTION('',(0.,0.,1.));
#3109=DIRECTION('',(-0.587785252292473,-0.809016994374947,0.));
#3110=DIRECTION('',(0.,0.,1.));
#3111=DIRECTION('',(-0.809016994374948,-0.587785252292473,0.));
#3112=DIRECTION('',(0.,0.,1.));
#3113=DIRECTION('',(-0.809016994374948,-0.587785252292473,0.));
#3114=DIRECTION('',(0.,0.,1.));
#3115=DIRECTION('',(-0.809016994374948,-0.587785252292473,0.));
#3116=DIRECTION('',(0.,0.,1.));
#3117=DIRECTION('',(-0.951056516295154,-0.309016994374948,0.));
#3118=DIRECTION('',(0.,0.,1.));
#3119=DIRECTION('',(-0.951056516295154,-0.309016994374948,0.));
#3120=DIRECTION('',(0.,0.,1.));
#3121=DIRECTION('',(-0.951056516295154,-0.309016994374948,0.));
#3122=DIRECTION('',(0.,0.,1.));
#3123=DIRECTION('',(-1.,1.22464679914735E-16,0.));
#3124=DIRECTION('',(0.,0.,1.));
#3125=DIRECTION('',(-1.,1.22464679914735E-16,0.));
#3126=DIRECTION('',(0.,0.,1.));
#3127=DIRECTION('',(-1.,1.22464679914735E-16,0.));
#3128=DIRECTION('',(0.,0.,1.));
#3129=DIRECTION('',(-0.951056516295154,0.309016994374948,0.));
#3130=DIRECTION('',(0.,0.,1.));
#3131=DIRECTION('',(-0.951056516295154,0.309016994374948,0.));
#3132=DIRECTION('',(0.,0.,-1.));
#3133=DIRECTION('',(0.,0.,-1.));
#3134=DIRECTION('',(0.,0.,-1.));
#3135=DIRECTION('',(-1.,0.,0.));
#3136=DIRECTION('',(0.,0.,-1.));
#3137=DIRECTION('',(0.,0.,-1.));
#3138=DIRECTION('',(0.,0.,-1.));
#3139=DIRECTION('',(-1.,0.,0.));
#3140=DIRECTION('',(0.,0.,-1.));
#3141=DIRECTION('',(-1.,0.,0.));
#3142=DIRECTION('',(0.,0.,-1.));
#3143=DIRECTION('',(0.,0.,-1.));
#3144=DIRECTION('',(0.,0.,-1.));
#3145=DIRECTION('',(-0.951056516295154,0.309016994374948,0.));
#3146=DIRECTION('',(0.,0.,-1.));
#3147=DIRECTION('',(0.,0.,-1.));
#3148=DIRECTION('',(0.,0.,-1.));
#3149=DIRECTION('',(-0.951056516295154,0.309016994374948,0.));
#3150=DIRECTION('',(0.,0.,-1.));
#3151=DIRECTION('',(-0.951056516295154,0.309016994374948,0.));
#3152=DIRECTION('',(0.,0.,-1.));
#3153=DIRECTION('',(0.,0.,-1.));
#3154=DIRECTION('',(0.,0.,-1.));
#3155=DIRECTION('',(-0.587785252292473,0.809016994374948,0.));
#3156=DIRECTION('',(0.,0.,-1.));
#3157=DIRECTION('',(0.,0.,-1.));
#3158=DIRECTION('',(0.,0.,-1.));
#3159=DIRECTION('',(-0.587785252292473,0.809016994374948,0.));
#3160=DIRECTION('',(0.,0.,-1.));
#3161=DIRECTION('',(-0.587785252292473,0.809016994374948,0.));
#3162=DIRECTION('',(0.,0.,-1.));
#3163=DIRECTION('',(0.,0.,-1.));
#3164=DIRECTION('',(0.,0.,-1.));
#3165=DIRECTION('',(-0.809016994374947,0.587785252292473,0.));
#3166=DIRECTION('',(0.,0.,-1.));
#3167=DIRECTION('',(0.,0.,-1.));
#3168=DIRECTION('',(0.,0.,-1.));
#3169=DIRECTION('',(-0.809016994374947,0.587785252292473,0.));
#3170=DIRECTION('',(0.,0.,-1.));
#3171=DIRECTION('',(-0.809016994374947,0.587785252292473,0.));
#3172=DIRECTION('',(0.,0.,-1.));
#3173=DIRECTION('',(0.,0.,-1.));
#3174=DIRECTION('',(0.,0.,-1.));
#3175=DIRECTION('',(-0.309016994374948,-0.951056516295154,0.));
#3176=DIRECTION('',(0.,0.,-1.));
#3177=DIRECTION('',(0.,0.,-1.));
#3178=DIRECTION('',(0.,0.,-1.));
#3179=DIRECTION('',(-0.309016994374948,-0.951056516295154,0.));
#3180=DIRECTION('',(0.,0.,-1.));
#3181=DIRECTION('',(-0.309016994374948,-0.951056516295154,0.));
#3182=DIRECTION('',(0.,0.,-1.));
#3183=DIRECTION('',(0.,0.,-1.));
#3184=DIRECTION('',(0.,0.,-1.));
#3185=DIRECTION('',(-0.587785252292473,-0.809016994374948,0.));
#3186=DIRECTION('',(0.,0.,-1.));
#3187=DIRECTION('',(0.,0.,-1.));
#3188=DIRECTION('',(0.,0.,-1.));
#3189=DIRECTION('',(-0.587785252292473,-0.809016994374948,0.));
#3190=DIRECTION('',(0.,0.,-1.));
#3191=DIRECTION('',(-0.587785252292473,-0.809016994374948,0.));
#3192=DIRECTION('',(0.,0.,-1.));
#3193=DIRECTION('',(0.,0.,-1.));
#3194=DIRECTION('',(0.,0.,-1.));
#3195=DIRECTION('',(-0.809016994374948,-0.587785252292473,0.));
#3196=DIRECTION('',(0.,0.,-1.));
#3197=DIRECTION('',(0.,0.,-1.));
#3198=DIRECTION('',(0.,0.,-1.));
#3199=DIRECTION('',(-0.809016994374948,-0.587785252292473,0.));
#3200=DIRECTION('',(0.,0.,-1.));
#3201=DIRECTION('',(-0.809016994374948,-0.587785252292473,0.));
#3202=DIRECTION('',(0.,0.,-1.));
#3203=DIRECTION('',(0.,0.,-1.));
#3204=DIRECTION('',(0.,0.,-1.));
#3205=DIRECTION('',(-0.951056516295154,-0.309016994374948,0.));
#3206=DIRECTION('',(0.,0.,-1.));
#3207=DIRECTION('',(0.,0.,-1.));
#3208=DIRECTION('',(0.,0.,-1.));
#3209=DIRECTION('',(-0.951056516295154,-0.309016994374948,0.));
#3210=DIRECTION('',(0.,0.,-1.));
#3211=DIRECTION('',(-0.951056516295154,-0.309016994374948,0.));
#3212=DIRECTION('',(0.,0.,-1.));
#3213=DIRECTION('',(0.,0.,-1.));
#3214=DIRECTION('',(0.,0.,-1.));
#3215=DIRECTION('',(-6.12323399573677E-17,-1.,0.));
#3216=DIRECTION('',(0.,0.,-1.));
#3217=DIRECTION('',(0.,0.,-1.));
#3218=DIRECTION('',(0.,0.,-1.));
#3219=DIRECTION('',(-6.12323399573677E-17,-1.,0.));
#3220=DIRECTION('',(0.,0.,-1.));
#3221=DIRECTION('',(-6.12323399573677E-17,-1.,0.));
#3222=DIRECTION('',(0.,0.,-1.));
#3223=DIRECTION('',(0.,0.,-1.));
#3224=DIRECTION('',(0.,0.,-1.));
#3225=DIRECTION('',(0.309016994374948,-0.951056516295154,0.));
#3226=DIRECTION('',(0.,0.,-1.));
#3227=DIRECTION('',(0.,0.,-1.));
#3228=DIRECTION('',(0.,0.,-1.));
#3229=DIRECTION('',(0.309016994374948,-0.951056516295154,0.));
#3230=DIRECTION('',(0.,0.,-1.));
#3231=DIRECTION('',(0.309016994374948,-0.951056516295154,0.));
#3232=DIRECTION('',(0.,0.,-1.));
#3233=DIRECTION('',(0.,0.,-1.));
#3234=DIRECTION('',(0.,0.,-1.));
#3235=DIRECTION('',(0.809016994374947,-0.587785252292473,0.));
#3236=DIRECTION('',(0.,0.,-1.));
#3237=DIRECTION('',(0.,0.,-1.));
#3238=DIRECTION('',(0.,0.,-1.));
#3239=DIRECTION('',(0.809016994374947,-0.587785252292473,0.));
#3240=DIRECTION('',(0.,0.,-1.));
#3241=DIRECTION('',(0.809016994374947,-0.587785252292473,0.));
#3242=DIRECTION('',(0.,0.,-1.));
#3243=DIRECTION('',(0.,0.,-1.));
#3244=DIRECTION('',(0.,0.,-1.));
#3245=DIRECTION('',(0.587785252292473,-0.809016994374948,0.));
#3246=DIRECTION('',(0.,0.,-1.));
#3247=DIRECTION('',(0.,0.,-1.));
#3248=DIRECTION('',(0.,0.,-1.));
#3249=DIRECTION('',(0.587785252292473,-0.809016994374948,0.));
#3250=DIRECTION('',(0.,0.,-1.));
#3251=DIRECTION('',(0.587785252292473,-0.809016994374948,0.));
#3252=DIRECTION('',(0.,0.,-1.));
#3253=DIRECTION('',(0.,0.,-1.));
#3254=DIRECTION('',(0.,0.,-1.));
#3255=DIRECTION('',(-0.309016994374948,0.951056516295154,0.));
#3256=DIRECTION('',(0.,0.,-1.));
#3257=DIRECTION('',(0.,0.,-1.));
#3258=DIRECTION('',(0.,0.,-1.));
#3259=DIRECTION('',(-0.309016994374948,0.951056516295154,0.));
#3260=DIRECTION('',(0.,0.,-1.));
#3261=DIRECTION('',(-0.309016994374948,0.951056516295154,0.));
#3262=DIRECTION('',(0.,0.,-1.));
#3263=DIRECTION('',(0.,0.,-1.));
#3264=DIRECTION('',(0.,0.,-1.));
#3265=DIRECTION('',(1.83697019872103E-16,1.,0.));
#3266=DIRECTION('',(0.,0.,-1.));
#3267=DIRECTION('',(0.,0.,-1.));
#3268=DIRECTION('',(0.,0.,-1.));
#3269=DIRECTION('',(1.83697019872103E-16,1.,0.));
#3270=DIRECTION('',(0.,0.,-1.));
#3271=DIRECTION('',(1.83697019872103E-16,1.,0.));
#3272=DIRECTION('',(0.,0.,-1.));
#3273=DIRECTION('',(0.,0.,-1.));
#3274=DIRECTION('',(0.,0.,-1.));
#3275=DIRECTION('',(0.309016994374948,0.951056516295154,0.));
#3276=DIRECTION('',(0.,0.,-1.));
#3277=DIRECTION('',(0.,0.,-1.));
#3278=DIRECTION('',(0.,0.,-1.));
#3279=DIRECTION('',(0.309016994374948,0.951056516295154,0.));
#3280=DIRECTION('',(0.,0.,-1.));
#3281=DIRECTION('',(0.309016994374948,0.951056516295154,0.));
#3282=DIRECTION('',(0.,0.,-1.));
#3283=DIRECTION('',(0.,0.,-1.));
#3284=DIRECTION('',(0.,0.,-1.));
#3285=DIRECTION('',(0.587785252292473,0.809016994374947,0.));
#3286=DIRECTION('',(0.,0.,-1.));
#3287=DIRECTION('',(0.,0.,-1.));
#3288=DIRECTION('',(0.,0.,-1.));
#3289=DIRECTION('',(0.587785252292473,0.809016994374947,0.));
#3290=DIRECTION('',(0.,0.,-1.));
#3291=DIRECTION('',(0.587785252292473,0.809016994374947,0.));
#3292=DIRECTION('',(0.,0.,-1.));
#3293=DIRECTION('',(0.,0.,-1.));
#3294=DIRECTION('',(0.,0.,-1.));
#3295=DIRECTION('',(0.809016994374948,0.587785252292473,0.));
#3296=DIRECTION('',(0.,0.,-1.));
#3297=DIRECTION('',(0.,0.,-1.));
#3298=DIRECTION('',(0.,0.,-1.));
#3299=DIRECTION('',(0.809016994374948,0.587785252292473,0.));
#3300=DIRECTION('',(0.,0.,-1.));
#3301=DIRECTION('',(0.809016994374948,0.587785252292473,0.));
#3302=DIRECTION('',(0.,0.,-1.));
#3303=DIRECTION('',(0.,0.,-1.));
#3304=DIRECTION('',(0.,0.,-1.));
#3305=DIRECTION('',(0.951056516295154,0.309016994374948,0.));
#3306=DIRECTION('',(0.,0.,-1.));
#3307=DIRECTION('',(0.,0.,-1.));
#3308=DIRECTION('',(0.,0.,-1.));
#3309=DIRECTION('',(0.951056516295154,0.309016994374948,0.));
#3310=DIRECTION('',(0.,0.,-1.));
#3311=DIRECTION('',(0.951056516295154,0.309016994374948,0.));
#3312=DIRECTION('',(0.,0.,-1.));
#3313=DIRECTION('',(0.,0.,-1.));
#3314=DIRECTION('',(0.,0.,-1.));
#3315=DIRECTION('',(1.,-1.22464679914735E-16,0.));
#3316=DIRECTION('',(0.,0.,-1.));
#3317=DIRECTION('',(0.,0.,-1.));
#3318=DIRECTION('',(0.,0.,-1.));
#3319=DIRECTION('',(1.,-1.22464679914735E-16,0.));
#3320=DIRECTION('',(0.,0.,-1.));
#3321=DIRECTION('',(1.,-1.22464679914735E-16,0.));
#3322=DIRECTION('',(0.,0.,-1.));
#3323=DIRECTION('',(0.,0.,-1.));
#3324=DIRECTION('',(0.,0.,-1.));
#3325=DIRECTION('',(0.951056516295154,-0.309016994374948,0.));
#3326=DIRECTION('',(0.,0.,-1.));
#3327=DIRECTION('',(0.,0.,-1.));
#3328=DIRECTION('',(0.,0.,-1.));
#3329=DIRECTION('',(0.951056516295154,-0.309016994374948,0.));
#3330=DIRECTION('',(0.,0.,-1.));
#3331=DIRECTION('',(0.951056516295154,-0.309016994374948,0.));
#3332=DIRECTION('',(0.,0.,-1.));
#3333=DIRECTION('',(-1.,0.,0.));
#3334=DIRECTION('',(0.,0.,1.));
#3335=DIRECTION('',(1.,0.,0.));
#3336=DIRECTION('',(0.,0.,1.));
#3337=DIRECTION('',(1.,0.,0.));
#3338=DIRECTION('',(0.,0.,1.));
#3339=DIRECTION('',(1.,0.,0.));
#3340=DIRECTION('',(0.,0.,1.));
#3341=DIRECTION('',(1.,0.,0.));
#3342=DIRECTION('',(0.,0.,1.));
#3343=DIRECTION('',(1.,0.,0.));
#3344=DIRECTION('',(0.,0.,1.));
#3345=DIRECTION('',(1.,0.,0.));
#3346=DIRECTION('',(0.,0.,1.));
#3347=DIRECTION('',(1.,0.,0.));
#3348=DIRECTION('',(0.,0.,1.));
#3349=DIRECTION('',(1.,0.,0.));
#3350=DIRECTION('',(0.,0.,1.));
#3351=DIRECTION('',(1.,0.,0.));
#3352=DIRECTION('',(0.,0.,1.));
#3353=DIRECTION('',(1.,0.,0.));
#3354=DIRECTION('',(0.,0.,1.));
#3355=DIRECTION('',(1.,0.,0.));
#3356=DIRECTION('',(0.,0.,1.));
#3357=DIRECTION('',(1.,0.,0.));
#3358=DIRECTION('',(0.,0.,1.));
#3359=DIRECTION('',(1.,0.,0.));
#3360=CARTESIAN_POINT('',(0.,0.,0.));
#3361=CARTESIAN_POINT('',(0.,6.2456986756515E-19,0.0128));
#3362=CARTESIAN_POINT('',(0.,6.2456986756515E-19,0.0128));
#3363=CARTESIAN_POINT('',(0.0056,6.2456986756515E-19,0.0128));
#3364=CARTESIAN_POINT('',(0.,6.2456986756515E-19,0.0172));
#3365=CARTESIAN_POINT('',(0.0056,6.2456986756515E-19,0.0172));
#3366=CARTESIAN_POINT('',(0.,6.2456986756515E-19,0.0128));
#3367=CARTESIAN_POINT('',(0.,6.2456986756515E-19,0.003));
#3368=CARTESIAN_POINT('',(0.0056,6.2456986756515E-19,0.003));
#3369=CARTESIAN_POINT('',(0.,6.2456986756515E-19,0.0118));
#3370=CARTESIAN_POINT('',(0.0056,6.2456986756515E-19,0.0118));
#3371=CARTESIAN_POINT('',(0.,6.73555739531044E-19,0.003));
#3372=CARTESIAN_POINT('',(-0.00995384459806657,0.00468198437818207,0.003));
#3373=CARTESIAN_POINT('',(-0.00995384459806657,0.00468198437818207,0.003));
#3374=CARTESIAN_POINT('',(-0.00995384459806657,0.00468198437818207,0.));
#3375=CARTESIAN_POINT('',(0.,6.73555739531044E-19,0.003));
#3376=CARTESIAN_POINT('',(-0.00963852798770195,0.00530082807024396,0.003));
#3377=CARTESIAN_POINT('',(-0.00963852798770195,0.00530082807024396,0.003));
#3378=CARTESIAN_POINT('',(-0.00963852798770195,0.00530082807024396,0.));
#3379=CARTESIAN_POINT('',(0.,6.73555739531044E-19,0.));
#3380=CARTESIAN_POINT('',(0.,6.73555739531044E-19,0.003));
#3381=CARTESIAN_POINT('',(0.,6.73555739531044E-19,0.003));
#3382=CARTESIAN_POINT('',(-0.0108048308081623,0.00206291812900731,0.003));
#3383=CARTESIAN_POINT('',(-0.0109134815074368,0.00137692461189233,0.003));
#3384=CARTESIAN_POINT('',(-0.0108048308081623,0.00206291812900731,0.003));
#3385=CARTESIAN_POINT('',(-0.0108048308081623,0.00206291812900731,0.));
#3386=CARTESIAN_POINT('',(0.,6.73555739531044E-19,0.));
#3387=CARTESIAN_POINT('',(-0.0109134815074368,0.00137692461189233,0.));
#3388=CARTESIAN_POINT('',(-0.0109134815074368,0.00137692461189233,0.003));
#3389=CARTESIAN_POINT('',(0.,6.73555739531044E-19,0.003));
#3390=CARTESIAN_POINT('',(0.,6.73555739531044E-19,0.003));
#3391=CARTESIAN_POINT('',(-0.0109134815074368,-0.00137692461189233,0.003));
#3392=CARTESIAN_POINT('',(-0.0108048308081623,-0.00206291812900731,0.003));
#3393=CARTESIAN_POINT('',(-0.0109134815074368,-0.00137692461189233,0.003));
#3394=CARTESIAN_POINT('',(-0.0109134815074368,-0.00137692461189233,0.));
#3395=CARTESIAN_POINT('',(0.,6.73555739531044E-19,0.));
#3396=CARTESIAN_POINT('',(-0.0108048308081623,-0.00206291812900731,0.));
#3397=CARTESIAN_POINT('',(-0.0108048308081623,-0.00206291812900731,0.003));
#3398=CARTESIAN_POINT('',(0.,6.73555739531044E-19,0.003));
#3399=CARTESIAN_POINT('',(0.,6.73555739531044E-19,0.003));
#3400=CARTESIAN_POINT('',(-0.00995384459806657,-0.00468198437818207,0.003));
#3401=CARTESIAN_POINT('',(-0.00963852798770195,-0.00530082807024395,0.003));
#3402=CARTESIAN_POINT('',(-0.00995384459806657,-0.00468198437818207,0.003));
#3403=CARTESIAN_POINT('',(-0.00995384459806657,-0.00468198437818207,0.));
#3404=CARTESIAN_POINT('',(0.,6.73555739531044E-19,0.));
#3405=CARTESIAN_POINT('',(-0.00963852798770195,-0.00530082807024395,0.));
#3406=CARTESIAN_POINT('',(-0.00963852798770195,-0.00530082807024395,0.003));
#3407=CARTESIAN_POINT('',(0.,6.73555739531044E-19,0.003));
#3408=CARTESIAN_POINT('',(0.,6.73555739531044E-19,0.003));
#3409=CARTESIAN_POINT('',(-0.00801985602692425,-0.00752873889223201,0.003));
#3410=CARTESIAN_POINT('',(-0.00752873889223201,-0.00801985602692424,0.003));
#3411=CARTESIAN_POINT('',(-0.00801985602692425,-0.00752873889223201,0.003));
#3412=CARTESIAN_POINT('',(-0.00801985602692425,-0.00752873889223201,0.));
#3413=CARTESIAN_POINT('',(0.,6.73555739531044E-19,0.));
#3414=CARTESIAN_POINT('',(-0.00752873889223201,-0.00801985602692424,0.));
#3415=CARTESIAN_POINT('',(-0.00752873889223201,-0.00801985602692424,0.003));
#3416=CARTESIAN_POINT('',(0.,6.73555739531044E-19,0.003));
#3417=CARTESIAN_POINT('',(0.,6.73555739531044E-19,0.003));
#3418=CARTESIAN_POINT('',(-0.00530082807024396,-0.00963852798770195,0.003));
#3419=CARTESIAN_POINT('',(-0.00468198437818207,-0.00995384459806657,0.003));
#3420=CARTESIAN_POINT('',(-0.00530082807024396,-0.00963852798770195,0.003));
#3421=CARTESIAN_POINT('',(-0.00530082807024396,-0.00963852798770195,0.));
#3422=CARTESIAN_POINT('',(0.,6.73555739531044E-19,0.));
#3423=CARTESIAN_POINT('',(-0.00468198437818207,-0.00995384459806657,0.));
#3424=CARTESIAN_POINT('',(-0.00468198437818207,-0.00995384459806657,0.003));
#3425=CARTESIAN_POINT('',(0.,6.73555739531044E-19,0.003));
#3426=CARTESIAN_POINT('',(0.,6.73555739531044E-19,0.003));
#3427=CARTESIAN_POINT('',(-0.00206291812900731,-0.0108048308081623,0.003));
#3428=CARTESIAN_POINT('',(-0.00137692461189233,-0.0109134815074368,0.003));
#3429=CARTESIAN_POINT('',(-0.00206291812900731,-0.0108048308081623,0.003));
#3430=CARTESIAN_POINT('',(-0.00206291812900731,-0.0108048308081623,0.));
#3431=CARTESIAN_POINT('',(0.,6.73555739531044E-19,0.));
#3432=CARTESIAN_POINT('',(-0.00137692461189233,-0.0109134815074368,0.));
#3433=CARTESIAN_POINT('',(-0.00137692461189233,-0.0109134815074368,0.003));
#3434=CARTESIAN_POINT('',(0.,6.73555739531044E-19,0.003));
#3435=CARTESIAN_POINT('',(0.,6.73555739531044E-19,0.003));
#3436=CARTESIAN_POINT('',(0.00137692461189233,-0.0109134815074368,0.003));
#3437=CARTESIAN_POINT('',(0.00206291812900731,-0.0108048308081623,0.003));
#3438=CARTESIAN_POINT('',(0.00137692461189233,-0.0109134815074368,0.003));
#3439=CARTESIAN_POINT('',(0.00137692461189233,-0.0109134815074368,0.));
#3440=CARTESIAN_POINT('',(0.,6.73555739531044E-19,0.));
#3441=CARTESIAN_POINT('',(0.00206291812900731,-0.0108048308081623,0.));
#3442=CARTESIAN_POINT('',(0.00206291812900731,-0.0108048308081623,0.003));
#3443=CARTESIAN_POINT('',(0.,6.73555739531044E-19,0.003));
#3444=CARTESIAN_POINT('',(-0.00530082807024396,0.00963852798770195,0.003));
#3445=CARTESIAN_POINT('',(-0.00530082807024396,0.00963852798770195,0.003));
#3446=CARTESIAN_POINT('',(-0.00530082807024396,0.00963852798770195,0.));
#3447=CARTESIAN_POINT('',(0.,6.73555739531044E-19,0.003));
#3448=CARTESIAN_POINT('',(-0.00468198437818207,0.00995384459806657,0.003));
#3449=CARTESIAN_POINT('',(-0.00468198437818207,0.00995384459806657,0.003));
#3450=CARTESIAN_POINT('',(-0.00468198437818207,0.00995384459806657,0.));
#3451=CARTESIAN_POINT('',(0.,6.73555739531044E-19,0.));
#3452=CARTESIAN_POINT('',(0.,6.73555739531044E-19,0.003));
#3453=CARTESIAN_POINT('',(0.,6.73555739531044E-19,0.003));
#3454=CARTESIAN_POINT('',(-0.00752873889223201,0.00801985602692425,0.003));
#3455=CARTESIAN_POINT('',(-0.00801985602692424,0.00752873889223201,0.003));
#3456=CARTESIAN_POINT('',(-0.00752873889223201,0.00801985602692425,0.003));
#3457=CARTESIAN_POINT('',(-0.00752873889223201,0.00801985602692425,0.));
#3458=CARTESIAN_POINT('',(0.,6.73555739531044E-19,0.));
#3459=CARTESIAN_POINT('',(-0.00801985602692424,0.00752873889223201,0.));
#3460=CARTESIAN_POINT('',(-0.00801985602692424,0.00752873889223201,0.003));
#3461=CARTESIAN_POINT('',(0.,6.73555739531044E-19,0.003));
#3462=CARTESIAN_POINT('',(-0.00206291812900731,0.0108048308081623,0.003));
#3463=CARTESIAN_POINT('',(-0.00206291812900731,0.0108048308081623,0.003));
#3464=CARTESIAN_POINT('',(-0.00206291812900731,0.0108048308081623,0.));
#3465=CARTESIAN_POINT('',(0.,6.73555739531044E-19,0.003));
#3466=CARTESIAN_POINT('',(-0.00137692461189233,0.0109134815074368,0.003));
#3467=CARTESIAN_POINT('',(-0.00137692461189233,0.0109134815074368,0.003));
#3468=CARTESIAN_POINT('',(-0.00137692461189233,0.0109134815074368,0.));
#3469=CARTESIAN_POINT('',(0.,6.73555739531044E-19,0.));
#3470=CARTESIAN_POINT('',(0.,6.73555739531044E-19,0.003));
#3471=CARTESIAN_POINT('',(0.00137692461189233,0.0109134815074368,0.003));
#3472=CARTESIAN_POINT('',(0.00137692461189233,0.0109134815074368,0.003));
#3473=CARTESIAN_POINT('',(0.00137692461189233,0.0109134815074368,0.));
#3474=CARTESIAN_POINT('',(0.,6.73555739531044E-19,0.003));
#3475=CARTESIAN_POINT('',(0.00206291812900731,0.0108048308081623,0.003));
#3476=CARTESIAN_POINT('',(0.00206291812900731,0.0108048308081623,0.003));
#3477=CARTESIAN_POINT('',(0.00206291812900731,0.0108048308081623,0.));
#3478=CARTESIAN_POINT('',(0.,6.73555739531044E-19,0.));
#3479=CARTESIAN_POINT('',(0.,6.73555739531044E-19,0.003));
#3480=CARTESIAN_POINT('',(0.0108048308081623,0.00206291812900731,0.003));
#3481=CARTESIAN_POINT('',(0.0108048308081623,0.00206291812900731,0.003));
#3482=CARTESIAN_POINT('',(0.0108048308081623,0.00206291812900731,0.));
#3483=CARTESIAN_POINT('',(0.,6.73555739531044E-19,0.003));
#3484=CARTESIAN_POINT('',(0.0109134815074368,0.00137692461189233,0.003));
#3485=CARTESIAN_POINT('',(0.0109134815074368,0.00137692461189233,0.003));
#3486=CARTESIAN_POINT('',(0.0109134815074368,0.00137692461189233,0.));
#3487=CARTESIAN_POINT('',(0.,6.73555739531044E-19,0.));
#3488=CARTESIAN_POINT('',(0.,6.73555739531044E-19,0.003));
#3489=CARTESIAN_POINT('',(0.,6.73555739531044E-19,0.003));
#3490=CARTESIAN_POINT('',(0.00995384459806657,0.00468198437818207,0.003));
#3491=CARTESIAN_POINT('',(0.00963852798770195,0.00530082807024396,0.003));
#3492=CARTESIAN_POINT('',(0.00995384459806657,0.00468198437818207,0.003));
#3493=CARTESIAN_POINT('',(0.00995384459806657,0.00468198437818207,0.));
#3494=CARTESIAN_POINT('',(0.,6.73555739531044E-19,0.));
#3495=CARTESIAN_POINT('',(0.00963852798770195,0.00530082807024396,0.));
#3496=CARTESIAN_POINT('',(0.00963852798770195,0.00530082807024396,0.003));
#3497=CARTESIAN_POINT('',(0.,6.73555739531044E-19,0.003));
#3498=CARTESIAN_POINT('',(0.,6.73555739531044E-19,0.003));
#3499=CARTESIAN_POINT('',(0.00801985602692424,0.00752873889223201,0.003));
#3500=CARTESIAN_POINT('',(0.00752873889223201,0.00801985602692424,0.003));
#3501=CARTESIAN_POINT('',(0.00801985602692424,0.00752873889223201,0.003));
#3502=CARTESIAN_POINT('',(0.00801985602692424,0.00752873889223201,0.));
#3503=CARTESIAN_POINT('',(0.,6.73555739531044E-19,0.));
#3504=CARTESIAN_POINT('',(0.00752873889223201,0.00801985602692424,0.));
#3505=CARTESIAN_POINT('',(0.00752873889223201,0.00801985602692424,0.003));
#3506=CARTESIAN_POINT('',(0.,6.73555739531044E-19,0.003));
#3507=CARTESIAN_POINT('',(0.,6.73555739531044E-19,0.003));
#3508=CARTESIAN_POINT('',(0.00530082807024396,0.00963852798770195,0.003));
#3509=CARTESIAN_POINT('',(0.00468198437818207,0.00995384459806657,0.003));
#3510=CARTESIAN_POINT('',(0.00530082807024396,0.00963852798770195,0.003));
#3511=CARTESIAN_POINT('',(0.00530082807024396,0.00963852798770195,0.));
#3512=CARTESIAN_POINT('',(0.,6.73555739531044E-19,0.));
#3513=CARTESIAN_POINT('',(0.00468198437818207,0.00995384459806657,0.));
#3514=CARTESIAN_POINT('',(0.00468198437818207,0.00995384459806657,0.003));
#3515=CARTESIAN_POINT('',(0.,6.73555739531044E-19,0.003));
#3516=CARTESIAN_POINT('',(0.00801985602692424,-0.00752873889223201,0.003));
#3517=CARTESIAN_POINT('',(0.00801985602692424,-0.00752873889223201,0.003));
#3518=CARTESIAN_POINT('',(0.00801985602692424,-0.00752873889223201,0.));
#3519=CARTESIAN_POINT('',(0.,6.73555739531044E-19,0.003));
#3520=CARTESIAN_POINT('',(0.00752873889223201,-0.00801985602692425,0.003));
#3521=CARTESIAN_POINT('',(0.00752873889223201,-0.00801985602692425,0.003));
#3522=CARTESIAN_POINT('',(0.00752873889223201,-0.00801985602692425,0.));
#3523=CARTESIAN_POINT('',(0.,6.73555739531044E-19,0.));
#3524=CARTESIAN_POINT('',(0.,6.73555739531044E-19,0.003));
#3525=CARTESIAN_POINT('',(0.,6.73555739531044E-19,0.003));
#3526=CARTESIAN_POINT('',(0.00468198437818207,-0.00995384459806657,0.003));
#3527=CARTESIAN_POINT('',(0.00530082807024395,-0.00963852798770195,0.003));
#3528=CARTESIAN_POINT('',(0.00468198437818207,-0.00995384459806657,0.003));
#3529=CARTESIAN_POINT('',(0.00468198437818207,-0.00995384459806657,0.));
#3530=CARTESIAN_POINT('',(0.,6.73555739531044E-19,0.));
#3531=CARTESIAN_POINT('',(0.00530082807024395,-0.00963852798770195,0.));
#3532=CARTESIAN_POINT('',(0.00530082807024395,-0.00963852798770195,0.003));
#3533=CARTESIAN_POINT('',(0.,6.73555739531044E-19,0.003));
#3534=CARTESIAN_POINT('',(0.,6.73555739531044E-19,0.003));
#3535=CARTESIAN_POINT('',(0.00963852798770195,-0.00530082807024396,0.003));
#3536=CARTESIAN_POINT('',(0.00995384459806657,-0.00468198437818207,0.003));
#3537=CARTESIAN_POINT('',(0.00963852798770195,-0.00530082807024396,0.003));
#3538=CARTESIAN_POINT('',(0.00963852798770195,-0.00530082807024396,0.));
#3539=CARTESIAN_POINT('',(0.,6.73555739531044E-19,0.));
#3540=CARTESIAN_POINT('',(0.00995384459806657,-0.00468198437818207,0.));
#3541=CARTESIAN_POINT('',(0.00995384459806657,-0.00468198437818207,0.003));
#3542=CARTESIAN_POINT('',(0.,0.,0.003));
#3543=CARTESIAN_POINT('',(-0.00875393675410679,0.00264913445141817,0.003));
#3544=CARTESIAN_POINT('',(-0.00885223630991021,0.00226552858767382,0.003));
#3545=CARTESIAN_POINT('',(-0.00837491185595968,0.00253443315258187,0.003));
#3546=CARTESIAN_POINT('',(-0.00847684854144829,0.00216922539293318,0.003));
#3547=CARTESIAN_POINT('',(-0.00877459860477575,0.00224564689635266,0.003));
#3548=CARTESIAN_POINT('',(-0.00910010484719489,0.00232919239132286,0.003));
#3549=CARTESIAN_POINT('',(-0.00911027812878178,0.0023311326799593,0.003));
#3550=CARTESIAN_POINT('',(-0.00912077129771,0.00233332261384885,0.003));
#3551=CARTESIAN_POINT('',(-0.00913325690993958,0.00233557188546101,0.003));
#3552=CARTESIAN_POINT('',(-0.0091500991499735,0.0023383114059322,0.003));
#3553=CARTESIAN_POINT('',(-0.00917052247749357,0.00234119549665481,0.003));
#3554=CARTESIAN_POINT('',(-0.00919479160359172,0.00234413647182361,0.003));
#3555=CARTESIAN_POINT('',(-0.00922283678400054,0.00234696457491307,0.003));
#3556=CARTESIAN_POINT('',(-0.00925468526568193,0.0023495348750831,0.003));
#3557=CARTESIAN_POINT('',(-0.00929032936918616,0.00235169474528912,0.003));
#3558=CARTESIAN_POINT('',(-0.00932976594056354,0.0023532937476539,0.003));
#3559=CARTESIAN_POINT('',(-0.00937298468206536,0.0023541808668724,0.003));
#3560=CARTESIAN_POINT('',(-0.00941997154986429,0.00235420547134575,0.003));
#3561=CARTESIAN_POINT('',(-0.00947070777082696,0.00235321718928514,0.003));
#3562=CARTESIAN_POINT('',(-0.00952517013104944,0.00235106609862866,0.003));
#3563=CARTESIAN_POINT('',(-0.0095833309045273,0.00234760282694787,0.003));
#3564=CARTESIAN_POINT('',(-0.00964515788895991,0.0023426786768372,0.003));
#3565=CARTESIAN_POINT('',(-0.00971061441531741,0.00233614574377846,0.003));
#3566=CARTESIAN_POINT('',(-0.00977965936891129,0.002327857035516,0.003));
#3567=CARTESIAN_POINT('',(-0.00985224721096165,0.00231766659107813,0.003));
#3568=CARTESIAN_POINT('',(-0.00992832800468692,0.00230542959677709,0.003));
#3569=CARTESIAN_POINT('',(-0.0100078474409162,0.00229100251182516,0.003));
#3570=CARTESIAN_POINT('',(-0.0100907468793957,0.00227424315355739,0.003));
#3571=CARTESIAN_POINT('',(-0.0101769633440414,0.00225501093529926,0.003));
#3572=CARTESIAN_POINT('',(-0.0102664297099539,0.00223316651190845,0.003));
#3573=CARTESIAN_POINT('',(-0.0103590741661511,0.00220857370209007,0.003));
#3574=CARTESIAN_POINT('',(-0.0104548224777401,0.00218109265023479,0.003));
#3575=CARTESIAN_POINT('',(-0.0105535895082477,0.00215060663582566,0.003));
#3576=CARTESIAN_POINT('',(-0.0106553119673092,0.00211691976309491,0.003));
#3577=CARTESIAN_POINT('',(-0.0107394085400625,0.00208733208305541,0.003));
#3578=CARTESIAN_POINT('',(-0.0107896734353335,0.00206861556448338,0.003));
#3579=CARTESIAN_POINT('',(-0.0108048308081623,0.00206291812900731,0.003));
#3580=CARTESIAN_POINT('',(-0.00873228955403749,0.000556434312787995,0.003));
#3581=CARTESIAN_POINT('',(-0.00903908223528467,0.000575762973620223,0.003));
#3582=CARTESIAN_POINT('',(-0.0093744740459814,0.000596893446904365,0.003));
#3583=CARTESIAN_POINT('',(-0.00938474899388936,0.000598191839652092,0.003));
#3584=CARTESIAN_POINT('',(-0.00939540531736357,0.00059935165627984,0.003));
#3585=CARTESIAN_POINT('',(-0.00940797490338757,0.000601070738220304,0.003));
#3586=CARTESIAN_POINT('',(-0.00942483938390287,0.000603669837818476,0.003));
#3587=CARTESIAN_POINT('',(-0.00944515435567187,0.000607238059828544,0.003));
#3588=CARTESIAN_POINT('',(-0.00946914447749949,0.000611940598632943,0.003));
#3589=CARTESIAN_POINT('',(-0.00949669096099446,0.000617917350117598,0.003));
#3590=CARTESIAN_POINT('',(-0.00952777493346484,0.000625314571476643,0.003));
#3591=CARTESIAN_POINT('',(-0.00956234192696934,0.000634275046574927,0.003));
#3592=CARTESIAN_POINT('',(-0.0096003424540629,0.000644940875711814,0.003));
#3593=CARTESIAN_POINT('',(-0.00964172005470884,0.000657452500797898,0.003));
#3594=CARTESIAN_POINT('',(-0.0096864148247097,0.000671948841215503,0.003));
#3595=CARTESIAN_POINT('',(-0.00973436244231649,0.000688567107817017,0.003));
#3596=CARTESIAN_POINT('',(-0.0097854945013296,0.000707442711465509,0.003));
#3597=CARTESIAN_POINT('',(-0.00983973847413297,0.000728709145975879,0.003));
#3598=CARTESIAN_POINT('',(-0.00989701778449344,0.000752497879926475,0.003));
#3599=CARTESIAN_POINT('',(-0.00995725185308152,0.000778938247519737,0.003));
#3600=CARTESIAN_POINT('',(-0.0100203561543998,0.000808157341560752,0.003));
#3601=CARTESIAN_POINT('',(-0.010086242274074,0.000840279906925901,0.003));
#3602=CARTESIAN_POINT('',(-0.0101548179695123,0.000875428238302418,0.003));
#3603=CARTESIAN_POINT('',(-0.0102259872330808,0.000913722068635054,0.003));
#3604=CARTESIAN_POINT('',(-0.0102996503577243,0.000955278500838835,0.003));
#3605=CARTESIAN_POINT('',(-0.0103757040059563,0.00100021178010651,0.003));
#3606=CARTESIAN_POINT('',(-0.0104540412781866,0.00104863368880898,0.003));
#3607=CARTESIAN_POINT('',(-0.0105345517957782,0.00110065155224031,0.003));
#3608=CARTESIAN_POINT('',(-0.0106171217393926,0.00115637544114561,0.003));
#3609=CARTESIAN_POINT('',(-0.0107016340708088,0.00121589005471608,0.003));
#3610=CARTESIAN_POINT('',(-0.0107879680621917,0.00127936214309989,0.003));
#3611=CARTESIAN_POINT('',(-0.0108588055597505,0.00133348896915298,0.003));
#3612=CARTESIAN_POINT('',(-0.0109008265936245,0.00136682214296247,0.003));
#3613=CARTESIAN_POINT('',(-0.0109134815074368,0.00137692461189233,0.003));
#3614=CARTESIAN_POINT('',(-0.00911906386115817,0.00058084573182509,0.003));
#3615=CARTESIAN_POINT('',(-0.00914411615910129,0.000185638642139236,0.003));
#3616=CARTESIAN_POINT('',(-0.00874819740926306,0.000177600925006314,0.003));
#3617=CARTESIAN_POINT('',(1.02348685082632E-16,-2.81892564846233E-18,0.003));
#3618=CARTESIAN_POINT('',(-0.00874819740926306,-0.000177600925006312,0.003));
#3619=CARTESIAN_POINT('',(-0.00914411615910127,-0.000185638642139233,0.003));
#3620=CARTESIAN_POINT('',(-0.00911906386115815,-0.000580845731825086,0.003));
#3621=CARTESIAN_POINT('',(-0.00873228955403749,-0.000556434312787993,0.003));
#3622=CARTESIAN_POINT('',(-0.00903908223528467,-0.000575762973620221,0.003));
#3623=CARTESIAN_POINT('',(-0.0093744740459814,-0.000596893446904362,0.003));
#3624=CARTESIAN_POINT('',(-0.00938474899388936,-0.00059819183965209,0.003));
#3625=CARTESIAN_POINT('',(-0.00939540531736357,-0.000599351656279837,0.003));
#3626=CARTESIAN_POINT('',(-0.00940797490338757,-0.000601070738220302,0.003));
#3627=CARTESIAN_POINT('',(-0.00942483938390287,-0.000603669837818474,0.003));
#3628=CARTESIAN_POINT('',(-0.00944515435567187,-0.000607238059828541,0.003));
#3629=CARTESIAN_POINT('',(-0.00946914447749949,-0.000611940598632941,0.003));
#3630=CARTESIAN_POINT('',(-0.00949669096099446,-0.000617917350117595,0.003));
#3631=CARTESIAN_POINT('',(-0.00952777493346484,-0.00062531457147664,0.003));
#3632=CARTESIAN_POINT('',(-0.00956234192696934,-0.000634275046574925,0.003));
#3633=CARTESIAN_POINT('',(-0.0096003424540629,-0.000644940875711812,0.003));
#3634=CARTESIAN_POINT('',(-0.00964172005470884,-0.000657452500797896,0.003));
#3635=CARTESIAN_POINT('',(-0.0096864148247097,-0.000671948841215501,0.003));
#3636=CARTESIAN_POINT('',(-0.00973436244231649,-0.000688567107817015,0.003));
#3637=CARTESIAN_POINT('',(-0.0097854945013296,-0.000707442711465506,0.003));
#3638=CARTESIAN_POINT('',(-0.00983973847413297,-0.000728709145975877,0.003));
#3639=CARTESIAN_POINT('',(-0.00989701778449344,-0.000752497879926472,0.003));
#3640=CARTESIAN_POINT('',(-0.00995725185308152,-0.000778938247519734,0.003));
#3641=CARTESIAN_POINT('',(-0.0100203561543998,-0.000808157341560749,0.003));
#3642=CARTESIAN_POINT('',(-0.010086242274074,-0.000840279906925898,0.003));
#3643=CARTESIAN_POINT('',(-0.0101548179695123,-0.000875428238302416,0.003));
#3644=CARTESIAN_POINT('',(-0.0102259872330808,-0.000913722068635052,0.003));
#3645=CARTESIAN_POINT('',(-0.0102996503577243,-0.000955278500838832,0.003));
#3646=CARTESIAN_POINT('',(-0.0103757040059563,-0.00100021178010651,0.003));
#3647=CARTESIAN_POINT('',(-0.0104540412781866,-0.00104863368880898,0.003));
#3648=CARTESIAN_POINT('',(-0.0105345517957782,-0.00110065155224031,0.003));
#3649=CARTESIAN_POINT('',(-0.0106171217393926,-0.00115637544114561,0.003));
#3650=CARTESIAN_POINT('',(-0.0107016340708088,-0.00121589005471608,0.003));
#3651=CARTESIAN_POINT('',(-0.0107879680621917,-0.00127936214309989,0.003));
#3652=CARTESIAN_POINT('',(-0.0108588055597505,-0.00133348896915298,0.003));
#3653=CARTESIAN_POINT('',(-0.0109008265936245,-0.00136682214296246,0.003));
#3654=CARTESIAN_POINT('',(-0.0109134815074368,-0.00137692461189233,0.003));
#3655=CARTESIAN_POINT('',(-0.00847684854144829,-0.00216922539293318,0.003));
#3656=CARTESIAN_POINT('',(-0.00877459860477575,-0.00224564689635266,0.003));
#3657=CARTESIAN_POINT('',(-0.00910010484719489,-0.00232919239132286,0.003));
#3658=CARTESIAN_POINT('',(-0.00911027812878178,-0.0023311326799593,0.003));
#3659=CARTESIAN_POINT('',(-0.00912077129771,-0.00233332261384885,0.003));
#3660=CARTESIAN_POINT('',(-0.00913325690993958,-0.00233557188546101,0.003));
#3661=CARTESIAN_POINT('',(-0.0091500991499735,-0.0023383114059322,0.003));
#3662=CARTESIAN_POINT('',(-0.00917052247749357,-0.0023411954966548,0.003));
#3663=CARTESIAN_POINT('',(-0.00919479160359172,-0.00234413647182361,0.003));
#3664=CARTESIAN_POINT('',(-0.00922283678400054,-0.00234696457491307,0.003));
#3665=CARTESIAN_POINT('',(-0.00925468526568193,-0.00234953487508309,0.003));
#3666=CARTESIAN_POINT('',(-0.00929032936918616,-0.00235169474528911,0.003));
#3667=CARTESIAN_POINT('',(-0.00932976594056354,-0.0023532937476539,0.003));
#3668=CARTESIAN_POINT('',(-0.00937298468206536,-0.0023541808668724,0.003));
#3669=CARTESIAN_POINT('',(-0.00941997154986429,-0.00235420547134575,0.003));
#3670=CARTESIAN_POINT('',(-0.00947070777082696,-0.00235321718928513,0.003));
#3671=CARTESIAN_POINT('',(-0.00952517013104944,-0.00235106609862866,0.003));
#3672=CARTESIAN_POINT('',(-0.0095833309045273,-0.00234760282694787,0.003));
#3673=CARTESIAN_POINT('',(-0.00964515788895991,-0.0023426786768372,0.003));
#3674=CARTESIAN_POINT('',(-0.00971061441531741,-0.00233614574377846,0.003));
#3675=CARTESIAN_POINT('',(-0.00977965936891129,-0.002327857035516,0.003));
#3676=CARTESIAN_POINT('',(-0.00985224721096166,-0.00231766659107813,0.003));
#3677=CARTESIAN_POINT('',(-0.00992832800468692,-0.00230542959677709,0.003));
#3678=CARTESIAN_POINT('',(-0.0100078474409162,-0.00229100251182516,0.003));
#3679=CARTESIAN_POINT('',(-0.0100907468793957,-0.00227424315355739,0.003));
#3680=CARTESIAN_POINT('',(-0.0101769633440414,-0.00225501093529926,0.003));
#3681=CARTESIAN_POINT('',(-0.0102664297099539,-0.00223316651190845,0.003));
#3682=CARTESIAN_POINT('',(-0.0103590741661511,-0.00220857370209006,0.003));
#3683=CARTESIAN_POINT('',(-0.0104548224777401,-0.00218109265023479,0.003));
#3684=CARTESIAN_POINT('',(-0.0105535895082477,-0.00215060663582566,0.003));
#3685=CARTESIAN_POINT('',(-0.0106553119673092,-0.00211691976309491,0.003));
#3686=CARTESIAN_POINT('',(-0.0107394085400625,-0.0020873320830554,0.003));
#3687=CARTESIAN_POINT('',(-0.0107896734353335,-0.00206861556448338,0.003));
#3688=CARTESIAN_POINT('',(-0.0108048308081623,-0.00206291812900731,0.003));
#3689=CARTESIAN_POINT('',(-0.00885223630991023,-0.00226552858767382,0.003));
#3690=CARTESIAN_POINT('',(-0.00875393675410681,-0.00264913445141817,0.003));
#3691=CARTESIAN_POINT('',(-0.00837491185595968,-0.00253443315258187,0.003));
#3692=CARTESIAN_POINT('',(9.82104798133317E-17,2.89465254355412E-17,0.003));
#3693=CARTESIAN_POINT('',(-0.00826514844787235,-0.00287225018663647,0.003));
#3694=CARTESIAN_POINT('',(-0.00863920576363937,-0.00300224013198356,0.003));
#3695=CARTESIAN_POINT('',(-0.008493253905422,-0.00337036282410277,0.003));
#3696=CARTESIAN_POINT('',(-0.00813295322363862,-0.00322762635106765,0.003));
#3697=CARTESIAN_POINT('',(-0.00841875751761474,-0.00334081315215863,0.003));
#3698=CARTESIAN_POINT('',(-0.00873120440934591,-0.0034645511957474,0.003));
#3699=CARTESIAN_POINT('',(-0.00874057524008396,-0.00346896117415071,0.003));
#3700=CARTESIAN_POINT('',(-0.00875035160291551,-0.00347335721036332,0.003));
#3701=CARTESIAN_POINT('',(-0.00876177476407645,-0.00347887637013852,0.003));
#3702=CARTESIAN_POINT('',(-0.00877701067221855,-0.0034865596718284,0.003));
#3703=CARTESIAN_POINT('',(-0.00879522871725699,-0.00349623092413953,0.003));
#3704=CARTESIAN_POINT('',(-0.0088165915145406,-0.00350811665965444,0.003));
#3705=CARTESIAN_POINT('',(-0.0088409428593896,-0.00352231321963541,0.003));
#3706=CARTESIAN_POINT('',(-0.00886821960684879,-0.00353895387095744,0.003));
#3707=CARTESIAN_POINT('',(-0.00889832583218693,-0.0035581575776261,0.003));
#3708=CARTESIAN_POINT('',(-0.00893117055863952,-0.00358004419259555,0.003));
#3709=CARTESIAN_POINT('',(-0.00896665669058364,-0.00360472983694916,0.003));
#3710=CARTESIAN_POINT('',(-0.009004684327292,-0.00363232811945571,0.003));
#3711=CARTESIAN_POINT('',(-0.00904514989466084,-0.00366294965887689,0.003));
#3712=CARTESIAN_POINT('',(-0.00908794649027037,-0.00369670209991823,0.003));
#3713=CARTESIAN_POINT('',(-0.0091329638844013,-0.00373368999047634,0.003));
#3714=CARTESIAN_POINT('',(-0.00918008862270311,-0.00377401470124192,0.003));
#3715=CARTESIAN_POINT('',(-0.00922920410321293,-0.0038177743359688,0.003));
#3716=CARTESIAN_POINT('',(-0.00928019066356899,-0.00386506364728224,0.003));
#3717=CARTESIAN_POINT('',(-0.00933292566841785,-0.00391597395306565,0.003));
#3718=CARTESIAN_POINT('',(-0.00938728359870459,-0.00397059305794969,0.003));
#3719=CARTESIAN_POINT('',(-0.00944313614622888,-0.00402900516674127,0.003));
#3720=CARTESIAN_POINT('',(-0.00950035229715522,-0.00409129083975627,0.003));
#3721=CARTESIAN_POINT('',(-0.00955879846798759,-0.00415752679759021,0.003));
#3722=CARTESIAN_POINT('',(-0.0096183384485218,-0.00422778631780526,0.003));
#3723=CARTESIAN_POINT('',(-0.00967883409709626,-0.00430213736394711,0.003));
#3724=CARTESIAN_POINT('',(-0.00974014315135643,-0.00438064944740523,0.003));
#3725=CARTESIAN_POINT('',(-0.00980212812785016,-0.00446336695509806,0.003));
#3726=CARTESIAN_POINT('',(-0.00986462267895357,-0.00455041116888788,0.003));
#3727=CARTESIAN_POINT('',(-0.00991526703350293,-0.00462377883009671,0.003));
#3728=CARTESIAN_POINT('',(-0.00994493089440669,-0.00466846577584529,0.003));
#3729=CARTESIAN_POINT('',(-0.00995384459806657,-0.00468198437818207,0.003));
#3730=CARTESIAN_POINT('',(-0.00739163453194544,-0.00468254620331202,0.003));
#3731=CARTESIAN_POINT('',(-0.00765119612660801,-0.0048472372017686,0.003));
#3732=CARTESIAN_POINT('',(-0.00793495398180623,-0.00502728064984975,0.003));
#3733=CARTESIAN_POINT('',(-0.00794402976538889,-0.00503226969089984,0.003));
#3734=CARTESIAN_POINT('',(-0.00795333263528623,-0.00503759500931943,0.003));
#3735=CARTESIAN_POINT('',(-0.00796451209500399,-0.0050435924601072,0.003));
#3736=CARTESIAN_POINT('',(-0.00797968345875522,-0.00505140243729667,0.003));
#3737=CARTESIAN_POINT('',(-0.00799821596443101,-0.00506045652585738,0.003));
#3738=CARTESIAN_POINT('',(-0.00802038846364424,-0.00507075313185889,0.003));
#3739=CARTESIAN_POINT('',(-0.00804618708330624,-0.00508210925508751,0.003));
#3740=CARTESIAN_POINT('',(-0.00807568252291025,-0.00509439547789764,0.003));
#3741=CARTESIAN_POINT('',(-0.00810891464321614,-0.00510746427026349,0.003));
#3742=CARTESIAN_POINT('',(-0.00814592693250018,-0.00512117158263759,0.003));
#3743=CARTESIAN_POINT('',(-0.00818675626331701,-0.00513537060875062,0.003));
#3744=CARTESIAN_POINT('',(-0.00823143582691707,-0.00514991374965765,0.003));
#3745=CARTESIAN_POINT('',(-0.00827999423642778,-0.0051646521920718,0.003));
#3746=CARTESIAN_POINT('',(-0.00833245574257947,-0.00517943617814834,0.003));
#3747=CARTESIAN_POINT('',(-0.00838884013499386,-0.00519411507845926,0.003));
#3748=CARTESIAN_POINT('',(-0.00844916273748842,-0.00520853752230993,0.003));
#3749=CARTESIAN_POINT('',(-0.00851343438075303,-0.00522255151279111,0.003));
#3750=CARTESIAN_POINT('',(-0.0085816613855003,-0.00523600454682277,0.003));
#3751=CARTESIAN_POINT('',(-0.00865384554619764,-0.00524874373501476,0.003));
#3752=CARTESIAN_POINT('',(-0.00872998412003406,-0.00526061592005153,0.003));
#3753=CARTESIAN_POINT('',(-0.00881006981246147,-0.00527146780407482,0.003));
#3754=CARTESIAN_POINT('',(-0.00889409079014413,-0.00528114604249962,0.003));
#3755=CARTESIAN_POINT('',(-0.00898203060293872,-0.00528949746877289,0.003));
#3756=CARTESIAN_POINT('',(-0.00907386847128911,-0.00529636881505427,0.003));
#3757=CARTESIAN_POINT('',(-0.00916957818122737,-0.00530160837442204,0.003));
#3758=CARTESIAN_POINT('',(-0.0092691323489349,-0.00530506019644414,0.003));
#3759=CARTESIAN_POINT('',(-0.00937248607343745,-0.00530658696469527,0.003));
#3760=CARTESIAN_POINT('',(-0.00947963969714264,-0.00530598281343071,0.003));
#3761=CARTESIAN_POINT('',(-0.00956876338661411,-0.00530383052767655,0.003));
#3762=CARTESIAN_POINT('',(-0.00962235186511671,-0.00530156276758545,0.003));
#3763=CARTESIAN_POINT('',(-0.00963852798770195,-0.00530082807024395,0.003));
#3764=CARTESIAN_POINT('',(-0.0077188901914912,-0.00489013718414538,0.003));
#3765=CARTESIAN_POINT('',(-0.00750686102735656,-0.0052245918072657,0.003));
#3766=CARTESIAN_POINT('',(-0.00718183157875292,-0.00499837925476123,0.003));
#3767=CARTESIAN_POINT('',(8.44587485072538E-17,5.78784889276121E-17,0.003));
#3768=CARTESIAN_POINT('',(-0.00697304916972849,-0.00528574358785486,0.003));
#3769=CARTESIAN_POINT('',(-0.00728862971514646,-0.00552496143987235,0.003));
#3770=CARTESIAN_POINT('',(-0.00703606508144355,-0.00582996532045866,0.003));
#3771=CARTESIAN_POINT('',(-0.00673750676609288,-0.00558287583390968,0.003));
#3772=CARTESIAN_POINT('',(-0.00697434615718796,-0.00577884126254982,0.003));
#3773=CARTESIAN_POINT('',(-0.00723326365124542,-0.00599307453460309,0.003));
#3774=CARTESIAN_POINT('',(-0.00724081308261048,-0.00600016441924975,0.003));
#3775=CARTESIAN_POINT('',(-0.00724875250628952,-0.00600736636039375,0.003));
#3776=CARTESIAN_POINT('',(-0.0072579110639831,-0.00601614534419064,0.003));
#3777=CARTESIAN_POINT('',(-0.00727002700290824,-0.0060281607528701,0.003));
#3778=CARTESIAN_POINT('',(-0.00728436481203519,-0.0060429883459225,0.003));
#3779=CARTESIAN_POINT('',(-0.0073010091453333,-0.00606089381954295,0.003));
#3780=CARTESIAN_POINT('',(-0.00731978167223671,-0.00608192052981605,0.003));
#3781=CARTESIAN_POINT('',(-0.00734058115659513,-0.00610617570820742,0.003));
#3782=CARTESIAN_POINT('',(-0.00736327960666841,-0.00613374285383764,0.003));
#3783=CARTESIAN_POINT('',(-0.00738775346181218,-0.00616470784027342,0.003));
#3784=CARTESIAN_POINT('',(-0.00741387449521339,-0.00619915110103024,0.003));
#3785=CARTESIAN_POINT('',(-0.00744151258859409,-0.00623714981344544,0.003));
#3786=CARTESIAN_POINT('',(-0.00747053505405074,-0.00627877717605494,0.003));
#3787=CARTESIAN_POINT('',(-0.00750080695729702,-0.00632410253039291,0.003));
#3788=CARTESIAN_POINT('',(-0.00753219115656333,-0.00637319124456114,0.003));
#3789=CARTESIAN_POINT('',(-0.00756454842508415,-0.00642610466849321,0.003));
#3790=CARTESIAN_POINT('',(-0.00759773755207574,-0.00648290007241532,0.003));
#3791=CARTESIAN_POINT('',(-0.0076316154516977,-0.00654363059372582,0.003));
#3792=CARTESIAN_POINT('',(-0.00766603727202017,-0.00660834518448446,0.003));
#3793=CARTESIAN_POINT('',(-0.00770085650420498,-0.00667708856433628,0.003));
#3794=CARTESIAN_POINT('',(-0.00773592509918576,-0.0067499011673972,0.003));
#3795=CARTESIAN_POINT('',(-0.00777109356089387,-0.0068268191255789,0.003));
#3796=CARTESIAN_POINT('',(-0.0078062111359071,-0.00690787412493326,0.003));
#3797=CARTESIAN_POINT('',(-0.00784112563661117,-0.00699309376529538,0.003));
#3798=CARTESIAN_POINT('',(-0.00787568468058802,-0.0070824999957172,0.003));
#3799=CARTESIAN_POINT('',(-0.00790973148809771,-0.0071761149639734,0.003));
#3800=CARTESIAN_POINT('',(-0.00794312158829505,-0.00727393839980886,0.003));
#3801=CARTESIAN_POINT('',(-0.00797565929703182,-0.00737603424488624,0.003));
#3802=CARTESIAN_POINT('',(-0.00800115308628848,-0.00746146100338913,0.003));
#3803=CARTESIAN_POINT('',(-0.00801555606883645,-0.00751312745147469,0.003));
#3804=CARTESIAN_POINT('',(-0.00801985602692425,-0.00752873889223201,0.003));
#3805=CARTESIAN_POINT('',(-0.00558287583390968,-0.00673750676609288,0.003));
#3806=CARTESIAN_POINT('',(-0.00577884126254983,-0.00697434615718796,0.003));
#3807=CARTESIAN_POINT('',(-0.00599307453460309,-0.00723326365124542,0.003));
#3808=CARTESIAN_POINT('',(-0.00600016441924975,-0.00724081308261048,0.003));
#3809=CARTESIAN_POINT('',(-0.00600736636039375,-0.00724875250628951,0.003));
#3810=CARTESIAN_POINT('',(-0.00601614534419064,-0.0072579110639831,0.003));
#3811=CARTESIAN_POINT('',(-0.0060281607528701,-0.00727002700290824,0.003));
#3812=CARTESIAN_POINT('',(-0.0060429883459225,-0.00728436481203519,0.003));
#3813=CARTESIAN_POINT('',(-0.00606089381954295,-0.0073010091453333,0.003));
#3814=CARTESIAN_POINT('',(-0.00608192052981605,-0.00731978167223671,0.003));
#3815=CARTESIAN_POINT('',(-0.00610617570820742,-0.00734058115659513,0.003));
#3816=CARTESIAN_POINT('',(-0.00613374285383764,-0.00736327960666841,0.003));
#3817=CARTESIAN_POINT('',(-0.00616470784027342,-0.00738775346181218,0.003));
#3818=CARTESIAN_POINT('',(-0.00619915110103024,-0.00741387449521339,0.003));
#3819=CARTESIAN_POINT('',(-0.00623714981344544,-0.00744151258859409,0.003));
#3820=CARTESIAN_POINT('',(-0.00627877717605494,-0.00747053505405073,0.003));
#3821=CARTESIAN_POINT('',(-0.00632410253039292,-0.00750080695729702,0.003));
#3822=CARTESIAN_POINT('',(-0.00637319124456115,-0.00753219115656333,0.003));
#3823=CARTESIAN_POINT('',(-0.00642610466849321,-0.00756454842508415,0.003));
#3824=CARTESIAN_POINT('',(-0.00648290007241532,-0.00759773755207574,0.003));
#3825=CARTESIAN_POINT('',(-0.00654363059372583,-0.0076316154516977,0.003));
#3826=CARTESIAN_POINT('',(-0.00660834518448446,-0.00766603727202017,0.003));
#3827=CARTESIAN_POINT('',(-0.00667708856433628,-0.00770085650420497,0.003));
#3828=CARTESIAN_POINT('',(-0.0067499011673972,-0.00773592509918576,0.003));
#3829=CARTESIAN_POINT('',(-0.0068268191255789,-0.00777109356089387,0.003));
#3830=CARTESIAN_POINT('',(-0.00690787412493326,-0.0078062111359071,0.003));
#3831=CARTESIAN_POINT('',(-0.00699309376529538,-0.00784112563661117,0.003));
#3832=CARTESIAN_POINT('',(-0.0070824999957172,-0.00787568468058802,0.003));
#3833=CARTESIAN_POINT('',(-0.0071761149639734,-0.00790973148809771,0.003));
#3834=CARTESIAN_POINT('',(-0.00727393839980886,-0.00794312158829505,0.003));
#3835=CARTESIAN_POINT('',(-0.00737603424488624,-0.00797565929703182,0.003));
#3836=CARTESIAN_POINT('',(-0.00746146100338914,-0.00800115308628848,0.003));
#3837=CARTESIAN_POINT('',(-0.00751312745147469,-0.00801555606883645,0.003));
#3838=CARTESIAN_POINT('',(-0.00752873889223201,-0.00801985602692424,0.003));
#3839=CARTESIAN_POINT('',(-0.00582996532045868,-0.00703606508144357,0.003));
#3840=CARTESIAN_POINT('',(-0.00552496143987237,-0.00728862971514647,0.003));
#3841=CARTESIAN_POINT('',(-0.00528574358785487,-0.00697304916972849,0.003));
#3842=CARTESIAN_POINT('',(6.2439606438583E-17,8.11449026603035E-17,0.003));
#3843=CARTESIAN_POINT('',(-0.00499837925476123,-0.00718183157875291,0.003));
#3844=CARTESIAN_POINT('',(-0.00522459180726569,-0.00750686102735654,0.003));
#3845=CARTESIAN_POINT('',(-0.00489013718414537,-0.00771889019149118,0.003));
#3846=CARTESIAN_POINT('',(-0.00468254620331202,-0.00739163453194544,0.003));
#3847=CARTESIAN_POINT('',(-0.0048472372017686,-0.00765119612660801,0.003));
#3848=CARTESIAN_POINT('',(-0.00502728064984975,-0.00793495398180623,0.003));
#3849=CARTESIAN_POINT('',(-0.00503226969089984,-0.00794402976538889,0.003));
#3850=CARTESIAN_POINT('',(-0.00503759500931943,-0.00795333263528623,0.003));
#3851=CARTESIAN_POINT('',(-0.0050435924601072,-0.00796451209500399,0.003));
#3852=CARTESIAN_POINT('',(-0.00505140243729667,-0.00797968345875522,0.003));
#3853=CARTESIAN_POINT('',(-0.00506045652585738,-0.00799821596443101,0.003));
#3854=CARTESIAN_POINT('',(-0.00507075313185889,-0.00802038846364424,0.003));
#3855=CARTESIAN_POINT('',(-0.00508210925508751,-0.00804618708330624,0.003));
#3856=CARTESIAN_POINT('',(-0.00509439547789764,-0.00807568252291024,0.003));
#3857=CARTESIAN_POINT('',(-0.00510746427026349,-0.00810891464321614,0.003));
#3858=CARTESIAN_POINT('',(-0.00512117158263759,-0.00814592693250017,0.003));
#3859=CARTESIAN_POINT('',(-0.00513537060875063,-0.00818675626331701,0.003));
#3860=CARTESIAN_POINT('',(-0.00514991374965765,-0.00823143582691707,0.003));
#3861=CARTESIAN_POINT('',(-0.0051646521920718,-0.00827999423642778,0.003));
#3862=CARTESIAN_POINT('',(-0.00517943617814834,-0.00833245574257947,0.003));
#3863=CARTESIAN_POINT('',(-0.00519411507845927,-0.00838884013499385,0.003));
#3864=CARTESIAN_POINT('',(-0.00520853752230994,-0.00844916273748842,0.003));
#3865=CARTESIAN_POINT('',(-0.00522255151279111,-0.00851343438075303,0.003));
#3866=CARTESIAN_POINT('',(-0.00523600454682277,-0.0085816613855003,0.003));
#3867=CARTESIAN_POINT('',(-0.00524874373501476,-0.00865384554619764,0.003));
#3868=CARTESIAN_POINT('',(-0.00526061592005153,-0.00872998412003406,0.003));
#3869=CARTESIAN_POINT('',(-0.00527146780407482,-0.00881006981246147,0.003));
#3870=CARTESIAN_POINT('',(-0.00528114604249962,-0.00889409079014412,0.003));
#3871=CARTESIAN_POINT('',(-0.00528949746877289,-0.00898203060293872,0.003));
#3872=CARTESIAN_POINT('',(-0.00529636881505427,-0.00907386847128911,0.003));
#3873=CARTESIAN_POINT('',(-0.00530160837442205,-0.00916957818122737,0.003));
#3874=CARTESIAN_POINT('',(-0.00530506019644415,-0.00926913234893489,0.003));
#3875=CARTESIAN_POINT('',(-0.00530658696469527,-0.00937248607343745,0.003));
#3876=CARTESIAN_POINT('',(-0.00530598281343071,-0.00947963969714264,0.003));
#3877=CARTESIAN_POINT('',(-0.00530383052767655,-0.00956876338661411,0.003));
#3878=CARTESIAN_POINT('',(-0.00530156276758545,-0.00962235186511671,0.003));
#3879=CARTESIAN_POINT('',(-0.00530082807024396,-0.00963852798770195,0.003));
#3880=CARTESIAN_POINT('',(-0.00322762635106765,-0.00813295322363862,0.003));
#3881=CARTESIAN_POINT('',(-0.00334081315215863,-0.00841875751761474,0.003));
#3882=CARTESIAN_POINT('',(-0.0034645511957474,-0.00873120440934591,0.003));
#3883=CARTESIAN_POINT('',(-0.00346896117415071,-0.00874057524008396,0.003));
#3884=CARTESIAN_POINT('',(-0.00347335721036332,-0.00875035160291551,0.003));
#3885=CARTESIAN_POINT('',(-0.00347887637013852,-0.00876177476407644,0.003));
#3886=CARTESIAN_POINT('',(-0.0034865596718284,-0.00877701067221854,0.003));
#3887=CARTESIAN_POINT('',(-0.00349623092413953,-0.00879522871725699,0.003));
#3888=CARTESIAN_POINT('',(-0.00350811665965445,-0.0088165915145406,0.003));
#3889=CARTESIAN_POINT('',(-0.00352231321963541,-0.0088409428593896,0.003));
#3890=CARTESIAN_POINT('',(-0.00353895387095744,-0.00886821960684879,0.003));
#3891=CARTESIAN_POINT('',(-0.00355815757762611,-0.00889832583218693,0.003));
#3892=CARTESIAN_POINT('',(-0.00358004419259555,-0.00893117055863952,0.003));
#3893=CARTESIAN_POINT('',(-0.00360472983694917,-0.00896665669058364,0.003));
#3894=CARTESIAN_POINT('',(-0.00363232811945571,-0.009004684327292,0.003));
#3895=CARTESIAN_POINT('',(-0.00366294965887689,-0.00904514989466083,0.003));
#3896=CARTESIAN_POINT('',(-0.00369670209991823,-0.00908794649027037,0.003));
#3897=CARTESIAN_POINT('',(-0.00373368999047634,-0.0091329638844013,0.003));
#3898=CARTESIAN_POINT('',(-0.00377401470124192,-0.00918008862270311,0.003));
#3899=CARTESIAN_POINT('',(-0.0038177743359688,-0.00922920410321293,0.003));
#3900=CARTESIAN_POINT('',(-0.00386506364728224,-0.00928019066356899,0.003));
#3901=CARTESIAN_POINT('',(-0.00391597395306566,-0.00933292566841785,0.003));
#3902=CARTESIAN_POINT('',(-0.00397059305794969,-0.00938728359870459,0.003));
#3903=CARTESIAN_POINT('',(-0.00402900516674127,-0.00944313614622888,0.003));
#3904=CARTESIAN_POINT('',(-0.00409129083975627,-0.00950035229715522,0.003));
#3905=CARTESIAN_POINT('',(-0.00415752679759021,-0.00955879846798758,0.003));
#3906=CARTESIAN_POINT('',(-0.00422778631780526,-0.0096183384485218,0.003));
#3907=CARTESIAN_POINT('',(-0.00430213736394711,-0.00967883409709626,0.003));
#3908=CARTESIAN_POINT('',(-0.00438064944740523,-0.00974014315135643,0.003));
#3909=CARTESIAN_POINT('',(-0.00446336695509806,-0.00980212812785016,0.003));
#3910=CARTESIAN_POINT('',(-0.00455041116888788,-0.00986462267895357,0.003));
#3911=CARTESIAN_POINT('',(-0.00462377883009671,-0.00991526703350293,0.003));
#3912=CARTESIAN_POINT('',(-0.0046684657758453,-0.00994493089440668,0.003));
#3913=CARTESIAN_POINT('',(-0.00468198437818207,-0.00995384459806657,0.003));
#3914=CARTESIAN_POINT('',(-0.00337036282410278,-0.00849325390542201,0.003));
#3915=CARTESIAN_POINT('',(-0.00300224013198358,-0.00863920576363938,0.003));
#3916=CARTESIAN_POINT('',(-0.00287225018663647,-0.00826514844787235,0.003));
#3917=CARTESIAN_POINT('',(3.43084406493845E-17,9.64682879508231E-17,0.003));
#3918=CARTESIAN_POINT('',(-0.00253443315258187,-0.00837491185595968,0.003));
#3919=CARTESIAN_POINT('',(-0.00264913445141817,-0.00875393675410679,0.003));
#3920=CARTESIAN_POINT('',(-0.00226552858767382,-0.00885223630991021,0.003));
#3921=CARTESIAN_POINT('',(-0.00216922539293318,-0.00847684854144829,0.003));
#3922=CARTESIAN_POINT('',(-0.00224564689635266,-0.00877459860477575,0.003));
#3923=CARTESIAN_POINT('',(-0.00232919239132286,-0.00910010484719489,0.003));
#3924=CARTESIAN_POINT('',(-0.0023311326799593,-0.00911027812878178,0.003));
#3925=CARTESIAN_POINT('',(-0.00233332261384885,-0.00912077129771,0.003));
#3926=CARTESIAN_POINT('',(-0.00233557188546101,-0.00913325690993958,0.003));
#3927=CARTESIAN_POINT('',(-0.0023383114059322,-0.0091500991499735,0.003));
#3928=CARTESIAN_POINT('',(-0.00234119549665481,-0.00917052247749357,0.003));
#3929=CARTESIAN_POINT('',(-0.00234413647182361,-0.00919479160359172,0.003));
#3930=CARTESIAN_POINT('',(-0.00234696457491307,-0.00922283678400054,0.003));
#3931=CARTESIAN_POINT('',(-0.0023495348750831,-0.00925468526568193,0.003));
#3932=CARTESIAN_POINT('',(-0.00235169474528912,-0.00929032936918616,0.003));
#3933=CARTESIAN_POINT('',(-0.0023532937476539,-0.00932976594056354,0.003));
#3934=CARTESIAN_POINT('',(-0.0023541808668724,-0.00937298468206536,0.003));
#3935=CARTESIAN_POINT('',(-0.00235420547134575,-0.00941997154986429,0.003));
#3936=CARTESIAN_POINT('',(-0.00235321718928514,-0.00947070777082696,0.003));
#3937=CARTESIAN_POINT('',(-0.00235106609862866,-0.00952517013104944,0.003));
#3938=CARTESIAN_POINT('',(-0.00234760282694787,-0.0095833309045273,0.003));
#3939=CARTESIAN_POINT('',(-0.0023426786768372,-0.00964515788895991,0.003));
#3940=CARTESIAN_POINT('',(-0.00233614574377846,-0.00971061441531741,0.003));
#3941=CARTESIAN_POINT('',(-0.002327857035516,-0.00977965936891129,0.003));
#3942=CARTESIAN_POINT('',(-0.00231766659107813,-0.00985224721096165,0.003));
#3943=CARTESIAN_POINT('',(-0.00230542959677709,-0.00992832800468692,0.003));
#3944=CARTESIAN_POINT('',(-0.00229100251182516,-0.0100078474409162,0.003));
#3945=CARTESIAN_POINT('',(-0.00227424315355739,-0.0100907468793957,0.003));
#3946=CARTESIAN_POINT('',(-0.00225501093529927,-0.0101769633440414,0.003));
#3947=CARTESIAN_POINT('',(-0.00223316651190845,-0.0102664297099539,0.003));
#3948=CARTESIAN_POINT('',(-0.00220857370209007,-0.0103590741661511,0.003));
#3949=CARTESIAN_POINT('',(-0.00218109265023479,-0.0104548224777401,0.003));
#3950=CARTESIAN_POINT('',(-0.00215060663582566,-0.0105535895082477,0.003));
#3951=CARTESIAN_POINT('',(-0.00211691976309491,-0.0106553119673092,0.003));
#3952=CARTESIAN_POINT('',(-0.00208733208305541,-0.0107394085400625,0.003));
#3953=CARTESIAN_POINT('',(-0.00206861556448338,-0.0107896734353335,0.003));
#3954=CARTESIAN_POINT('',(-0.00206291812900731,-0.0108048308081623,0.003));
#3955=CARTESIAN_POINT('',(-0.000556434312787995,-0.00873228955403749,0.003));
#3956=CARTESIAN_POINT('',(-0.000575762973620223,-0.00903908223528467,0.003));
#3957=CARTESIAN_POINT('',(-0.000596893446904365,-0.0093744740459814,0.003));
#3958=CARTESIAN_POINT('',(-0.000598191839652093,-0.00938474899388936,0.003));
#3959=CARTESIAN_POINT('',(-0.00059935165627984,-0.00939540531736357,0.003));
#3960=CARTESIAN_POINT('',(-0.000601070738220305,-0.00940797490338757,0.003));
#3961=CARTESIAN_POINT('',(-0.000603669837818477,-0.00942483938390287,0.003));
#3962=CARTESIAN_POINT('',(-0.000607238059828544,-0.00944515435567187,0.003));
#3963=CARTESIAN_POINT('',(-0.000611940598632944,-0.00946914447749949,0.003));
#3964=CARTESIAN_POINT('',(-0.000617917350117598,-0.00949669096099446,0.003));
#3965=CARTESIAN_POINT('',(-0.000625314571476643,-0.00952777493346484,0.003));
#3966=CARTESIAN_POINT('',(-0.000634275046574928,-0.00956234192696934,0.003));
#3967=CARTESIAN_POINT('',(-0.000644940875711815,-0.0096003424540629,0.003));
#3968=CARTESIAN_POINT('',(-0.000657452500797899,-0.00964172005470884,0.003));
#3969=CARTESIAN_POINT('',(-0.000671948841215503,-0.0096864148247097,0.003));
#3970=CARTESIAN_POINT('',(-0.000688567107817018,-0.00973436244231649,0.003));
#3971=CARTESIAN_POINT('',(-0.000707442711465509,-0.0097854945013296,0.003));
#3972=CARTESIAN_POINT('',(-0.00072870914597588,-0.00983973847413297,0.003));
#3973=CARTESIAN_POINT('',(-0.000752497879926475,-0.00989701778449344,0.003));
#3974=CARTESIAN_POINT('',(-0.000778938247519737,-0.00995725185308152,0.003));
#3975=CARTESIAN_POINT('',(-0.000808157341560752,-0.0100203561543998,0.003));
#3976=CARTESIAN_POINT('',(-0.000840279906925901,-0.010086242274074,0.003));
#3977=CARTESIAN_POINT('',(-0.000875428238302419,-0.0101548179695123,0.003));
#3978=CARTESIAN_POINT('',(-0.000913722068635055,-0.0102259872330808,0.003));
#3979=CARTESIAN_POINT('',(-0.000955278500838835,-0.0102996503577243,0.003));
#3980=CARTESIAN_POINT('',(-0.00100021178010651,-0.0103757040059563,0.003));
#3981=CARTESIAN_POINT('',(-0.00104863368880898,-0.0104540412781866,0.003));
#3982=CARTESIAN_POINT('',(-0.00110065155224031,-0.0105345517957782,0.003));
#3983=CARTESIAN_POINT('',(-0.00115637544114561,-0.0106171217393926,0.003));
#3984=CARTESIAN_POINT('',(-0.00121589005471608,-0.0107016340708088,0.003));
#3985=CARTESIAN_POINT('',(-0.00127936214309989,-0.0107879680621917,0.003));
#3986=CARTESIAN_POINT('',(-0.00133348896915298,-0.0108588055597505,0.003));
#3987=CARTESIAN_POINT('',(-0.00136682214296247,-0.0109008265936245,0.003));
#3988=CARTESIAN_POINT('',(-0.00137692461189233,-0.0109134815074368,0.003));
#3989=CARTESIAN_POINT('',(-0.00058084573182509,-0.00911906386115817,0.003));
#3990=CARTESIAN_POINT('',(-0.000185638642139236,-0.00914411615910129,0.003));
#3991=CARTESIAN_POINT('',(-0.000177600925006314,-0.00874819740926306,0.003));
#3992=CARTESIAN_POINT('',(2.81892564846233E-18,1.02348685082632E-16,0.003));
#3993=CARTESIAN_POINT('',(0.000177600925006311,-0.00874819740926306,0.003));
#3994=CARTESIAN_POINT('',(0.000185638642139233,-0.00914411615910127,0.003));
#3995=CARTESIAN_POINT('',(0.000580845731825086,-0.00911906386115815,0.003));
#3996=CARTESIAN_POINT('',(0.000556434312787992,-0.00873228955403749,0.003));
#3997=CARTESIAN_POINT('',(0.00057576297362022,-0.00903908223528467,0.003));
#3998=CARTESIAN_POINT('',(0.000596893446904362,-0.0093744740459814,0.003));
#3999=CARTESIAN_POINT('',(0.00059819183965209,-0.00938474899388936,0.003));
#4000=CARTESIAN_POINT('',(0.000599351656279837,-0.00939540531736357,0.003));
#4001=CARTESIAN_POINT('',(0.000601070738220301,-0.00940797490338757,0.003));
#4002=CARTESIAN_POINT('',(0.000603669837818473,-0.00942483938390287,0.003));
#4003=CARTESIAN_POINT('',(0.000607238059828541,-0.00944515435567187,0.003));
#4004=CARTESIAN_POINT('',(0.000611940598632941,-0.00946914447749949,0.003));
#4005=CARTESIAN_POINT('',(0.000617917350117595,-0.00949669096099446,0.003));
#4006=CARTESIAN_POINT('',(0.00062531457147664,-0.00952777493346484,0.003));
#4007=CARTESIAN_POINT('',(0.000634275046574924,-0.00956234192696934,0.003));
#4008=CARTESIAN_POINT('',(0.000644940875711811,-0.0096003424540629,0.003));
#4009=CARTESIAN_POINT('',(0.000657452500797895,-0.00964172005470884,0.003));
#4010=CARTESIAN_POINT('',(0.0006719488412155,-0.0096864148247097,0.003));
#4011=CARTESIAN_POINT('',(0.000688567107817014,-0.00973436244231649,0.003));
#4012=CARTESIAN_POINT('',(0.000707442711465506,-0.0097854945013296,0.003));
#4013=CARTESIAN_POINT('',(0.000728709145975876,-0.00983973847413297,0.003));
#4014=CARTESIAN_POINT('',(0.000752497879926472,-0.00989701778449344,0.003));
#4015=CARTESIAN_POINT('',(0.000778938247519734,-0.00995725185308152,0.003));
#4016=CARTESIAN_POINT('',(0.000808157341560748,-0.0100203561543998,0.003));
#4017=CARTESIAN_POINT('',(0.000840279906925898,-0.010086242274074,0.003));
#4018=CARTESIAN_POINT('',(0.000875428238302415,-0.0101548179695123,0.003));
#4019=CARTESIAN_POINT('',(0.000913722068635051,-0.0102259872330808,0.003));
#4020=CARTESIAN_POINT('',(0.000955278500838831,-0.0102996503577243,0.003));
#4021=CARTESIAN_POINT('',(0.00100021178010651,-0.0103757040059563,0.003));
#4022=CARTESIAN_POINT('',(0.00104863368880898,-0.0104540412781866,0.003));
#4023=CARTESIAN_POINT('',(0.00110065155224031,-0.0105345517957782,0.003));
#4024=CARTESIAN_POINT('',(0.00115637544114561,-0.0106171217393926,0.003));
#4025=CARTESIAN_POINT('',(0.00121589005471608,-0.0107016340708088,0.003));
#4026=CARTESIAN_POINT('',(0.00127936214309989,-0.0107879680621917,0.003));
#4027=CARTESIAN_POINT('',(0.00133348896915298,-0.0108588055597505,0.003));
#4028=CARTESIAN_POINT('',(0.00136682214296246,-0.0109008265936245,0.003));
#4029=CARTESIAN_POINT('',(0.00137692461189233,-0.0109134815074368,0.003));
#4030=CARTESIAN_POINT('',(0.00216922539293318,-0.00847684854144829,0.003));
#4031=CARTESIAN_POINT('',(0.00224564689635266,-0.00877459860477575,0.003));
#4032=CARTESIAN_POINT('',(0.00232919239132285,-0.00910010484719489,0.003));
#4033=CARTESIAN_POINT('',(0.0023311326799593,-0.00911027812878178,0.003));
#4034=CARTESIAN_POINT('',(0.00233332261384885,-0.00912077129771,0.003));
#4035=CARTESIAN_POINT('',(0.00233557188546101,-0.00913325690993958,0.003));
#4036=CARTESIAN_POINT('',(0.0023383114059322,-0.0091500991499735,0.003));
#4037=CARTESIAN_POINT('',(0.0023411954966548,-0.00917052247749357,0.003));
#4038=CARTESIAN_POINT('',(0.00234413647182361,-0.00919479160359172,0.003));
#4039=CARTESIAN_POINT('',(0.00234696457491307,-0.00922283678400054,0.003));
#4040=CARTESIAN_POINT('',(0.00234953487508309,-0.00925468526568193,0.003));
#4041=CARTESIAN_POINT('',(0.00235169474528911,-0.00929032936918616,0.003));
#4042=CARTESIAN_POINT('',(0.0023532937476539,-0.00932976594056354,0.003));
#4043=CARTESIAN_POINT('',(0.00235418086687239,-0.00937298468206536,0.003));
#4044=CARTESIAN_POINT('',(0.00235420547134575,-0.00941997154986429,0.003));
#4045=CARTESIAN_POINT('',(0.00235321718928513,-0.00947070777082696,0.003));
#4046=CARTESIAN_POINT('',(0.00235106609862866,-0.00952517013104944,0.003));
#4047=CARTESIAN_POINT('',(0.00234760282694787,-0.0095833309045273,0.003));
#4048=CARTESIAN_POINT('',(0.0023426786768372,-0.00964515788895991,0.003));
#4049=CARTESIAN_POINT('',(0.00233614574377846,-0.00971061441531741,0.003));
#4050=CARTESIAN_POINT('',(0.002327857035516,-0.00977965936891129,0.003));
#4051=CARTESIAN_POINT('',(0.00231766659107813,-0.00985224721096166,0.003));
#4052=CARTESIAN_POINT('',(0.00230542959677709,-0.00992832800468692,0.003));
#4053=CARTESIAN_POINT('',(0.00229100251182516,-0.0100078474409162,0.003));
#4054=CARTESIAN_POINT('',(0.00227424315355738,-0.0100907468793957,0.003));
#4055=CARTESIAN_POINT('',(0.00225501093529926,-0.0101769633440414,0.003));
#4056=CARTESIAN_POINT('',(0.00223316651190845,-0.0102664297099539,0.003));
#4057=CARTESIAN_POINT('',(0.00220857370209006,-0.0103590741661511,0.003));
#4058=CARTESIAN_POINT('',(0.00218109265023479,-0.0104548224777401,0.003));
#4059=CARTESIAN_POINT('',(0.00215060663582566,-0.0105535895082477,0.003));
#4060=CARTESIAN_POINT('',(0.00211691976309491,-0.0106553119673092,0.003));
#4061=CARTESIAN_POINT('',(0.0020873320830554,-0.0107394085400625,0.003));
#4062=CARTESIAN_POINT('',(0.00206861556448338,-0.0107896734353335,0.003));
#4063=CARTESIAN_POINT('',(0.00206291812900731,-0.0108048308081623,0.003));
#4064=CARTESIAN_POINT('',(0.00226552858767382,-0.00885223630991023,0.003));
#4065=CARTESIAN_POINT('',(0.00264913445141817,-0.00875393675410681,0.003));
#4066=CARTESIAN_POINT('',(0.00253443315258187,-0.00837491185595968,0.003));
#4067=CARTESIAN_POINT('',(-2.89465254355412E-17,9.82104798133317E-17,0.003));
#4068=CARTESIAN_POINT('',(0.00287225018663647,-0.00826514844787235,0.003));
#4069=CARTESIAN_POINT('',(0.00300224013198356,-0.00863920576363937,0.003));
#4070=CARTESIAN_POINT('',(0.00337036282410277,-0.008493253905422,0.003));
#4071=CARTESIAN_POINT('',(0.00322762635106765,-0.00813295322363862,0.003));
#4072=CARTESIAN_POINT('',(0.00334081315215863,-0.00841875751761474,0.003));
#4073=CARTESIAN_POINT('',(0.00346455119574739,-0.00873120440934591,0.003));
#4074=CARTESIAN_POINT('',(0.00346896117415071,-0.00874057524008396,0.003));
#4075=CARTESIAN_POINT('',(0.00347335721036332,-0.00875035160291551,0.003));
#4076=CARTESIAN_POINT('',(0.00347887637013852,-0.00876177476407645,0.003));
#4077=CARTESIAN_POINT('',(0.00348655967182839,-0.00877701067221855,0.003));
#4078=CARTESIAN_POINT('',(0.00349623092413953,-0.00879522871725699,0.003));
#4079=CARTESIAN_POINT('',(0.00350811665965444,-0.0088165915145406,0.003));
#4080=CARTESIAN_POINT('',(0.00352231321963541,-0.0088409428593896,0.003));
#4081=CARTESIAN_POINT('',(0.00353895387095744,-0.00886821960684879,0.003));
#4082=CARTESIAN_POINT('',(0.0035581575776261,-0.00889832583218693,0.003));
#4083=CARTESIAN_POINT('',(0.00358004419259555,-0.00893117055863952,0.003));
#4084=CARTESIAN_POINT('',(0.00360472983694916,-0.00896665669058364,0.003));
#4085=CARTESIAN_POINT('',(0.00363232811945571,-0.009004684327292,0.003));
#4086=CARTESIAN_POINT('',(0.00366294965887689,-0.00904514989466084,0.003));
#4087=CARTESIAN_POINT('',(0.00369670209991823,-0.00908794649027037,0.003));
#4088=CARTESIAN_POINT('',(0.00373368999047634,-0.0091329638844013,0.003));
#4089=CARTESIAN_POINT('',(0.00377401470124192,-0.00918008862270311,0.003));
#4090=CARTESIAN_POINT('',(0.00381777433596879,-0.00922920410321293,0.003));
#4091=CARTESIAN_POINT('',(0.00386506364728224,-0.00928019066356899,0.003));
#4092=CARTESIAN_POINT('',(0.00391597395306565,-0.00933292566841785,0.003));
#4093=CARTESIAN_POINT('',(0.00397059305794969,-0.00938728359870459,0.003));
#4094=CARTESIAN_POINT('',(0.00402900516674127,-0.00944313614622888,0.003));
#4095=CARTESIAN_POINT('',(0.00409129083975626,-0.00950035229715522,0.003));
#4096=CARTESIAN_POINT('',(0.0041575267975902,-0.00955879846798759,0.003));
#4097=CARTESIAN_POINT('',(0.00422778631780525,-0.0096183384485218,0.003));
#4098=CARTESIAN_POINT('',(0.00430213736394711,-0.00967883409709626,0.003));
#4099=CARTESIAN_POINT('',(0.00438064944740523,-0.00974014315135643,0.003));
#4100=CARTESIAN_POINT('',(0.00446336695509806,-0.00980212812785016,0.003));
#4101=CARTESIAN_POINT('',(0.00455041116888788,-0.00986462267895357,0.003));
#4102=CARTESIAN_POINT('',(0.00462377883009671,-0.00991526703350293,0.003));
#4103=CARTESIAN_POINT('',(0.00466846577584529,-0.00994493089440669,0.003));
#4104=CARTESIAN_POINT('',(0.00468198437818207,-0.00995384459806657,0.003));
#4105=CARTESIAN_POINT('',(0.00468254620331202,-0.00739163453194544,0.003));
#4106=CARTESIAN_POINT('',(0.00484723720176859,-0.00765119612660801,0.003));
#4107=CARTESIAN_POINT('',(0.00502728064984974,-0.00793495398180623,0.003));
#4108=CARTESIAN_POINT('',(0.00503226969089984,-0.00794402976538889,0.003));
#4109=CARTESIAN_POINT('',(0.00503759500931942,-0.00795333263528623,0.003));
#4110=CARTESIAN_POINT('',(0.0050435924601072,-0.00796451209500399,0.003));
#4111=CARTESIAN_POINT('',(0.00505140243729667,-0.00797968345875522,0.003));
#4112=CARTESIAN_POINT('',(0.00506045652585738,-0.00799821596443101,0.003));
#4113=CARTESIAN_POINT('',(0.00507075313185889,-0.00802038846364424,0.003));
#4114=CARTESIAN_POINT('',(0.00508210925508751,-0.00804618708330624,0.003));
#4115=CARTESIAN_POINT('',(0.00509439547789764,-0.00807568252291025,0.003));
#4116=CARTESIAN_POINT('',(0.00510746427026349,-0.00810891464321614,0.003));
#4117=CARTESIAN_POINT('',(0.00512117158263759,-0.00814592693250018,0.003));
#4118=CARTESIAN_POINT('',(0.00513537060875062,-0.00818675626331701,0.003));
#4119=CARTESIAN_POINT('',(0.00514991374965765,-0.00823143582691707,0.003));
#4120=CARTESIAN_POINT('',(0.0051646521920718,-0.00827999423642778,0.003));
#4121=CARTESIAN_POINT('',(0.00517943617814834,-0.00833245574257947,0.003));
#4122=CARTESIAN_POINT('',(0.00519411507845926,-0.00838884013499386,0.003));
#4123=CARTESIAN_POINT('',(0.00520853752230993,-0.00844916273748842,0.003));
#4124=CARTESIAN_POINT('',(0.00522255151279111,-0.00851343438075303,0.003));
#4125=CARTESIAN_POINT('',(0.00523600454682277,-0.0085816613855003,0.003));
#4126=CARTESIAN_POINT('',(0.00524874373501476,-0.00865384554619764,0.003));
#4127=CARTESIAN_POINT('',(0.00526061592005153,-0.00872998412003406,0.003));
#4128=CARTESIAN_POINT('',(0.00527146780407482,-0.00881006981246147,0.003));
#4129=CARTESIAN_POINT('',(0.00528114604249962,-0.00889409079014413,0.003));
#4130=CARTESIAN_POINT('',(0.00528949746877289,-0.00898203060293872,0.003));
#4131=CARTESIAN_POINT('',(0.00529636881505427,-0.00907386847128911,0.003));
#4132=CARTESIAN_POINT('',(0.00530160837442204,-0.00916957818122737,0.003));
#4133=CARTESIAN_POINT('',(0.00530506019644414,-0.0092691323489349,0.003));
#4134=CARTESIAN_POINT('',(0.00530658696469526,-0.00937248607343745,0.003));
#4135=CARTESIAN_POINT('',(0.0053059828134307,-0.00947963969714264,0.003));
#4136=CARTESIAN_POINT('',(0.00530383052767655,-0.00956876338661411,0.003));
#4137=CARTESIAN_POINT('',(0.00530156276758545,-0.00962235186511671,0.003));
#4138=CARTESIAN_POINT('',(0.00530082807024395,-0.00963852798770195,0.003));
#4139=CARTESIAN_POINT('',(0.00489013718414538,-0.0077188901914912,0.003));
#4140=CARTESIAN_POINT('',(0.0052245918072657,-0.00750686102735656,0.003));
#4141=CARTESIAN_POINT('',(0.00499837925476123,-0.00718183157875292,0.003));
#4142=CARTESIAN_POINT('',(-5.78784889276121E-17,8.44587485072538E-17,0.003));
#4143=CARTESIAN_POINT('',(0.00528574358785486,-0.00697304916972849,0.003));
#4144=CARTESIAN_POINT('',(0.00552496143987235,-0.00728862971514646,0.003));
#4145=CARTESIAN_POINT('',(0.00582996532045866,-0.00703606508144355,0.003));
#4146=CARTESIAN_POINT('',(0.00558287583390968,-0.00673750676609288,0.003));
#4147=CARTESIAN_POINT('',(0.00577884126254982,-0.00697434615718796,0.003));
#4148=CARTESIAN_POINT('',(0.00599307453460309,-0.00723326365124542,0.003));
#4149=CARTESIAN_POINT('',(0.00600016441924975,-0.00724081308261048,0.003));
#4150=CARTESIAN_POINT('',(0.00600736636039375,-0.00724875250628952,0.003));
#4151=CARTESIAN_POINT('',(0.00601614534419064,-0.0072579110639831,0.003));
#4152=CARTESIAN_POINT('',(0.0060281607528701,-0.00727002700290824,0.003));
#4153=CARTESIAN_POINT('',(0.0060429883459225,-0.00728436481203519,0.003));
#4154=CARTESIAN_POINT('',(0.00606089381954295,-0.0073010091453333,0.003));
#4155=CARTESIAN_POINT('',(0.00608192052981605,-0.00731978167223671,0.003));
#4156=CARTESIAN_POINT('',(0.00610617570820742,-0.00734058115659513,0.003));
#4157=CARTESIAN_POINT('',(0.00613374285383764,-0.00736327960666841,0.003));
#4158=CARTESIAN_POINT('',(0.00616470784027342,-0.00738775346181218,0.003));
#4159=CARTESIAN_POINT('',(0.00619915110103024,-0.00741387449521339,0.003));
#4160=CARTESIAN_POINT('',(0.00623714981344544,-0.00744151258859409,0.003));
#4161=CARTESIAN_POINT('',(0.00627877717605494,-0.00747053505405074,0.003));
#4162=CARTESIAN_POINT('',(0.00632410253039291,-0.00750080695729702,0.003));
#4163=CARTESIAN_POINT('',(0.00637319124456114,-0.00753219115656333,0.003));
#4164=CARTESIAN_POINT('',(0.00642610466849321,-0.00756454842508415,0.003));
#4165=CARTESIAN_POINT('',(0.00648290007241532,-0.00759773755207574,0.003));
#4166=CARTESIAN_POINT('',(0.00654363059372582,-0.0076316154516977,0.003));
#4167=CARTESIAN_POINT('',(0.00660834518448446,-0.00766603727202017,0.003));
#4168=CARTESIAN_POINT('',(0.00667708856433628,-0.00770085650420498,0.003));
#4169=CARTESIAN_POINT('',(0.0067499011673972,-0.00773592509918576,0.003));
#4170=CARTESIAN_POINT('',(0.0068268191255789,-0.00777109356089387,0.003));
#4171=CARTESIAN_POINT('',(0.00690787412493326,-0.0078062111359071,0.003));
#4172=CARTESIAN_POINT('',(0.00699309376529538,-0.00784112563661117,0.003));
#4173=CARTESIAN_POINT('',(0.0070824999957172,-0.00787568468058802,0.003));
#4174=CARTESIAN_POINT('',(0.0071761149639734,-0.00790973148809771,0.003));
#4175=CARTESIAN_POINT('',(0.00727393839980885,-0.00794312158829505,0.003));
#4176=CARTESIAN_POINT('',(0.00737603424488624,-0.00797565929703182,0.003));
#4177=CARTESIAN_POINT('',(0.00746146100338913,-0.00800115308628848,0.003));
#4178=CARTESIAN_POINT('',(0.00751312745147469,-0.00801555606883645,0.003));
#4179=CARTESIAN_POINT('',(0.00752873889223201,-0.00801985602692425,0.003));
#4180=CARTESIAN_POINT('',(0.00673750676609288,-0.00558287583390969,0.003));
#4181=CARTESIAN_POINT('',(0.00697434615718796,-0.00577884126254983,0.003));
#4182=CARTESIAN_POINT('',(0.00723326365124542,-0.00599307453460309,0.003));
#4183=CARTESIAN_POINT('',(0.00724081308261048,-0.00600016441924975,0.003));
#4184=CARTESIAN_POINT('',(0.00724875250628951,-0.00600736636039375,0.003));
#4185=CARTESIAN_POINT('',(0.0072579110639831,-0.00601614534419064,0.003));
#4186=CARTESIAN_POINT('',(0.00727002700290824,-0.0060281607528701,0.003));
#4187=CARTESIAN_POINT('',(0.00728436481203519,-0.0060429883459225,0.003));
#4188=CARTESIAN_POINT('',(0.0073010091453333,-0.00606089381954295,0.003));
#4189=CARTESIAN_POINT('',(0.00731978167223671,-0.00608192052981605,0.003));
#4190=CARTESIAN_POINT('',(0.00734058115659513,-0.00610617570820742,0.003));
#4191=CARTESIAN_POINT('',(0.00736327960666841,-0.00613374285383764,0.003));
#4192=CARTESIAN_POINT('',(0.00738775346181218,-0.00616470784027342,0.003));
#4193=CARTESIAN_POINT('',(0.00741387449521339,-0.00619915110103024,0.003));
#4194=CARTESIAN_POINT('',(0.00744151258859409,-0.00623714981344544,0.003));
#4195=CARTESIAN_POINT('',(0.00747053505405073,-0.00627877717605495,0.003));
#4196=CARTESIAN_POINT('',(0.00750080695729702,-0.00632410253039292,0.003));
#4197=CARTESIAN_POINT('',(0.00753219115656333,-0.00637319124456115,0.003));
#4198=CARTESIAN_POINT('',(0.00756454842508415,-0.00642610466849321,0.003));
#4199=CARTESIAN_POINT('',(0.00759773755207574,-0.00648290007241532,0.003));
#4200=CARTESIAN_POINT('',(0.0076316154516977,-0.00654363059372583,0.003));
#4201=CARTESIAN_POINT('',(0.00766603727202017,-0.00660834518448446,0.003));
#4202=CARTESIAN_POINT('',(0.00770085650420497,-0.00667708856433628,0.003));
#4203=CARTESIAN_POINT('',(0.00773592509918576,-0.0067499011673972,0.003));
#4204=CARTESIAN_POINT('',(0.00777109356089387,-0.0068268191255789,0.003));
#4205=CARTESIAN_POINT('',(0.0078062111359071,-0.00690787412493326,0.003));
#4206=CARTESIAN_POINT('',(0.00784112563661117,-0.00699309376529538,0.003));
#4207=CARTESIAN_POINT('',(0.00787568468058802,-0.0070824999957172,0.003));
#4208=CARTESIAN_POINT('',(0.00790973148809771,-0.0071761149639734,0.003));
#4209=CARTESIAN_POINT('',(0.00794312158829504,-0.00727393839980886,0.003));
#4210=CARTESIAN_POINT('',(0.00797565929703182,-0.00737603424488624,0.003));
#4211=CARTESIAN_POINT('',(0.00800115308628848,-0.00746146100338914,0.003));
#4212=CARTESIAN_POINT('',(0.00801555606883645,-0.00751312745147469,0.003));
#4213=CARTESIAN_POINT('',(0.00801985602692424,-0.00752873889223201,0.003));
#4214=CARTESIAN_POINT('',(0.00703606508144357,-0.00582996532045868,0.003));
#4215=CARTESIAN_POINT('',(0.00728862971514647,-0.00552496143987237,0.003));
#4216=CARTESIAN_POINT('',(0.00697304916972849,-0.00528574358785487,0.003));
#4217=CARTESIAN_POINT('',(-8.11449026603035E-17,6.2439606438583E-17,0.003));
#4218=CARTESIAN_POINT('',(0.00718183157875291,-0.00499837925476123,0.003));
#4219=CARTESIAN_POINT('',(0.00750686102735654,-0.0052245918072657,0.003));
#4220=CARTESIAN_POINT('',(0.00771889019149118,-0.00489013718414537,0.003));
#4221=CARTESIAN_POINT('',(0.00739163453194544,-0.00468254620331202,0.003));
#4222=CARTESIAN_POINT('',(0.00765119612660801,-0.0048472372017686,0.003));
#4223=CARTESIAN_POINT('',(0.00793495398180623,-0.00502728064984975,0.003));
#4224=CARTESIAN_POINT('',(0.00794402976538889,-0.00503226969089984,0.003));
#4225=CARTESIAN_POINT('',(0.00795333263528623,-0.00503759500931943,0.003));
#4226=CARTESIAN_POINT('',(0.00796451209500399,-0.0050435924601072,0.003));
#4227=CARTESIAN_POINT('',(0.00797968345875522,-0.00505140243729667,0.003));
#4228=CARTESIAN_POINT('',(0.00799821596443101,-0.00506045652585738,0.003));
#4229=CARTESIAN_POINT('',(0.00802038846364424,-0.00507075313185889,0.003));
#4230=CARTESIAN_POINT('',(0.00804618708330624,-0.00508210925508751,0.003));
#4231=CARTESIAN_POINT('',(0.00807568252291024,-0.00509439547789764,0.003));
#4232=CARTESIAN_POINT('',(0.00810891464321614,-0.00510746427026349,0.003));
#4233=CARTESIAN_POINT('',(0.00814592693250017,-0.00512117158263759,0.003));
#4234=CARTESIAN_POINT('',(0.00818675626331701,-0.00513537060875063,0.003));
#4235=CARTESIAN_POINT('',(0.00823143582691707,-0.00514991374965765,0.003));
#4236=CARTESIAN_POINT('',(0.00827999423642778,-0.0051646521920718,0.003));
#4237=CARTESIAN_POINT('',(0.00833245574257947,-0.00517943617814834,0.003));
#4238=CARTESIAN_POINT('',(0.00838884013499385,-0.00519411507845927,0.003));
#4239=CARTESIAN_POINT('',(0.00844916273748842,-0.00520853752230994,0.003));
#4240=CARTESIAN_POINT('',(0.00851343438075303,-0.00522255151279111,0.003));
#4241=CARTESIAN_POINT('',(0.0085816613855003,-0.00523600454682277,0.003));
#4242=CARTESIAN_POINT('',(0.00865384554619764,-0.00524874373501476,0.003));
#4243=CARTESIAN_POINT('',(0.00872998412003406,-0.00526061592005153,0.003));
#4244=CARTESIAN_POINT('',(0.00881006981246147,-0.00527146780407482,0.003));
#4245=CARTESIAN_POINT('',(0.00889409079014412,-0.00528114604249962,0.003));
#4246=CARTESIAN_POINT('',(0.00898203060293872,-0.0052894974687729,0.003));
#4247=CARTESIAN_POINT('',(0.00907386847128911,-0.00529636881505428,0.003));
#4248=CARTESIAN_POINT('',(0.00916957818122737,-0.00530160837442205,0.003));
#4249=CARTESIAN_POINT('',(0.00926913234893489,-0.00530506019644415,0.003));
#4250=CARTESIAN_POINT('',(0.00937248607343745,-0.00530658696469527,0.003));
#4251=CARTESIAN_POINT('',(0.00947963969714264,-0.00530598281343071,0.003));
#4252=CARTESIAN_POINT('',(0.00956876338661411,-0.00530383052767655,0.003));
#4253=CARTESIAN_POINT('',(0.00962235186511671,-0.00530156276758545,0.003));
#4254=CARTESIAN_POINT('',(0.00963852798770195,-0.00530082807024396,0.003));
#4255=CARTESIAN_POINT('',(0.00813295322363862,-0.00322762635106765,0.003));
#4256=CARTESIAN_POINT('',(0.00841875751761474,-0.00334081315215863,0.003));
#4257=CARTESIAN_POINT('',(0.00873120440934591,-0.0034645511957474,0.003));
#4258=CARTESIAN_POINT('',(0.00874057524008396,-0.00346896117415071,0.003));
#4259=CARTESIAN_POINT('',(0.00875035160291551,-0.00347335721036332,0.003));
#4260=CARTESIAN_POINT('',(0.00876177476407644,-0.00347887637013852,0.003));
#4261=CARTESIAN_POINT('',(0.00877701067221854,-0.0034865596718284,0.003));
#4262=CARTESIAN_POINT('',(0.00879522871725699,-0.00349623092413953,0.003));
#4263=CARTESIAN_POINT('',(0.0088165915145406,-0.00350811665965445,0.003));
#4264=CARTESIAN_POINT('',(0.0088409428593896,-0.00352231321963541,0.003));
#4265=CARTESIAN_POINT('',(0.00886821960684879,-0.00353895387095745,0.003));
#4266=CARTESIAN_POINT('',(0.00889832583218693,-0.00355815757762611,0.003));
#4267=CARTESIAN_POINT('',(0.00893117055863952,-0.00358004419259555,0.003));
#4268=CARTESIAN_POINT('',(0.00896665669058364,-0.00360472983694917,0.003));
#4269=CARTESIAN_POINT('',(0.009004684327292,-0.00363232811945571,0.003));
#4270=CARTESIAN_POINT('',(0.00904514989466083,-0.00366294965887689,0.003));
#4271=CARTESIAN_POINT('',(0.00908794649027037,-0.00369670209991823,0.003));
#4272=CARTESIAN_POINT('',(0.0091329638844013,-0.00373368999047634,0.003));
#4273=CARTESIAN_POINT('',(0.00918008862270311,-0.00377401470124192,0.003));
#4274=CARTESIAN_POINT('',(0.00922920410321293,-0.0038177743359688,0.003));
#4275=CARTESIAN_POINT('',(0.00928019066356899,-0.00386506364728224,0.003));
#4276=CARTESIAN_POINT('',(0.00933292566841785,-0.00391597395306566,0.003));
#4277=CARTESIAN_POINT('',(0.00938728359870459,-0.00397059305794969,0.003));
#4278=CARTESIAN_POINT('',(0.00944313614622888,-0.00402900516674127,0.003));
#4279=CARTESIAN_POINT('',(0.00950035229715522,-0.00409129083975627,0.003));
#4280=CARTESIAN_POINT('',(0.00955879846798758,-0.00415752679759021,0.003));
#4281=CARTESIAN_POINT('',(0.0096183384485218,-0.00422778631780526,0.003));
#4282=CARTESIAN_POINT('',(0.00967883409709626,-0.00430213736394711,0.003));
#4283=CARTESIAN_POINT('',(0.00974014315135643,-0.00438064944740523,0.003));
#4284=CARTESIAN_POINT('',(0.00980212812785016,-0.00446336695509807,0.003));
#4285=CARTESIAN_POINT('',(0.00986462267895357,-0.00455041116888788,0.003));
#4286=CARTESIAN_POINT('',(0.00991526703350293,-0.00462377883009671,0.003));
#4287=CARTESIAN_POINT('',(0.00994493089440668,-0.0046684657758453,0.003));
#4288=CARTESIAN_POINT('',(0.00995384459806657,-0.00468198437818207,0.003));
#4289=CARTESIAN_POINT('',(0.00849325390542201,-0.00337036282410278,0.003));
#4290=CARTESIAN_POINT('',(0.00863920576363938,-0.00300224013198358,0.003));
#4291=CARTESIAN_POINT('',(0.00826514844787235,-0.00287225018663647,0.003));
#4292=CARTESIAN_POINT('',(-9.64682879508231E-17,3.43084406493845E-17,0.003));
#4293=CARTESIAN_POINT('',(0.00837491185595968,-0.00253443315258187,0.003));
#4294=CARTESIAN_POINT('',(0.00875393675410679,-0.00264913445141817,0.003));
#4295=CARTESIAN_POINT('',(0.00885223630991021,-0.00226552858767382,0.003));
#4296=CARTESIAN_POINT('',(0.00847684854144829,-0.00216922539293318,0.003));
#4297=CARTESIAN_POINT('',(0.00877459860477575,-0.00224564689635266,0.003));
#4298=CARTESIAN_POINT('',(0.00910010484719489,-0.00232919239132286,0.003));
#4299=CARTESIAN_POINT('',(0.00911027812878178,-0.0023311326799593,0.003));
#4300=CARTESIAN_POINT('',(0.00912077129771,-0.00233332261384885,0.003));
#4301=CARTESIAN_POINT('',(0.00913325690993958,-0.00233557188546101,0.003));
#4302=CARTESIAN_POINT('',(0.0091500991499735,-0.0023383114059322,0.003));
#4303=CARTESIAN_POINT('',(0.00917052247749357,-0.00234119549665481,0.003));
#4304=CARTESIAN_POINT('',(0.00919479160359172,-0.00234413647182361,0.003));
#4305=CARTESIAN_POINT('',(0.00922283678400054,-0.00234696457491307,0.003));
#4306=CARTESIAN_POINT('',(0.00925468526568193,-0.0023495348750831,0.003));
#4307=CARTESIAN_POINT('',(0.00929032936918616,-0.00235169474528912,0.003));
#4308=CARTESIAN_POINT('',(0.00932976594056354,-0.0023532937476539,0.003));
#4309=CARTESIAN_POINT('',(0.00937298468206536,-0.0023541808668724,0.003));
#4310=CARTESIAN_POINT('',(0.00941997154986429,-0.00235420547134575,0.003));
#4311=CARTESIAN_POINT('',(0.00947070777082696,-0.00235321718928514,0.003));
#4312=CARTESIAN_POINT('',(0.00952517013104944,-0.00235106609862866,0.003));
#4313=CARTESIAN_POINT('',(0.0095833309045273,-0.00234760282694787,0.003));
#4314=CARTESIAN_POINT('',(0.00964515788895991,-0.0023426786768372,0.003));
#4315=CARTESIAN_POINT('',(0.00971061441531741,-0.00233614574377846,0.003));
#4316=CARTESIAN_POINT('',(0.00977965936891129,-0.002327857035516,0.003));
#4317=CARTESIAN_POINT('',(0.00985224721096165,-0.00231766659107813,0.003));
#4318=CARTESIAN_POINT('',(0.00992832800468692,-0.00230542959677709,0.003));
#4319=CARTESIAN_POINT('',(0.0100078474409162,-0.00229100251182517,0.003));
#4320=CARTESIAN_POINT('',(0.0100907468793957,-0.00227424315355739,0.003));
#4321=CARTESIAN_POINT('',(0.0101769633440414,-0.00225501093529927,0.003));
#4322=CARTESIAN_POINT('',(0.0102664297099539,-0.00223316651190845,0.003));
#4323=CARTESIAN_POINT('',(0.0103590741661511,-0.00220857370209007,0.003));
#4324=CARTESIAN_POINT('',(0.0104548224777401,-0.00218109265023479,0.003));
#4325=CARTESIAN_POINT('',(0.0105535895082477,-0.00215060663582566,0.003));
#4326=CARTESIAN_POINT('',(0.0106553119673092,-0.00211691976309491,0.003));
#4327=CARTESIAN_POINT('',(0.0107394085400625,-0.00208733208305541,0.003));
#4328=CARTESIAN_POINT('',(0.0107896734353335,-0.00206861556448338,0.003));
#4329=CARTESIAN_POINT('',(0.0108048308081623,-0.00206291812900731,0.003));
#4330=CARTESIAN_POINT('',(0.0108048308081623,-0.00206291812900731,0.003));
#4331=CARTESIAN_POINT('',(0.,6.73555739531044E-19,0.003));
#4332=CARTESIAN_POINT('',(0.0109134815074368,-0.00137692461189233,0.003));
#4333=CARTESIAN_POINT('',(0.00873228955403749,-0.000556434312787994,0.003));
#4334=CARTESIAN_POINT('',(0.00903908223528467,-0.000575762973620222,0.003));
#4335=CARTESIAN_POINT('',(0.0093744740459814,-0.000596893446904364,0.003));
#4336=CARTESIAN_POINT('',(0.00938474899388936,-0.000598191839652091,0.003));
#4337=CARTESIAN_POINT('',(0.00939540531736357,-0.000599351656279838,0.003));
#4338=CARTESIAN_POINT('',(0.00940797490338757,-0.000601070738220303,0.003));
#4339=CARTESIAN_POINT('',(0.00942483938390287,-0.000603669837818475,0.003));
#4340=CARTESIAN_POINT('',(0.00944515435567187,-0.000607238059828543,0.003));
#4341=CARTESIAN_POINT('',(0.00946914447749949,-0.000611940598632942,0.003));
#4342=CARTESIAN_POINT('',(0.00949669096099446,-0.000617917350117596,0.003));
#4343=CARTESIAN_POINT('',(0.00952777493346484,-0.000625314571476642,0.003));
#4344=CARTESIAN_POINT('',(0.00956234192696934,-0.000634275046574926,0.003));
#4345=CARTESIAN_POINT('',(0.0096003424540629,-0.000644940875711813,0.003));
#4346=CARTESIAN_POINT('',(0.00964172005470884,-0.000657452500797897,0.003));
#4347=CARTESIAN_POINT('',(0.0096864148247097,-0.000671948841215502,0.003));
#4348=CARTESIAN_POINT('',(0.00973436244231649,-0.000688567107817016,0.003));
#4349=CARTESIAN_POINT('',(0.0097854945013296,-0.000707442711465508,0.003));
#4350=CARTESIAN_POINT('',(0.00983973847413297,-0.000728709145975878,0.003));
#4351=CARTESIAN_POINT('',(0.00989701778449344,-0.000752497879926473,0.003));
#4352=CARTESIAN_POINT('',(0.00995725185308152,-0.000778938247519736,0.003));
#4353=CARTESIAN_POINT('',(0.0100203561543998,-0.00080815734156075,0.003));
#4354=CARTESIAN_POINT('',(0.010086242274074,-0.0008402799069259,0.003));
#4355=CARTESIAN_POINT('',(0.0101548179695123,-0.000875428238302417,0.003));
#4356=CARTESIAN_POINT('',(0.0102259872330808,-0.000913722068635053,0.003));
#4357=CARTESIAN_POINT('',(0.0102996503577243,-0.000955278500838833,0.003));
#4358=CARTESIAN_POINT('',(0.0103757040059563,-0.00100021178010651,0.003));
#4359=CARTESIAN_POINT('',(0.0104540412781866,-0.00104863368880898,0.003));
#4360=CARTESIAN_POINT('',(0.0105345517957782,-0.00110065155224031,0.003));
#4361=CARTESIAN_POINT('',(0.0106171217393926,-0.00115637544114561,0.003));
#4362=CARTESIAN_POINT('',(0.0107016340708088,-0.00121589005471608,0.003));
#4363=CARTESIAN_POINT('',(0.0107879680621917,-0.00127936214309989,0.003));
#4364=CARTESIAN_POINT('',(0.0108588055597505,-0.00133348896915298,0.003));
#4365=CARTESIAN_POINT('',(0.0109008265936245,-0.00136682214296247,0.003));
#4366=CARTESIAN_POINT('',(0.0109134815074368,-0.00137692461189233,0.003));
#4367=CARTESIAN_POINT('',(0.00911906386115817,-0.000580845731825089,0.003));
#4368=CARTESIAN_POINT('',(0.00914411615910129,-0.000185638642139235,0.003));
#4369=CARTESIAN_POINT('',(0.00874819740926306,-0.000177600925006313,0.003));
#4370=CARTESIAN_POINT('',(-1.02348685082632E-16,2.81892564846231E-18,0.003));
#4371=CARTESIAN_POINT('',(0.00874819740926306,0.000177600925006313,0.003));
#4372=CARTESIAN_POINT('',(0.00914411615910127,0.000185638642139234,0.003));
#4373=CARTESIAN_POINT('',(0.00911906386115815,0.000580845731825087,0.003));
#4374=CARTESIAN_POINT('',(0.00873228955403749,0.000556434312787994,0.003));
#4375=CARTESIAN_POINT('',(0.00903908223528467,0.000575762973620222,0.003));
#4376=CARTESIAN_POINT('',(0.0093744740459814,0.000596893446904364,0.003));
#4377=CARTESIAN_POINT('',(0.00938474899388936,0.000598191839652091,0.003));
#4378=CARTESIAN_POINT('',(0.00939540531736357,0.000599351656279838,0.003));
#4379=CARTESIAN_POINT('',(0.00940797490338757,0.000601070738220303,0.003));
#4380=CARTESIAN_POINT('',(0.00942483938390287,0.000603669837818475,0.003));
#4381=CARTESIAN_POINT('',(0.00944515435567187,0.000607238059828543,0.003));
#4382=CARTESIAN_POINT('',(0.00946914447749949,0.000611940598632942,0.003));
#4383=CARTESIAN_POINT('',(0.00949669096099446,0.000617917350117596,0.003));
#4384=CARTESIAN_POINT('',(0.00952777493346484,0.000625314571476642,0.003));
#4385=CARTESIAN_POINT('',(0.00956234192696934,0.000634275046574926,0.003));
#4386=CARTESIAN_POINT('',(0.0096003424540629,0.000644940875711813,0.003));
#4387=CARTESIAN_POINT('',(0.00964172005470884,0.000657452500797897,0.003));
#4388=CARTESIAN_POINT('',(0.0096864148247097,0.000671948841215502,0.003));
#4389=CARTESIAN_POINT('',(0.00973436244231649,0.000688567107817016,0.003));
#4390=CARTESIAN_POINT('',(0.0097854945013296,0.000707442711465508,0.003));
#4391=CARTESIAN_POINT('',(0.00983973847413297,0.000728709145975878,0.003));
#4392=CARTESIAN_POINT('',(0.00989701778449344,0.000752497879926473,0.003));
#4393=CARTESIAN_POINT('',(0.00995725185308152,0.000778938247519736,0.003));
#4394=CARTESIAN_POINT('',(0.0100203561543998,0.00080815734156075,0.003));
#4395=CARTESIAN_POINT('',(0.010086242274074,0.0008402799069259,0.003));
#4396=CARTESIAN_POINT('',(0.0101548179695123,0.000875428238302417,0.003));
#4397=CARTESIAN_POINT('',(0.0102259872330808,0.000913722068635053,0.003));
#4398=CARTESIAN_POINT('',(0.0102996503577243,0.000955278500838833,0.003));
#4399=CARTESIAN_POINT('',(0.0103757040059563,0.00100021178010651,0.003));
#4400=CARTESIAN_POINT('',(0.0104540412781866,0.00104863368880898,0.003));
#4401=CARTESIAN_POINT('',(0.0105345517957782,0.00110065155224031,0.003));
#4402=CARTESIAN_POINT('',(0.0106171217393926,0.00115637544114561,0.003));
#4403=CARTESIAN_POINT('',(0.0107016340708088,0.00121589005471608,0.003));
#4404=CARTESIAN_POINT('',(0.0107879680621917,0.00127936214309989,0.003));
#4405=CARTESIAN_POINT('',(0.0108588055597505,0.00133348896915298,0.003));
#4406=CARTESIAN_POINT('',(0.0109008265936245,0.00136682214296247,0.003));
#4407=CARTESIAN_POINT('',(0.0109134815074368,0.00137692461189233,0.003));
#4408=CARTESIAN_POINT('',(0.00847684854144829,0.00216922539293318,0.003));
#4409=CARTESIAN_POINT('',(0.00877459860477575,0.00224564689635266,0.003));
#4410=CARTESIAN_POINT('',(0.00910010484719489,0.00232919239132286,0.003));
#4411=CARTESIAN_POINT('',(0.00911027812878178,0.0023311326799593,0.003));
#4412=CARTESIAN_POINT('',(0.00912077129771,0.00233332261384885,0.003));
#4413=CARTESIAN_POINT('',(0.00913325690993958,0.00233557188546101,0.003));
#4414=CARTESIAN_POINT('',(0.0091500991499735,0.0023383114059322,0.003));
#4415=CARTESIAN_POINT('',(0.00917052247749357,0.0023411954966548,0.003));
#4416=CARTESIAN_POINT('',(0.00919479160359172,0.00234413647182361,0.003));
#4417=CARTESIAN_POINT('',(0.00922283678400054,0.00234696457491307,0.003));
#4418=CARTESIAN_POINT('',(0.00925468526568193,0.00234953487508309,0.003));
#4419=CARTESIAN_POINT('',(0.00929032936918616,0.00235169474528911,0.003));
#4420=CARTESIAN_POINT('',(0.00932976594056354,0.0023532937476539,0.003));
#4421=CARTESIAN_POINT('',(0.00937298468206536,0.0023541808668724,0.003));
#4422=CARTESIAN_POINT('',(0.00941997154986429,0.00235420547134575,0.003));
#4423=CARTESIAN_POINT('',(0.00947070777082696,0.00235321718928513,0.003));
#4424=CARTESIAN_POINT('',(0.00952517013104944,0.00235106609862866,0.003));
#4425=CARTESIAN_POINT('',(0.0095833309045273,0.00234760282694787,0.003));
#4426=CARTESIAN_POINT('',(0.00964515788895991,0.0023426786768372,0.003));
#4427=CARTESIAN_POINT('',(0.00971061441531741,0.00233614574377846,0.003));
#4428=CARTESIAN_POINT('',(0.00977965936891129,0.002327857035516,0.003));
#4429=CARTESIAN_POINT('',(0.00985224721096165,0.00231766659107813,0.003));
#4430=CARTESIAN_POINT('',(0.00992832800468692,0.00230542959677709,0.003));
#4431=CARTESIAN_POINT('',(0.0100078474409162,0.00229100251182516,0.003));
#4432=CARTESIAN_POINT('',(0.0100907468793957,0.00227424315355739,0.003));
#4433=CARTESIAN_POINT('',(0.0101769633440414,0.00225501093529926,0.003));
#4434=CARTESIAN_POINT('',(0.0102664297099539,0.00223316651190845,0.003));
#4435=CARTESIAN_POINT('',(0.0103590741661511,0.00220857370209007,0.003));
#4436=CARTESIAN_POINT('',(0.0104548224777401,0.00218109265023479,0.003));
#4437=CARTESIAN_POINT('',(0.0105535895082477,0.00215060663582566,0.003));
#4438=CARTESIAN_POINT('',(0.0106553119673092,0.00211691976309491,0.003));
#4439=CARTESIAN_POINT('',(0.0107394085400625,0.0020873320830554,0.003));
#4440=CARTESIAN_POINT('',(0.0107896734353335,0.00206861556448338,0.003));
#4441=CARTESIAN_POINT('',(0.0108048308081623,0.00206291812900731,0.003));
#4442=CARTESIAN_POINT('',(0.00885223630991023,0.00226552858767383,0.003));
#4443=CARTESIAN_POINT('',(0.00875393675410681,0.00264913445141817,0.003));
#4444=CARTESIAN_POINT('',(0.00837491185595968,0.00253443315258187,0.003));
#4445=CARTESIAN_POINT('',(-9.82104798133316E-17,-2.89465254355412E-17,0.003));
#4446=CARTESIAN_POINT('',(0.00826514844787235,0.00287225018663647,0.003));
#4447=CARTESIAN_POINT('',(0.00863920576363937,0.00300224013198356,0.003));
#4448=CARTESIAN_POINT('',(0.008493253905422,0.00337036282410277,0.003));
#4449=CARTESIAN_POINT('',(0.00813295322363862,0.00322762635106765,0.003));
#4450=CARTESIAN_POINT('',(0.00841875751761474,0.00334081315215863,0.003));
#4451=CARTESIAN_POINT('',(0.00873120440934591,0.0034645511957474,0.003));
#4452=CARTESIAN_POINT('',(0.00874057524008396,0.00346896117415071,0.003));
#4453=CARTESIAN_POINT('',(0.00875035160291551,0.00347335721036332,0.003));
#4454=CARTESIAN_POINT('',(0.00876177476407644,0.00347887637013852,0.003));
#4455=CARTESIAN_POINT('',(0.00877701067221854,0.0034865596718284,0.003));
#4456=CARTESIAN_POINT('',(0.00879522871725699,0.00349623092413953,0.003));
#4457=CARTESIAN_POINT('',(0.0088165915145406,0.00350811665965444,0.003));
#4458=CARTESIAN_POINT('',(0.0088409428593896,0.00352231321963541,0.003));
#4459=CARTESIAN_POINT('',(0.00886821960684879,0.00353895387095744,0.003));
#4460=CARTESIAN_POINT('',(0.00889832583218693,0.00355815757762611,0.003));
#4461=CARTESIAN_POINT('',(0.00893117055863952,0.00358004419259555,0.003));
#4462=CARTESIAN_POINT('',(0.00896665669058364,0.00360472983694916,0.003));
#4463=CARTESIAN_POINT('',(0.009004684327292,0.00363232811945571,0.003));
#4464=CARTESIAN_POINT('',(0.00904514989466083,0.00366294965887689,0.003));
#4465=CARTESIAN_POINT('',(0.00908794649027037,0.00369670209991823,0.003));
#4466=CARTESIAN_POINT('',(0.0091329638844013,0.00373368999047634,0.003));
#4467=CARTESIAN_POINT('',(0.00918008862270311,0.00377401470124192,0.003));
#4468=CARTESIAN_POINT('',(0.00922920410321293,0.0038177743359688,0.003));
#4469=CARTESIAN_POINT('',(0.00928019066356899,0.00386506364728224,0.003));
#4470=CARTESIAN_POINT('',(0.00933292566841785,0.00391597395306565,0.003));
#4471=CARTESIAN_POINT('',(0.00938728359870459,0.00397059305794969,0.003));
#4472=CARTESIAN_POINT('',(0.00944313614622888,0.00402900516674127,0.003));
#4473=CARTESIAN_POINT('',(0.00950035229715522,0.00409129083975627,0.003));
#4474=CARTESIAN_POINT('',(0.00955879846798758,0.00415752679759021,0.003));
#4475=CARTESIAN_POINT('',(0.0096183384485218,0.00422778631780526,0.003));
#4476=CARTESIAN_POINT('',(0.00967883409709626,0.00430213736394711,0.003));
#4477=CARTESIAN_POINT('',(0.00974014315135643,0.00438064944740523,0.003));
#4478=CARTESIAN_POINT('',(0.00980212812785016,0.00446336695509806,0.003));
#4479=CARTESIAN_POINT('',(0.00986462267895357,0.00455041116888788,0.003));
#4480=CARTESIAN_POINT('',(0.00991526703350293,0.00462377883009671,0.003));
#4481=CARTESIAN_POINT('',(0.00994493089440668,0.00466846577584529,0.003));
#4482=CARTESIAN_POINT('',(0.00995384459806657,0.00468198437818207,0.003));
#4483=CARTESIAN_POINT('',(0.00739163453194544,0.00468254620331202,0.003));
#4484=CARTESIAN_POINT('',(0.00765119612660801,0.0048472372017686,0.003));
#4485=CARTESIAN_POINT('',(0.00793495398180623,0.00502728064984975,0.003));
#4486=CARTESIAN_POINT('',(0.00794402976538889,0.00503226969089984,0.003));
#4487=CARTESIAN_POINT('',(0.00795333263528623,0.00503759500931943,0.003));
#4488=CARTESIAN_POINT('',(0.00796451209500399,0.0050435924601072,0.003));
#4489=CARTESIAN_POINT('',(0.00797968345875522,0.00505140243729667,0.003));
#4490=CARTESIAN_POINT('',(0.00799821596443101,0.00506045652585738,0.003));
#4491=CARTESIAN_POINT('',(0.00802038846364424,0.00507075313185889,0.003));
#4492=CARTESIAN_POINT('',(0.00804618708330624,0.00508210925508751,0.003));
#4493=CARTESIAN_POINT('',(0.00807568252291025,0.00509439547789764,0.003));
#4494=CARTESIAN_POINT('',(0.00810891464321614,0.00510746427026349,0.003));
#4495=CARTESIAN_POINT('',(0.00814592693250018,0.00512117158263759,0.003));
#4496=CARTESIAN_POINT('',(0.00818675626331701,0.00513537060875062,0.003));
#4497=CARTESIAN_POINT('',(0.00823143582691707,0.00514991374965765,0.003));
#4498=CARTESIAN_POINT('',(0.00827999423642778,0.0051646521920718,0.003));
#4499=CARTESIAN_POINT('',(0.00833245574257947,0.00517943617814834,0.003));
#4500=CARTESIAN_POINT('',(0.00838884013499386,0.00519411507845927,0.003));
#4501=CARTESIAN_POINT('',(0.00844916273748842,0.00520853752230994,0.003));
#4502=CARTESIAN_POINT('',(0.00851343438075303,0.00522255151279111,0.003));
#4503=CARTESIAN_POINT('',(0.0085816613855003,0.00523600454682277,0.003));
#4504=CARTESIAN_POINT('',(0.00865384554619764,0.00524874373501476,0.003));
#4505=CARTESIAN_POINT('',(0.00872998412003406,0.00526061592005153,0.003));
#4506=CARTESIAN_POINT('',(0.00881006981246147,0.00527146780407482,0.003));
#4507=CARTESIAN_POINT('',(0.00889409079014412,0.00528114604249962,0.003));
#4508=CARTESIAN_POINT('',(0.00898203060293872,0.00528949746877289,0.003));
#4509=CARTESIAN_POINT('',(0.00907386847128911,0.00529636881505427,0.003));
#4510=CARTESIAN_POINT('',(0.00916957818122737,0.00530160837442204,0.003));
#4511=CARTESIAN_POINT('',(0.0092691323489349,0.00530506019644415,0.003));
#4512=CARTESIAN_POINT('',(0.00937248607343745,0.00530658696469527,0.003));
#4513=CARTESIAN_POINT('',(0.00947963969714264,0.00530598281343071,0.003));
#4514=CARTESIAN_POINT('',(0.00956876338661411,0.00530383052767655,0.003));
#4515=CARTESIAN_POINT('',(0.00962235186511671,0.00530156276758545,0.003));
#4516=CARTESIAN_POINT('',(0.00963852798770195,0.00530082807024396,0.003));
#4517=CARTESIAN_POINT('',(0.0077188901914912,0.00489013718414538,0.003));
#4518=CARTESIAN_POINT('',(0.00750686102735656,0.00522459180726571,0.003));
#4519=CARTESIAN_POINT('',(0.00718183157875292,0.00499837925476123,0.003));
#4520=CARTESIAN_POINT('',(-8.44587485072538E-17,-5.78784889276121E-17,0.003));
#4521=CARTESIAN_POINT('',(0.00697304916972849,0.00528574358785487,0.003));
#4522=CARTESIAN_POINT('',(0.00728862971514646,0.00552496143987235,0.003));
#4523=CARTESIAN_POINT('',(0.00703606508144355,0.00582996532045867,0.003));
#4524=CARTESIAN_POINT('',(0.00673750676609288,0.00558287583390968,0.003));
#4525=CARTESIAN_POINT('',(0.00697434615718796,0.00577884126254982,0.003));
#4526=CARTESIAN_POINT('',(0.00723326365124542,0.00599307453460309,0.003));
#4527=CARTESIAN_POINT('',(0.00724081308261048,0.00600016441924975,0.003));
#4528=CARTESIAN_POINT('',(0.00724875250628952,0.00600736636039375,0.003));
#4529=CARTESIAN_POINT('',(0.0072579110639831,0.00601614534419064,0.003));
#4530=CARTESIAN_POINT('',(0.00727002700290824,0.0060281607528701,0.003));
#4531=CARTESIAN_POINT('',(0.00728436481203519,0.0060429883459225,0.003));
#4532=CARTESIAN_POINT('',(0.0073010091453333,0.00606089381954295,0.003));
#4533=CARTESIAN_POINT('',(0.00731978167223671,0.00608192052981605,0.003));
#4534=CARTESIAN_POINT('',(0.00734058115659513,0.00610617570820742,0.003));
#4535=CARTESIAN_POINT('',(0.00736327960666841,0.00613374285383764,0.003));
#4536=CARTESIAN_POINT('',(0.00738775346181218,0.00616470784027342,0.003));
#4537=CARTESIAN_POINT('',(0.00741387449521339,0.00619915110103024,0.003));
#4538=CARTESIAN_POINT('',(0.00744151258859409,0.00623714981344544,0.003));
#4539=CARTESIAN_POINT('',(0.00747053505405073,0.00627877717605494,0.003));
#4540=CARTESIAN_POINT('',(0.00750080695729702,0.00632410253039291,0.003));
#4541=CARTESIAN_POINT('',(0.00753219115656333,0.00637319124456114,0.003));
#4542=CARTESIAN_POINT('',(0.00756454842508415,0.00642610466849321,0.003));
#4543=CARTESIAN_POINT('',(0.00759773755207574,0.00648290007241532,0.003));
#4544=CARTESIAN_POINT('',(0.0076316154516977,0.00654363059372582,0.003));
#4545=CARTESIAN_POINT('',(0.00766603727202017,0.00660834518448446,0.003));
#4546=CARTESIAN_POINT('',(0.00770085650420497,0.00667708856433628,0.003));
#4547=CARTESIAN_POINT('',(0.00773592509918576,0.0067499011673972,0.003));
#4548=CARTESIAN_POINT('',(0.00777109356089387,0.0068268191255789,0.003));
#4549=CARTESIAN_POINT('',(0.0078062111359071,0.00690787412493326,0.003));
#4550=CARTESIAN_POINT('',(0.00784112563661117,0.00699309376529538,0.003));
#4551=CARTESIAN_POINT('',(0.00787568468058802,0.0070824999957172,0.003));
#4552=CARTESIAN_POINT('',(0.00790973148809771,0.0071761149639734,0.003));
#4553=CARTESIAN_POINT('',(0.00794312158829505,0.00727393839980886,0.003));
#4554=CARTESIAN_POINT('',(0.00797565929703182,0.00737603424488624,0.003));
#4555=CARTESIAN_POINT('',(0.00800115308628848,0.00746146100338914,0.003));
#4556=CARTESIAN_POINT('',(0.00801555606883645,0.00751312745147469,0.003));
#4557=CARTESIAN_POINT('',(0.00801985602692424,0.00752873889223201,0.003));
#4558=CARTESIAN_POINT('',(0.00558287583390968,0.00673750676609288,0.003));
#4559=CARTESIAN_POINT('',(0.00577884126254982,0.00697434615718796,0.003));
#4560=CARTESIAN_POINT('',(0.00599307453460309,0.00723326365124542,0.003));
#4561=CARTESIAN_POINT('',(0.00600016441924975,0.00724081308261048,0.003));
#4562=CARTESIAN_POINT('',(0.00600736636039375,0.00724875250628952,0.003));
#4563=CARTESIAN_POINT('',(0.00601614534419064,0.0072579110639831,0.003));
#4564=CARTESIAN_POINT('',(0.0060281607528701,0.00727002700290824,0.003));
#4565=CARTESIAN_POINT('',(0.0060429883459225,0.00728436481203519,0.003));
#4566=CARTESIAN_POINT('',(0.00606089381954295,0.0073010091453333,0.003));
#4567=CARTESIAN_POINT('',(0.00608192052981605,0.00731978167223671,0.003));
#4568=CARTESIAN_POINT('',(0.00610617570820742,0.00734058115659513,0.003));
#4569=CARTESIAN_POINT('',(0.00613374285383764,0.00736327960666841,0.003));
#4570=CARTESIAN_POINT('',(0.00616470784027342,0.00738775346181218,0.003));
#4571=CARTESIAN_POINT('',(0.00619915110103024,0.00741387449521339,0.003));
#4572=CARTESIAN_POINT('',(0.00623714981344544,0.00744151258859409,0.003));
#4573=CARTESIAN_POINT('',(0.00627877717605494,0.00747053505405073,0.003));
#4574=CARTESIAN_POINT('',(0.00632410253039291,0.00750080695729702,0.003));
#4575=CARTESIAN_POINT('',(0.00637319124456114,0.00753219115656333,0.003));
#4576=CARTESIAN_POINT('',(0.00642610466849321,0.00756454842508415,0.003));
#4577=CARTESIAN_POINT('',(0.00648290007241532,0.00759773755207574,0.003));
#4578=CARTESIAN_POINT('',(0.00654363059372582,0.0076316154516977,0.003));
#4579=CARTESIAN_POINT('',(0.00660834518448446,0.00766603727202017,0.003));
#4580=CARTESIAN_POINT('',(0.00667708856433628,0.00770085650420497,0.003));
#4581=CARTESIAN_POINT('',(0.0067499011673972,0.00773592509918576,0.003));
#4582=CARTESIAN_POINT('',(0.0068268191255789,0.00777109356089387,0.003));
#4583=CARTESIAN_POINT('',(0.00690787412493326,0.0078062111359071,0.003));
#4584=CARTESIAN_POINT('',(0.00699309376529538,0.00784112563661117,0.003));
#4585=CARTESIAN_POINT('',(0.0070824999957172,0.00787568468058802,0.003));
#4586=CARTESIAN_POINT('',(0.0071761149639734,0.00790973148809771,0.003));
#4587=CARTESIAN_POINT('',(0.00727393839980886,0.00794312158829505,0.003));
#4588=CARTESIAN_POINT('',(0.00737603424488624,0.00797565929703182,0.003));
#4589=CARTESIAN_POINT('',(0.00746146100338914,0.00800115308628848,0.003));
#4590=CARTESIAN_POINT('',(0.00751312745147469,0.00801555606883645,0.003));
#4591=CARTESIAN_POINT('',(0.00752873889223201,0.00801985602692424,0.003));
#4592=CARTESIAN_POINT('',(0.00582996532045868,0.00703606508144357,0.003));
#4593=CARTESIAN_POINT('',(0.00552496143987236,0.00728862971514648,0.003));
#4594=CARTESIAN_POINT('',(0.00528574358785487,0.00697304916972849,0.003));
#4595=CARTESIAN_POINT('',(-6.24396064385829E-17,-8.11449026603035E-17,0.003));
#4596=CARTESIAN_POINT('',(0.00499837925476123,0.00718183157875292,0.003));
#4597=CARTESIAN_POINT('',(0.00522459180726569,0.00750686102735654,0.003));
#4598=CARTESIAN_POINT('',(0.00489013718414537,0.00771889019149118,0.003));
#4599=CARTESIAN_POINT('',(0.00468254620331202,0.00739163453194544,0.003));
#4600=CARTESIAN_POINT('',(0.0048472372017686,0.00765119612660801,0.003));
#4601=CARTESIAN_POINT('',(0.00502728064984975,0.00793495398180623,0.003));
#4602=CARTESIAN_POINT('',(0.00503226969089984,0.00794402976538889,0.003));
#4603=CARTESIAN_POINT('',(0.00503759500931943,0.00795333263528623,0.003));
#4604=CARTESIAN_POINT('',(0.0050435924601072,0.00796451209500399,0.003));
#4605=CARTESIAN_POINT('',(0.00505140243729667,0.00797968345875522,0.003));
#4606=CARTESIAN_POINT('',(0.00506045652585738,0.00799821596443101,0.003));
#4607=CARTESIAN_POINT('',(0.00507075313185889,0.00802038846364424,0.003));
#4608=CARTESIAN_POINT('',(0.00508210925508751,0.00804618708330624,0.003));
#4609=CARTESIAN_POINT('',(0.00509439547789764,0.00807568252291025,0.003));
#4610=CARTESIAN_POINT('',(0.00510746427026349,0.00810891464321614,0.003));
#4611=CARTESIAN_POINT('',(0.00512117158263759,0.00814592693250018,0.003));
#4612=CARTESIAN_POINT('',(0.00513537060875062,0.00818675626331701,0.003));
#4613=CARTESIAN_POINT('',(0.00514991374965765,0.00823143582691707,0.003));
#4614=CARTESIAN_POINT('',(0.0051646521920718,0.00827999423642778,0.003));
#4615=CARTESIAN_POINT('',(0.00517943617814834,0.00833245574257947,0.003));
#4616=CARTESIAN_POINT('',(0.00519411507845927,0.00838884013499386,0.003));
#4617=CARTESIAN_POINT('',(0.00520853752230994,0.00844916273748842,0.003));
#4618=CARTESIAN_POINT('',(0.00522255151279111,0.00851343438075303,0.003));
#4619=CARTESIAN_POINT('',(0.00523600454682277,0.0085816613855003,0.003));
#4620=CARTESIAN_POINT('',(0.00524874373501476,0.00865384554619764,0.003));
#4621=CARTESIAN_POINT('',(0.00526061592005153,0.00872998412003406,0.003));
#4622=CARTESIAN_POINT('',(0.00527146780407482,0.00881006981246147,0.003));
#4623=CARTESIAN_POINT('',(0.00528114604249962,0.00889409079014412,0.003));
#4624=CARTESIAN_POINT('',(0.00528949746877289,0.00898203060293872,0.003));
#4625=CARTESIAN_POINT('',(0.00529636881505427,0.00907386847128911,0.003));
#4626=CARTESIAN_POINT('',(0.00530160837442204,0.00916957818122737,0.003));
#4627=CARTESIAN_POINT('',(0.00530506019644415,0.0092691323489349,0.003));
#4628=CARTESIAN_POINT('',(0.00530658696469527,0.00937248607343745,0.003));
#4629=CARTESIAN_POINT('',(0.00530598281343071,0.00947963969714264,0.003));
#4630=CARTESIAN_POINT('',(0.00530383052767655,0.00956876338661411,0.003));
#4631=CARTESIAN_POINT('',(0.00530156276758545,0.00962235186511671,0.003));
#4632=CARTESIAN_POINT('',(0.00530082807024396,0.00963852798770195,0.003));
#4633=CARTESIAN_POINT('',(0.00322762635106765,0.00813295322363862,0.003));
#4634=CARTESIAN_POINT('',(0.00334081315215863,0.00841875751761474,0.003));
#4635=CARTESIAN_POINT('',(0.0034645511957474,0.00873120440934591,0.003));
#4636=CARTESIAN_POINT('',(0.00346896117415071,0.00874057524008396,0.003));
#4637=CARTESIAN_POINT('',(0.00347335721036332,0.00875035160291551,0.003));
#4638=CARTESIAN_POINT('',(0.00347887637013852,0.00876177476407644,0.003));
#4639=CARTESIAN_POINT('',(0.0034865596718284,0.00877701067221854,0.003));
#4640=CARTESIAN_POINT('',(0.00349623092413953,0.00879522871725699,0.003));
#4641=CARTESIAN_POINT('',(0.00350811665965445,0.0088165915145406,0.003));
#4642=CARTESIAN_POINT('',(0.00352231321963541,0.0088409428593896,0.003));
#4643=CARTESIAN_POINT('',(0.00353895387095744,0.00886821960684879,0.003));
#4644=CARTESIAN_POINT('',(0.00355815757762611,0.00889832583218693,0.003));
#4645=CARTESIAN_POINT('',(0.00358004419259555,0.00893117055863952,0.003));
#4646=CARTESIAN_POINT('',(0.00360472983694917,0.00896665669058364,0.003));
#4647=CARTESIAN_POINT('',(0.00363232811945571,0.009004684327292,0.003));
#4648=CARTESIAN_POINT('',(0.00366294965887689,0.00904514989466083,0.003));
#4649=CARTESIAN_POINT('',(0.00369670209991823,0.00908794649027037,0.003));
#4650=CARTESIAN_POINT('',(0.00373368999047634,0.0091329638844013,0.003));
#4651=CARTESIAN_POINT('',(0.00377401470124192,0.00918008862270311,0.003));
#4652=CARTESIAN_POINT('',(0.0038177743359688,0.00922920410321293,0.003));
#4653=CARTESIAN_POINT('',(0.00386506364728224,0.00928019066356899,0.003));
#4654=CARTESIAN_POINT('',(0.00391597395306566,0.00933292566841785,0.003));
#4655=CARTESIAN_POINT('',(0.00397059305794969,0.00938728359870459,0.003));
#4656=CARTESIAN_POINT('',(0.00402900516674127,0.00944313614622888,0.003));
#4657=CARTESIAN_POINT('',(0.00409129083975627,0.00950035229715522,0.003));
#4658=CARTESIAN_POINT('',(0.00415752679759021,0.00955879846798758,0.003));
#4659=CARTESIAN_POINT('',(0.00422778631780526,0.0096183384485218,0.003));
#4660=CARTESIAN_POINT('',(0.00430213736394711,0.00967883409709626,0.003));
#4661=CARTESIAN_POINT('',(0.00438064944740523,0.00974014315135643,0.003));
#4662=CARTESIAN_POINT('',(0.00446336695509806,0.00980212812785016,0.003));
#4663=CARTESIAN_POINT('',(0.00455041116888788,0.00986462267895357,0.003));
#4664=CARTESIAN_POINT('',(0.00462377883009671,0.00991526703350293,0.003));
#4665=CARTESIAN_POINT('',(0.0046684657758453,0.00994493089440668,0.003));
#4666=CARTESIAN_POINT('',(0.00468198437818207,0.00995384459806657,0.003));
#4667=CARTESIAN_POINT('',(0.00337036282410278,0.00849325390542201,0.003));
#4668=CARTESIAN_POINT('',(0.00300224013198358,0.00863920576363938,0.003));
#4669=CARTESIAN_POINT('',(0.00287225018663647,0.00826514844787235,0.003));
#4670=CARTESIAN_POINT('',(-3.43084406493844E-17,-9.64682879508231E-17,0.003));
#4671=CARTESIAN_POINT('',(0.00253443315258187,0.00837491185595968,0.003));
#4672=CARTESIAN_POINT('',(0.00264913445141816,0.00875393675410679,0.003));
#4673=CARTESIAN_POINT('',(0.00226552858767382,0.00885223630991021,0.003));
#4674=CARTESIAN_POINT('',(0.00216922539293318,0.00847684854144829,0.003));
#4675=CARTESIAN_POINT('',(0.00224564689635266,0.00877459860477575,0.003));
#4676=CARTESIAN_POINT('',(0.00232919239132286,0.00910010484719489,0.003));
#4677=CARTESIAN_POINT('',(0.0023311326799593,0.00911027812878178,0.003));
#4678=CARTESIAN_POINT('',(0.00233332261384885,0.00912077129771,0.003));
#4679=CARTESIAN_POINT('',(0.00233557188546101,0.00913325690993958,0.003));
#4680=CARTESIAN_POINT('',(0.0023383114059322,0.0091500991499735,0.003));
#4681=CARTESIAN_POINT('',(0.00234119549665481,0.00917052247749357,0.003));
#4682=CARTESIAN_POINT('',(0.00234413647182361,0.00919479160359172,0.003));
#4683=CARTESIAN_POINT('',(0.00234696457491307,0.00922283678400054,0.003));
#4684=CARTESIAN_POINT('',(0.0023495348750831,0.00925468526568193,0.003));
#4685=CARTESIAN_POINT('',(0.00235169474528911,0.00929032936918616,0.003));
#4686=CARTESIAN_POINT('',(0.0023532937476539,0.00932976594056354,0.003));
#4687=CARTESIAN_POINT('',(0.0023541808668724,0.00937298468206536,0.003));
#4688=CARTESIAN_POINT('',(0.00235420547134575,0.00941997154986429,0.003));
#4689=CARTESIAN_POINT('',(0.00235321718928514,0.00947070777082696,0.003));
#4690=CARTESIAN_POINT('',(0.00235106609862866,0.00952517013104944,0.003));
#4691=CARTESIAN_POINT('',(0.00234760282694787,0.0095833309045273,0.003));
#4692=CARTESIAN_POINT('',(0.0023426786768372,0.00964515788895991,0.003));
#4693=CARTESIAN_POINT('',(0.00233614574377846,0.00971061441531741,0.003));
#4694=CARTESIAN_POINT('',(0.002327857035516,0.00977965936891129,0.003));
#4695=CARTESIAN_POINT('',(0.00231766659107813,0.00985224721096165,0.003));
#4696=CARTESIAN_POINT('',(0.00230542959677709,0.00992832800468692,0.003));
#4697=CARTESIAN_POINT('',(0.00229100251182516,0.0100078474409162,0.003));
#4698=CARTESIAN_POINT('',(0.00227424315355739,0.0100907468793957,0.003));
#4699=CARTESIAN_POINT('',(0.00225501093529926,0.0101769633440414,0.003));
#4700=CARTESIAN_POINT('',(0.00223316651190845,0.0102664297099539,0.003));
#4701=CARTESIAN_POINT('',(0.00220857370209007,0.0103590741661511,0.003));
#4702=CARTESIAN_POINT('',(0.00218109265023479,0.0104548224777401,0.003));
#4703=CARTESIAN_POINT('',(0.00215060663582566,0.0105535895082477,0.003));
#4704=CARTESIAN_POINT('',(0.00211691976309491,0.0106553119673092,0.003));
#4705=CARTESIAN_POINT('',(0.00208733208305541,0.0107394085400625,0.003));
#4706=CARTESIAN_POINT('',(0.00206861556448338,0.0107896734353335,0.003));
#4707=CARTESIAN_POINT('',(0.00206291812900731,0.0108048308081623,0.003));
#4708=CARTESIAN_POINT('',(0.000556434312787994,0.00873228955403749,0.003));
#4709=CARTESIAN_POINT('',(0.000575762973620222,0.00903908223528467,0.003));
#4710=CARTESIAN_POINT('',(0.000596893446904364,0.0093744740459814,0.003));
#4711=CARTESIAN_POINT('',(0.000598191839652092,0.00938474899388936,0.003));
#4712=CARTESIAN_POINT('',(0.000599351656279839,0.00939540531736357,0.003));
#4713=CARTESIAN_POINT('',(0.000601070738220303,0.00940797490338757,0.003));
#4714=CARTESIAN_POINT('',(0.000603669837818475,0.00942483938390287,0.003));
#4715=CARTESIAN_POINT('',(0.000607238059828543,0.00944515435567187,0.003));
#4716=CARTESIAN_POINT('',(0.000611940598632943,0.00946914447749949,0.003));
#4717=CARTESIAN_POINT('',(0.000617917350117597,0.00949669096099446,0.003));
#4718=CARTESIAN_POINT('',(0.000625314571476642,0.00952777493346484,0.003));
#4719=CARTESIAN_POINT('',(0.000634275046574927,0.00956234192696934,0.003));
#4720=CARTESIAN_POINT('',(0.000644940875711813,0.0096003424540629,0.003));
#4721=CARTESIAN_POINT('',(0.000657452500797897,0.00964172005470884,0.003));
#4722=CARTESIAN_POINT('',(0.000671948841215502,0.0096864148247097,0.003));
#4723=CARTESIAN_POINT('',(0.000688567107817016,0.00973436244231649,0.003));
#4724=CARTESIAN_POINT('',(0.000707442711465508,0.0097854945013296,0.003));
#4725=CARTESIAN_POINT('',(0.000728709145975879,0.00983973847413297,0.003));
#4726=CARTESIAN_POINT('',(0.000752497879926474,0.00989701778449344,0.003));
#4727=CARTESIAN_POINT('',(0.000778938247519736,0.00995725185308152,0.003));
#4728=CARTESIAN_POINT('',(0.000808157341560751,0.0100203561543998,0.003));
#4729=CARTESIAN_POINT('',(0.0008402799069259,0.010086242274074,0.003));
#4730=CARTESIAN_POINT('',(0.000875428238302417,0.0101548179695123,0.003));
#4731=CARTESIAN_POINT('',(0.000913722068635054,0.0102259872330808,0.003));
#4732=CARTESIAN_POINT('',(0.000955278500838834,0.0102996503577243,0.003));
#4733=CARTESIAN_POINT('',(0.00100021178010651,0.0103757040059563,0.003));
#4734=CARTESIAN_POINT('',(0.00104863368880898,0.0104540412781866,0.003));
#4735=CARTESIAN_POINT('',(0.00110065155224031,0.0105345517957782,0.003));
#4736=CARTESIAN_POINT('',(0.00115637544114561,0.0106171217393926,0.003));
#4737=CARTESIAN_POINT('',(0.00121589005471608,0.0107016340708088,0.003));
#4738=CARTESIAN_POINT('',(0.00127936214309989,0.0107879680621917,0.003));
#4739=CARTESIAN_POINT('',(0.00133348896915298,0.0108588055597505,0.003));
#4740=CARTESIAN_POINT('',(0.00136682214296247,0.0109008265936245,0.003));
#4741=CARTESIAN_POINT('',(0.00137692461189233,0.0109134815074368,0.003));
#4742=CARTESIAN_POINT('',(0.000580845731825089,0.00911906386115817,0.003));
#4743=CARTESIAN_POINT('',(0.000185638642139235,0.00914411615910129,0.003));
#4744=CARTESIAN_POINT('',(0.000177600925006313,0.00874819740926306,0.003));
#4745=CARTESIAN_POINT('',(-2.81892564846232E-18,-1.02348685082632E-16,0.003));
#4746=CARTESIAN_POINT('',(-0.000177600925006313,0.00874819740926306,0.003));
#4747=CARTESIAN_POINT('',(-0.000185638642139234,0.00914411615910127,0.003));
#4748=CARTESIAN_POINT('',(-0.000580845731825087,0.00911906386115815,0.003));
#4749=CARTESIAN_POINT('',(-0.000556434312787993,0.00873228955403749,0.003));
#4750=CARTESIAN_POINT('',(-0.000575762973620221,0.00903908223528467,0.003));
#4751=CARTESIAN_POINT('',(-0.000596893446904363,0.0093744740459814,0.003));
#4752=CARTESIAN_POINT('',(-0.000598191839652091,0.00938474899388936,0.003));
#4753=CARTESIAN_POINT('',(-0.000599351656279838,0.00939540531736357,0.003));
#4754=CARTESIAN_POINT('',(-0.000601070738220302,0.00940797490338757,0.003));
#4755=CARTESIAN_POINT('',(-0.000603669837818474,0.00942483938390287,0.003));
#4756=CARTESIAN_POINT('',(-0.000607238059828542,0.00944515435567187,0.003));
#4757=CARTESIAN_POINT('',(-0.000611940598632942,0.00946914447749949,0.003));
#4758=CARTESIAN_POINT('',(-0.000617917350117596,0.00949669096099446,0.003));
#4759=CARTESIAN_POINT('',(-0.000625314571476641,0.00952777493346484,0.003));
#4760=CARTESIAN_POINT('',(-0.000634275046574926,0.00956234192696934,0.003));
#4761=CARTESIAN_POINT('',(-0.000644940875711812,0.0096003424540629,0.003));
#4762=CARTESIAN_POINT('',(-0.000657452500797896,0.00964172005470884,0.003));
#4763=CARTESIAN_POINT('',(-0.000671948841215501,0.0096864148247097,0.003));
#4764=CARTESIAN_POINT('',(-0.000688567107817015,0.00973436244231649,0.003));
#4765=CARTESIAN_POINT('',(-0.000707442711465507,0.0097854945013296,0.003));
#4766=CARTESIAN_POINT('',(-0.000728709145975877,0.00983973847413297,0.003));
#4767=CARTESIAN_POINT('',(-0.000752497879926473,0.00989701778449344,0.003));
#4768=CARTESIAN_POINT('',(-0.000778938247519735,0.00995725185308152,0.003));
#4769=CARTESIAN_POINT('',(-0.00080815734156075,0.0100203561543998,0.003));
#4770=CARTESIAN_POINT('',(-0.000840279906925899,0.010086242274074,0.003));
#4771=CARTESIAN_POINT('',(-0.000875428238302416,0.0101548179695123,0.003));
#4772=CARTESIAN_POINT('',(-0.000913722068635052,0.0102259872330808,0.003));
#4773=CARTESIAN_POINT('',(-0.000955278500838833,0.0102996503577243,0.003));
#4774=CARTESIAN_POINT('',(-0.00100021178010651,0.0103757040059563,0.003));
#4775=CARTESIAN_POINT('',(-0.00104863368880898,0.0104540412781866,0.003));
#4776=CARTESIAN_POINT('',(-0.00110065155224031,0.0105345517957782,0.003));
#4777=CARTESIAN_POINT('',(-0.00115637544114561,0.0106171217393926,0.003));
#4778=CARTESIAN_POINT('',(-0.00121589005471608,0.0107016340708088,0.003));
#4779=CARTESIAN_POINT('',(-0.00127936214309989,0.0107879680621917,0.003));
#4780=CARTESIAN_POINT('',(-0.00133348896915298,0.0108588055597505,0.003));
#4781=CARTESIAN_POINT('',(-0.00136682214296247,0.0109008265936245,0.003));
#4782=CARTESIAN_POINT('',(-0.00137692461189233,0.0109134815074368,0.003));
#4783=CARTESIAN_POINT('',(-0.00216922539293318,0.00847684854144829,0.003));
#4784=CARTESIAN_POINT('',(-0.00224564689635266,0.00877459860477575,0.003));
#4785=CARTESIAN_POINT('',(-0.00232919239132286,0.00910010484719489,0.003));
#4786=CARTESIAN_POINT('',(-0.0023311326799593,0.00911027812878178,0.003));
#4787=CARTESIAN_POINT('',(-0.00233332261384885,0.00912077129771,0.003));
#4788=CARTESIAN_POINT('',(-0.00233557188546101,0.00913325690993958,0.003));
#4789=CARTESIAN_POINT('',(-0.0023383114059322,0.0091500991499735,0.003));
#4790=CARTESIAN_POINT('',(-0.0023411954966548,0.00917052247749357,0.003));
#4791=CARTESIAN_POINT('',(-0.00234413647182361,0.00919479160359172,0.003));
#4792=CARTESIAN_POINT('',(-0.00234696457491307,0.00922283678400054,0.003));
#4793=CARTESIAN_POINT('',(-0.00234953487508309,0.00925468526568193,0.003));
#4794=CARTESIAN_POINT('',(-0.00235169474528911,0.00929032936918616,0.003));
#4795=CARTESIAN_POINT('',(-0.0023532937476539,0.00932976594056354,0.003));
#4796=CARTESIAN_POINT('',(-0.0023541808668724,0.00937298468206536,0.003));
#4797=CARTESIAN_POINT('',(-0.00235420547134575,0.00941997154986429,0.003));
#4798=CARTESIAN_POINT('',(-0.00235321718928513,0.00947070777082696,0.003));
#4799=CARTESIAN_POINT('',(-0.00235106609862866,0.00952517013104944,0.003));
#4800=CARTESIAN_POINT('',(-0.00234760282694787,0.0095833309045273,0.003));
#4801=CARTESIAN_POINT('',(-0.0023426786768372,0.00964515788895991,0.003));
#4802=CARTESIAN_POINT('',(-0.00233614574377846,0.00971061441531741,0.003));
#4803=CARTESIAN_POINT('',(-0.002327857035516,0.00977965936891129,0.003));
#4804=CARTESIAN_POINT('',(-0.00231766659107813,0.00985224721096166,0.003));
#4805=CARTESIAN_POINT('',(-0.00230542959677709,0.00992832800468692,0.003));
#4806=CARTESIAN_POINT('',(-0.00229100251182516,0.0100078474409162,0.003));
#4807=CARTESIAN_POINT('',(-0.00227424315355739,0.0100907468793957,0.003));
#4808=CARTESIAN_POINT('',(-0.00225501093529926,0.0101769633440414,0.003));
#4809=CARTESIAN_POINT('',(-0.00223316651190845,0.0102664297099539,0.003));
#4810=CARTESIAN_POINT('',(-0.00220857370209007,0.0103590741661511,0.003));
#4811=CARTESIAN_POINT('',(-0.00218109265023479,0.0104548224777401,0.003));
#4812=CARTESIAN_POINT('',(-0.00215060663582566,0.0105535895082477,0.003));
#4813=CARTESIAN_POINT('',(-0.00211691976309491,0.0106553119673092,0.003));
#4814=CARTESIAN_POINT('',(-0.0020873320830554,0.0107394085400625,0.003));
#4815=CARTESIAN_POINT('',(-0.00206861556448338,0.0107896734353335,0.003));
#4816=CARTESIAN_POINT('',(-0.00206291812900731,0.0108048308081623,0.003));
#4817=CARTESIAN_POINT('',(-0.00226552858767382,0.00885223630991023,0.003));
#4818=CARTESIAN_POINT('',(-0.00264913445141817,0.00875393675410681,0.003));
#4819=CARTESIAN_POINT('',(-0.00253443315258187,0.00837491185595968,0.003));
#4820=CARTESIAN_POINT('',(2.89465254355412E-17,-9.82104798133317E-17,0.003));
#4821=CARTESIAN_POINT('',(-0.00287225018663647,0.00826514844787235,0.003));
#4822=CARTESIAN_POINT('',(-0.00300224013198356,0.00863920576363937,0.003));
#4823=CARTESIAN_POINT('',(-0.00337036282410277,0.008493253905422,0.003));
#4824=CARTESIAN_POINT('',(-0.00322762635106765,0.00813295322363862,0.003));
#4825=CARTESIAN_POINT('',(-0.00334081315215863,0.00841875751761474,0.003));
#4826=CARTESIAN_POINT('',(-0.0034645511957474,0.00873120440934591,0.003));
#4827=CARTESIAN_POINT('',(-0.00346896117415071,0.00874057524008396,0.003));
#4828=CARTESIAN_POINT('',(-0.00347335721036332,0.00875035160291551,0.003));
#4829=CARTESIAN_POINT('',(-0.00347887637013852,0.00876177476407645,0.003));
#4830=CARTESIAN_POINT('',(-0.0034865596718284,0.00877701067221855,0.003));
#4831=CARTESIAN_POINT('',(-0.00349623092413953,0.00879522871725699,0.003));
#4832=CARTESIAN_POINT('',(-0.00350811665965444,0.0088165915145406,0.003));
#4833=CARTESIAN_POINT('',(-0.00352231321963541,0.0088409428593896,0.003));
#4834=CARTESIAN_POINT('',(-0.00353895387095744,0.00886821960684879,0.003));
#4835=CARTESIAN_POINT('',(-0.0035581575776261,0.00889832583218693,0.003));
#4836=CARTESIAN_POINT('',(-0.00358004419259555,0.00893117055863952,0.003));
#4837=CARTESIAN_POINT('',(-0.00360472983694916,0.00896665669058364,0.003));
#4838=CARTESIAN_POINT('',(-0.00363232811945571,0.009004684327292,0.003));
#4839=CARTESIAN_POINT('',(-0.00366294965887689,0.00904514989466084,0.003));
#4840=CARTESIAN_POINT('',(-0.00369670209991823,0.00908794649027037,0.003));
#4841=CARTESIAN_POINT('',(-0.00373368999047634,0.0091329638844013,0.003));
#4842=CARTESIAN_POINT('',(-0.00377401470124192,0.00918008862270311,0.003));
#4843=CARTESIAN_POINT('',(-0.0038177743359688,0.00922920410321293,0.003));
#4844=CARTESIAN_POINT('',(-0.00386506364728224,0.00928019066356899,0.003));
#4845=CARTESIAN_POINT('',(-0.00391597395306565,0.00933292566841785,0.003));
#4846=CARTESIAN_POINT('',(-0.00397059305794969,0.00938728359870459,0.003));
#4847=CARTESIAN_POINT('',(-0.00402900516674127,0.00944313614622888,0.003));
#4848=CARTESIAN_POINT('',(-0.00409129083975627,0.00950035229715522,0.003));
#4849=CARTESIAN_POINT('',(-0.00415752679759021,0.00955879846798759,0.003));
#4850=CARTESIAN_POINT('',(-0.00422778631780526,0.0096183384485218,0.003));
#4851=CARTESIAN_POINT('',(-0.00430213736394711,0.00967883409709626,0.003));
#4852=CARTESIAN_POINT('',(-0.00438064944740523,0.00974014315135643,0.003));
#4853=CARTESIAN_POINT('',(-0.00446336695509806,0.00980212812785016,0.003));
#4854=CARTESIAN_POINT('',(-0.00455041116888788,0.00986462267895357,0.003));
#4855=CARTESIAN_POINT('',(-0.00462377883009671,0.00991526703350293,0.003));
#4856=CARTESIAN_POINT('',(-0.00466846577584529,0.00994493089440669,0.003));
#4857=CARTESIAN_POINT('',(-0.00468198437818207,0.00995384459806657,0.003));
#4858=CARTESIAN_POINT('',(-0.00468254620331202,0.00739163453194544,0.003));
#4859=CARTESIAN_POINT('',(-0.0048472372017686,0.00765119612660801,0.003));
#4860=CARTESIAN_POINT('',(-0.00502728064984975,0.00793495398180623,0.003));
#4861=CARTESIAN_POINT('',(-0.00503226969089984,0.00794402976538889,0.003));
#4862=CARTESIAN_POINT('',(-0.00503759500931943,0.00795333263528623,0.003));
#4863=CARTESIAN_POINT('',(-0.0050435924601072,0.00796451209500399,0.003));
#4864=CARTESIAN_POINT('',(-0.00505140243729667,0.00797968345875522,0.003));
#4865=CARTESIAN_POINT('',(-0.00506045652585738,0.00799821596443101,0.003));
#4866=CARTESIAN_POINT('',(-0.00507075313185889,0.00802038846364424,0.003));
#4867=CARTESIAN_POINT('',(-0.00508210925508751,0.00804618708330624,0.003));
#4868=CARTESIAN_POINT('',(-0.00509439547789764,0.00807568252291025,0.003));
#4869=CARTESIAN_POINT('',(-0.00510746427026349,0.00810891464321614,0.003));
#4870=CARTESIAN_POINT('',(-0.00512117158263759,0.00814592693250018,0.003));
#4871=CARTESIAN_POINT('',(-0.00513537060875062,0.00818675626331701,0.003));
#4872=CARTESIAN_POINT('',(-0.00514991374965765,0.00823143582691707,0.003));
#4873=CARTESIAN_POINT('',(-0.0051646521920718,0.00827999423642778,0.003));
#4874=CARTESIAN_POINT('',(-0.00517943617814834,0.00833245574257947,0.003));
#4875=CARTESIAN_POINT('',(-0.00519411507845927,0.00838884013499386,0.003));
#4876=CARTESIAN_POINT('',(-0.00520853752230994,0.00844916273748842,0.003));
#4877=CARTESIAN_POINT('',(-0.00522255151279111,0.00851343438075303,0.003));
#4878=CARTESIAN_POINT('',(-0.00523600454682277,0.0085816613855003,0.003));
#4879=CARTESIAN_POINT('',(-0.00524874373501476,0.00865384554619764,0.003));
#4880=CARTESIAN_POINT('',(-0.00526061592005153,0.00872998412003406,0.003));
#4881=CARTESIAN_POINT('',(-0.00527146780407482,0.00881006981246147,0.003));
#4882=CARTESIAN_POINT('',(-0.00528114604249962,0.00889409079014413,0.003));
#4883=CARTESIAN_POINT('',(-0.00528949746877289,0.00898203060293872,0.003));
#4884=CARTESIAN_POINT('',(-0.00529636881505427,0.00907386847128911,0.003));
#4885=CARTESIAN_POINT('',(-0.00530160837442204,0.00916957818122737,0.003));
#4886=CARTESIAN_POINT('',(-0.00530506019644415,0.0092691323489349,0.003));
#4887=CARTESIAN_POINT('',(-0.00530658696469527,0.00937248607343745,0.003));
#4888=CARTESIAN_POINT('',(-0.00530598281343071,0.00947963969714264,0.003));
#4889=CARTESIAN_POINT('',(-0.00530383052767655,0.00956876338661411,0.003));
#4890=CARTESIAN_POINT('',(-0.00530156276758545,0.00962235186511671,0.003));
#4891=CARTESIAN_POINT('',(-0.00530082807024396,0.00963852798770195,0.003));
#4892=CARTESIAN_POINT('',(-0.00489013718414538,0.0077188901914912,0.003));
#4893=CARTESIAN_POINT('',(-0.00522459180726571,0.00750686102735656,0.003));
#4894=CARTESIAN_POINT('',(-0.00499837925476123,0.00718183157875292,0.003));
#4895=CARTESIAN_POINT('',(5.78784889276121E-17,-8.44587485072538E-17,0.003));
#4896=CARTESIAN_POINT('',(-0.00528574358785487,0.00697304916972849,0.003));
#4897=CARTESIAN_POINT('',(-0.00552496143987235,0.00728862971514646,0.003));
#4898=CARTESIAN_POINT('',(-0.00582996532045867,0.00703606508144355,0.003));
#4899=CARTESIAN_POINT('',(-0.00558287583390968,0.00673750676609288,0.003));
#4900=CARTESIAN_POINT('',(-0.00577884126254982,0.00697434615718796,0.003));
#4901=CARTESIAN_POINT('',(-0.00599307453460309,0.00723326365124542,0.003));
#4902=CARTESIAN_POINT('',(-0.00600016441924975,0.00724081308261048,0.003));
#4903=CARTESIAN_POINT('',(-0.00600736636039375,0.00724875250628952,0.003));
#4904=CARTESIAN_POINT('',(-0.00601614534419064,0.0072579110639831,0.003));
#4905=CARTESIAN_POINT('',(-0.0060281607528701,0.00727002700290824,0.003));
#4906=CARTESIAN_POINT('',(-0.0060429883459225,0.00728436481203519,0.003));
#4907=CARTESIAN_POINT('',(-0.00606089381954295,0.0073010091453333,0.003));
#4908=CARTESIAN_POINT('',(-0.00608192052981605,0.00731978167223671,0.003));
#4909=CARTESIAN_POINT('',(-0.00610617570820742,0.00734058115659513,0.003));
#4910=CARTESIAN_POINT('',(-0.00613374285383764,0.00736327960666841,0.003));
#4911=CARTESIAN_POINT('',(-0.00616470784027342,0.00738775346181218,0.003));
#4912=CARTESIAN_POINT('',(-0.00619915110103024,0.00741387449521339,0.003));
#4913=CARTESIAN_POINT('',(-0.00623714981344544,0.00744151258859409,0.003));
#4914=CARTESIAN_POINT('',(-0.00627877717605494,0.00747053505405074,0.003));
#4915=CARTESIAN_POINT('',(-0.00632410253039291,0.00750080695729702,0.003));
#4916=CARTESIAN_POINT('',(-0.00637319124456115,0.00753219115656333,0.003));
#4917=CARTESIAN_POINT('',(-0.00642610466849321,0.00756454842508415,0.003));
#4918=CARTESIAN_POINT('',(-0.00648290007241532,0.00759773755207574,0.003));
#4919=CARTESIAN_POINT('',(-0.00654363059372582,0.0076316154516977,0.003));
#4920=CARTESIAN_POINT('',(-0.00660834518448446,0.00766603727202017,0.003));
#4921=CARTESIAN_POINT('',(-0.00667708856433628,0.00770085650420498,0.003));
#4922=CARTESIAN_POINT('',(-0.0067499011673972,0.00773592509918576,0.003));
#4923=CARTESIAN_POINT('',(-0.0068268191255789,0.00777109356089387,0.003));
#4924=CARTESIAN_POINT('',(-0.00690787412493326,0.0078062111359071,0.003));
#4925=CARTESIAN_POINT('',(-0.00699309376529538,0.00784112563661117,0.003));
#4926=CARTESIAN_POINT('',(-0.0070824999957172,0.00787568468058802,0.003));
#4927=CARTESIAN_POINT('',(-0.0071761149639734,0.00790973148809771,0.003));
#4928=CARTESIAN_POINT('',(-0.00727393839980886,0.00794312158829505,0.003));
#4929=CARTESIAN_POINT('',(-0.00737603424488624,0.00797565929703182,0.003));
#4930=CARTESIAN_POINT('',(-0.00746146100338914,0.00800115308628848,0.003));
#4931=CARTESIAN_POINT('',(-0.00751312745147469,0.00801555606883645,0.003));
#4932=CARTESIAN_POINT('',(-0.00752873889223201,0.00801985602692425,0.003));
#4933=CARTESIAN_POINT('',(-0.00673750676609288,0.00558287583390968,0.003));
#4934=CARTESIAN_POINT('',(-0.00697434615718796,0.00577884126254983,0.003));
#4935=CARTESIAN_POINT('',(-0.00723326365124542,0.00599307453460309,0.003));
#4936=CARTESIAN_POINT('',(-0.00724081308261048,0.00600016441924975,0.003));
#4937=CARTESIAN_POINT('',(-0.00724875250628951,0.00600736636039375,0.003));
#4938=CARTESIAN_POINT('',(-0.0072579110639831,0.00601614534419064,0.003));
#4939=CARTESIAN_POINT('',(-0.00727002700290824,0.0060281607528701,0.003));
#4940=CARTESIAN_POINT('',(-0.00728436481203519,0.0060429883459225,0.003));
#4941=CARTESIAN_POINT('',(-0.0073010091453333,0.00606089381954295,0.003));
#4942=CARTESIAN_POINT('',(-0.00731978167223671,0.00608192052981605,0.003));
#4943=CARTESIAN_POINT('',(-0.00734058115659513,0.00610617570820742,0.003));
#4944=CARTESIAN_POINT('',(-0.00736327960666841,0.00613374285383764,0.003));
#4945=CARTESIAN_POINT('',(-0.00738775346181218,0.00616470784027342,0.003));
#4946=CARTESIAN_POINT('',(-0.00741387449521339,0.00619915110103024,0.003));
#4947=CARTESIAN_POINT('',(-0.00744151258859409,0.00623714981344544,0.003));
#4948=CARTESIAN_POINT('',(-0.00747053505405073,0.00627877717605494,0.003));
#4949=CARTESIAN_POINT('',(-0.00750080695729702,0.00632410253039292,0.003));
#4950=CARTESIAN_POINT('',(-0.00753219115656333,0.00637319124456115,0.003));
#4951=CARTESIAN_POINT('',(-0.00756454842508415,0.00642610466849321,0.003));
#4952=CARTESIAN_POINT('',(-0.00759773755207574,0.00648290007241532,0.003));
#4953=CARTESIAN_POINT('',(-0.0076316154516977,0.00654363059372583,0.003));
#4954=CARTESIAN_POINT('',(-0.00766603727202017,0.00660834518448446,0.003));
#4955=CARTESIAN_POINT('',(-0.00770085650420497,0.00667708856433628,0.003));
#4956=CARTESIAN_POINT('',(-0.00773592509918576,0.0067499011673972,0.003));
#4957=CARTESIAN_POINT('',(-0.00777109356089387,0.0068268191255789,0.003));
#4958=CARTESIAN_POINT('',(-0.0078062111359071,0.00690787412493326,0.003));
#4959=CARTESIAN_POINT('',(-0.00784112563661117,0.00699309376529538,0.003));
#4960=CARTESIAN_POINT('',(-0.00787568468058802,0.0070824999957172,0.003));
#4961=CARTESIAN_POINT('',(-0.00790973148809771,0.0071761149639734,0.003));
#4962=CARTESIAN_POINT('',(-0.00794312158829505,0.00727393839980886,0.003));
#4963=CARTESIAN_POINT('',(-0.00797565929703182,0.00737603424488624,0.003));
#4964=CARTESIAN_POINT('',(-0.00800115308628848,0.00746146100338914,0.003));
#4965=CARTESIAN_POINT('',(-0.00801555606883645,0.00751312745147469,0.003));
#4966=CARTESIAN_POINT('',(-0.00801985602692424,0.00752873889223201,0.003));
#4967=CARTESIAN_POINT('',(-0.00703606508144357,0.00582996532045868,0.003));
#4968=CARTESIAN_POINT('',(-0.00728862971514647,0.00552496143987237,0.003));
#4969=CARTESIAN_POINT('',(-0.00697304916972849,0.00528574358785487,0.003));
#4970=CARTESIAN_POINT('',(8.11449026603035E-17,-6.2439606438583E-17,0.003));
#4971=CARTESIAN_POINT('',(-0.00718183157875291,0.00499837925476123,0.003));
#4972=CARTESIAN_POINT('',(-0.00750686102735654,0.00522459180726569,0.003));
#4973=CARTESIAN_POINT('',(-0.00771889019149118,0.00489013718414537,0.003));
#4974=CARTESIAN_POINT('',(-0.00739163453194544,0.00468254620331202,0.003));
#4975=CARTESIAN_POINT('',(-0.00765119612660801,0.0048472372017686,0.003));
#4976=CARTESIAN_POINT('',(-0.00793495398180623,0.00502728064984975,0.003));
#4977=CARTESIAN_POINT('',(-0.00794402976538889,0.00503226969089984,0.003));
#4978=CARTESIAN_POINT('',(-0.00795333263528623,0.00503759500931943,0.003));
#4979=CARTESIAN_POINT('',(-0.00796451209500399,0.0050435924601072,0.003));
#4980=CARTESIAN_POINT('',(-0.00797968345875522,0.00505140243729667,0.003));
#4981=CARTESIAN_POINT('',(-0.00799821596443101,0.00506045652585738,0.003));
#4982=CARTESIAN_POINT('',(-0.00802038846364424,0.00507075313185889,0.003));
#4983=CARTESIAN_POINT('',(-0.00804618708330624,0.00508210925508751,0.003));
#4984=CARTESIAN_POINT('',(-0.00807568252291024,0.00509439547789764,0.003));
#4985=CARTESIAN_POINT('',(-0.00810891464321614,0.00510746427026349,0.003));
#4986=CARTESIAN_POINT('',(-0.00814592693250017,0.00512117158263759,0.003));
#4987=CARTESIAN_POINT('',(-0.00818675626331701,0.00513537060875063,0.003));
#4988=CARTESIAN_POINT('',(-0.00823143582691707,0.00514991374965765,0.003));
#4989=CARTESIAN_POINT('',(-0.00827999423642778,0.0051646521920718,0.003));
#4990=CARTESIAN_POINT('',(-0.00833245574257947,0.00517943617814834,0.003));
#4991=CARTESIAN_POINT('',(-0.00838884013499385,0.00519411507845927,0.003));
#4992=CARTESIAN_POINT('',(-0.00844916273748842,0.00520853752230994,0.003));
#4993=CARTESIAN_POINT('',(-0.00851343438075303,0.00522255151279111,0.003));
#4994=CARTESIAN_POINT('',(-0.0085816613855003,0.00523600454682277,0.003));
#4995=CARTESIAN_POINT('',(-0.00865384554619764,0.00524874373501476,0.003));
#4996=CARTESIAN_POINT('',(-0.00872998412003406,0.00526061592005153,0.003));
#4997=CARTESIAN_POINT('',(-0.00881006981246147,0.00527146780407482,0.003));
#4998=CARTESIAN_POINT('',(-0.00889409079014412,0.00528114604249962,0.003));
#4999=CARTESIAN_POINT('',(-0.00898203060293872,0.00528949746877289,0.003));
#5000=CARTESIAN_POINT('',(-0.00907386847128911,0.00529636881505427,0.003));
#5001=CARTESIAN_POINT('',(-0.00916957818122737,0.00530160837442205,0.003));
#5002=CARTESIAN_POINT('',(-0.00926913234893489,0.00530506019644415,0.003));
#5003=CARTESIAN_POINT('',(-0.00937248607343745,0.00530658696469527,0.003));
#5004=CARTESIAN_POINT('',(-0.00947963969714264,0.00530598281343071,0.003));
#5005=CARTESIAN_POINT('',(-0.00956876338661411,0.00530383052767655,0.003));
#5006=CARTESIAN_POINT('',(-0.00962235186511671,0.00530156276758545,0.003));
#5007=CARTESIAN_POINT('',(-0.00963852798770195,0.00530082807024396,0.003));
#5008=CARTESIAN_POINT('',(-0.00813295322363862,0.00322762635106765,0.003));
#5009=CARTESIAN_POINT('',(-0.00841875751761474,0.00334081315215863,0.003));
#5010=CARTESIAN_POINT('',(-0.00873120440934591,0.0034645511957474,0.003));
#5011=CARTESIAN_POINT('',(-0.00874057524008396,0.00346896117415071,0.003));
#5012=CARTESIAN_POINT('',(-0.00875035160291551,0.00347335721036332,0.003));
#5013=CARTESIAN_POINT('',(-0.00876177476407644,0.00347887637013852,0.003));
#5014=CARTESIAN_POINT('',(-0.00877701067221854,0.0034865596718284,0.003));
#5015=CARTESIAN_POINT('',(-0.00879522871725699,0.00349623092413953,0.003));
#5016=CARTESIAN_POINT('',(-0.0088165915145406,0.00350811665965445,0.003));
#5017=CARTESIAN_POINT('',(-0.0088409428593896,0.00352231321963541,0.003));
#5018=CARTESIAN_POINT('',(-0.00886821960684879,0.00353895387095744,0.003));
#5019=CARTESIAN_POINT('',(-0.00889832583218693,0.00355815757762611,0.003));
#5020=CARTESIAN_POINT('',(-0.00893117055863952,0.00358004419259555,0.003));
#5021=CARTESIAN_POINT('',(-0.00896665669058364,0.00360472983694917,0.003));
#5022=CARTESIAN_POINT('',(-0.009004684327292,0.00363232811945571,0.003));
#5023=CARTESIAN_POINT('',(-0.00904514989466083,0.00366294965887689,0.003));
#5024=CARTESIAN_POINT('',(-0.00908794649027037,0.00369670209991823,0.003));
#5025=CARTESIAN_POINT('',(-0.0091329638844013,0.00373368999047634,0.003));
#5026=CARTESIAN_POINT('',(-0.00918008862270311,0.00377401470124192,0.003));
#5027=CARTESIAN_POINT('',(-0.00922920410321293,0.0038177743359688,0.003));
#5028=CARTESIAN_POINT('',(-0.00928019066356899,0.00386506364728224,0.003));
#5029=CARTESIAN_POINT('',(-0.00933292566841785,0.00391597395306566,0.003));
#5030=CARTESIAN_POINT('',(-0.00938728359870459,0.00397059305794969,0.003));
#5031=CARTESIAN_POINT('',(-0.00944313614622888,0.00402900516674127,0.003));
#5032=CARTESIAN_POINT('',(-0.00950035229715522,0.00409129083975627,0.003));
#5033=CARTESIAN_POINT('',(-0.00955879846798758,0.00415752679759021,0.003));
#5034=CARTESIAN_POINT('',(-0.0096183384485218,0.00422778631780526,0.003));
#5035=CARTESIAN_POINT('',(-0.00967883409709626,0.00430213736394711,0.003));
#5036=CARTESIAN_POINT('',(-0.00974014315135643,0.00438064944740523,0.003));
#5037=CARTESIAN_POINT('',(-0.00980212812785016,0.00446336695509806,0.003));
#5038=CARTESIAN_POINT('',(-0.00986462267895357,0.00455041116888788,0.003));
#5039=CARTESIAN_POINT('',(-0.00991526703350293,0.00462377883009671,0.003));
#5040=CARTESIAN_POINT('',(-0.00994493089440668,0.0046684657758453,0.003));
#5041=CARTESIAN_POINT('',(-0.00995384459806657,0.00468198437818207,0.003));
#5042=CARTESIAN_POINT('',(-0.00849325390542201,0.00337036282410278,0.003));
#5043=CARTESIAN_POINT('',(-0.00863920576363938,0.00300224013198358,0.003));
#5044=CARTESIAN_POINT('',(-0.00826514844787235,0.00287225018663647,0.003));
#5045=CARTESIAN_POINT('',(9.64682879508231E-17,-3.43084406493845E-17,0.003));
#5046=CARTESIAN_POINT('',(0.,2.81668763803891E-19,0.003));
#5047=CARTESIAN_POINT('',(0.,2.81668763803891E-19,0.));
#5048=CARTESIAN_POINT('',(0.0046,2.81668763803891E-19,0.));
#5049=CARTESIAN_POINT('',(0.,2.81668763803891E-19,0.0208));
#5050=CARTESIAN_POINT('',(0.0046,2.81668763803891E-19,0.0208));
#5051=CARTESIAN_POINT('',(0.,6.73555739531044E-19,0.003));
#5052=CARTESIAN_POINT('',(0.0108048308081623,-0.00206291812900731,0.003));
#5053=CARTESIAN_POINT('',(0.0108048308081623,-0.00206291812900731,0.));
#5054=CARTESIAN_POINT('',(0.,6.73555739531044E-19,0.));
#5055=CARTESIAN_POINT('',(0.0109134815074368,-0.00137692461189233,0.));
#5056=CARTESIAN_POINT('',(0.0109134815074368,-0.00137692461189233,0.003));
#5057=CARTESIAN_POINT('',(0.,0.,0.));
#5058=CARTESIAN_POINT('',(-0.00863920576363938,0.00300224013198358,0.));
#5059=CARTESIAN_POINT('',(-0.00849325390542201,0.00337036282410278,0.));
#5060=CARTESIAN_POINT('',(-0.00826514844787235,0.00287225018663647,0.));
#5061=CARTESIAN_POINT('',(-0.00813295322363862,0.00322762635106765,0.));
#5062=CARTESIAN_POINT('',(-0.00841875751761474,0.00334081315215863,0.));
#5063=CARTESIAN_POINT('',(-0.00873120440934591,0.0034645511957474,0.));
#5064=CARTESIAN_POINT('',(-0.00874057524008396,0.00346896117415071,0.));
#5065=CARTESIAN_POINT('',(-0.00875035160291551,0.00347335721036332,0.));
#5066=CARTESIAN_POINT('',(-0.00876177476407644,0.00347887637013852,0.));
#5067=CARTESIAN_POINT('',(-0.00877701067221854,0.0034865596718284,0.));
#5068=CARTESIAN_POINT('',(-0.00879522871725699,0.00349623092413953,0.));
#5069=CARTESIAN_POINT('',(-0.0088165915145406,0.00350811665965445,0.));
#5070=CARTESIAN_POINT('',(-0.0088409428593896,0.00352231321963541,0.));
#5071=CARTESIAN_POINT('',(-0.00886821960684879,0.00353895387095744,0.));
#5072=CARTESIAN_POINT('',(-0.00889832583218693,0.00355815757762611,0.));
#5073=CARTESIAN_POINT('',(-0.00893117055863952,0.00358004419259555,0.));
#5074=CARTESIAN_POINT('',(-0.00896665669058364,0.00360472983694917,0.));
#5075=CARTESIAN_POINT('',(-0.009004684327292,0.00363232811945571,0.));
#5076=CARTESIAN_POINT('',(-0.00904514989466083,0.00366294965887689,0.));
#5077=CARTESIAN_POINT('',(-0.00908794649027037,0.00369670209991823,0.));
#5078=CARTESIAN_POINT('',(-0.0091329638844013,0.00373368999047634,0.));
#5079=CARTESIAN_POINT('',(-0.00918008862270311,0.00377401470124192,0.));
#5080=CARTESIAN_POINT('',(-0.00922920410321293,0.0038177743359688,0.));
#5081=CARTESIAN_POINT('',(-0.00928019066356899,0.00386506364728224,0.));
#5082=CARTESIAN_POINT('',(-0.00933292566841785,0.00391597395306566,0.));
#5083=CARTESIAN_POINT('',(-0.00938728359870459,0.00397059305794969,0.));
#5084=CARTESIAN_POINT('',(-0.00944313614622888,0.00402900516674127,0.));
#5085=CARTESIAN_POINT('',(-0.00950035229715522,0.00409129083975627,0.));
#5086=CARTESIAN_POINT('',(-0.00955879846798758,0.00415752679759021,0.));
#5087=CARTESIAN_POINT('',(-0.0096183384485218,0.00422778631780526,0.));
#5088=CARTESIAN_POINT('',(-0.00967883409709626,0.00430213736394711,0.));
#5089=CARTESIAN_POINT('',(-0.00974014315135643,0.00438064944740523,0.));
#5090=CARTESIAN_POINT('',(-0.00980212812785016,0.00446336695509806,0.));
#5091=CARTESIAN_POINT('',(-0.00986462267895357,0.00455041116888788,0.));
#5092=CARTESIAN_POINT('',(-0.00991526703350293,0.00462377883009671,0.));
#5093=CARTESIAN_POINT('',(-0.00994493089440668,0.0046684657758453,0.));
#5094=CARTESIAN_POINT('',(-0.00995384459806657,0.00468198437818207,0.));
#5095=CARTESIAN_POINT('',(-0.00739163453194544,0.00468254620331202,0.));
#5096=CARTESIAN_POINT('',(-0.00765119612660801,0.0048472372017686,0.));
#5097=CARTESIAN_POINT('',(-0.00793495398180623,0.00502728064984975,0.));
#5098=CARTESIAN_POINT('',(-0.00794402976538889,0.00503226969089984,0.));
#5099=CARTESIAN_POINT('',(-0.00795333263528623,0.00503759500931943,0.));
#5100=CARTESIAN_POINT('',(-0.00796451209500399,0.0050435924601072,0.));
#5101=CARTESIAN_POINT('',(-0.00797968345875522,0.00505140243729667,0.));
#5102=CARTESIAN_POINT('',(-0.00799821596443101,0.00506045652585738,0.));
#5103=CARTESIAN_POINT('',(-0.00802038846364424,0.00507075313185889,0.));
#5104=CARTESIAN_POINT('',(-0.00804618708330624,0.00508210925508751,0.));
#5105=CARTESIAN_POINT('',(-0.00807568252291024,0.00509439547789764,0.));
#5106=CARTESIAN_POINT('',(-0.00810891464321614,0.00510746427026349,0.));
#5107=CARTESIAN_POINT('',(-0.00814592693250017,0.00512117158263759,0.));
#5108=CARTESIAN_POINT('',(-0.00818675626331701,0.00513537060875063,0.));
#5109=CARTESIAN_POINT('',(-0.00823143582691707,0.00514991374965765,0.));
#5110=CARTESIAN_POINT('',(-0.00827999423642778,0.0051646521920718,0.));
#5111=CARTESIAN_POINT('',(-0.00833245574257947,0.00517943617814834,0.));
#5112=CARTESIAN_POINT('',(-0.00838884013499385,0.00519411507845927,0.));
#5113=CARTESIAN_POINT('',(-0.00844916273748842,0.00520853752230994,0.));
#5114=CARTESIAN_POINT('',(-0.00851343438075303,0.00522255151279111,0.));
#5115=CARTESIAN_POINT('',(-0.0085816613855003,0.00523600454682277,0.));
#5116=CARTESIAN_POINT('',(-0.00865384554619764,0.00524874373501476,0.));
#5117=CARTESIAN_POINT('',(-0.00872998412003406,0.00526061592005153,0.));
#5118=CARTESIAN_POINT('',(-0.00881006981246147,0.00527146780407482,0.));
#5119=CARTESIAN_POINT('',(-0.00889409079014412,0.00528114604249962,0.));
#5120=CARTESIAN_POINT('',(-0.00898203060293872,0.00528949746877289,0.));
#5121=CARTESIAN_POINT('',(-0.00907386847128911,0.00529636881505427,0.));
#5122=CARTESIAN_POINT('',(-0.00916957818122737,0.00530160837442205,0.));
#5123=CARTESIAN_POINT('',(-0.00926913234893489,0.00530506019644415,0.));
#5124=CARTESIAN_POINT('',(-0.00937248607343745,0.00530658696469527,0.));
#5125=CARTESIAN_POINT('',(-0.00947963969714264,0.00530598281343071,0.));
#5126=CARTESIAN_POINT('',(-0.00956876338661411,0.00530383052767655,0.));
#5127=CARTESIAN_POINT('',(-0.00962235186511671,0.00530156276758545,0.));
#5128=CARTESIAN_POINT('',(-0.00963852798770195,0.00530082807024396,0.));
#5129=CARTESIAN_POINT('',(-0.00771889019149118,0.00489013718414537,0.));
#5130=CARTESIAN_POINT('',(-0.00750686102735654,0.00522459180726569,0.));
#5131=CARTESIAN_POINT('',(-0.00718183157875288,0.00499837925476121,0.));
#5132=CARTESIAN_POINT('',(8.11449026603035E-17,-6.2439606438583E-17,0.));
#5133=CARTESIAN_POINT('',(-0.00697304916972849,0.00528574358785487,0.));
#5134=CARTESIAN_POINT('',(-0.00728862971514647,0.00552496143987237,0.));
#5135=CARTESIAN_POINT('',(-0.00703606508144357,0.00582996532045868,0.));
#5136=CARTESIAN_POINT('',(-0.00673750676609288,0.00558287583390968,0.));
#5137=CARTESIAN_POINT('',(-0.00697434615718796,0.00577884126254983,0.));
#5138=CARTESIAN_POINT('',(-0.00723326365124542,0.00599307453460309,0.));
#5139=CARTESIAN_POINT('',(-0.00724081308261048,0.00600016441924975,0.));
#5140=CARTESIAN_POINT('',(-0.00724875250628951,0.00600736636039375,0.));
#5141=CARTESIAN_POINT('',(-0.0072579110639831,0.00601614534419064,0.));
#5142=CARTESIAN_POINT('',(-0.00727002700290824,0.0060281607528701,0.));
#5143=CARTESIAN_POINT('',(-0.00728436481203519,0.0060429883459225,0.));
#5144=CARTESIAN_POINT('',(-0.0073010091453333,0.00606089381954295,0.));
#5145=CARTESIAN_POINT('',(-0.00731978167223671,0.00608192052981605,0.));
#5146=CARTESIAN_POINT('',(-0.00734058115659513,0.00610617570820742,0.));
#5147=CARTESIAN_POINT('',(-0.00736327960666841,0.00613374285383764,0.));
#5148=CARTESIAN_POINT('',(-0.00738775346181218,0.00616470784027342,0.));
#5149=CARTESIAN_POINT('',(-0.00741387449521339,0.00619915110103024,0.));
#5150=CARTESIAN_POINT('',(-0.00744151258859409,0.00623714981344544,0.));
#5151=CARTESIAN_POINT('',(-0.00747053505405073,0.00627877717605494,0.));
#5152=CARTESIAN_POINT('',(-0.00750080695729702,0.00632410253039292,0.));
#5153=CARTESIAN_POINT('',(-0.00753219115656333,0.00637319124456115,0.));
#5154=CARTESIAN_POINT('',(-0.00756454842508415,0.00642610466849321,0.));
#5155=CARTESIAN_POINT('',(-0.00759773755207574,0.00648290007241532,0.));
#5156=CARTESIAN_POINT('',(-0.0076316154516977,0.00654363059372583,0.));
#5157=CARTESIAN_POINT('',(-0.00766603727202017,0.00660834518448446,0.));
#5158=CARTESIAN_POINT('',(-0.00770085650420497,0.00667708856433628,0.));
#5159=CARTESIAN_POINT('',(-0.00773592509918576,0.0067499011673972,0.));
#5160=CARTESIAN_POINT('',(-0.00777109356089387,0.0068268191255789,0.));
#5161=CARTESIAN_POINT('',(-0.0078062111359071,0.00690787412493326,0.));
#5162=CARTESIAN_POINT('',(-0.00784112563661117,0.00699309376529538,0.));
#5163=CARTESIAN_POINT('',(-0.00787568468058802,0.0070824999957172,0.));
#5164=CARTESIAN_POINT('',(-0.00790973148809771,0.0071761149639734,0.));
#5165=CARTESIAN_POINT('',(-0.00794312158829505,0.00727393839980886,0.));
#5166=CARTESIAN_POINT('',(-0.00797565929703182,0.00737603424488624,0.));
#5167=CARTESIAN_POINT('',(-0.00800115308628848,0.00746146100338914,0.));
#5168=CARTESIAN_POINT('',(-0.00801555606883645,0.00751312745147469,0.));
#5169=CARTESIAN_POINT('',(-0.00801985602692424,0.00752873889223201,0.));
#5170=CARTESIAN_POINT('',(-0.00558287583390968,0.00673750676609288,0.));
#5171=CARTESIAN_POINT('',(-0.00577884126254982,0.00697434615718796,0.));
#5172=CARTESIAN_POINT('',(-0.00599307453460309,0.00723326365124542,0.));
#5173=CARTESIAN_POINT('',(-0.00600016441924975,0.00724081308261048,0.));
#5174=CARTESIAN_POINT('',(-0.00600736636039375,0.00724875250628952,0.));
#5175=CARTESIAN_POINT('',(-0.00601614534419064,0.0072579110639831,0.));
#5176=CARTESIAN_POINT('',(-0.0060281607528701,0.00727002700290824,0.));
#5177=CARTESIAN_POINT('',(-0.0060429883459225,0.00728436481203519,0.));
#5178=CARTESIAN_POINT('',(-0.00606089381954295,0.0073010091453333,0.));
#5179=CARTESIAN_POINT('',(-0.00608192052981605,0.00731978167223671,0.));
#5180=CARTESIAN_POINT('',(-0.00610617570820742,0.00734058115659513,0.));
#5181=CARTESIAN_POINT('',(-0.00613374285383764,0.00736327960666841,0.));
#5182=CARTESIAN_POINT('',(-0.00616470784027342,0.00738775346181218,0.));
#5183=CARTESIAN_POINT('',(-0.00619915110103024,0.00741387449521339,0.));
#5184=CARTESIAN_POINT('',(-0.00623714981344544,0.00744151258859409,0.));
#5185=CARTESIAN_POINT('',(-0.00627877717605494,0.00747053505405074,0.));
#5186=CARTESIAN_POINT('',(-0.00632410253039291,0.00750080695729702,0.));
#5187=CARTESIAN_POINT('',(-0.00637319124456115,0.00753219115656333,0.));
#5188=CARTESIAN_POINT('',(-0.00642610466849321,0.00756454842508415,0.));
#5189=CARTESIAN_POINT('',(-0.00648290007241532,0.00759773755207574,0.));
#5190=CARTESIAN_POINT('',(-0.00654363059372582,0.0076316154516977,0.));
#5191=CARTESIAN_POINT('',(-0.00660834518448446,0.00766603727202017,0.));
#5192=CARTESIAN_POINT('',(-0.00667708856433628,0.00770085650420498,0.));
#5193=CARTESIAN_POINT('',(-0.0067499011673972,0.00773592509918576,0.));
#5194=CARTESIAN_POINT('',(-0.0068268191255789,0.00777109356089387,0.));
#5195=CARTESIAN_POINT('',(-0.00690787412493326,0.0078062111359071,0.));
#5196=CARTESIAN_POINT('',(-0.00699309376529538,0.00784112563661117,0.));
#5197=CARTESIAN_POINT('',(-0.0070824999957172,0.00787568468058802,0.));
#5198=CARTESIAN_POINT('',(-0.0071761149639734,0.00790973148809771,0.));
#5199=CARTESIAN_POINT('',(-0.00727393839980886,0.00794312158829505,0.));
#5200=CARTESIAN_POINT('',(-0.00737603424488624,0.00797565929703182,0.));
#5201=CARTESIAN_POINT('',(-0.00746146100338914,0.00800115308628848,0.));
#5202=CARTESIAN_POINT('',(-0.00751312745147469,0.00801555606883645,0.));
#5203=CARTESIAN_POINT('',(-0.00752873889223201,0.00801985602692425,0.));
#5204=CARTESIAN_POINT('',(-0.00582996532045867,0.00703606508144355,0.));
#5205=CARTESIAN_POINT('',(-0.00552496143987235,0.00728862971514646,0.));
#5206=CARTESIAN_POINT('',(-0.00528574358785484,0.00697304916972846,0.));
#5207=CARTESIAN_POINT('',(5.78784889276121E-17,-8.44587485072538E-17,0.));
#5208=CARTESIAN_POINT('',(-0.00499837925476123,0.00718183157875292,0.));
#5209=CARTESIAN_POINT('',(-0.00522459180726571,0.00750686102735656,0.));
#5210=CARTESIAN_POINT('',(-0.00489013718414538,0.0077188901914912,0.));
#5211=CARTESIAN_POINT('',(-0.00468254620331202,0.00739163453194544,0.));
#5212=CARTESIAN_POINT('',(-0.0048472372017686,0.00765119612660801,0.));
#5213=CARTESIAN_POINT('',(-0.00502728064984975,0.00793495398180623,0.));
#5214=CARTESIAN_POINT('',(-0.00503226969089984,0.00794402976538889,0.));
#5215=CARTESIAN_POINT('',(-0.00503759500931943,0.00795333263528623,0.));
#5216=CARTESIAN_POINT('',(-0.0050435924601072,0.00796451209500399,0.));
#5217=CARTESIAN_POINT('',(-0.00505140243729667,0.00797968345875522,0.));
#5218=CARTESIAN_POINT('',(-0.00506045652585738,0.00799821596443101,0.));
#5219=CARTESIAN_POINT('',(-0.00507075313185889,0.00802038846364424,0.));
#5220=CARTESIAN_POINT('',(-0.00508210925508751,0.00804618708330624,0.));
#5221=CARTESIAN_POINT('',(-0.00509439547789764,0.00807568252291025,0.));
#5222=CARTESIAN_POINT('',(-0.00510746427026349,0.00810891464321614,0.));
#5223=CARTESIAN_POINT('',(-0.00512117158263759,0.00814592693250018,0.));
#5224=CARTESIAN_POINT('',(-0.00513537060875062,0.00818675626331701,0.));
#5225=CARTESIAN_POINT('',(-0.00514991374965765,0.00823143582691707,0.));
#5226=CARTESIAN_POINT('',(-0.0051646521920718,0.00827999423642778,0.));
#5227=CARTESIAN_POINT('',(-0.00517943617814834,0.00833245574257947,0.));
#5228=CARTESIAN_POINT('',(-0.00519411507845927,0.00838884013499386,0.));
#5229=CARTESIAN_POINT('',(-0.00520853752230994,0.00844916273748842,0.));
#5230=CARTESIAN_POINT('',(-0.00522255151279111,0.00851343438075303,0.));
#5231=CARTESIAN_POINT('',(-0.00523600454682277,0.0085816613855003,0.));
#5232=CARTESIAN_POINT('',(-0.00524874373501476,0.00865384554619764,0.));
#5233=CARTESIAN_POINT('',(-0.00526061592005153,0.00872998412003406,0.));
#5234=CARTESIAN_POINT('',(-0.00527146780407482,0.00881006981246147,0.));
#5235=CARTESIAN_POINT('',(-0.00528114604249962,0.00889409079014413,0.));
#5236=CARTESIAN_POINT('',(-0.00528949746877289,0.00898203060293872,0.));
#5237=CARTESIAN_POINT('',(-0.00529636881505427,0.00907386847128911,0.));
#5238=CARTESIAN_POINT('',(-0.00530160837442204,0.00916957818122737,0.));
#5239=CARTESIAN_POINT('',(-0.00530506019644415,0.0092691323489349,0.));
#5240=CARTESIAN_POINT('',(-0.00530658696469527,0.00937248607343745,0.));
#5241=CARTESIAN_POINT('',(-0.00530598281343071,0.00947963969714264,0.));
#5242=CARTESIAN_POINT('',(-0.00530383052767655,0.00956876338661411,0.));
#5243=CARTESIAN_POINT('',(-0.00530156276758545,0.00962235186511671,0.));
#5244=CARTESIAN_POINT('',(-0.00530082807024396,0.00963852798770195,0.));
#5245=CARTESIAN_POINT('',(-0.00322762635106765,0.00813295322363862,0.));
#5246=CARTESIAN_POINT('',(-0.00334081315215863,0.00841875751761474,0.));
#5247=CARTESIAN_POINT('',(-0.0034645511957474,0.00873120440934591,0.));
#5248=CARTESIAN_POINT('',(-0.00346896117415071,0.00874057524008396,0.));
#5249=CARTESIAN_POINT('',(-0.00347335721036332,0.00875035160291551,0.));
#5250=CARTESIAN_POINT('',(-0.00347887637013852,0.00876177476407645,0.));
#5251=CARTESIAN_POINT('',(-0.0034865596718284,0.00877701067221855,0.));
#5252=CARTESIAN_POINT('',(-0.00349623092413953,0.00879522871725699,0.));
#5253=CARTESIAN_POINT('',(-0.00350811665965444,0.0088165915145406,0.));
#5254=CARTESIAN_POINT('',(-0.00352231321963541,0.0088409428593896,0.));
#5255=CARTESIAN_POINT('',(-0.00353895387095744,0.00886821960684879,0.));
#5256=CARTESIAN_POINT('',(-0.0035581575776261,0.00889832583218693,0.));
#5257=CARTESIAN_POINT('',(-0.00358004419259555,0.00893117055863952,0.));
#5258=CARTESIAN_POINT('',(-0.00360472983694916,0.00896665669058364,0.));
#5259=CARTESIAN_POINT('',(-0.00363232811945571,0.009004684327292,0.));
#5260=CARTESIAN_POINT('',(-0.00366294965887689,0.00904514989466084,0.));
#5261=CARTESIAN_POINT('',(-0.00369670209991823,0.00908794649027037,0.));
#5262=CARTESIAN_POINT('',(-0.00373368999047634,0.0091329638844013,0.));
#5263=CARTESIAN_POINT('',(-0.00377401470124192,0.00918008862270311,0.));
#5264=CARTESIAN_POINT('',(-0.0038177743359688,0.00922920410321293,0.));
#5265=CARTESIAN_POINT('',(-0.00386506364728224,0.00928019066356899,0.));
#5266=CARTESIAN_POINT('',(-0.00391597395306565,0.00933292566841785,0.));
#5267=CARTESIAN_POINT('',(-0.00397059305794969,0.00938728359870459,0.));
#5268=CARTESIAN_POINT('',(-0.00402900516674127,0.00944313614622888,0.));
#5269=CARTESIAN_POINT('',(-0.00409129083975627,0.00950035229715522,0.));
#5270=CARTESIAN_POINT('',(-0.00415752679759021,0.00955879846798759,0.));
#5271=CARTESIAN_POINT('',(-0.00422778631780526,0.0096183384485218,0.));
#5272=CARTESIAN_POINT('',(-0.00430213736394711,0.00967883409709626,0.));
#5273=CARTESIAN_POINT('',(-0.00438064944740523,0.00974014315135643,0.));
#5274=CARTESIAN_POINT('',(-0.00446336695509806,0.00980212812785016,0.));
#5275=CARTESIAN_POINT('',(-0.00455041116888788,0.00986462267895357,0.));
#5276=CARTESIAN_POINT('',(-0.00462377883009671,0.00991526703350293,0.));
#5277=CARTESIAN_POINT('',(-0.00466846577584529,0.00994493089440669,0.));
#5278=CARTESIAN_POINT('',(-0.00468198437818207,0.00995384459806657,0.));
#5279=CARTESIAN_POINT('',(-0.00337036282410277,0.008493253905422,0.));
#5280=CARTESIAN_POINT('',(-0.00300224013198356,0.00863920576363937,0.));
#5281=CARTESIAN_POINT('',(-0.00287225018663646,0.00826514844787232,0.));
#5282=CARTESIAN_POINT('',(2.89465254355412E-17,-9.82104798133317E-17,0.));
#5283=CARTESIAN_POINT('',(-0.00253443315258187,0.00837491185595968,0.));
#5284=CARTESIAN_POINT('',(-0.00264913445141817,0.00875393675410681,0.));
#5285=CARTESIAN_POINT('',(-0.00226552858767382,0.00885223630991023,0.));
#5286=CARTESIAN_POINT('',(-0.00216922539293318,0.00847684854144829,0.));
#5287=CARTESIAN_POINT('',(-0.00224564689635266,0.00877459860477575,0.));
#5288=CARTESIAN_POINT('',(-0.00232919239132286,0.00910010484719489,0.));
#5289=CARTESIAN_POINT('',(-0.0023311326799593,0.00911027812878178,0.));
#5290=CARTESIAN_POINT('',(-0.00233332261384885,0.00912077129771,0.));
#5291=CARTESIAN_POINT('',(-0.00233557188546101,0.00913325690993958,0.));
#5292=CARTESIAN_POINT('',(-0.0023383114059322,0.0091500991499735,0.));
#5293=CARTESIAN_POINT('',(-0.0023411954966548,0.00917052247749357,0.));
#5294=CARTESIAN_POINT('',(-0.00234413647182361,0.00919479160359172,0.));
#5295=CARTESIAN_POINT('',(-0.00234696457491307,0.00922283678400054,0.));
#5296=CARTESIAN_POINT('',(-0.00234953487508309,0.00925468526568193,0.));
#5297=CARTESIAN_POINT('',(-0.00235169474528911,0.00929032936918616,0.));
#5298=CARTESIAN_POINT('',(-0.0023532937476539,0.00932976594056354,0.));
#5299=CARTESIAN_POINT('',(-0.0023541808668724,0.00937298468206536,0.));
#5300=CARTESIAN_POINT('',(-0.00235420547134575,0.00941997154986429,0.));
#5301=CARTESIAN_POINT('',(-0.00235321718928513,0.00947070777082696,0.));
#5302=CARTESIAN_POINT('',(-0.00235106609862866,0.00952517013104944,0.));
#5303=CARTESIAN_POINT('',(-0.00234760282694787,0.0095833309045273,0.));
#5304=CARTESIAN_POINT('',(-0.0023426786768372,0.00964515788895991,0.));
#5305=CARTESIAN_POINT('',(-0.00233614574377846,0.00971061441531741,0.));
#5306=CARTESIAN_POINT('',(-0.002327857035516,0.00977965936891129,0.));
#5307=CARTESIAN_POINT('',(-0.00231766659107813,0.00985224721096166,0.));
#5308=CARTESIAN_POINT('',(-0.00230542959677709,0.00992832800468692,0.));
#5309=CARTESIAN_POINT('',(-0.00229100251182516,0.0100078474409162,0.));
#5310=CARTESIAN_POINT('',(-0.00227424315355739,0.0100907468793957,0.));
#5311=CARTESIAN_POINT('',(-0.00225501093529926,0.0101769633440414,0.));
#5312=CARTESIAN_POINT('',(-0.00223316651190845,0.0102664297099539,0.));
#5313=CARTESIAN_POINT('',(-0.00220857370209007,0.0103590741661511,0.));
#5314=CARTESIAN_POINT('',(-0.00218109265023479,0.0104548224777401,0.));
#5315=CARTESIAN_POINT('',(-0.00215060663582566,0.0105535895082477,0.));
#5316=CARTESIAN_POINT('',(-0.00211691976309491,0.0106553119673092,0.));
#5317=CARTESIAN_POINT('',(-0.0020873320830554,0.0107394085400625,0.));
#5318=CARTESIAN_POINT('',(-0.00206861556448338,0.0107896734353335,0.));
#5319=CARTESIAN_POINT('',(-0.00206291812900731,0.0108048308081623,0.));
#5320=CARTESIAN_POINT('',(-0.000556434312787993,0.00873228955403749,0.));
#5321=CARTESIAN_POINT('',(-0.000575762973620221,0.00903908223528467,0.));
#5322=CARTESIAN_POINT('',(-0.000596893446904363,0.0093744740459814,0.));
#5323=CARTESIAN_POINT('',(-0.000598191839652091,0.00938474899388936,0.));
#5324=CARTESIAN_POINT('',(-0.000599351656279838,0.00939540531736357,0.));
#5325=CARTESIAN_POINT('',(-0.000601070738220302,0.00940797490338757,0.));
#5326=CARTESIAN_POINT('',(-0.000603669837818474,0.00942483938390287,0.));
#5327=CARTESIAN_POINT('',(-0.000607238059828542,0.00944515435567187,0.));
#5328=CARTESIAN_POINT('',(-0.000611940598632942,0.00946914447749949,0.));
#5329=CARTESIAN_POINT('',(-0.000617917350117596,0.00949669096099446,0.));
#5330=CARTESIAN_POINT('',(-0.000625314571476641,0.00952777493346484,0.));
#5331=CARTESIAN_POINT('',(-0.000634275046574926,0.00956234192696934,0.));
#5332=CARTESIAN_POINT('',(-0.000644940875711812,0.0096003424540629,0.));
#5333=CARTESIAN_POINT('',(-0.000657452500797896,0.00964172005470884,0.));
#5334=CARTESIAN_POINT('',(-0.000671948841215501,0.0096864148247097,0.));
#5335=CARTESIAN_POINT('',(-0.000688567107817015,0.00973436244231649,0.));
#5336=CARTESIAN_POINT('',(-0.000707442711465507,0.0097854945013296,0.));
#5337=CARTESIAN_POINT('',(-0.000728709145975877,0.00983973847413297,0.));
#5338=CARTESIAN_POINT('',(-0.000752497879926473,0.00989701778449344,0.));
#5339=CARTESIAN_POINT('',(-0.000778938247519735,0.00995725185308152,0.));
#5340=CARTESIAN_POINT('',(-0.00080815734156075,0.0100203561543998,0.));
#5341=CARTESIAN_POINT('',(-0.000840279906925899,0.010086242274074,0.));
#5342=CARTESIAN_POINT('',(-0.000875428238302416,0.0101548179695123,0.));
#5343=CARTESIAN_POINT('',(-0.000913722068635052,0.0102259872330808,0.));
#5344=CARTESIAN_POINT('',(-0.000955278500838833,0.0102996503577243,0.));
#5345=CARTESIAN_POINT('',(-0.00100021178010651,0.0103757040059563,0.));
#5346=CARTESIAN_POINT('',(-0.00104863368880898,0.0104540412781866,0.));
#5347=CARTESIAN_POINT('',(-0.00110065155224031,0.0105345517957782,0.));
#5348=CARTESIAN_POINT('',(-0.00115637544114561,0.0106171217393926,0.));
#5349=CARTESIAN_POINT('',(-0.00121589005471608,0.0107016340708088,0.));
#5350=CARTESIAN_POINT('',(-0.00127936214309989,0.0107879680621917,0.));
#5351=CARTESIAN_POINT('',(-0.00133348896915298,0.0108588055597505,0.));
#5352=CARTESIAN_POINT('',(-0.00136682214296247,0.0109008265936245,0.));
#5353=CARTESIAN_POINT('',(-0.00137692461189233,0.0109134815074368,0.));
#5354=CARTESIAN_POINT('',(-0.000580845731825087,0.00911906386115815,0.));
#5355=CARTESIAN_POINT('',(-0.000185638642139234,0.00914411615910127,0.));
#5356=CARTESIAN_POINT('',(-0.000177600925006312,0.00874819740926302,0.));
#5357=CARTESIAN_POINT('',(-2.81892564846232E-18,-1.02348685082632E-16,0.));
#5358=CARTESIAN_POINT('',(0.000177600925006313,0.00874819740926306,0.));
#5359=CARTESIAN_POINT('',(0.000185638642139235,0.00914411615910129,0.));
#5360=CARTESIAN_POINT('',(0.000580845731825089,0.00911906386115817,0.));
#5361=CARTESIAN_POINT('',(0.000556434312787994,0.00873228955403749,0.));
#5362=CARTESIAN_POINT('',(0.000575762973620222,0.00903908223528467,0.));
#5363=CARTESIAN_POINT('',(0.000596893446904364,0.0093744740459814,0.));
#5364=CARTESIAN_POINT('',(0.000598191839652092,0.00938474899388936,0.));
#5365=CARTESIAN_POINT('',(0.000599351656279839,0.00939540531736357,0.));
#5366=CARTESIAN_POINT('',(0.000601070738220303,0.00940797490338757,0.));
#5367=CARTESIAN_POINT('',(0.000603669837818475,0.00942483938390287,0.));
#5368=CARTESIAN_POINT('',(0.000607238059828543,0.00944515435567187,0.));
#5369=CARTESIAN_POINT('',(0.000611940598632943,0.00946914447749949,0.));
#5370=CARTESIAN_POINT('',(0.000617917350117597,0.00949669096099446,0.));
#5371=CARTESIAN_POINT('',(0.000625314571476642,0.00952777493346484,0.));
#5372=CARTESIAN_POINT('',(0.000634275046574927,0.00956234192696934,0.));
#5373=CARTESIAN_POINT('',(0.000644940875711813,0.0096003424540629,0.));
#5374=CARTESIAN_POINT('',(0.000657452500797897,0.00964172005470884,0.));
#5375=CARTESIAN_POINT('',(0.000671948841215502,0.0096864148247097,0.));
#5376=CARTESIAN_POINT('',(0.000688567107817016,0.00973436244231649,0.));
#5377=CARTESIAN_POINT('',(0.000707442711465508,0.0097854945013296,0.));
#5378=CARTESIAN_POINT('',(0.000728709145975879,0.00983973847413297,0.));
#5379=CARTESIAN_POINT('',(0.000752497879926474,0.00989701778449344,0.));
#5380=CARTESIAN_POINT('',(0.000778938247519736,0.00995725185308152,0.));
#5381=CARTESIAN_POINT('',(0.000808157341560751,0.0100203561543998,0.));
#5382=CARTESIAN_POINT('',(0.0008402799069259,0.010086242274074,0.));
#5383=CARTESIAN_POINT('',(0.000875428238302417,0.0101548179695123,0.));
#5384=CARTESIAN_POINT('',(0.000913722068635054,0.0102259872330808,0.));
#5385=CARTESIAN_POINT('',(0.000955278500838834,0.0102996503577243,0.));
#5386=CARTESIAN_POINT('',(0.00100021178010651,0.0103757040059563,0.));
#5387=CARTESIAN_POINT('',(0.00104863368880898,0.0104540412781866,0.));
#5388=CARTESIAN_POINT('',(0.00110065155224031,0.0105345517957782,0.));
#5389=CARTESIAN_POINT('',(0.00115637544114561,0.0106171217393926,0.));
#5390=CARTESIAN_POINT('',(0.00121589005471608,0.0107016340708088,0.));
#5391=CARTESIAN_POINT('',(0.00127936214309989,0.0107879680621917,0.));
#5392=CARTESIAN_POINT('',(0.00133348896915298,0.0108588055597505,0.));
#5393=CARTESIAN_POINT('',(0.00136682214296247,0.0109008265936245,0.));
#5394=CARTESIAN_POINT('',(0.00137692461189233,0.0109134815074368,0.));
#5395=CARTESIAN_POINT('',(0.00216922539293318,0.00847684854144829,0.));
#5396=CARTESIAN_POINT('',(0.00224564689635266,0.00877459860477575,0.));
#5397=CARTESIAN_POINT('',(0.00232919239132286,0.00910010484719489,0.));
#5398=CARTESIAN_POINT('',(0.0023311326799593,0.00911027812878178,0.));
#5399=CARTESIAN_POINT('',(0.00233332261384885,0.00912077129771,0.));
#5400=CARTESIAN_POINT('',(0.00233557188546101,0.00913325690993958,0.));
#5401=CARTESIAN_POINT('',(0.0023383114059322,0.0091500991499735,0.));
#5402=CARTESIAN_POINT('',(0.00234119549665481,0.00917052247749357,0.));
#5403=CARTESIAN_POINT('',(0.00234413647182361,0.00919479160359172,0.));
#5404=CARTESIAN_POINT('',(0.00234696457491307,0.00922283678400054,0.));
#5405=CARTESIAN_POINT('',(0.0023495348750831,0.00925468526568193,0.));
#5406=CARTESIAN_POINT('',(0.00235169474528911,0.00929032936918616,0.));
#5407=CARTESIAN_POINT('',(0.0023532937476539,0.00932976594056354,0.));
#5408=CARTESIAN_POINT('',(0.0023541808668724,0.00937298468206536,0.));
#5409=CARTESIAN_POINT('',(0.00235420547134575,0.00941997154986429,0.));
#5410=CARTESIAN_POINT('',(0.00235321718928514,0.00947070777082696,0.));
#5411=CARTESIAN_POINT('',(0.00235106609862866,0.00952517013104944,0.));
#5412=CARTESIAN_POINT('',(0.00234760282694787,0.0095833309045273,0.));
#5413=CARTESIAN_POINT('',(0.0023426786768372,0.00964515788895991,0.));
#5414=CARTESIAN_POINT('',(0.00233614574377846,0.00971061441531741,0.));
#5415=CARTESIAN_POINT('',(0.002327857035516,0.00977965936891129,0.));
#5416=CARTESIAN_POINT('',(0.00231766659107813,0.00985224721096165,0.));
#5417=CARTESIAN_POINT('',(0.00230542959677709,0.00992832800468692,0.));
#5418=CARTESIAN_POINT('',(0.00229100251182516,0.0100078474409162,0.));
#5419=CARTESIAN_POINT('',(0.00227424315355739,0.0100907468793957,0.));
#5420=CARTESIAN_POINT('',(0.00225501093529926,0.0101769633440414,0.));
#5421=CARTESIAN_POINT('',(0.00223316651190845,0.0102664297099539,0.));
#5422=CARTESIAN_POINT('',(0.00220857370209007,0.0103590741661511,0.));
#5423=CARTESIAN_POINT('',(0.00218109265023479,0.0104548224777401,0.));
#5424=CARTESIAN_POINT('',(0.00215060663582566,0.0105535895082477,0.));
#5425=CARTESIAN_POINT('',(0.00211691976309491,0.0106553119673092,0.));
#5426=CARTESIAN_POINT('',(0.00208733208305541,0.0107394085400625,0.));
#5427=CARTESIAN_POINT('',(0.00206861556448338,0.0107896734353335,0.));
#5428=CARTESIAN_POINT('',(0.00206291812900731,0.0108048308081623,0.));
#5429=CARTESIAN_POINT('',(0.00226552858767382,0.00885223630991021,0.));
#5430=CARTESIAN_POINT('',(0.00264913445141816,0.00875393675410679,0.));
#5431=CARTESIAN_POINT('',(0.00253443315258186,0.00837491185595964,0.));
#5432=CARTESIAN_POINT('',(-3.43084406493844E-17,-9.64682879508231E-17,0.));
#5433=CARTESIAN_POINT('',(0.00287225018663647,0.00826514844787235,0.));
#5434=CARTESIAN_POINT('',(0.00300224013198358,0.00863920576363938,0.));
#5435=CARTESIAN_POINT('',(0.00337036282410278,0.00849325390542201,0.));
#5436=CARTESIAN_POINT('',(0.00322762635106765,0.00813295322363862,0.));
#5437=CARTESIAN_POINT('',(0.00334081315215863,0.00841875751761474,0.));
#5438=CARTESIAN_POINT('',(0.0034645511957474,0.00873120440934591,0.));
#5439=CARTESIAN_POINT('',(0.00346896117415071,0.00874057524008396,0.));
#5440=CARTESIAN_POINT('',(0.00347335721036332,0.00875035160291551,0.));
#5441=CARTESIAN_POINT('',(0.00347887637013852,0.00876177476407644,0.));
#5442=CARTESIAN_POINT('',(0.0034865596718284,0.00877701067221854,0.));
#5443=CARTESIAN_POINT('',(0.00349623092413953,0.00879522871725699,0.));
#5444=CARTESIAN_POINT('',(0.00350811665965445,0.0088165915145406,0.));
#5445=CARTESIAN_POINT('',(0.00352231321963541,0.0088409428593896,0.));
#5446=CARTESIAN_POINT('',(0.00353895387095744,0.00886821960684879,0.));
#5447=CARTESIAN_POINT('',(0.00355815757762611,0.00889832583218693,0.));
#5448=CARTESIAN_POINT('',(0.00358004419259555,0.00893117055863952,0.));
#5449=CARTESIAN_POINT('',(0.00360472983694917,0.00896665669058364,0.));
#5450=CARTESIAN_POINT('',(0.00363232811945571,0.009004684327292,0.));
#5451=CARTESIAN_POINT('',(0.00366294965887689,0.00904514989466083,0.));
#5452=CARTESIAN_POINT('',(0.00369670209991823,0.00908794649027037,0.));
#5453=CARTESIAN_POINT('',(0.00373368999047634,0.0091329638844013,0.));
#5454=CARTESIAN_POINT('',(0.00377401470124192,0.00918008862270311,0.));
#5455=CARTESIAN_POINT('',(0.0038177743359688,0.00922920410321293,0.));
#5456=CARTESIAN_POINT('',(0.00386506364728224,0.00928019066356899,0.));
#5457=CARTESIAN_POINT('',(0.00391597395306566,0.00933292566841785,0.));
#5458=CARTESIAN_POINT('',(0.00397059305794969,0.00938728359870459,0.));
#5459=CARTESIAN_POINT('',(0.00402900516674127,0.00944313614622888,0.));
#5460=CARTESIAN_POINT('',(0.00409129083975627,0.00950035229715522,0.));
#5461=CARTESIAN_POINT('',(0.00415752679759021,0.00955879846798758,0.));
#5462=CARTESIAN_POINT('',(0.00422778631780526,0.0096183384485218,0.));
#5463=CARTESIAN_POINT('',(0.00430213736394711,0.00967883409709626,0.));
#5464=CARTESIAN_POINT('',(0.00438064944740523,0.00974014315135643,0.));
#5465=CARTESIAN_POINT('',(0.00446336695509806,0.00980212812785016,0.));
#5466=CARTESIAN_POINT('',(0.00455041116888788,0.00986462267895357,0.));
#5467=CARTESIAN_POINT('',(0.00462377883009671,0.00991526703350293,0.));
#5468=CARTESIAN_POINT('',(0.0046684657758453,0.00994493089440668,0.));
#5469=CARTESIAN_POINT('',(0.00468198437818207,0.00995384459806657,0.));
#5470=CARTESIAN_POINT('',(0.00468254620331202,0.00739163453194544,0.));
#5471=CARTESIAN_POINT('',(0.0048472372017686,0.00765119612660801,0.));
#5472=CARTESIAN_POINT('',(0.00502728064984975,0.00793495398180623,0.));
#5473=CARTESIAN_POINT('',(0.00503226969089984,0.00794402976538889,0.));
#5474=CARTESIAN_POINT('',(0.00503759500931943,0.00795333263528623,0.));
#5475=CARTESIAN_POINT('',(0.0050435924601072,0.00796451209500399,0.));
#5476=CARTESIAN_POINT('',(0.00505140243729667,0.00797968345875522,0.));
#5477=CARTESIAN_POINT('',(0.00506045652585738,0.00799821596443101,0.));
#5478=CARTESIAN_POINT('',(0.00507075313185889,0.00802038846364424,0.));
#5479=CARTESIAN_POINT('',(0.00508210925508751,0.00804618708330624,0.));
#5480=CARTESIAN_POINT('',(0.00509439547789764,0.00807568252291025,0.));
#5481=CARTESIAN_POINT('',(0.00510746427026349,0.00810891464321614,0.));
#5482=CARTESIAN_POINT('',(0.00512117158263759,0.00814592693250018,0.));
#5483=CARTESIAN_POINT('',(0.00513537060875062,0.00818675626331701,0.));
#5484=CARTESIAN_POINT('',(0.00514991374965765,0.00823143582691707,0.));
#5485=CARTESIAN_POINT('',(0.0051646521920718,0.00827999423642778,0.));
#5486=CARTESIAN_POINT('',(0.00517943617814834,0.00833245574257947,0.));
#5487=CARTESIAN_POINT('',(0.00519411507845927,0.00838884013499386,0.));
#5488=CARTESIAN_POINT('',(0.00520853752230994,0.00844916273748842,0.));
#5489=CARTESIAN_POINT('',(0.00522255151279111,0.00851343438075303,0.));
#5490=CARTESIAN_POINT('',(0.00523600454682277,0.0085816613855003,0.));
#5491=CARTESIAN_POINT('',(0.00524874373501476,0.00865384554619764,0.));
#5492=CARTESIAN_POINT('',(0.00526061592005153,0.00872998412003406,0.));
#5493=CARTESIAN_POINT('',(0.00527146780407482,0.00881006981246147,0.));
#5494=CARTESIAN_POINT('',(0.00528114604249962,0.00889409079014412,0.));
#5495=CARTESIAN_POINT('',(0.00528949746877289,0.00898203060293872,0.));
#5496=CARTESIAN_POINT('',(0.00529636881505427,0.00907386847128911,0.));
#5497=CARTESIAN_POINT('',(0.00530160837442204,0.00916957818122737,0.));
#5498=CARTESIAN_POINT('',(0.00530506019644415,0.0092691323489349,0.));
#5499=CARTESIAN_POINT('',(0.00530658696469527,0.00937248607343745,0.));
#5500=CARTESIAN_POINT('',(0.00530598281343071,0.00947963969714264,0.));
#5501=CARTESIAN_POINT('',(0.00530383052767655,0.00956876338661411,0.));
#5502=CARTESIAN_POINT('',(0.00530156276758545,0.00962235186511671,0.));
#5503=CARTESIAN_POINT('',(0.00530082807024396,0.00963852798770195,0.));
#5504=CARTESIAN_POINT('',(0.00489013718414537,0.00771889019149118,0.));
#5505=CARTESIAN_POINT('',(0.00522459180726569,0.00750686102735654,0.));
#5506=CARTESIAN_POINT('',(0.00499837925476121,0.00718183157875288,0.));
#5507=CARTESIAN_POINT('',(-6.24396064385829E-17,-8.11449026603035E-17,0.));
#5508=CARTESIAN_POINT('',(0.00528574358785487,0.00697304916972849,0.));
#5509=CARTESIAN_POINT('',(0.00552496143987236,0.00728862971514648,0.));
#5510=CARTESIAN_POINT('',(0.00582996532045868,0.00703606508144357,0.));
#5511=CARTESIAN_POINT('',(0.00558287583390968,0.00673750676609288,0.));
#5512=CARTESIAN_POINT('',(0.00577884126254982,0.00697434615718796,0.));
#5513=CARTESIAN_POINT('',(0.00599307453460309,0.00723326365124542,0.));
#5514=CARTESIAN_POINT('',(0.00600016441924975,0.00724081308261048,0.));
#5515=CARTESIAN_POINT('',(0.00600736636039375,0.00724875250628952,0.));
#5516=CARTESIAN_POINT('',(0.00601614534419064,0.0072579110639831,0.));
#5517=CARTESIAN_POINT('',(0.0060281607528701,0.00727002700290824,0.));
#5518=CARTESIAN_POINT('',(0.0060429883459225,0.00728436481203519,0.));
#5519=CARTESIAN_POINT('',(0.00606089381954295,0.0073010091453333,0.));
#5520=CARTESIAN_POINT('',(0.00608192052981605,0.00731978167223671,0.));
#5521=CARTESIAN_POINT('',(0.00610617570820742,0.00734058115659513,0.));
#5522=CARTESIAN_POINT('',(0.00613374285383764,0.00736327960666841,0.));
#5523=CARTESIAN_POINT('',(0.00616470784027342,0.00738775346181218,0.));
#5524=CARTESIAN_POINT('',(0.00619915110103024,0.00741387449521339,0.));
#5525=CARTESIAN_POINT('',(0.00623714981344544,0.00744151258859409,0.));
#5526=CARTESIAN_POINT('',(0.00627877717605494,0.00747053505405073,0.));
#5527=CARTESIAN_POINT('',(0.00632410253039291,0.00750080695729702,0.));
#5528=CARTESIAN_POINT('',(0.00637319124456114,0.00753219115656333,0.));
#5529=CARTESIAN_POINT('',(0.00642610466849321,0.00756454842508415,0.));
#5530=CARTESIAN_POINT('',(0.00648290007241532,0.00759773755207574,0.));
#5531=CARTESIAN_POINT('',(0.00654363059372582,0.0076316154516977,0.));
#5532=CARTESIAN_POINT('',(0.00660834518448446,0.00766603727202017,0.));
#5533=CARTESIAN_POINT('',(0.00667708856433628,0.00770085650420497,0.));
#5534=CARTESIAN_POINT('',(0.0067499011673972,0.00773592509918576,0.));
#5535=CARTESIAN_POINT('',(0.0068268191255789,0.00777109356089387,0.));
#5536=CARTESIAN_POINT('',(0.00690787412493326,0.0078062111359071,0.));
#5537=CARTESIAN_POINT('',(0.00699309376529538,0.00784112563661117,0.));
#5538=CARTESIAN_POINT('',(0.0070824999957172,0.00787568468058802,0.));
#5539=CARTESIAN_POINT('',(0.0071761149639734,0.00790973148809771,0.));
#5540=CARTESIAN_POINT('',(0.00727393839980886,0.00794312158829505,0.));
#5541=CARTESIAN_POINT('',(0.00737603424488624,0.00797565929703182,0.));
#5542=CARTESIAN_POINT('',(0.00746146100338914,0.00800115308628848,0.));
#5543=CARTESIAN_POINT('',(0.00751312745147469,0.00801555606883645,0.));
#5544=CARTESIAN_POINT('',(0.00752873889223201,0.00801985602692424,0.));
#5545=CARTESIAN_POINT('',(0.00673750676609288,0.00558287583390968,0.));
#5546=CARTESIAN_POINT('',(0.00697434615718796,0.00577884126254982,0.));
#5547=CARTESIAN_POINT('',(0.00723326365124542,0.00599307453460309,0.));
#5548=CARTESIAN_POINT('',(0.00724081308261048,0.00600016441924975,0.));
#5549=CARTESIAN_POINT('',(0.00724875250628952,0.00600736636039375,0.));
#5550=CARTESIAN_POINT('',(0.0072579110639831,0.00601614534419064,0.));
#5551=CARTESIAN_POINT('',(0.00727002700290824,0.0060281607528701,0.));
#5552=CARTESIAN_POINT('',(0.00728436481203519,0.0060429883459225,0.));
#5553=CARTESIAN_POINT('',(0.0073010091453333,0.00606089381954295,0.));
#5554=CARTESIAN_POINT('',(0.00731978167223671,0.00608192052981605,0.));
#5555=CARTESIAN_POINT('',(0.00734058115659513,0.00610617570820742,0.));
#5556=CARTESIAN_POINT('',(0.00736327960666841,0.00613374285383764,0.));
#5557=CARTESIAN_POINT('',(0.00738775346181218,0.00616470784027342,0.));
#5558=CARTESIAN_POINT('',(0.00741387449521339,0.00619915110103024,0.));
#5559=CARTESIAN_POINT('',(0.00744151258859409,0.00623714981344544,0.));
#5560=CARTESIAN_POINT('',(0.00747053505405073,0.00627877717605494,0.));
#5561=CARTESIAN_POINT('',(0.00750080695729702,0.00632410253039291,0.));
#5562=CARTESIAN_POINT('',(0.00753219115656333,0.00637319124456114,0.));
#5563=CARTESIAN_POINT('',(0.00756454842508415,0.00642610466849321,0.));
#5564=CARTESIAN_POINT('',(0.00759773755207574,0.00648290007241532,0.));
#5565=CARTESIAN_POINT('',(0.0076316154516977,0.00654363059372582,0.));
#5566=CARTESIAN_POINT('',(0.00766603727202017,0.00660834518448446,0.));
#5567=CARTESIAN_POINT('',(0.00770085650420497,0.00667708856433628,0.));
#5568=CARTESIAN_POINT('',(0.00773592509918576,0.0067499011673972,0.));
#5569=CARTESIAN_POINT('',(0.00777109356089387,0.0068268191255789,0.));
#5570=CARTESIAN_POINT('',(0.0078062111359071,0.00690787412493326,0.));
#5571=CARTESIAN_POINT('',(0.00784112563661117,0.00699309376529538,0.));
#5572=CARTESIAN_POINT('',(0.00787568468058802,0.0070824999957172,0.));
#5573=CARTESIAN_POINT('',(0.00790973148809771,0.0071761149639734,0.));
#5574=CARTESIAN_POINT('',(0.00794312158829505,0.00727393839980886,0.));
#5575=CARTESIAN_POINT('',(0.00797565929703182,0.00737603424488624,0.));
#5576=CARTESIAN_POINT('',(0.00800115308628848,0.00746146100338914,0.));
#5577=CARTESIAN_POINT('',(0.00801555606883645,0.00751312745147469,0.));
#5578=CARTESIAN_POINT('',(0.00801985602692424,0.00752873889223201,0.));
#5579=CARTESIAN_POINT('',(0.00703606508144355,0.00582996532045867,0.));
#5580=CARTESIAN_POINT('',(0.00728862971514646,0.00552496143987235,0.));
#5581=CARTESIAN_POINT('',(0.00697304916972846,0.00528574358785484,0.));
#5582=CARTESIAN_POINT('',(-8.44587485072538E-17,-5.78784889276121E-17,0.));
#5583=CARTESIAN_POINT('',(0.00718183157875292,0.00499837925476123,0.));
#5584=CARTESIAN_POINT('',(0.00750686102735656,0.00522459180726571,0.));
#5585=CARTESIAN_POINT('',(0.0077188901914912,0.00489013718414538,0.));
#5586=CARTESIAN_POINT('',(0.00739163453194544,0.00468254620331202,0.));
#5587=CARTESIAN_POINT('',(0.00765119612660801,0.0048472372017686,0.));
#5588=CARTESIAN_POINT('',(0.00793495398180623,0.00502728064984975,0.));
#5589=CARTESIAN_POINT('',(0.00794402976538889,0.00503226969089984,0.));
#5590=CARTESIAN_POINT('',(0.00795333263528623,0.00503759500931943,0.));
#5591=CARTESIAN_POINT('',(0.00796451209500399,0.0050435924601072,0.));
#5592=CARTESIAN_POINT('',(0.00797968345875522,0.00505140243729667,0.));
#5593=CARTESIAN_POINT('',(0.00799821596443101,0.00506045652585738,0.));
#5594=CARTESIAN_POINT('',(0.00802038846364424,0.00507075313185889,0.));
#5595=CARTESIAN_POINT('',(0.00804618708330624,0.00508210925508751,0.));
#5596=CARTESIAN_POINT('',(0.00807568252291025,0.00509439547789764,0.));
#5597=CARTESIAN_POINT('',(0.00810891464321614,0.00510746427026349,0.));
#5598=CARTESIAN_POINT('',(0.00814592693250018,0.00512117158263759,0.));
#5599=CARTESIAN_POINT('',(0.00818675626331701,0.00513537060875062,0.));
#5600=CARTESIAN_POINT('',(0.00823143582691707,0.00514991374965765,0.));
#5601=CARTESIAN_POINT('',(0.00827999423642778,0.0051646521920718,0.));
#5602=CARTESIAN_POINT('',(0.00833245574257947,0.00517943617814834,0.));
#5603=CARTESIAN_POINT('',(0.00838884013499386,0.00519411507845927,0.));
#5604=CARTESIAN_POINT('',(0.00844916273748842,0.00520853752230994,0.));
#5605=CARTESIAN_POINT('',(0.00851343438075303,0.00522255151279111,0.));
#5606=CARTESIAN_POINT('',(0.0085816613855003,0.00523600454682277,0.));
#5607=CARTESIAN_POINT('',(0.00865384554619764,0.00524874373501476,0.));
#5608=CARTESIAN_POINT('',(0.00872998412003406,0.00526061592005153,0.));
#5609=CARTESIAN_POINT('',(0.00881006981246147,0.00527146780407482,0.));
#5610=CARTESIAN_POINT('',(0.00889409079014412,0.00528114604249962,0.));
#5611=CARTESIAN_POINT('',(0.00898203060293872,0.00528949746877289,0.));
#5612=CARTESIAN_POINT('',(0.00907386847128911,0.00529636881505427,0.));
#5613=CARTESIAN_POINT('',(0.00916957818122737,0.00530160837442204,0.));
#5614=CARTESIAN_POINT('',(0.0092691323489349,0.00530506019644415,0.));
#5615=CARTESIAN_POINT('',(0.00937248607343745,0.00530658696469527,0.));
#5616=CARTESIAN_POINT('',(0.00947963969714264,0.00530598281343071,0.));
#5617=CARTESIAN_POINT('',(0.00956876338661411,0.00530383052767655,0.));
#5618=CARTESIAN_POINT('',(0.00962235186511671,0.00530156276758545,0.));
#5619=CARTESIAN_POINT('',(0.00963852798770195,0.00530082807024396,0.));
#5620=CARTESIAN_POINT('',(0.00813295322363862,0.00322762635106765,0.));
#5621=CARTESIAN_POINT('',(0.00841875751761474,0.00334081315215863,0.));
#5622=CARTESIAN_POINT('',(0.00873120440934591,0.0034645511957474,0.));
#5623=CARTESIAN_POINT('',(0.00874057524008396,0.00346896117415071,0.));
#5624=CARTESIAN_POINT('',(0.00875035160291551,0.00347335721036332,0.));
#5625=CARTESIAN_POINT('',(0.00876177476407644,0.00347887637013852,0.));
#5626=CARTESIAN_POINT('',(0.00877701067221854,0.0034865596718284,0.));
#5627=CARTESIAN_POINT('',(0.00879522871725699,0.00349623092413953,0.));
#5628=CARTESIAN_POINT('',(0.0088165915145406,0.00350811665965444,0.));
#5629=CARTESIAN_POINT('',(0.0088409428593896,0.00352231321963541,0.));
#5630=CARTESIAN_POINT('',(0.00886821960684879,0.00353895387095744,0.));
#5631=CARTESIAN_POINT('',(0.00889832583218693,0.00355815757762611,0.));
#5632=CARTESIAN_POINT('',(0.00893117055863952,0.00358004419259555,0.));
#5633=CARTESIAN_POINT('',(0.00896665669058364,0.00360472983694916,0.));
#5634=CARTESIAN_POINT('',(0.009004684327292,0.00363232811945571,0.));
#5635=CARTESIAN_POINT('',(0.00904514989466083,0.00366294965887689,0.));
#5636=CARTESIAN_POINT('',(0.00908794649027037,0.00369670209991823,0.));
#5637=CARTESIAN_POINT('',(0.0091329638844013,0.00373368999047634,0.));
#5638=CARTESIAN_POINT('',(0.00918008862270311,0.00377401470124192,0.));
#5639=CARTESIAN_POINT('',(0.00922920410321293,0.0038177743359688,0.));
#5640=CARTESIAN_POINT('',(0.00928019066356899,0.00386506364728224,0.));
#5641=CARTESIAN_POINT('',(0.00933292566841785,0.00391597395306565,0.));
#5642=CARTESIAN_POINT('',(0.00938728359870459,0.00397059305794969,0.));
#5643=CARTESIAN_POINT('',(0.00944313614622888,0.00402900516674127,0.));
#5644=CARTESIAN_POINT('',(0.00950035229715522,0.00409129083975627,0.));
#5645=CARTESIAN_POINT('',(0.00955879846798758,0.00415752679759021,0.));
#5646=CARTESIAN_POINT('',(0.0096183384485218,0.00422778631780526,0.));
#5647=CARTESIAN_POINT('',(0.00967883409709626,0.00430213736394711,0.));
#5648=CARTESIAN_POINT('',(0.00974014315135643,0.00438064944740523,0.));
#5649=CARTESIAN_POINT('',(0.00980212812785016,0.00446336695509806,0.));
#5650=CARTESIAN_POINT('',(0.00986462267895357,0.00455041116888788,0.));
#5651=CARTESIAN_POINT('',(0.00991526703350293,0.00462377883009671,0.));
#5652=CARTESIAN_POINT('',(0.00994493089440668,0.00466846577584529,0.));
#5653=CARTESIAN_POINT('',(0.00995384459806657,0.00468198437818207,0.));
#5654=CARTESIAN_POINT('',(0.008493253905422,0.00337036282410277,0.));
#5655=CARTESIAN_POINT('',(0.00863920576363937,0.00300224013198356,0.));
#5656=CARTESIAN_POINT('',(0.00826514844787232,0.00287225018663646,0.));
#5657=CARTESIAN_POINT('',(-9.82104798133316E-17,-2.89465254355412E-17,0.));
#5658=CARTESIAN_POINT('',(0.00837491185595968,0.00253443315258187,0.));
#5659=CARTESIAN_POINT('',(0.00875393675410681,0.00264913445141817,0.));
#5660=CARTESIAN_POINT('',(0.00885223630991023,0.00226552858767383,0.));
#5661=CARTESIAN_POINT('',(0.00847684854144829,0.00216922539293318,0.));
#5662=CARTESIAN_POINT('',(0.00877459860477575,0.00224564689635266,0.));
#5663=CARTESIAN_POINT('',(0.00910010484719489,0.00232919239132286,0.));
#5664=CARTESIAN_POINT('',(0.00911027812878178,0.0023311326799593,0.));
#5665=CARTESIAN_POINT('',(0.00912077129771,0.00233332261384885,0.));
#5666=CARTESIAN_POINT('',(0.00913325690993958,0.00233557188546101,0.));
#5667=CARTESIAN_POINT('',(0.0091500991499735,0.0023383114059322,0.));
#5668=CARTESIAN_POINT('',(0.00917052247749357,0.0023411954966548,0.));
#5669=CARTESIAN_POINT('',(0.00919479160359172,0.00234413647182361,0.));
#5670=CARTESIAN_POINT('',(0.00922283678400054,0.00234696457491307,0.));
#5671=CARTESIAN_POINT('',(0.00925468526568193,0.00234953487508309,0.));
#5672=CARTESIAN_POINT('',(0.00929032936918616,0.00235169474528911,0.));
#5673=CARTESIAN_POINT('',(0.00932976594056354,0.0023532937476539,0.));
#5674=CARTESIAN_POINT('',(0.00937298468206536,0.0023541808668724,0.));
#5675=CARTESIAN_POINT('',(0.00941997154986429,0.00235420547134575,0.));
#5676=CARTESIAN_POINT('',(0.00947070777082696,0.00235321718928513,0.));
#5677=CARTESIAN_POINT('',(0.00952517013104944,0.00235106609862866,0.));
#5678=CARTESIAN_POINT('',(0.0095833309045273,0.00234760282694787,0.));
#5679=CARTESIAN_POINT('',(0.00964515788895991,0.0023426786768372,0.));
#5680=CARTESIAN_POINT('',(0.00971061441531741,0.00233614574377846,0.));
#5681=CARTESIAN_POINT('',(0.00977965936891129,0.002327857035516,0.));
#5682=CARTESIAN_POINT('',(0.00985224721096165,0.00231766659107813,0.));
#5683=CARTESIAN_POINT('',(0.00992832800468692,0.00230542959677709,0.));
#5684=CARTESIAN_POINT('',(0.0100078474409162,0.00229100251182516,0.));
#5685=CARTESIAN_POINT('',(0.0100907468793957,0.00227424315355739,0.));
#5686=CARTESIAN_POINT('',(0.0101769633440414,0.00225501093529926,0.));
#5687=CARTESIAN_POINT('',(0.0102664297099539,0.00223316651190845,0.));
#5688=CARTESIAN_POINT('',(0.0103590741661511,0.00220857370209007,0.));
#5689=CARTESIAN_POINT('',(0.0104548224777401,0.00218109265023479,0.));
#5690=CARTESIAN_POINT('',(0.0105535895082477,0.00215060663582566,0.));
#5691=CARTESIAN_POINT('',(0.0106553119673092,0.00211691976309491,0.));
#5692=CARTESIAN_POINT('',(0.0107394085400625,0.0020873320830554,0.));
#5693=CARTESIAN_POINT('',(0.0107896734353335,0.00206861556448338,0.));
#5694=CARTESIAN_POINT('',(0.0108048308081623,0.00206291812900731,0.));
#5695=CARTESIAN_POINT('',(0.00873228955403749,0.000556434312787994,0.));
#5696=CARTESIAN_POINT('',(0.00903908223528467,0.000575762973620222,0.));
#5697=CARTESIAN_POINT('',(0.0093744740459814,0.000596893446904364,0.));
#5698=CARTESIAN_POINT('',(0.00938474899388936,0.000598191839652091,0.));
#5699=CARTESIAN_POINT('',(0.00939540531736357,0.000599351656279838,0.));
#5700=CARTESIAN_POINT('',(0.00940797490338757,0.000601070738220303,0.));
#5701=CARTESIAN_POINT('',(0.00942483938390287,0.000603669837818475,0.));
#5702=CARTESIAN_POINT('',(0.00944515435567187,0.000607238059828543,0.));
#5703=CARTESIAN_POINT('',(0.00946914447749949,0.000611940598632942,0.));
#5704=CARTESIAN_POINT('',(0.00949669096099446,0.000617917350117596,0.));
#5705=CARTESIAN_POINT('',(0.00952777493346484,0.000625314571476642,0.));
#5706=CARTESIAN_POINT('',(0.00956234192696934,0.000634275046574926,0.));
#5707=CARTESIAN_POINT('',(0.0096003424540629,0.000644940875711813,0.));
#5708=CARTESIAN_POINT('',(0.00964172005470884,0.000657452500797897,0.));
#5709=CARTESIAN_POINT('',(0.0096864148247097,0.000671948841215502,0.));
#5710=CARTESIAN_POINT('',(0.00973436244231649,0.000688567107817016,0.));
#5711=CARTESIAN_POINT('',(0.0097854945013296,0.000707442711465508,0.));
#5712=CARTESIAN_POINT('',(0.00983973847413297,0.000728709145975878,0.));
#5713=CARTESIAN_POINT('',(0.00989701778449344,0.000752497879926473,0.));
#5714=CARTESIAN_POINT('',(0.00995725185308152,0.000778938247519736,0.));
#5715=CARTESIAN_POINT('',(0.0100203561543998,0.00080815734156075,0.));
#5716=CARTESIAN_POINT('',(0.010086242274074,0.0008402799069259,0.));
#5717=CARTESIAN_POINT('',(0.0101548179695123,0.000875428238302417,0.));
#5718=CARTESIAN_POINT('',(0.0102259872330808,0.000913722068635053,0.));
#5719=CARTESIAN_POINT('',(0.0102996503577243,0.000955278500838833,0.));
#5720=CARTESIAN_POINT('',(0.0103757040059563,0.00100021178010651,0.));
#5721=CARTESIAN_POINT('',(0.0104540412781866,0.00104863368880898,0.));
#5722=CARTESIAN_POINT('',(0.0105345517957782,0.00110065155224031,0.));
#5723=CARTESIAN_POINT('',(0.0106171217393926,0.00115637544114561,0.));
#5724=CARTESIAN_POINT('',(0.0107016340708088,0.00121589005471608,0.));
#5725=CARTESIAN_POINT('',(0.0107879680621917,0.00127936214309989,0.));
#5726=CARTESIAN_POINT('',(0.0108588055597505,0.00133348896915298,0.));
#5727=CARTESIAN_POINT('',(0.0109008265936245,0.00136682214296247,0.));
#5728=CARTESIAN_POINT('',(0.0109134815074368,0.00137692461189233,0.));
#5729=CARTESIAN_POINT('',(0.00911906386115815,0.000580845731825087,0.));
#5730=CARTESIAN_POINT('',(0.00914411615910127,0.000185638642139234,0.));
#5731=CARTESIAN_POINT('',(0.00874819740926302,0.000177600925006312,0.));
#5732=CARTESIAN_POINT('',(-1.02348685082632E-16,2.81892564846231E-18,0.));
#5733=CARTESIAN_POINT('',(0.00874819740926306,-0.000177600925006313,0.));
#5734=CARTESIAN_POINT('',(0.00914411615910129,-0.000185638642139235,0.));
#5735=CARTESIAN_POINT('',(0.00911906386115817,-0.000580845731825089,0.));
#5736=CARTESIAN_POINT('',(0.00873228955403749,-0.000556434312787994,0.));
#5737=CARTESIAN_POINT('',(0.00903908223528467,-0.000575762973620222,0.));
#5738=CARTESIAN_POINT('',(0.0093744740459814,-0.000596893446904364,0.));
#5739=CARTESIAN_POINT('',(0.00938474899388936,-0.000598191839652091,0.));
#5740=CARTESIAN_POINT('',(0.00939540531736357,-0.000599351656279838,0.));
#5741=CARTESIAN_POINT('',(0.00940797490338757,-0.000601070738220303,0.));
#5742=CARTESIAN_POINT('',(0.00942483938390287,-0.000603669837818475,0.));
#5743=CARTESIAN_POINT('',(0.00944515435567187,-0.000607238059828543,0.));
#5744=CARTESIAN_POINT('',(0.00946914447749949,-0.000611940598632942,0.));
#5745=CARTESIAN_POINT('',(0.00949669096099446,-0.000617917350117596,0.));
#5746=CARTESIAN_POINT('',(0.00952777493346484,-0.000625314571476642,0.));
#5747=CARTESIAN_POINT('',(0.00956234192696934,-0.000634275046574926,0.));
#5748=CARTESIAN_POINT('',(0.0096003424540629,-0.000644940875711813,0.));
#5749=CARTESIAN_POINT('',(0.00964172005470884,-0.000657452500797897,0.));
#5750=CARTESIAN_POINT('',(0.0096864148247097,-0.000671948841215502,0.));
#5751=CARTESIAN_POINT('',(0.00973436244231649,-0.000688567107817016,0.));
#5752=CARTESIAN_POINT('',(0.0097854945013296,-0.000707442711465508,0.));
#5753=CARTESIAN_POINT('',(0.00983973847413297,-0.000728709145975878,0.));
#5754=CARTESIAN_POINT('',(0.00989701778449344,-0.000752497879926473,0.));
#5755=CARTESIAN_POINT('',(0.00995725185308152,-0.000778938247519736,0.));
#5756=CARTESIAN_POINT('',(0.0100203561543998,-0.00080815734156075,0.));
#5757=CARTESIAN_POINT('',(0.010086242274074,-0.0008402799069259,0.));
#5758=CARTESIAN_POINT('',(0.0101548179695123,-0.000875428238302417,0.));
#5759=CARTESIAN_POINT('',(0.0102259872330808,-0.000913722068635053,0.));
#5760=CARTESIAN_POINT('',(0.0102996503577243,-0.000955278500838833,0.));
#5761=CARTESIAN_POINT('',(0.0103757040059563,-0.00100021178010651,0.));
#5762=CARTESIAN_POINT('',(0.0104540412781866,-0.00104863368880898,0.));
#5763=CARTESIAN_POINT('',(0.0105345517957782,-0.00110065155224031,0.));
#5764=CARTESIAN_POINT('',(0.0106171217393926,-0.00115637544114561,0.));
#5765=CARTESIAN_POINT('',(0.0107016340708088,-0.00121589005471608,0.));
#5766=CARTESIAN_POINT('',(0.0107879680621917,-0.00127936214309989,0.));
#5767=CARTESIAN_POINT('',(0.0108588055597505,-0.00133348896915298,0.));
#5768=CARTESIAN_POINT('',(0.0109008265936245,-0.00136682214296247,0.));
#5769=CARTESIAN_POINT('',(0.0109134815074368,-0.00137692461189233,0.));
#5770=CARTESIAN_POINT('',(0.00847684854144829,-0.00216922539293318,0.));
#5771=CARTESIAN_POINT('',(0.00877459860477575,-0.00224564689635266,0.));
#5772=CARTESIAN_POINT('',(0.00910010484719489,-0.00232919239132286,0.));
#5773=CARTESIAN_POINT('',(0.00911027812878178,-0.0023311326799593,0.));
#5774=CARTESIAN_POINT('',(0.00912077129771,-0.00233332261384885,0.));
#5775=CARTESIAN_POINT('',(0.00913325690993958,-0.00233557188546101,0.));
#5776=CARTESIAN_POINT('',(0.0091500991499735,-0.0023383114059322,0.));
#5777=CARTESIAN_POINT('',(0.00917052247749357,-0.00234119549665481,0.));
#5778=CARTESIAN_POINT('',(0.00919479160359172,-0.00234413647182361,0.));
#5779=CARTESIAN_POINT('',(0.00922283678400054,-0.00234696457491307,0.));
#5780=CARTESIAN_POINT('',(0.00925468526568193,-0.0023495348750831,0.));
#5781=CARTESIAN_POINT('',(0.00929032936918616,-0.00235169474528912,0.));
#5782=CARTESIAN_POINT('',(0.00932976594056354,-0.0023532937476539,0.));
#5783=CARTESIAN_POINT('',(0.00937298468206536,-0.0023541808668724,0.));
#5784=CARTESIAN_POINT('',(0.00941997154986429,-0.00235420547134575,0.));
#5785=CARTESIAN_POINT('',(0.00947070777082696,-0.00235321718928514,0.));
#5786=CARTESIAN_POINT('',(0.00952517013104944,-0.00235106609862866,0.));
#5787=CARTESIAN_POINT('',(0.0095833309045273,-0.00234760282694787,0.));
#5788=CARTESIAN_POINT('',(0.00964515788895991,-0.0023426786768372,0.));
#5789=CARTESIAN_POINT('',(0.00971061441531741,-0.00233614574377846,0.));
#5790=CARTESIAN_POINT('',(0.00977965936891129,-0.002327857035516,0.));
#5791=CARTESIAN_POINT('',(0.00985224721096165,-0.00231766659107813,0.));
#5792=CARTESIAN_POINT('',(0.00992832800468692,-0.00230542959677709,0.));
#5793=CARTESIAN_POINT('',(0.0100078474409162,-0.00229100251182517,0.));
#5794=CARTESIAN_POINT('',(0.0100907468793957,-0.00227424315355739,0.));
#5795=CARTESIAN_POINT('',(0.0101769633440414,-0.00225501093529927,0.));
#5796=CARTESIAN_POINT('',(0.0102664297099539,-0.00223316651190845,0.));
#5797=CARTESIAN_POINT('',(0.0103590741661511,-0.00220857370209007,0.));
#5798=CARTESIAN_POINT('',(0.0104548224777401,-0.00218109265023479,0.));
#5799=CARTESIAN_POINT('',(0.0105535895082477,-0.00215060663582566,0.));
#5800=CARTESIAN_POINT('',(0.0106553119673092,-0.00211691976309491,0.));
#5801=CARTESIAN_POINT('',(0.0107394085400625,-0.00208733208305541,0.));
#5802=CARTESIAN_POINT('',(0.0107896734353335,-0.00206861556448338,0.));
#5803=CARTESIAN_POINT('',(0.0108048308081623,-0.00206291812900731,0.));
#5804=CARTESIAN_POINT('',(0.00885223630991021,-0.00226552858767382,0.));
#5805=CARTESIAN_POINT('',(0.00875393675410679,-0.00264913445141817,0.));
#5806=CARTESIAN_POINT('',(0.00837491185595964,-0.00253443315258186,0.));
#5807=CARTESIAN_POINT('',(-9.64682879508231E-17,3.43084406493845E-17,0.));
#5808=CARTESIAN_POINT('',(0.00826514844787235,-0.00287225018663647,0.));
#5809=CARTESIAN_POINT('',(0.00863920576363938,-0.00300224013198358,0.));
#5810=CARTESIAN_POINT('',(0.00849325390542201,-0.00337036282410278,0.));
#5811=CARTESIAN_POINT('',(0.00813295322363862,-0.00322762635106765,0.));
#5812=CARTESIAN_POINT('',(0.00841875751761474,-0.00334081315215863,0.));
#5813=CARTESIAN_POINT('',(0.00873120440934591,-0.0034645511957474,0.));
#5814=CARTESIAN_POINT('',(0.00874057524008396,-0.00346896117415071,0.));
#5815=CARTESIAN_POINT('',(0.00875035160291551,-0.00347335721036332,0.));
#5816=CARTESIAN_POINT('',(0.00876177476407644,-0.00347887637013852,0.));
#5817=CARTESIAN_POINT('',(0.00877701067221854,-0.0034865596718284,0.));
#5818=CARTESIAN_POINT('',(0.00879522871725699,-0.00349623092413953,0.));
#5819=CARTESIAN_POINT('',(0.0088165915145406,-0.00350811665965445,0.));
#5820=CARTESIAN_POINT('',(0.0088409428593896,-0.00352231321963541,0.));
#5821=CARTESIAN_POINT('',(0.00886821960684879,-0.00353895387095745,0.));
#5822=CARTESIAN_POINT('',(0.00889832583218693,-0.00355815757762611,0.));
#5823=CARTESIAN_POINT('',(0.00893117055863952,-0.00358004419259555,0.));
#5824=CARTESIAN_POINT('',(0.00896665669058364,-0.00360472983694917,0.));
#5825=CARTESIAN_POINT('',(0.009004684327292,-0.00363232811945571,0.));
#5826=CARTESIAN_POINT('',(0.00904514989466083,-0.00366294965887689,0.));
#5827=CARTESIAN_POINT('',(0.00908794649027037,-0.00369670209991823,0.));
#5828=CARTESIAN_POINT('',(0.0091329638844013,-0.00373368999047634,0.));
#5829=CARTESIAN_POINT('',(0.00918008862270311,-0.00377401470124192,0.));
#5830=CARTESIAN_POINT('',(0.00922920410321293,-0.0038177743359688,0.));
#5831=CARTESIAN_POINT('',(0.00928019066356899,-0.00386506364728224,0.));
#5832=CARTESIAN_POINT('',(0.00933292566841785,-0.00391597395306566,0.));
#5833=CARTESIAN_POINT('',(0.00938728359870459,-0.00397059305794969,0.));
#5834=CARTESIAN_POINT('',(0.00944313614622888,-0.00402900516674127,0.));
#5835=CARTESIAN_POINT('',(0.00950035229715522,-0.00409129083975627,0.));
#5836=CARTESIAN_POINT('',(0.00955879846798758,-0.00415752679759021,0.));
#5837=CARTESIAN_POINT('',(0.0096183384485218,-0.00422778631780526,0.));
#5838=CARTESIAN_POINT('',(0.00967883409709626,-0.00430213736394711,0.));
#5839=CARTESIAN_POINT('',(0.00974014315135643,-0.00438064944740523,0.));
#5840=CARTESIAN_POINT('',(0.00980212812785016,-0.00446336695509807,0.));
#5841=CARTESIAN_POINT('',(0.00986462267895357,-0.00455041116888788,0.));
#5842=CARTESIAN_POINT('',(0.00991526703350293,-0.00462377883009671,0.));
#5843=CARTESIAN_POINT('',(0.00994493089440668,-0.0046684657758453,0.));
#5844=CARTESIAN_POINT('',(0.00995384459806657,-0.00468198437818207,0.));
#5845=CARTESIAN_POINT('',(0.00739163453194544,-0.00468254620331202,0.));
#5846=CARTESIAN_POINT('',(0.00765119612660801,-0.0048472372017686,0.));
#5847=CARTESIAN_POINT('',(0.00793495398180623,-0.00502728064984975,0.));
#5848=CARTESIAN_POINT('',(0.00794402976538889,-0.00503226969089984,0.));
#5849=CARTESIAN_POINT('',(0.00795333263528623,-0.00503759500931943,0.));
#5850=CARTESIAN_POINT('',(0.00796451209500399,-0.0050435924601072,0.));
#5851=CARTESIAN_POINT('',(0.00797968345875522,-0.00505140243729667,0.));
#5852=CARTESIAN_POINT('',(0.00799821596443101,-0.00506045652585738,0.));
#5853=CARTESIAN_POINT('',(0.00802038846364424,-0.00507075313185889,0.));
#5854=CARTESIAN_POINT('',(0.00804618708330624,-0.00508210925508751,0.));
#5855=CARTESIAN_POINT('',(0.00807568252291024,-0.00509439547789764,0.));
#5856=CARTESIAN_POINT('',(0.00810891464321614,-0.00510746427026349,0.));
#5857=CARTESIAN_POINT('',(0.00814592693250017,-0.00512117158263759,0.));
#5858=CARTESIAN_POINT('',(0.00818675626331701,-0.00513537060875063,0.));
#5859=CARTESIAN_POINT('',(0.00823143582691707,-0.00514991374965765,0.));
#5860=CARTESIAN_POINT('',(0.00827999423642778,-0.0051646521920718,0.));
#5861=CARTESIAN_POINT('',(0.00833245574257947,-0.00517943617814834,0.));
#5862=CARTESIAN_POINT('',(0.00838884013499385,-0.00519411507845927,0.));
#5863=CARTESIAN_POINT('',(0.00844916273748842,-0.00520853752230994,0.));
#5864=CARTESIAN_POINT('',(0.00851343438075303,-0.00522255151279111,0.));
#5865=CARTESIAN_POINT('',(0.0085816613855003,-0.00523600454682277,0.));
#5866=CARTESIAN_POINT('',(0.00865384554619764,-0.00524874373501476,0.));
#5867=CARTESIAN_POINT('',(0.00872998412003406,-0.00526061592005153,0.));
#5868=CARTESIAN_POINT('',(0.00881006981246147,-0.00527146780407482,0.));
#5869=CARTESIAN_POINT('',(0.00889409079014412,-0.00528114604249962,0.));
#5870=CARTESIAN_POINT('',(0.00898203060293872,-0.0052894974687729,0.));
#5871=CARTESIAN_POINT('',(0.00907386847128911,-0.00529636881505428,0.));
#5872=CARTESIAN_POINT('',(0.00916957818122737,-0.00530160837442205,0.));
#5873=CARTESIAN_POINT('',(0.00926913234893489,-0.00530506019644415,0.));
#5874=CARTESIAN_POINT('',(0.00937248607343745,-0.00530658696469527,0.));
#5875=CARTESIAN_POINT('',(0.00947963969714264,-0.00530598281343071,0.));
#5876=CARTESIAN_POINT('',(0.00956876338661411,-0.00530383052767655,0.));
#5877=CARTESIAN_POINT('',(0.00962235186511671,-0.00530156276758545,0.));
#5878=CARTESIAN_POINT('',(0.00963852798770195,-0.00530082807024396,0.));
#5879=CARTESIAN_POINT('',(0.00771889019149118,-0.00489013718414537,0.));
#5880=CARTESIAN_POINT('',(0.00750686102735654,-0.0052245918072657,0.));
#5881=CARTESIAN_POINT('',(0.00718183157875288,-0.00499837925476121,0.));
#5882=CARTESIAN_POINT('',(-8.11449026603035E-17,6.2439606438583E-17,0.));
#5883=CARTESIAN_POINT('',(0.00697304916972849,-0.00528574358785487,0.));
#5884=CARTESIAN_POINT('',(0.00728862971514647,-0.00552496143987237,0.));
#5885=CARTESIAN_POINT('',(0.00703606508144357,-0.00582996532045868,0.));
#5886=CARTESIAN_POINT('',(0.00673750676609288,-0.00558287583390969,0.));
#5887=CARTESIAN_POINT('',(0.00697434615718796,-0.00577884126254983,0.));
#5888=CARTESIAN_POINT('',(0.00723326365124542,-0.00599307453460309,0.));
#5889=CARTESIAN_POINT('',(0.00724081308261048,-0.00600016441924975,0.));
#5890=CARTESIAN_POINT('',(0.00724875250628951,-0.00600736636039375,0.));
#5891=CARTESIAN_POINT('',(0.0072579110639831,-0.00601614534419064,0.));
#5892=CARTESIAN_POINT('',(0.00727002700290824,-0.0060281607528701,0.));
#5893=CARTESIAN_POINT('',(0.00728436481203519,-0.0060429883459225,0.));
#5894=CARTESIAN_POINT('',(0.0073010091453333,-0.00606089381954295,0.));
#5895=CARTESIAN_POINT('',(0.00731978167223671,-0.00608192052981605,0.));
#5896=CARTESIAN_POINT('',(0.00734058115659513,-0.00610617570820742,0.));
#5897=CARTESIAN_POINT('',(0.00736327960666841,-0.00613374285383764,0.));
#5898=CARTESIAN_POINT('',(0.00738775346181218,-0.00616470784027342,0.));
#5899=CARTESIAN_POINT('',(0.00741387449521339,-0.00619915110103024,0.));
#5900=CARTESIAN_POINT('',(0.00744151258859409,-0.00623714981344544,0.));
#5901=CARTESIAN_POINT('',(0.00747053505405073,-0.00627877717605495,0.));
#5902=CARTESIAN_POINT('',(0.00750080695729702,-0.00632410253039292,0.));
#5903=CARTESIAN_POINT('',(0.00753219115656333,-0.00637319124456115,0.));
#5904=CARTESIAN_POINT('',(0.00756454842508415,-0.00642610466849321,0.));
#5905=CARTESIAN_POINT('',(0.00759773755207574,-0.00648290007241532,0.));
#5906=CARTESIAN_POINT('',(0.0076316154516977,-0.00654363059372583,0.));
#5907=CARTESIAN_POINT('',(0.00766603727202017,-0.00660834518448446,0.));
#5908=CARTESIAN_POINT('',(0.00770085650420497,-0.00667708856433628,0.));
#5909=CARTESIAN_POINT('',(0.00773592509918576,-0.0067499011673972,0.));
#5910=CARTESIAN_POINT('',(0.00777109356089387,-0.0068268191255789,0.));
#5911=CARTESIAN_POINT('',(0.0078062111359071,-0.00690787412493326,0.));
#5912=CARTESIAN_POINT('',(0.00784112563661117,-0.00699309376529538,0.));
#5913=CARTESIAN_POINT('',(0.00787568468058802,-0.0070824999957172,0.));
#5914=CARTESIAN_POINT('',(0.00790973148809771,-0.0071761149639734,0.));
#5915=CARTESIAN_POINT('',(0.00794312158829504,-0.00727393839980886,0.));
#5916=CARTESIAN_POINT('',(0.00797565929703182,-0.00737603424488624,0.));
#5917=CARTESIAN_POINT('',(0.00800115308628848,-0.00746146100338914,0.));
#5918=CARTESIAN_POINT('',(0.00801555606883645,-0.00751312745147469,0.));
#5919=CARTESIAN_POINT('',(0.00801985602692424,-0.00752873889223201,0.));
#5920=CARTESIAN_POINT('',(0.00558287583390968,-0.00673750676609288,0.));
#5921=CARTESIAN_POINT('',(0.00577884126254982,-0.00697434615718796,0.));
#5922=CARTESIAN_POINT('',(0.00599307453460309,-0.00723326365124542,0.));
#5923=CARTESIAN_POINT('',(0.00600016441924975,-0.00724081308261048,0.));
#5924=CARTESIAN_POINT('',(0.00600736636039375,-0.00724875250628952,0.));
#5925=CARTESIAN_POINT('',(0.00601614534419064,-0.0072579110639831,0.));
#5926=CARTESIAN_POINT('',(0.0060281607528701,-0.00727002700290824,0.));
#5927=CARTESIAN_POINT('',(0.0060429883459225,-0.00728436481203519,0.));
#5928=CARTESIAN_POINT('',(0.00606089381954295,-0.0073010091453333,0.));
#5929=CARTESIAN_POINT('',(0.00608192052981605,-0.00731978167223671,0.));
#5930=CARTESIAN_POINT('',(0.00610617570820742,-0.00734058115659513,0.));
#5931=CARTESIAN_POINT('',(0.00613374285383764,-0.00736327960666841,0.));
#5932=CARTESIAN_POINT('',(0.00616470784027342,-0.00738775346181218,0.));
#5933=CARTESIAN_POINT('',(0.00619915110103024,-0.00741387449521339,0.));
#5934=CARTESIAN_POINT('',(0.00623714981344544,-0.00744151258859409,0.));
#5935=CARTESIAN_POINT('',(0.00627877717605494,-0.00747053505405074,0.));
#5936=CARTESIAN_POINT('',(0.00632410253039291,-0.00750080695729702,0.));
#5937=CARTESIAN_POINT('',(0.00637319124456114,-0.00753219115656333,0.));
#5938=CARTESIAN_POINT('',(0.00642610466849321,-0.00756454842508415,0.));
#5939=CARTESIAN_POINT('',(0.00648290007241532,-0.00759773755207574,0.));
#5940=CARTESIAN_POINT('',(0.00654363059372582,-0.0076316154516977,0.));
#5941=CARTESIAN_POINT('',(0.00660834518448446,-0.00766603727202017,0.));
#5942=CARTESIAN_POINT('',(0.00667708856433628,-0.00770085650420498,0.));
#5943=CARTESIAN_POINT('',(0.0067499011673972,-0.00773592509918576,0.));
#5944=CARTESIAN_POINT('',(0.0068268191255789,-0.00777109356089387,0.));
#5945=CARTESIAN_POINT('',(0.00690787412493326,-0.0078062111359071,0.));
#5946=CARTESIAN_POINT('',(0.00699309376529538,-0.00784112563661117,0.));
#5947=CARTESIAN_POINT('',(0.0070824999957172,-0.00787568468058802,0.));
#5948=CARTESIAN_POINT('',(0.0071761149639734,-0.00790973148809771,0.));
#5949=CARTESIAN_POINT('',(0.00727393839980885,-0.00794312158829505,0.));
#5950=CARTESIAN_POINT('',(0.00737603424488624,-0.00797565929703182,0.));
#5951=CARTESIAN_POINT('',(0.00746146100338913,-0.00800115308628848,0.));
#5952=CARTESIAN_POINT('',(0.00751312745147469,-0.00801555606883645,0.));
#5953=CARTESIAN_POINT('',(0.00752873889223201,-0.00801985602692425,0.));
#5954=CARTESIAN_POINT('',(0.00582996532045866,-0.00703606508144355,0.));
#5955=CARTESIAN_POINT('',(0.00552496143987235,-0.00728862971514646,0.));
#5956=CARTESIAN_POINT('',(0.00528574358785484,-0.00697304916972846,0.));
#5957=CARTESIAN_POINT('',(-5.78784889276121E-17,8.44587485072538E-17,0.));
#5958=CARTESIAN_POINT('',(0.00499837925476123,-0.00718183157875292,0.));
#5959=CARTESIAN_POINT('',(0.0052245918072657,-0.00750686102735656,0.));
#5960=CARTESIAN_POINT('',(0.00489013718414538,-0.0077188901914912,0.));
#5961=CARTESIAN_POINT('',(0.00468254620331202,-0.00739163453194544,0.));
#5962=CARTESIAN_POINT('',(0.00484723720176859,-0.00765119612660801,0.));
#5963=CARTESIAN_POINT('',(0.00502728064984974,-0.00793495398180623,0.));
#5964=CARTESIAN_POINT('',(0.00503226969089984,-0.00794402976538889,0.));
#5965=CARTESIAN_POINT('',(0.00503759500931942,-0.00795333263528623,0.));
#5966=CARTESIAN_POINT('',(0.0050435924601072,-0.00796451209500399,0.));
#5967=CARTESIAN_POINT('',(0.00505140243729667,-0.00797968345875522,0.));
#5968=CARTESIAN_POINT('',(0.00506045652585738,-0.00799821596443101,0.));
#5969=CARTESIAN_POINT('',(0.00507075313185889,-0.00802038846364424,0.));
#5970=CARTESIAN_POINT('',(0.00508210925508751,-0.00804618708330624,0.));
#5971=CARTESIAN_POINT('',(0.00509439547789764,-0.00807568252291025,0.));
#5972=CARTESIAN_POINT('',(0.00510746427026349,-0.00810891464321614,0.));
#5973=CARTESIAN_POINT('',(0.00512117158263759,-0.00814592693250018,0.));
#5974=CARTESIAN_POINT('',(0.00513537060875062,-0.00818675626331701,0.));
#5975=CARTESIAN_POINT('',(0.00514991374965765,-0.00823143582691707,0.));
#5976=CARTESIAN_POINT('',(0.0051646521920718,-0.00827999423642778,0.));
#5977=CARTESIAN_POINT('',(0.00517943617814834,-0.00833245574257947,0.));
#5978=CARTESIAN_POINT('',(0.00519411507845926,-0.00838884013499386,0.));
#5979=CARTESIAN_POINT('',(0.00520853752230993,-0.00844916273748842,0.));
#5980=CARTESIAN_POINT('',(0.00522255151279111,-0.00851343438075303,0.));
#5981=CARTESIAN_POINT('',(0.00523600454682277,-0.0085816613855003,0.));
#5982=CARTESIAN_POINT('',(0.00524874373501476,-0.00865384554619764,0.));
#5983=CARTESIAN_POINT('',(0.00526061592005153,-0.00872998412003406,0.));
#5984=CARTESIAN_POINT('',(0.00527146780407482,-0.00881006981246147,0.));
#5985=CARTESIAN_POINT('',(0.00528114604249962,-0.00889409079014413,0.));
#5986=CARTESIAN_POINT('',(0.00528949746877289,-0.00898203060293872,0.));
#5987=CARTESIAN_POINT('',(0.00529636881505427,-0.00907386847128911,0.));
#5988=CARTESIAN_POINT('',(0.00530160837442204,-0.00916957818122737,0.));
#5989=CARTESIAN_POINT('',(0.00530506019644414,-0.0092691323489349,0.));
#5990=CARTESIAN_POINT('',(0.00530658696469526,-0.00937248607343745,0.));
#5991=CARTESIAN_POINT('',(0.0053059828134307,-0.00947963969714264,0.));
#5992=CARTESIAN_POINT('',(0.00530383052767655,-0.00956876338661411,0.));
#5993=CARTESIAN_POINT('',(0.00530156276758545,-0.00962235186511671,0.));
#5994=CARTESIAN_POINT('',(0.00530082807024395,-0.00963852798770195,0.));
#5995=CARTESIAN_POINT('',(0.00322762635106765,-0.00813295322363862,0.));
#5996=CARTESIAN_POINT('',(0.00334081315215863,-0.00841875751761474,0.));
#5997=CARTESIAN_POINT('',(0.00346455119574739,-0.00873120440934591,0.));
#5998=CARTESIAN_POINT('',(0.00346896117415071,-0.00874057524008396,0.));
#5999=CARTESIAN_POINT('',(0.00347335721036332,-0.00875035160291551,0.));
#6000=CARTESIAN_POINT('',(0.00347887637013852,-0.00876177476407645,0.));
#6001=CARTESIAN_POINT('',(0.00348655967182839,-0.00877701067221855,0.));
#6002=CARTESIAN_POINT('',(0.00349623092413953,-0.00879522871725699,0.));
#6003=CARTESIAN_POINT('',(0.00350811665965444,-0.0088165915145406,0.));
#6004=CARTESIAN_POINT('',(0.00352231321963541,-0.0088409428593896,0.));
#6005=CARTESIAN_POINT('',(0.00353895387095744,-0.00886821960684879,0.));
#6006=CARTESIAN_POINT('',(0.0035581575776261,-0.00889832583218693,0.));
#6007=CARTESIAN_POINT('',(0.00358004419259555,-0.00893117055863952,0.));
#6008=CARTESIAN_POINT('',(0.00360472983694916,-0.00896665669058364,0.));
#6009=CARTESIAN_POINT('',(0.00363232811945571,-0.009004684327292,0.));
#6010=CARTESIAN_POINT('',(0.00366294965887689,-0.00904514989466084,0.));
#6011=CARTESIAN_POINT('',(0.00369670209991823,-0.00908794649027037,0.));
#6012=CARTESIAN_POINT('',(0.00373368999047634,-0.0091329638844013,0.));
#6013=CARTESIAN_POINT('',(0.00377401470124192,-0.00918008862270311,0.));
#6014=CARTESIAN_POINT('',(0.00381777433596879,-0.00922920410321293,0.));
#6015=CARTESIAN_POINT('',(0.00386506364728224,-0.00928019066356899,0.));
#6016=CARTESIAN_POINT('',(0.00391597395306565,-0.00933292566841785,0.));
#6017=CARTESIAN_POINT('',(0.00397059305794969,-0.00938728359870459,0.));
#6018=CARTESIAN_POINT('',(0.00402900516674127,-0.00944313614622888,0.));
#6019=CARTESIAN_POINT('',(0.00409129083975626,-0.00950035229715522,0.));
#6020=CARTESIAN_POINT('',(0.0041575267975902,-0.00955879846798759,0.));
#6021=CARTESIAN_POINT('',(0.00422778631780525,-0.0096183384485218,0.));
#6022=CARTESIAN_POINT('',(0.00430213736394711,-0.00967883409709626,0.));
#6023=CARTESIAN_POINT('',(0.00438064944740523,-0.00974014315135643,0.));
#6024=CARTESIAN_POINT('',(0.00446336695509806,-0.00980212812785016,0.));
#6025=CARTESIAN_POINT('',(0.00455041116888788,-0.00986462267895357,0.));
#6026=CARTESIAN_POINT('',(0.00462377883009671,-0.00991526703350293,0.));
#6027=CARTESIAN_POINT('',(0.00466846577584529,-0.00994493089440669,0.));
#6028=CARTESIAN_POINT('',(0.00468198437818207,-0.00995384459806657,0.));
#6029=CARTESIAN_POINT('',(0.00337036282410277,-0.008493253905422,0.));
#6030=CARTESIAN_POINT('',(0.00300224013198356,-0.00863920576363937,0.));
#6031=CARTESIAN_POINT('',(0.00287225018663646,-0.00826514844787232,0.));
#6032=CARTESIAN_POINT('',(-2.89465254355412E-17,9.82104798133317E-17,0.));
#6033=CARTESIAN_POINT('',(0.00253443315258187,-0.00837491185595968,0.));
#6034=CARTESIAN_POINT('',(0.00264913445141817,-0.00875393675410681,0.));
#6035=CARTESIAN_POINT('',(0.00226552858767382,-0.00885223630991023,0.));
#6036=CARTESIAN_POINT('',(0.00216922539293318,-0.00847684854144829,0.));
#6037=CARTESIAN_POINT('',(0.00224564689635266,-0.00877459860477575,0.));
#6038=CARTESIAN_POINT('',(0.00232919239132285,-0.00910010484719489,0.));
#6039=CARTESIAN_POINT('',(0.0023311326799593,-0.00911027812878178,0.));
#6040=CARTESIAN_POINT('',(0.00233332261384885,-0.00912077129771,0.));
#6041=CARTESIAN_POINT('',(0.00233557188546101,-0.00913325690993958,0.));
#6042=CARTESIAN_POINT('',(0.0023383114059322,-0.0091500991499735,0.));
#6043=CARTESIAN_POINT('',(0.0023411954966548,-0.00917052247749357,0.));
#6044=CARTESIAN_POINT('',(0.00234413647182361,-0.00919479160359172,0.));
#6045=CARTESIAN_POINT('',(0.00234696457491307,-0.00922283678400054,0.));
#6046=CARTESIAN_POINT('',(0.00234953487508309,-0.00925468526568193,0.));
#6047=CARTESIAN_POINT('',(0.00235169474528911,-0.00929032936918616,0.));
#6048=CARTESIAN_POINT('',(0.0023532937476539,-0.00932976594056354,0.));
#6049=CARTESIAN_POINT('',(0.00235418086687239,-0.00937298468206536,0.));
#6050=CARTESIAN_POINT('',(0.00235420547134575,-0.00941997154986429,0.));
#6051=CARTESIAN_POINT('',(0.00235321718928513,-0.00947070777082696,0.));
#6052=CARTESIAN_POINT('',(0.00235106609862866,-0.00952517013104944,0.));
#6053=CARTESIAN_POINT('',(0.00234760282694787,-0.0095833309045273,0.));
#6054=CARTESIAN_POINT('',(0.0023426786768372,-0.00964515788895991,0.));
#6055=CARTESIAN_POINT('',(0.00233614574377846,-0.00971061441531741,0.));
#6056=CARTESIAN_POINT('',(0.002327857035516,-0.00977965936891129,0.));
#6057=CARTESIAN_POINT('',(0.00231766659107813,-0.00985224721096166,0.));
#6058=CARTESIAN_POINT('',(0.00230542959677709,-0.00992832800468692,0.));
#6059=CARTESIAN_POINT('',(0.00229100251182516,-0.0100078474409162,0.));
#6060=CARTESIAN_POINT('',(0.00227424315355738,-0.0100907468793957,0.));
#6061=CARTESIAN_POINT('',(0.00225501093529926,-0.0101769633440414,0.));
#6062=CARTESIAN_POINT('',(0.00223316651190845,-0.0102664297099539,0.));
#6063=CARTESIAN_POINT('',(0.00220857370209006,-0.0103590741661511,0.));
#6064=CARTESIAN_POINT('',(0.00218109265023479,-0.0104548224777401,0.));
#6065=CARTESIAN_POINT('',(0.00215060663582566,-0.0105535895082477,0.));
#6066=CARTESIAN_POINT('',(0.00211691976309491,-0.0106553119673092,0.));
#6067=CARTESIAN_POINT('',(0.0020873320830554,-0.0107394085400625,0.));
#6068=CARTESIAN_POINT('',(0.00206861556448338,-0.0107896734353335,0.));
#6069=CARTESIAN_POINT('',(0.00206291812900731,-0.0108048308081623,0.));
#6070=CARTESIAN_POINT('',(0.000556434312787992,-0.00873228955403749,0.));
#6071=CARTESIAN_POINT('',(0.00057576297362022,-0.00903908223528467,0.));
#6072=CARTESIAN_POINT('',(0.000596893446904362,-0.0093744740459814,0.));
#6073=CARTESIAN_POINT('',(0.00059819183965209,-0.00938474899388936,0.));
#6074=CARTESIAN_POINT('',(0.000599351656279837,-0.00939540531736357,0.));
#6075=CARTESIAN_POINT('',(0.000601070738220301,-0.00940797490338757,0.));
#6076=CARTESIAN_POINT('',(0.000603669837818473,-0.00942483938390287,0.));
#6077=CARTESIAN_POINT('',(0.000607238059828541,-0.00944515435567187,0.));
#6078=CARTESIAN_POINT('',(0.000611940598632941,-0.00946914447749949,0.));
#6079=CARTESIAN_POINT('',(0.000617917350117595,-0.00949669096099446,0.));
#6080=CARTESIAN_POINT('',(0.00062531457147664,-0.00952777493346484,0.));
#6081=CARTESIAN_POINT('',(0.000634275046574924,-0.00956234192696934,0.));
#6082=CARTESIAN_POINT('',(0.000644940875711811,-0.0096003424540629,0.));
#6083=CARTESIAN_POINT('',(0.000657452500797895,-0.00964172005470884,0.));
#6084=CARTESIAN_POINT('',(0.0006719488412155,-0.0096864148247097,0.));
#6085=CARTESIAN_POINT('',(0.000688567107817014,-0.00973436244231649,0.));
#6086=CARTESIAN_POINT('',(0.000707442711465506,-0.0097854945013296,0.));
#6087=CARTESIAN_POINT('',(0.000728709145975876,-0.00983973847413297,0.));
#6088=CARTESIAN_POINT('',(0.000752497879926472,-0.00989701778449344,0.));
#6089=CARTESIAN_POINT('',(0.000778938247519734,-0.00995725185308152,0.));
#6090=CARTESIAN_POINT('',(0.000808157341560748,-0.0100203561543998,0.));
#6091=CARTESIAN_POINT('',(0.000840279906925898,-0.010086242274074,0.));
#6092=CARTESIAN_POINT('',(0.000875428238302415,-0.0101548179695123,0.));
#6093=CARTESIAN_POINT('',(0.000913722068635051,-0.0102259872330808,0.));
#6094=CARTESIAN_POINT('',(0.000955278500838831,-0.0102996503577243,0.));
#6095=CARTESIAN_POINT('',(0.00100021178010651,-0.0103757040059563,0.));
#6096=CARTESIAN_POINT('',(0.00104863368880898,-0.0104540412781866,0.));
#6097=CARTESIAN_POINT('',(0.00110065155224031,-0.0105345517957782,0.));
#6098=CARTESIAN_POINT('',(0.00115637544114561,-0.0106171217393926,0.));
#6099=CARTESIAN_POINT('',(0.00121589005471608,-0.0107016340708088,0.));
#6100=CARTESIAN_POINT('',(0.00127936214309989,-0.0107879680621917,0.));
#6101=CARTESIAN_POINT('',(0.00133348896915298,-0.0108588055597505,0.));
#6102=CARTESIAN_POINT('',(0.00136682214296246,-0.0109008265936245,0.));
#6103=CARTESIAN_POINT('',(0.00137692461189233,-0.0109134815074368,0.));
#6104=CARTESIAN_POINT('',(0.000580845731825086,-0.00911906386115815,0.));
#6105=CARTESIAN_POINT('',(0.000185638642139233,-0.00914411615910127,0.));
#6106=CARTESIAN_POINT('',(0.000177600925006311,-0.00874819740926302,0.));
#6107=CARTESIAN_POINT('',(2.81892564846233E-18,1.02348685082632E-16,0.));
#6108=CARTESIAN_POINT('',(-0.000177600925006314,-0.00874819740926306,0.));
#6109=CARTESIAN_POINT('',(-0.000185638642139236,-0.00914411615910129,0.));
#6110=CARTESIAN_POINT('',(-0.00058084573182509,-0.00911906386115817,0.));
#6111=CARTESIAN_POINT('',(-0.000556434312787995,-0.00873228955403749,0.));
#6112=CARTESIAN_POINT('',(-0.000575762973620223,-0.00903908223528467,0.));
#6113=CARTESIAN_POINT('',(-0.000596893446904365,-0.0093744740459814,0.));
#6114=CARTESIAN_POINT('',(-0.000598191839652093,-0.00938474899388936,0.));
#6115=CARTESIAN_POINT('',(-0.00059935165627984,-0.00939540531736357,0.));
#6116=CARTESIAN_POINT('',(-0.000601070738220305,-0.00940797490338757,0.));
#6117=CARTESIAN_POINT('',(-0.000603669837818477,-0.00942483938390287,0.));
#6118=CARTESIAN_POINT('',(-0.000607238059828544,-0.00944515435567187,0.));
#6119=CARTESIAN_POINT('',(-0.000611940598632944,-0.00946914447749949,0.));
#6120=CARTESIAN_POINT('',(-0.000617917350117598,-0.00949669096099446,0.));
#6121=CARTESIAN_POINT('',(-0.000625314571476643,-0.00952777493346484,0.));
#6122=CARTESIAN_POINT('',(-0.000634275046574928,-0.00956234192696934,0.));
#6123=CARTESIAN_POINT('',(-0.000644940875711815,-0.0096003424540629,0.));
#6124=CARTESIAN_POINT('',(-0.000657452500797899,-0.00964172005470884,0.));
#6125=CARTESIAN_POINT('',(-0.000671948841215503,-0.0096864148247097,0.));
#6126=CARTESIAN_POINT('',(-0.000688567107817018,-0.00973436244231649,0.));
#6127=CARTESIAN_POINT('',(-0.000707442711465509,-0.0097854945013296,0.));
#6128=CARTESIAN_POINT('',(-0.00072870914597588,-0.00983973847413297,0.));
#6129=CARTESIAN_POINT('',(-0.000752497879926475,-0.00989701778449344,0.));
#6130=CARTESIAN_POINT('',(-0.000778938247519737,-0.00995725185308152,0.));
#6131=CARTESIAN_POINT('',(-0.000808157341560752,-0.0100203561543998,0.));
#6132=CARTESIAN_POINT('',(-0.000840279906925901,-0.010086242274074,0.));
#6133=CARTESIAN_POINT('',(-0.000875428238302419,-0.0101548179695123,0.));
#6134=CARTESIAN_POINT('',(-0.000913722068635055,-0.0102259872330808,0.));
#6135=CARTESIAN_POINT('',(-0.000955278500838835,-0.0102996503577243,0.));
#6136=CARTESIAN_POINT('',(-0.00100021178010651,-0.0103757040059563,0.));
#6137=CARTESIAN_POINT('',(-0.00104863368880898,-0.0104540412781866,0.));
#6138=CARTESIAN_POINT('',(-0.00110065155224031,-0.0105345517957782,0.));
#6139=CARTESIAN_POINT('',(-0.00115637544114561,-0.0106171217393926,0.));
#6140=CARTESIAN_POINT('',(-0.00121589005471608,-0.0107016340708088,0.));
#6141=CARTESIAN_POINT('',(-0.00127936214309989,-0.0107879680621917,0.));
#6142=CARTESIAN_POINT('',(-0.00133348896915298,-0.0108588055597505,0.));
#6143=CARTESIAN_POINT('',(-0.00136682214296247,-0.0109008265936245,0.));
#6144=CARTESIAN_POINT('',(-0.00137692461189233,-0.0109134815074368,0.));
#6145=CARTESIAN_POINT('',(-0.00216922539293318,-0.00847684854144829,0.));
#6146=CARTESIAN_POINT('',(-0.00224564689635266,-0.00877459860477575,0.));
#6147=CARTESIAN_POINT('',(-0.00232919239132286,-0.00910010484719489,0.));
#6148=CARTESIAN_POINT('',(-0.0023311326799593,-0.00911027812878178,0.));
#6149=CARTESIAN_POINT('',(-0.00233332261384885,-0.00912077129771,0.));
#6150=CARTESIAN_POINT('',(-0.00233557188546101,-0.00913325690993958,0.));
#6151=CARTESIAN_POINT('',(-0.0023383114059322,-0.0091500991499735,0.));
#6152=CARTESIAN_POINT('',(-0.00234119549665481,-0.00917052247749357,0.));
#6153=CARTESIAN_POINT('',(-0.00234413647182361,-0.00919479160359172,0.));
#6154=CARTESIAN_POINT('',(-0.00234696457491307,-0.00922283678400054,0.));
#6155=CARTESIAN_POINT('',(-0.0023495348750831,-0.00925468526568193,0.));
#6156=CARTESIAN_POINT('',(-0.00235169474528912,-0.00929032936918616,0.));
#6157=CARTESIAN_POINT('',(-0.0023532937476539,-0.00932976594056354,0.));
#6158=CARTESIAN_POINT('',(-0.0023541808668724,-0.00937298468206536,0.));
#6159=CARTESIAN_POINT('',(-0.00235420547134575,-0.00941997154986429,0.));
#6160=CARTESIAN_POINT('',(-0.00235321718928514,-0.00947070777082696,0.));
#6161=CARTESIAN_POINT('',(-0.00235106609862866,-0.00952517013104944,0.));
#6162=CARTESIAN_POINT('',(-0.00234760282694787,-0.0095833309045273,0.));
#6163=CARTESIAN_POINT('',(-0.0023426786768372,-0.00964515788895991,0.));
#6164=CARTESIAN_POINT('',(-0.00233614574377846,-0.00971061441531741,0.));
#6165=CARTESIAN_POINT('',(-0.002327857035516,-0.00977965936891129,0.));
#6166=CARTESIAN_POINT('',(-0.00231766659107813,-0.00985224721096165,0.));
#6167=CARTESIAN_POINT('',(-0.00230542959677709,-0.00992832800468692,0.));
#6168=CARTESIAN_POINT('',(-0.00229100251182516,-0.0100078474409162,0.));
#6169=CARTESIAN_POINT('',(-0.00227424315355739,-0.0100907468793957,0.));
#6170=CARTESIAN_POINT('',(-0.00225501093529927,-0.0101769633440414,0.));
#6171=CARTESIAN_POINT('',(-0.00223316651190845,-0.0102664297099539,0.));
#6172=CARTESIAN_POINT('',(-0.00220857370209007,-0.0103590741661511,0.));
#6173=CARTESIAN_POINT('',(-0.00218109265023479,-0.0104548224777401,0.));
#6174=CARTESIAN_POINT('',(-0.00215060663582566,-0.0105535895082477,0.));
#6175=CARTESIAN_POINT('',(-0.00211691976309491,-0.0106553119673092,0.));
#6176=CARTESIAN_POINT('',(-0.00208733208305541,-0.0107394085400625,0.));
#6177=CARTESIAN_POINT('',(-0.00206861556448338,-0.0107896734353335,0.));
#6178=CARTESIAN_POINT('',(-0.00206291812900731,-0.0108048308081623,0.));
#6179=CARTESIAN_POINT('',(-0.00226552858767382,-0.00885223630991021,0.));
#6180=CARTESIAN_POINT('',(-0.00264913445141817,-0.00875393675410679,0.));
#6181=CARTESIAN_POINT('',(-0.00253443315258186,-0.00837491185595964,0.));
#6182=CARTESIAN_POINT('',(3.43084406493845E-17,9.64682879508231E-17,0.));
#6183=CARTESIAN_POINT('',(-0.00287225018663647,-0.00826514844787235,0.));
#6184=CARTESIAN_POINT('',(-0.00300224013198358,-0.00863920576363938,0.));
#6185=CARTESIAN_POINT('',(-0.00337036282410278,-0.00849325390542201,0.));
#6186=CARTESIAN_POINT('',(-0.00322762635106765,-0.00813295322363862,0.));
#6187=CARTESIAN_POINT('',(-0.00334081315215863,-0.00841875751761474,0.));
#6188=CARTESIAN_POINT('',(-0.0034645511957474,-0.00873120440934591,0.));
#6189=CARTESIAN_POINT('',(-0.00346896117415071,-0.00874057524008396,0.));
#6190=CARTESIAN_POINT('',(-0.00347335721036332,-0.00875035160291551,0.));
#6191=CARTESIAN_POINT('',(-0.00347887637013852,-0.00876177476407644,0.));
#6192=CARTESIAN_POINT('',(-0.0034865596718284,-0.00877701067221854,0.));
#6193=CARTESIAN_POINT('',(-0.00349623092413953,-0.00879522871725699,0.));
#6194=CARTESIAN_POINT('',(-0.00350811665965445,-0.0088165915145406,0.));
#6195=CARTESIAN_POINT('',(-0.00352231321963541,-0.0088409428593896,0.));
#6196=CARTESIAN_POINT('',(-0.00353895387095744,-0.00886821960684879,0.));
#6197=CARTESIAN_POINT('',(-0.00355815757762611,-0.00889832583218693,0.));
#6198=CARTESIAN_POINT('',(-0.00358004419259555,-0.00893117055863952,0.));
#6199=CARTESIAN_POINT('',(-0.00360472983694917,-0.00896665669058364,0.));
#6200=CARTESIAN_POINT('',(-0.00363232811945571,-0.009004684327292,0.));
#6201=CARTESIAN_POINT('',(-0.00366294965887689,-0.00904514989466083,0.));
#6202=CARTESIAN_POINT('',(-0.00369670209991823,-0.00908794649027037,0.));
#6203=CARTESIAN_POINT('',(-0.00373368999047634,-0.0091329638844013,0.));
#6204=CARTESIAN_POINT('',(-0.00377401470124192,-0.00918008862270311,0.));
#6205=CARTESIAN_POINT('',(-0.0038177743359688,-0.00922920410321293,0.));
#6206=CARTESIAN_POINT('',(-0.00386506364728224,-0.00928019066356899,0.));
#6207=CARTESIAN_POINT('',(-0.00391597395306566,-0.00933292566841785,0.));
#6208=CARTESIAN_POINT('',(-0.00397059305794969,-0.00938728359870459,0.));
#6209=CARTESIAN_POINT('',(-0.00402900516674127,-0.00944313614622888,0.));
#6210=CARTESIAN_POINT('',(-0.00409129083975627,-0.00950035229715522,0.));
#6211=CARTESIAN_POINT('',(-0.00415752679759021,-0.00955879846798758,0.));
#6212=CARTESIAN_POINT('',(-0.00422778631780526,-0.0096183384485218,0.));
#6213=CARTESIAN_POINT('',(-0.00430213736394711,-0.00967883409709626,0.));
#6214=CARTESIAN_POINT('',(-0.00438064944740523,-0.00974014315135643,0.));
#6215=CARTESIAN_POINT('',(-0.00446336695509806,-0.00980212812785016,0.));
#6216=CARTESIAN_POINT('',(-0.00455041116888788,-0.00986462267895357,0.));
#6217=CARTESIAN_POINT('',(-0.00462377883009671,-0.00991526703350293,0.));
#6218=CARTESIAN_POINT('',(-0.0046684657758453,-0.00994493089440668,0.));
#6219=CARTESIAN_POINT('',(-0.00468198437818207,-0.00995384459806657,0.));
#6220=CARTESIAN_POINT('',(-0.00468254620331202,-0.00739163453194544,0.));
#6221=CARTESIAN_POINT('',(-0.0048472372017686,-0.00765119612660801,0.));
#6222=CARTESIAN_POINT('',(-0.00502728064984975,-0.00793495398180623,0.));
#6223=CARTESIAN_POINT('',(-0.00503226969089984,-0.00794402976538889,0.));
#6224=CARTESIAN_POINT('',(-0.00503759500931943,-0.00795333263528623,0.));
#6225=CARTESIAN_POINT('',(-0.0050435924601072,-0.00796451209500399,0.));
#6226=CARTESIAN_POINT('',(-0.00505140243729667,-0.00797968345875522,0.));
#6227=CARTESIAN_POINT('',(-0.00506045652585738,-0.00799821596443101,0.));
#6228=CARTESIAN_POINT('',(-0.00507075313185889,-0.00802038846364424,0.));
#6229=CARTESIAN_POINT('',(-0.00508210925508751,-0.00804618708330624,0.));
#6230=CARTESIAN_POINT('',(-0.00509439547789764,-0.00807568252291024,0.));
#6231=CARTESIAN_POINT('',(-0.00510746427026349,-0.00810891464321614,0.));
#6232=CARTESIAN_POINT('',(-0.00512117158263759,-0.00814592693250017,0.));
#6233=CARTESIAN_POINT('',(-0.00513537060875063,-0.00818675626331701,0.));
#6234=CARTESIAN_POINT('',(-0.00514991374965765,-0.00823143582691707,0.));
#6235=CARTESIAN_POINT('',(-0.0051646521920718,-0.00827999423642778,0.));
#6236=CARTESIAN_POINT('',(-0.00517943617814834,-0.00833245574257947,0.));
#6237=CARTESIAN_POINT('',(-0.00519411507845927,-0.00838884013499385,0.));
#6238=CARTESIAN_POINT('',(-0.00520853752230994,-0.00844916273748842,0.));
#6239=CARTESIAN_POINT('',(-0.00522255151279111,-0.00851343438075303,0.));
#6240=CARTESIAN_POINT('',(-0.00523600454682277,-0.0085816613855003,0.));
#6241=CARTESIAN_POINT('',(-0.00524874373501476,-0.00865384554619764,0.));
#6242=CARTESIAN_POINT('',(-0.00526061592005153,-0.00872998412003406,0.));
#6243=CARTESIAN_POINT('',(-0.00527146780407482,-0.00881006981246147,0.));
#6244=CARTESIAN_POINT('',(-0.00528114604249962,-0.00889409079014412,0.));
#6245=CARTESIAN_POINT('',(-0.00528949746877289,-0.00898203060293872,0.));
#6246=CARTESIAN_POINT('',(-0.00529636881505427,-0.00907386847128911,0.));
#6247=CARTESIAN_POINT('',(-0.00530160837442205,-0.00916957818122737,0.));
#6248=CARTESIAN_POINT('',(-0.00530506019644415,-0.00926913234893489,0.));
#6249=CARTESIAN_POINT('',(-0.00530658696469527,-0.00937248607343745,0.));
#6250=CARTESIAN_POINT('',(-0.00530598281343071,-0.00947963969714264,0.));
#6251=CARTESIAN_POINT('',(-0.00530383052767655,-0.00956876338661411,0.));
#6252=CARTESIAN_POINT('',(-0.00530156276758545,-0.00962235186511671,0.));
#6253=CARTESIAN_POINT('',(-0.00530082807024396,-0.00963852798770195,0.));
#6254=CARTESIAN_POINT('',(-0.00489013718414537,-0.00771889019149118,0.));
#6255=CARTESIAN_POINT('',(-0.00522459180726569,-0.00750686102735654,0.));
#6256=CARTESIAN_POINT('',(-0.00499837925476121,-0.00718183157875288,0.));
#6257=CARTESIAN_POINT('',(6.2439606438583E-17,8.11449026603035E-17,0.));
#6258=CARTESIAN_POINT('',(-0.00528574358785487,-0.00697304916972849,0.));
#6259=CARTESIAN_POINT('',(-0.00552496143987237,-0.00728862971514647,0.));
#6260=CARTESIAN_POINT('',(-0.00582996532045868,-0.00703606508144357,0.));
#6261=CARTESIAN_POINT('',(-0.00558287583390968,-0.00673750676609288,0.));
#6262=CARTESIAN_POINT('',(-0.00577884126254983,-0.00697434615718796,0.));
#6263=CARTESIAN_POINT('',(-0.00599307453460309,-0.00723326365124542,0.));
#6264=CARTESIAN_POINT('',(-0.00600016441924975,-0.00724081308261048,0.));
#6265=CARTESIAN_POINT('',(-0.00600736636039375,-0.00724875250628951,0.));
#6266=CARTESIAN_POINT('',(-0.00601614534419064,-0.0072579110639831,0.));
#6267=CARTESIAN_POINT('',(-0.0060281607528701,-0.00727002700290824,0.));
#6268=CARTESIAN_POINT('',(-0.0060429883459225,-0.00728436481203519,0.));
#6269=CARTESIAN_POINT('',(-0.00606089381954295,-0.0073010091453333,0.));
#6270=CARTESIAN_POINT('',(-0.00608192052981605,-0.00731978167223671,0.));
#6271=CARTESIAN_POINT('',(-0.00610617570820742,-0.00734058115659513,0.));
#6272=CARTESIAN_POINT('',(-0.00613374285383764,-0.00736327960666841,0.));
#6273=CARTESIAN_POINT('',(-0.00616470784027342,-0.00738775346181218,0.));
#6274=CARTESIAN_POINT('',(-0.00619915110103024,-0.00741387449521339,0.));
#6275=CARTESIAN_POINT('',(-0.00623714981344544,-0.00744151258859409,0.));
#6276=CARTESIAN_POINT('',(-0.00627877717605494,-0.00747053505405073,0.));
#6277=CARTESIAN_POINT('',(-0.00632410253039292,-0.00750080695729702,0.));
#6278=CARTESIAN_POINT('',(-0.00637319124456115,-0.00753219115656333,0.));
#6279=CARTESIAN_POINT('',(-0.00642610466849321,-0.00756454842508415,0.));
#6280=CARTESIAN_POINT('',(-0.00648290007241532,-0.00759773755207574,0.));
#6281=CARTESIAN_POINT('',(-0.00654363059372583,-0.0076316154516977,0.));
#6282=CARTESIAN_POINT('',(-0.00660834518448446,-0.00766603727202017,0.));
#6283=CARTESIAN_POINT('',(-0.00667708856433628,-0.00770085650420497,0.));
#6284=CARTESIAN_POINT('',(-0.0067499011673972,-0.00773592509918576,0.));
#6285=CARTESIAN_POINT('',(-0.0068268191255789,-0.00777109356089387,0.));
#6286=CARTESIAN_POINT('',(-0.00690787412493326,-0.0078062111359071,0.));
#6287=CARTESIAN_POINT('',(-0.00699309376529538,-0.00784112563661117,0.));
#6288=CARTESIAN_POINT('',(-0.0070824999957172,-0.00787568468058802,0.));
#6289=CARTESIAN_POINT('',(-0.0071761149639734,-0.00790973148809771,0.));
#6290=CARTESIAN_POINT('',(-0.00727393839980886,-0.00794312158829505,0.));
#6291=CARTESIAN_POINT('',(-0.00737603424488624,-0.00797565929703182,0.));
#6292=CARTESIAN_POINT('',(-0.00746146100338914,-0.00800115308628848,0.));
#6293=CARTESIAN_POINT('',(-0.00751312745147469,-0.00801555606883645,0.));
#6294=CARTESIAN_POINT('',(-0.00752873889223201,-0.00801985602692424,0.));
#6295=CARTESIAN_POINT('',(-0.00673750676609288,-0.00558287583390968,0.));
#6296=CARTESIAN_POINT('',(-0.00697434615718796,-0.00577884126254982,0.));
#6297=CARTESIAN_POINT('',(-0.00723326365124542,-0.00599307453460309,0.));
#6298=CARTESIAN_POINT('',(-0.00724081308261048,-0.00600016441924975,0.));
#6299=CARTESIAN_POINT('',(-0.00724875250628952,-0.00600736636039375,0.));
#6300=CARTESIAN_POINT('',(-0.0072579110639831,-0.00601614534419064,0.));
#6301=CARTESIAN_POINT('',(-0.00727002700290824,-0.0060281607528701,0.));
#6302=CARTESIAN_POINT('',(-0.00728436481203519,-0.0060429883459225,0.));
#6303=CARTESIAN_POINT('',(-0.0073010091453333,-0.00606089381954295,0.));
#6304=CARTESIAN_POINT('',(-0.00731978167223671,-0.00608192052981605,0.));
#6305=CARTESIAN_POINT('',(-0.00734058115659513,-0.00610617570820742,0.));
#6306=CARTESIAN_POINT('',(-0.00736327960666841,-0.00613374285383764,0.));
#6307=CARTESIAN_POINT('',(-0.00738775346181218,-0.00616470784027342,0.));
#6308=CARTESIAN_POINT('',(-0.00741387449521339,-0.00619915110103024,0.));
#6309=CARTESIAN_POINT('',(-0.00744151258859409,-0.00623714981344544,0.));
#6310=CARTESIAN_POINT('',(-0.00747053505405074,-0.00627877717605494,0.));
#6311=CARTESIAN_POINT('',(-0.00750080695729702,-0.00632410253039291,0.));
#6312=CARTESIAN_POINT('',(-0.00753219115656333,-0.00637319124456114,0.));
#6313=CARTESIAN_POINT('',(-0.00756454842508415,-0.00642610466849321,0.));
#6314=CARTESIAN_POINT('',(-0.00759773755207574,-0.00648290007241532,0.));
#6315=CARTESIAN_POINT('',(-0.0076316154516977,-0.00654363059372582,0.));
#6316=CARTESIAN_POINT('',(-0.00766603727202017,-0.00660834518448446,0.));
#6317=CARTESIAN_POINT('',(-0.00770085650420498,-0.00667708856433628,0.));
#6318=CARTESIAN_POINT('',(-0.00773592509918576,-0.0067499011673972,0.));
#6319=CARTESIAN_POINT('',(-0.00777109356089387,-0.0068268191255789,0.));
#6320=CARTESIAN_POINT('',(-0.0078062111359071,-0.00690787412493326,0.));
#6321=CARTESIAN_POINT('',(-0.00784112563661117,-0.00699309376529538,0.));
#6322=CARTESIAN_POINT('',(-0.00787568468058802,-0.0070824999957172,0.));
#6323=CARTESIAN_POINT('',(-0.00790973148809771,-0.0071761149639734,0.));
#6324=CARTESIAN_POINT('',(-0.00794312158829505,-0.00727393839980886,0.));
#6325=CARTESIAN_POINT('',(-0.00797565929703182,-0.00737603424488624,0.));
#6326=CARTESIAN_POINT('',(-0.00800115308628848,-0.00746146100338913,0.));
#6327=CARTESIAN_POINT('',(-0.00801555606883645,-0.00751312745147469,0.));
#6328=CARTESIAN_POINT('',(-0.00801985602692425,-0.00752873889223201,0.));
#6329=CARTESIAN_POINT('',(-0.00703606508144355,-0.00582996532045866,0.));
#6330=CARTESIAN_POINT('',(-0.00728862971514646,-0.00552496143987235,0.));
#6331=CARTESIAN_POINT('',(-0.00697304916972846,-0.00528574358785484,0.));
#6332=CARTESIAN_POINT('',(8.44587485072538E-17,5.78784889276121E-17,0.));
#6333=CARTESIAN_POINT('',(-0.00718183157875292,-0.00499837925476123,0.));
#6334=CARTESIAN_POINT('',(-0.00750686102735656,-0.0052245918072657,0.));
#6335=CARTESIAN_POINT('',(-0.0077188901914912,-0.00489013718414538,0.));
#6336=CARTESIAN_POINT('',(-0.00739163453194544,-0.00468254620331202,0.));
#6337=CARTESIAN_POINT('',(-0.00765119612660801,-0.0048472372017686,0.));
#6338=CARTESIAN_POINT('',(-0.00793495398180623,-0.00502728064984975,0.));
#6339=CARTESIAN_POINT('',(-0.00794402976538889,-0.00503226969089984,0.));
#6340=CARTESIAN_POINT('',(-0.00795333263528623,-0.00503759500931943,0.));
#6341=CARTESIAN_POINT('',(-0.00796451209500399,-0.0050435924601072,0.));
#6342=CARTESIAN_POINT('',(-0.00797968345875522,-0.00505140243729667,0.));
#6343=CARTESIAN_POINT('',(-0.00799821596443101,-0.00506045652585738,0.));
#6344=CARTESIAN_POINT('',(-0.00802038846364424,-0.00507075313185889,0.));
#6345=CARTESIAN_POINT('',(-0.00804618708330624,-0.00508210925508751,0.));
#6346=CARTESIAN_POINT('',(-0.00807568252291025,-0.00509439547789764,0.));
#6347=CARTESIAN_POINT('',(-0.00810891464321614,-0.00510746427026349,0.));
#6348=CARTESIAN_POINT('',(-0.00814592693250018,-0.00512117158263759,0.));
#6349=CARTESIAN_POINT('',(-0.00818675626331701,-0.00513537060875062,0.));
#6350=CARTESIAN_POINT('',(-0.00823143582691707,-0.00514991374965765,0.));
#6351=CARTESIAN_POINT('',(-0.00827999423642778,-0.0051646521920718,0.));
#6352=CARTESIAN_POINT('',(-0.00833245574257947,-0.00517943617814834,0.));
#6353=CARTESIAN_POINT('',(-0.00838884013499386,-0.00519411507845926,0.));
#6354=CARTESIAN_POINT('',(-0.00844916273748842,-0.00520853752230993,0.));
#6355=CARTESIAN_POINT('',(-0.00851343438075303,-0.00522255151279111,0.));
#6356=CARTESIAN_POINT('',(-0.0085816613855003,-0.00523600454682277,0.));
#6357=CARTESIAN_POINT('',(-0.00865384554619764,-0.00524874373501476,0.));
#6358=CARTESIAN_POINT('',(-0.00872998412003406,-0.00526061592005153,0.));
#6359=CARTESIAN_POINT('',(-0.00881006981246147,-0.00527146780407482,0.));
#6360=CARTESIAN_POINT('',(-0.00889409079014413,-0.00528114604249962,0.));
#6361=CARTESIAN_POINT('',(-0.00898203060293872,-0.00528949746877289,0.));
#6362=CARTESIAN_POINT('',(-0.00907386847128911,-0.00529636881505427,0.));
#6363=CARTESIAN_POINT('',(-0.00916957818122737,-0.00530160837442204,0.));
#6364=CARTESIAN_POINT('',(-0.0092691323489349,-0.00530506019644414,0.));
#6365=CARTESIAN_POINT('',(-0.00937248607343745,-0.00530658696469527,0.));
#6366=CARTESIAN_POINT('',(-0.00947963969714264,-0.00530598281343071,0.));
#6367=CARTESIAN_POINT('',(-0.00956876338661411,-0.00530383052767655,0.));
#6368=CARTESIAN_POINT('',(-0.00962235186511671,-0.00530156276758545,0.));
#6369=CARTESIAN_POINT('',(-0.00963852798770195,-0.00530082807024395,0.));
#6370=CARTESIAN_POINT('',(-0.00813295322363862,-0.00322762635106765,0.));
#6371=CARTESIAN_POINT('',(-0.00841875751761474,-0.00334081315215863,0.));
#6372=CARTESIAN_POINT('',(-0.00873120440934591,-0.0034645511957474,0.));
#6373=CARTESIAN_POINT('',(-0.00874057524008396,-0.00346896117415071,0.));
#6374=CARTESIAN_POINT('',(-0.00875035160291551,-0.00347335721036332,0.));
#6375=CARTESIAN_POINT('',(-0.00876177476407645,-0.00347887637013852,0.));
#6376=CARTESIAN_POINT('',(-0.00877701067221855,-0.0034865596718284,0.));
#6377=CARTESIAN_POINT('',(-0.00879522871725699,-0.00349623092413953,0.));
#6378=CARTESIAN_POINT('',(-0.0088165915145406,-0.00350811665965444,0.));
#6379=CARTESIAN_POINT('',(-0.0088409428593896,-0.00352231321963541,0.));
#6380=CARTESIAN_POINT('',(-0.00886821960684879,-0.00353895387095744,0.));
#6381=CARTESIAN_POINT('',(-0.00889832583218693,-0.0035581575776261,0.));
#6382=CARTESIAN_POINT('',(-0.00893117055863952,-0.00358004419259555,0.));
#6383=CARTESIAN_POINT('',(-0.00896665669058364,-0.00360472983694916,0.));
#6384=CARTESIAN_POINT('',(-0.009004684327292,-0.00363232811945571,0.));
#6385=CARTESIAN_POINT('',(-0.00904514989466084,-0.00366294965887689,0.));
#6386=CARTESIAN_POINT('',(-0.00908794649027037,-0.00369670209991823,0.));
#6387=CARTESIAN_POINT('',(-0.0091329638844013,-0.00373368999047634,0.));
#6388=CARTESIAN_POINT('',(-0.00918008862270311,-0.00377401470124192,0.));
#6389=CARTESIAN_POINT('',(-0.00922920410321293,-0.0038177743359688,0.));
#6390=CARTESIAN_POINT('',(-0.00928019066356899,-0.00386506364728224,0.));
#6391=CARTESIAN_POINT('',(-0.00933292566841785,-0.00391597395306565,0.));
#6392=CARTESIAN_POINT('',(-0.00938728359870459,-0.00397059305794969,0.));
#6393=CARTESIAN_POINT('',(-0.00944313614622888,-0.00402900516674127,0.));
#6394=CARTESIAN_POINT('',(-0.00950035229715522,-0.00409129083975627,0.));
#6395=CARTESIAN_POINT('',(-0.00955879846798759,-0.00415752679759021,0.));
#6396=CARTESIAN_POINT('',(-0.0096183384485218,-0.00422778631780526,0.));
#6397=CARTESIAN_POINT('',(-0.00967883409709626,-0.00430213736394711,0.));
#6398=CARTESIAN_POINT('',(-0.00974014315135643,-0.00438064944740523,0.));
#6399=CARTESIAN_POINT('',(-0.00980212812785016,-0.00446336695509806,0.));
#6400=CARTESIAN_POINT('',(-0.00986462267895357,-0.00455041116888788,0.));
#6401=CARTESIAN_POINT('',(-0.00991526703350293,-0.00462377883009671,0.));
#6402=CARTESIAN_POINT('',(-0.00994493089440669,-0.00466846577584529,0.));
#6403=CARTESIAN_POINT('',(-0.00995384459806657,-0.00468198437818207,0.));
#6404=CARTESIAN_POINT('',(-0.008493253905422,-0.00337036282410277,0.));
#6405=CARTESIAN_POINT('',(-0.00863920576363937,-0.00300224013198356,0.));
#6406=CARTESIAN_POINT('',(-0.00826514844787232,-0.00287225018663646,0.));
#6407=CARTESIAN_POINT('',(9.82104798133317E-17,2.89465254355412E-17,0.));
#6408=CARTESIAN_POINT('',(-0.00837491185595968,-0.00253443315258187,0.));
#6409=CARTESIAN_POINT('',(-0.00875393675410681,-0.00264913445141817,0.));
#6410=CARTESIAN_POINT('',(-0.00885223630991023,-0.00226552858767382,0.));
#6411=CARTESIAN_POINT('',(-0.00847684854144829,-0.00216922539293318,0.));
#6412=CARTESIAN_POINT('',(-0.00877459860477575,-0.00224564689635266,0.));
#6413=CARTESIAN_POINT('',(-0.00910010484719489,-0.00232919239132286,0.));
#6414=CARTESIAN_POINT('',(-0.00911027812878178,-0.0023311326799593,0.));
#6415=CARTESIAN_POINT('',(-0.00912077129771,-0.00233332261384885,0.));
#6416=CARTESIAN_POINT('',(-0.00913325690993958,-0.00233557188546101,0.));
#6417=CARTESIAN_POINT('',(-0.0091500991499735,-0.0023383114059322,0.));
#6418=CARTESIAN_POINT('',(-0.00917052247749357,-0.0023411954966548,0.));
#6419=CARTESIAN_POINT('',(-0.00919479160359172,-0.00234413647182361,0.));
#6420=CARTESIAN_POINT('',(-0.00922283678400054,-0.00234696457491307,0.));
#6421=CARTESIAN_POINT('',(-0.00925468526568193,-0.00234953487508309,0.));
#6422=CARTESIAN_POINT('',(-0.00929032936918616,-0.00235169474528911,0.));
#6423=CARTESIAN_POINT('',(-0.00932976594056354,-0.0023532937476539,0.));
#6424=CARTESIAN_POINT('',(-0.00937298468206536,-0.0023541808668724,0.));
#6425=CARTESIAN_POINT('',(-0.00941997154986429,-0.00235420547134575,0.));
#6426=CARTESIAN_POINT('',(-0.00947070777082696,-0.00235321718928513,0.));
#6427=CARTESIAN_POINT('',(-0.00952517013104944,-0.00235106609862866,0.));
#6428=CARTESIAN_POINT('',(-0.0095833309045273,-0.00234760282694787,0.));
#6429=CARTESIAN_POINT('',(-0.00964515788895991,-0.0023426786768372,0.));
#6430=CARTESIAN_POINT('',(-0.00971061441531741,-0.00233614574377846,0.));
#6431=CARTESIAN_POINT('',(-0.00977965936891129,-0.002327857035516,0.));
#6432=CARTESIAN_POINT('',(-0.00985224721096166,-0.00231766659107813,0.));
#6433=CARTESIAN_POINT('',(-0.00992832800468692,-0.00230542959677709,0.));
#6434=CARTESIAN_POINT('',(-0.0100078474409162,-0.00229100251182516,0.));
#6435=CARTESIAN_POINT('',(-0.0100907468793957,-0.00227424315355739,0.));
#6436=CARTESIAN_POINT('',(-0.0101769633440414,-0.00225501093529926,0.));
#6437=CARTESIAN_POINT('',(-0.0102664297099539,-0.00223316651190845,0.));
#6438=CARTESIAN_POINT('',(-0.0103590741661511,-0.00220857370209006,0.));
#6439=CARTESIAN_POINT('',(-0.0104548224777401,-0.00218109265023479,0.));
#6440=CARTESIAN_POINT('',(-0.0105535895082477,-0.00215060663582566,0.));
#6441=CARTESIAN_POINT('',(-0.0106553119673092,-0.00211691976309491,0.));
#6442=CARTESIAN_POINT('',(-0.0107394085400625,-0.0020873320830554,0.));
#6443=CARTESIAN_POINT('',(-0.0107896734353335,-0.00206861556448338,0.));
#6444=CARTESIAN_POINT('',(-0.0108048308081623,-0.00206291812900731,0.));
#6445=CARTESIAN_POINT('',(-0.00873228955403749,-0.000556434312787993,0.));
#6446=CARTESIAN_POINT('',(-0.00903908223528467,-0.000575762973620221,0.));
#6447=CARTESIAN_POINT('',(-0.0093744740459814,-0.000596893446904362,0.));
#6448=CARTESIAN_POINT('',(-0.00938474899388936,-0.00059819183965209,0.));
#6449=CARTESIAN_POINT('',(-0.00939540531736357,-0.000599351656279837,0.));
#6450=CARTESIAN_POINT('',(-0.00940797490338757,-0.000601070738220302,0.));
#6451=CARTESIAN_POINT('',(-0.00942483938390287,-0.000603669837818474,0.));
#6452=CARTESIAN_POINT('',(-0.00944515435567187,-0.000607238059828541,0.));
#6453=CARTESIAN_POINT('',(-0.00946914447749949,-0.000611940598632941,0.));
#6454=CARTESIAN_POINT('',(-0.00949669096099446,-0.000617917350117595,0.));
#6455=CARTESIAN_POINT('',(-0.00952777493346484,-0.00062531457147664,0.));
#6456=CARTESIAN_POINT('',(-0.00956234192696934,-0.000634275046574925,0.));
#6457=CARTESIAN_POINT('',(-0.0096003424540629,-0.000644940875711812,0.));
#6458=CARTESIAN_POINT('',(-0.00964172005470884,-0.000657452500797896,0.));
#6459=CARTESIAN_POINT('',(-0.0096864148247097,-0.000671948841215501,0.));
#6460=CARTESIAN_POINT('',(-0.00973436244231649,-0.000688567107817015,0.));
#6461=CARTESIAN_POINT('',(-0.0097854945013296,-0.000707442711465506,0.));
#6462=CARTESIAN_POINT('',(-0.00983973847413297,-0.000728709145975877,0.));
#6463=CARTESIAN_POINT('',(-0.00989701778449344,-0.000752497879926472,0.));
#6464=CARTESIAN_POINT('',(-0.00995725185308152,-0.000778938247519734,0.));
#6465=CARTESIAN_POINT('',(-0.0100203561543998,-0.000808157341560749,0.));
#6466=CARTESIAN_POINT('',(-0.010086242274074,-0.000840279906925898,0.));
#6467=CARTESIAN_POINT('',(-0.0101548179695123,-0.000875428238302416,0.));
#6468=CARTESIAN_POINT('',(-0.0102259872330808,-0.000913722068635052,0.));
#6469=CARTESIAN_POINT('',(-0.0102996503577243,-0.000955278500838832,0.));
#6470=CARTESIAN_POINT('',(-0.0103757040059563,-0.00100021178010651,0.));
#6471=CARTESIAN_POINT('',(-0.0104540412781866,-0.00104863368880898,0.));
#6472=CARTESIAN_POINT('',(-0.0105345517957782,-0.00110065155224031,0.));
#6473=CARTESIAN_POINT('',(-0.0106171217393926,-0.00115637544114561,0.));
#6474=CARTESIAN_POINT('',(-0.0107016340708088,-0.00121589005471608,0.));
#6475=CARTESIAN_POINT('',(-0.0107879680621917,-0.00127936214309989,0.));
#6476=CARTESIAN_POINT('',(-0.0108588055597505,-0.00133348896915298,0.));
#6477=CARTESIAN_POINT('',(-0.0109008265936245,-0.00136682214296246,0.));
#6478=CARTESIAN_POINT('',(-0.0109134815074368,-0.00137692461189233,0.));
#6479=CARTESIAN_POINT('',(-0.00911906386115815,-0.000580845731825086,0.));
#6480=CARTESIAN_POINT('',(-0.00914411615910127,-0.000185638642139233,0.));
#6481=CARTESIAN_POINT('',(-0.00874819740926302,-0.000177600925006311,0.));
#6482=CARTESIAN_POINT('',(1.02348685082632E-16,-2.81892564846233E-18,0.));
#6483=CARTESIAN_POINT('',(-0.00874819740926306,0.000177600925006314,0.));
#6484=CARTESIAN_POINT('',(-0.00914411615910129,0.000185638642139236,0.));
#6485=CARTESIAN_POINT('',(-0.00911906386115817,0.00058084573182509,0.));
#6486=CARTESIAN_POINT('',(-0.00873228955403749,0.000556434312787995,0.));
#6487=CARTESIAN_POINT('',(-0.00903908223528467,0.000575762973620223,0.));
#6488=CARTESIAN_POINT('',(-0.0093744740459814,0.000596893446904365,0.));
#6489=CARTESIAN_POINT('',(-0.00938474899388936,0.000598191839652092,0.));
#6490=CARTESIAN_POINT('',(-0.00939540531736357,0.00059935165627984,0.));
#6491=CARTESIAN_POINT('',(-0.00940797490338757,0.000601070738220304,0.));
#6492=CARTESIAN_POINT('',(-0.00942483938390287,0.000603669837818476,0.));
#6493=CARTESIAN_POINT('',(-0.00944515435567187,0.000607238059828544,0.));
#6494=CARTESIAN_POINT('',(-0.00946914447749949,0.000611940598632943,0.));
#6495=CARTESIAN_POINT('',(-0.00949669096099446,0.000617917350117598,0.));
#6496=CARTESIAN_POINT('',(-0.00952777493346484,0.000625314571476643,0.));
#6497=CARTESIAN_POINT('',(-0.00956234192696934,0.000634275046574927,0.));
#6498=CARTESIAN_POINT('',(-0.0096003424540629,0.000644940875711814,0.));
#6499=CARTESIAN_POINT('',(-0.00964172005470884,0.000657452500797898,0.));
#6500=CARTESIAN_POINT('',(-0.0096864148247097,0.000671948841215503,0.));
#6501=CARTESIAN_POINT('',(-0.00973436244231649,0.000688567107817017,0.));
#6502=CARTESIAN_POINT('',(-0.0097854945013296,0.000707442711465509,0.));
#6503=CARTESIAN_POINT('',(-0.00983973847413297,0.000728709145975879,0.));
#6504=CARTESIAN_POINT('',(-0.00989701778449344,0.000752497879926475,0.));
#6505=CARTESIAN_POINT('',(-0.00995725185308152,0.000778938247519737,0.));
#6506=CARTESIAN_POINT('',(-0.0100203561543998,0.000808157341560752,0.));
#6507=CARTESIAN_POINT('',(-0.010086242274074,0.000840279906925901,0.));
#6508=CARTESIAN_POINT('',(-0.0101548179695123,0.000875428238302418,0.));
#6509=CARTESIAN_POINT('',(-0.0102259872330808,0.000913722068635054,0.));
#6510=CARTESIAN_POINT('',(-0.0102996503577243,0.000955278500838835,0.));
#6511=CARTESIAN_POINT('',(-0.0103757040059563,0.00100021178010651,0.));
#6512=CARTESIAN_POINT('',(-0.0104540412781866,0.00104863368880898,0.));
#6513=CARTESIAN_POINT('',(-0.0105345517957782,0.00110065155224031,0.));
#6514=CARTESIAN_POINT('',(-0.0106171217393926,0.00115637544114561,0.));
#6515=CARTESIAN_POINT('',(-0.0107016340708088,0.00121589005471608,0.));
#6516=CARTESIAN_POINT('',(-0.0107879680621917,0.00127936214309989,0.));
#6517=CARTESIAN_POINT('',(-0.0108588055597505,0.00133348896915298,0.));
#6518=CARTESIAN_POINT('',(-0.0109008265936245,0.00136682214296247,0.));
#6519=CARTESIAN_POINT('',(-0.0109134815074368,0.00137692461189233,0.));
#6520=CARTESIAN_POINT('',(-0.00847684854144829,0.00216922539293318,0.));
#6521=CARTESIAN_POINT('',(-0.00877459860477575,0.00224564689635266,0.));
#6522=CARTESIAN_POINT('',(-0.00910010484719489,0.00232919239132286,0.));
#6523=CARTESIAN_POINT('',(-0.00911027812878178,0.0023311326799593,0.));
#6524=CARTESIAN_POINT('',(-0.00912077129771,0.00233332261384885,0.));
#6525=CARTESIAN_POINT('',(-0.00913325690993958,0.00233557188546101,0.));
#6526=CARTESIAN_POINT('',(-0.0091500991499735,0.0023383114059322,0.));
#6527=CARTESIAN_POINT('',(-0.00917052247749357,0.00234119549665481,0.));
#6528=CARTESIAN_POINT('',(-0.00919479160359172,0.00234413647182361,0.));
#6529=CARTESIAN_POINT('',(-0.00922283678400054,0.00234696457491307,0.));
#6530=CARTESIAN_POINT('',(-0.00925468526568193,0.0023495348750831,0.));
#6531=CARTESIAN_POINT('',(-0.00929032936918616,0.00235169474528912,0.));
#6532=CARTESIAN_POINT('',(-0.00932976594056354,0.0023532937476539,0.));
#6533=CARTESIAN_POINT('',(-0.00937298468206536,0.0023541808668724,0.));
#6534=CARTESIAN_POINT('',(-0.00941997154986429,0.00235420547134575,0.));
#6535=CARTESIAN_POINT('',(-0.00947070777082696,0.00235321718928514,0.));
#6536=CARTESIAN_POINT('',(-0.00952517013104944,0.00235106609862866,0.));
#6537=CARTESIAN_POINT('',(-0.0095833309045273,0.00234760282694787,0.));
#6538=CARTESIAN_POINT('',(-0.00964515788895991,0.0023426786768372,0.));
#6539=CARTESIAN_POINT('',(-0.00971061441531741,0.00233614574377846,0.));
#6540=CARTESIAN_POINT('',(-0.00977965936891129,0.002327857035516,0.));
#6541=CARTESIAN_POINT('',(-0.00985224721096165,0.00231766659107813,0.));
#6542=CARTESIAN_POINT('',(-0.00992832800468692,0.00230542959677709,0.));
#6543=CARTESIAN_POINT('',(-0.0100078474409162,0.00229100251182516,0.));
#6544=CARTESIAN_POINT('',(-0.0100907468793957,0.00227424315355739,0.));
#6545=CARTESIAN_POINT('',(-0.0101769633440414,0.00225501093529926,0.));
#6546=CARTESIAN_POINT('',(-0.0102664297099539,0.00223316651190845,0.));
#6547=CARTESIAN_POINT('',(-0.0103590741661511,0.00220857370209007,0.));
#6548=CARTESIAN_POINT('',(-0.0104548224777401,0.00218109265023479,0.));
#6549=CARTESIAN_POINT('',(-0.0105535895082477,0.00215060663582566,0.));
#6550=CARTESIAN_POINT('',(-0.0106553119673092,0.00211691976309491,0.));
#6551=CARTESIAN_POINT('',(-0.0107394085400625,0.00208733208305541,0.));
#6552=CARTESIAN_POINT('',(-0.0107896734353335,0.00206861556448338,0.));
#6553=CARTESIAN_POINT('',(-0.0108048308081623,0.00206291812900731,0.));
#6554=CARTESIAN_POINT('',(-0.00885223630991021,0.00226552858767382,0.));
#6555=CARTESIAN_POINT('',(-0.00875393675410679,0.00264913445141817,0.));
#6556=CARTESIAN_POINT('',(-0.00837491185595964,0.00253443315258186,0.));
#6557=CARTESIAN_POINT('',(9.64682879508231E-17,-3.43084406493845E-17,0.));
#6558=CARTESIAN_POINT('',(0.00911906384304098,-0.000580845730676635,0.003));
#6559=CARTESIAN_POINT('',(0.00911906384304098,-0.000580845730676635,8.67361737988404E-19));
#6560=CARTESIAN_POINT('',(0.00919019399741342,-0.000585354692851566,0.003));
#6561=CARTESIAN_POINT('',(0.00919019399741342,-0.000585354692851566,4.33680868994202E-19));
#6562=CARTESIAN_POINT('',(0.00931585346502533,-0.000593386273575731,0.003));
#6563=CARTESIAN_POINT('',(0.00931585346502533,-0.000593386273575731,1.73472347597681E-18));
#6564=CARTESIAN_POINT('',(0.00939297047732292,-0.000598439040739788,0.003));
#6565=CARTESIAN_POINT('',(0.00939297047732292,-0.000598439040739788,8.67361737988404E-19));
#6566=CARTESIAN_POINT('',(0.00939678440521127,-0.000599629260511292,0.003));
#6567=CARTESIAN_POINT('',(0.00939678440521127,-0.000599629260511292,8.67361737988404E-19));
#6568=CARTESIAN_POINT('',(0.00944203780177782,-0.000606098755524208,0.003));
#6569=CARTESIAN_POINT('',(0.00944203780177782,-0.000606098755524208,1.73472347597681E-18));
#6570=CARTESIAN_POINT('',(0.00949919114561023,-0.00061799146835075,0.003));
#6571=CARTESIAN_POINT('',(0.00949919114561023,-0.00061799146835075,0.));
#6572=CARTESIAN_POINT('',(0.00961120612350759,-0.000646558415094199,0.003));
#6573=CARTESIAN_POINT('',(0.00961120612350759,-0.000646558415094199,2.16840434497101E-18));
#6574=CARTESIAN_POINT('',(0.00976936014128438,-0.000698632473315993,0.003));
#6575=CARTESIAN_POINT('',(0.00976936014128438,-0.000698632473315993,8.67361737988404E-19));
#6576=CARTESIAN_POINT('',(0.00997981529130276,-0.000786413836880215,0.003));
#6577=CARTESIAN_POINT('',(0.00997981529130276,-0.000786413836880215,1.30104260698261E-18));
#6578=CARTESIAN_POINT('',(0.0102033566711839,-0.000898511714009926,0.003));
#6579=CARTESIAN_POINT('',(0.0102033566711839,-0.000898511714009926,4.33680868994202E-19));
#6580=CARTESIAN_POINT('',(0.0105131275762516,-0.00107949176240712,0.003));
#6581=CARTESIAN_POINT('',(0.0105131275762516,-0.00107949176240712,1.73472347597681E-18));
#6582=CARTESIAN_POINT('',(0.0107532729240861,-0.00124902945119791,0.003));
#6583=CARTESIAN_POINT('',(0.0107532729240861,-0.00124902945119791,4.33680868994202E-19));
#6584=CARTESIAN_POINT('',(0.0109134815074368,-0.00137692461189233,0.003));
#6585=CARTESIAN_POINT('',(0.0109134815074368,-0.00137692461189233,8.67361737988404E-19));
#6586=CARTESIAN_POINT('',(0.00911906386115817,-0.000580845731825088,0.003));
#6587=CARTESIAN_POINT('',(0.00911906384304097,0.000580845730676634,0.003));
#6588=CARTESIAN_POINT('',(0.00911906384304097,0.000580845730676634,-8.67361737988404E-19));
#6589=CARTESIAN_POINT('',(0.0091901939974134,0.000585354692851565,0.003));
#6590=CARTESIAN_POINT('',(0.0091901939974134,0.000585354692851565,-8.67361737988404E-19));
#6591=CARTESIAN_POINT('',(0.00931585346502532,0.00059338627357573,0.003));
#6592=CARTESIAN_POINT('',(0.00931585346502532,0.00059338627357573,-2.16840434497101E-18));
#6593=CARTESIAN_POINT('',(0.00939297047732292,0.000598439040739789,0.003));
#6594=CARTESIAN_POINT('',(0.00939297047732292,0.000598439040739789,0.));
#6595=CARTESIAN_POINT('',(0.00939678440521127,0.000599629260511291,0.003));
#6596=CARTESIAN_POINT('',(0.00939678440521127,0.000599629260511291,-4.33680868994202E-19));
#6597=CARTESIAN_POINT('',(0.00944203780177781,0.000606098755524207,0.003));
#6598=CARTESIAN_POINT('',(0.00944203780177781,0.000606098755524207,-1.30104260698261E-18));
#6599=CARTESIAN_POINT('',(0.00949919114561023,0.000617991468350749,0.003));
#6600=CARTESIAN_POINT('',(0.00949919114561023,0.000617991468350749,-1.30104260698261E-18));
#6601=CARTESIAN_POINT('',(0.00961120612350758,0.000646558415094198,0.003));
#6602=CARTESIAN_POINT('',(0.00961120612350758,0.000646558415094198,-1.30104260698261E-18));
#6603=CARTESIAN_POINT('',(0.00976936014128437,0.000698632473315992,0.003));
#6604=CARTESIAN_POINT('',(0.00976936014128437,0.000698632473315992,-8.67361737988404E-19));
#6605=CARTESIAN_POINT('',(0.00997981529130276,0.000786413836880213,0.003));
#6606=CARTESIAN_POINT('',(0.00997981529130276,0.000786413836880213,-1.73472347597681E-18));
#6607=CARTESIAN_POINT('',(0.0102033566711839,0.000898511714009926,0.003));
#6608=CARTESIAN_POINT('',(0.0102033566711839,0.000898511714009926,0.));
#6609=CARTESIAN_POINT('',(0.0105131275762516,0.00107949176240712,0.003));
#6610=CARTESIAN_POINT('',(0.0105131275762516,0.00107949176240712,-8.67361737988404E-19));
#6611=CARTESIAN_POINT('',(0.0107532729240861,0.00124902945119791,0.003));
#6612=CARTESIAN_POINT('',(0.0107532729240861,0.00124902945119791,-8.67361737988404E-19));
#6613=CARTESIAN_POINT('',(0.0109134815074368,0.00137692461189233,0.003));
#6614=CARTESIAN_POINT('',(0.0109134815074368,0.00137692461189233,-8.67361737988404E-19));
#6615=CARTESIAN_POINT('',(0.00911906386115815,0.000580845731825087,0.));
#6616=CARTESIAN_POINT('',(-1.02348685082632E-16,2.81892564846231E-18,0.003));
#6617=CARTESIAN_POINT('',(0.00874819740926306,0.000177600925006313,0.003));
#6618=CARTESIAN_POINT('',(0.00874819740926306,-0.000177600925006313,0.003));
#6619=CARTESIAN_POINT('',(0.00914411615910129,-0.000185638642139235,0.0015));
#6620=CARTESIAN_POINT('',(0.00914411615910127,0.000185638642139234,0.0015));
#6621=CARTESIAN_POINT('',(0.00849325388854644,-0.00337036281741201,0.003));
#6622=CARTESIAN_POINT('',(0.00849325388854644,-0.00337036281741201,-8.67361737988404E-19));
#6623=CARTESIAN_POINT('',(0.00855950933942837,-0.00339663152178381,0.003));
#6624=CARTESIAN_POINT('',(0.00855950933942837,-0.00339663152178381,-1.30104260698261E-18));
#6625=CARTESIAN_POINT('',(0.00867653669999941,-0.00344310091996387,0.003));
#6626=CARTESIAN_POINT('',(0.00867653669999941,-0.00344310091996387,0.));
#6627=CARTESIAN_POINT('',(0.00874831794613993,-0.00347173685445594,0.003));
#6628=CARTESIAN_POINT('',(0.00874831794613993,-0.00347173685445594,-1.73472347597681E-18));
#6629=CARTESIAN_POINT('',(0.00875157740897438,-0.00347404738925827,0.003));
#6630=CARTESIAN_POINT('',(0.00875157740897438,-0.00347404738925827,-4.33680868994202E-19));
#6631=CARTESIAN_POINT('',(0.00879261676275946,-0.0034941843132397,0.003));
#6632=CARTESIAN_POINT('',(0.00879261676275946,-0.0034941843132397,-1.73472347597681E-18));
#6633=CARTESIAN_POINT('',(0.00884329777246673,-0.00352315630979938,0.003));
#6634=CARTESIAN_POINT('',(0.00884329777246673,-0.00352315630979938,-4.33680868994202E-19));
#6635=CARTESIAN_POINT('',(0.00894100267509754,-0.00358493962244521,0.003));
#6636=CARTESIAN_POINT('',(0.00894100267509754,-0.00358493962244521,-1.30104260698261E-18));
#6637=CARTESIAN_POINT('',(0.0090753243153258,-0.00368333727406868,0.003));
#6638=CARTESIAN_POINT('',(0.0090753243153258,-0.00368333727406868,-8.67361737988404E-19));
#6639=CARTESIAN_POINT('',(0.00924835312400792,-0.00383185652980512,0.003));
#6640=CARTESIAN_POINT('',(0.00924835312400792,-0.00383185652980512,-8.67361737988404E-19));
#6641=CARTESIAN_POINT('',(0.00942631346093908,-0.0040075460316415,0.003));
#6642=CARTESIAN_POINT('',(0.00942631346093908,-0.0040075460316415,-8.67361737988404E-19));
#6643=CARTESIAN_POINT('',(0.00966499718816485,-0.00427539276001788,0.003));
#6644=CARTESIAN_POINT('',(0.00966499718816485,-0.00427539276001788,-4.33680868994202E-19));
#6645=CARTESIAN_POINT('',(0.00984099895905709,-0.00451084167730091,0.003));
#6646=CARTESIAN_POINT('',(0.00984099895905709,-0.00451084167730091,-1.30104260698261E-18));
#6647=CARTESIAN_POINT('',(0.00995384459806657,-0.00468198437818207,0.003));
#6648=CARTESIAN_POINT('',(0.00995384459806657,-0.00468198437818207,-8.67361737988404E-19));
#6649=CARTESIAN_POINT('',(0.00849325390542201,-0.00337036282410278,0.003));
#6650=CARTESIAN_POINT('',(0.00885223629232485,-0.00226552858316755,0.003));
#6651=CARTESIAN_POINT('',(0.00885223629232485,-0.00226552858316755,-4.33680868994202E-19));
#6652=CARTESIAN_POINT('',(0.00892127843508489,-0.00228322073182295,0.003));
#6653=CARTESIAN_POINT('',(0.00892127843508489,-0.00228322073182295,-4.33680868994202E-19));
#6654=CARTESIAN_POINT('',(0.00904326958552683,-0.00231441315563527,0.003));
#6655=CARTESIAN_POINT('',(0.00904326958552683,-0.00231441315563527,-1.30104260698261E-18));
#6656=CARTESIAN_POINT('',(0.00911817361351201,-0.00233343815585395,0.003));
#6657=CARTESIAN_POINT('',(0.00911817361351201,-0.00233343815585395,-4.33680868994202E-19));
#6658=CARTESIAN_POINT('',(0.00912216867261932,-0.00233348475811725,0.003));
#6659=CARTESIAN_POINT('',(0.00912216867261932,-0.00233348475811725,-4.33680868994202E-19));
#6660=CARTESIAN_POINT('',(0.00916720639421244,-0.00234131597132034,0.003));
#6661=CARTESIAN_POINT('',(0.00916720639421244,-0.00234131597132034,-8.67361737988404E-19));
#6662=CARTESIAN_POINT('',(0.00922523750466495,-0.0023476666838198,0.003));
#6663=CARTESIAN_POINT('',(0.00922523750466495,-0.0023476666838198,-1.30104260698261E-18));
#6664=CARTESIAN_POINT('',(0.00934059775133802,-0.0023551124347636,0.003));
#6665=CARTESIAN_POINT('',(0.00934059775133802,-0.0023551124347636,-8.67361737988404E-19));
#6666=CARTESIAN_POINT('',(0.00950710292947948,-0.00235445934158354,0.003));
#6667=CARTESIAN_POINT('',(0.00950710292947948,-0.00235445934158354,-8.67361737988404E-19));
#6668=CARTESIAN_POINT('',(0.00973438360442311,-0.00233600852166592,0.003));
#6669=CARTESIAN_POINT('',(0.00973438360442311,-0.00233600852166592,-4.33680868994202E-19));
#6670=CARTESIAN_POINT('',(0.00998162423948712,-0.00229847519048817,0.003));
#6671=CARTESIAN_POINT('',(0.00998162423948712,-0.00229847519048817,-1.30104260698261E-18));
#6672=CARTESIAN_POINT('',(0.010332159787908,-0.00222207741016943,0.003));
#6673=CARTESIAN_POINT('',(0.010332159787908,-0.00222207741016943,-4.33680868994202E-19));
#6674=CARTESIAN_POINT('',(0.010612941612847,-0.00213504648008824,0.003));
#6675=CARTESIAN_POINT('',(0.010612941612847,-0.00213504648008824,-1.30104260698261E-18));
#6676=CARTESIAN_POINT('',(0.0108048308081623,-0.00206291812900731,0.003));
#6677=CARTESIAN_POINT('',(0.0108048308081623,-0.00206291812900731,-8.67361737988404E-19));
#6678=CARTESIAN_POINT('',(0.00885223630991021,-0.00226552858767382,0.));
#6679=CARTESIAN_POINT('',(-9.64682879508231E-17,3.43084406493845E-17,0.003));
#6680=CARTESIAN_POINT('',(0.00837491185595968,-0.00253443315258187,0.003));
#6681=CARTESIAN_POINT('',(0.00826514844787235,-0.00287225018663647,0.003));
#6682=CARTESIAN_POINT('',(0.00863920576363938,-0.00300224013198358,0.0015));
#6683=CARTESIAN_POINT('',(0.00875393675410679,-0.00264913445141817,0.0015));
#6684=CARTESIAN_POINT('',(0.00489013717442548,-0.00771889017615905,0.003));
#6685=CARTESIAN_POINT('',(0.00489013717442548,-0.00771889017615905,-8.67361737988404E-19));
#6686=CARTESIAN_POINT('',(0.00492829860313237,-0.00777908598132843,0.003));
#6687=CARTESIAN_POINT('',(0.00492829860313237,-0.00777908598132843,-4.33680868994202E-19));
#6688=CARTESIAN_POINT('',(0.00499566169970803,-0.00788546747083284,0.003));
#6689=CARTESIAN_POINT('',(0.00499566169970803,-0.00788546747083284,0.));
#6690=CARTESIAN_POINT('',(0.00503690216773308,-0.00795082638635931,0.003));
#6691=CARTESIAN_POINT('',(0.00503690216773308,-0.00795082638635931,-8.67361737988404E-19));
#6692=CARTESIAN_POINT('',(0.00503818103027696,-0.00795461151246497,0.003));
#6693=CARTESIAN_POINT('',(0.00503818103027696,-0.00795461151246497,-8.67361737988404E-19));
#6694=CARTESIAN_POINT('',(0.00505954637798446,-0.00799502495309888,0.003));
#6695=CARTESIAN_POINT('',(0.00505954637798446,-0.00799502495309888,-8.67361737988404E-19));
#6696=CARTESIAN_POINT('',(0.00508351886382245,-0.00804825334075385,0.003));
#6697=CARTESIAN_POINT('',(0.00508351886382245,-0.00804825334075385,0.));
#6698=CARTESIAN_POINT('',(0.00512624847047354,-0.00815566659149617,0.003));
#6699=CARTESIAN_POINT('',(0.00512624847047354,-0.00815566659149617,-1.30104260698261E-18));
#6700=CARTESIAN_POINT('',(0.00517708027164603,-0.00831422424305605,0.003));
#6701=CARTESIAN_POINT('',(0.00517708027164603,-0.00831422424305605,4.33680868994202E-19));
#6702=CARTESIAN_POINT('',(0.00522976609018297,-0.00853608262690383,0.003));
#6703=CARTESIAN_POINT('',(0.00522976609018297,-0.00853608262690383,-1.30104260698261E-18));
#6704=CARTESIAN_POINT('',(0.00527047132892295,-0.00878282088116386,0.003));
#6705=CARTESIAN_POINT('',(0.00527047132892295,-0.00878282088116386,-1.30104260698261E-18));
#6706=CARTESIAN_POINT('',(0.00530613416371489,-0.00913980821113362,0.003));
#6707=CARTESIAN_POINT('',(0.00530613416371489,-0.00913980821113362,-8.67361737988404E-19));
#6708=CARTESIAN_POINT('',(0.00531012918615979,-0.00943374163183046,0.003));
#6709=CARTESIAN_POINT('',(0.00531012918615979,-0.00943374163183046,-4.33680868994202E-19));
#6710=CARTESIAN_POINT('',(0.00530082807024395,-0.00963852798770195,0.003));
#6711=CARTESIAN_POINT('',(0.00530082807024395,-0.00963852798770195,-8.67361737988404E-19));
#6712=CARTESIAN_POINT('',(0.00489013718414538,-0.0077188901914912,0.003));
#6713=CARTESIAN_POINT('',(0.00582996530888053,-0.00703606506746148,0.003));
#6714=CARTESIAN_POINT('',(0.00582996530888053,-0.00703606506746148,-5.20417042793042E-18));
#6715=CARTESIAN_POINT('',(0.00587542239164044,-0.00709096026969173,0.003));
#6716=CARTESIAN_POINT('',(0.00587542239164044,-0.00709096026969173,-5.20417042793042E-18));
#6717=CARTESIAN_POINT('',(0.0059557808588112,-0.00718790006979162,0.003));
#6718=CARTESIAN_POINT('',(0.0059557808588112,-0.00718790006979162,-6.50521303491303E-18));
#6719=CARTESIAN_POINT('',(0.00600519687584494,-0.0072473191012735,0.003));
#6720=CARTESIAN_POINT('',(0.00600519687584494,-0.0072473191012735,-4.33680868994202E-18));
#6721=CARTESIAN_POINT('',(0.0060084015544332,-0.00724970504012182,0.003));
#6722=CARTESIAN_POINT('',(0.0060084015544332,-0.00724970504012182,-5.20417042793042E-18));
#6723=CARTESIAN_POINT('',(0.00604023476496163,-0.00728251313323897,0.003));
#6724=CARTESIAN_POINT('',(0.00604023476496163,-0.00728251313323897,-4.77048955893622E-18));
#6725=CARTESIAN_POINT('',(0.00608345006437142,-0.00732176079847557,0.003));
#6726=CARTESIAN_POINT('',(0.00608345006437142,-0.00732176079847557,-5.63785129692462E-18));
#6727=CARTESIAN_POINT('',(0.0061724019618082,-0.00739559158922022,0.003));
#6728=CARTESIAN_POINT('',(0.0061724019618082,-0.00739559158922022,-4.77048955893622E-18));
#6729=CARTESIAN_POINT('',(0.0063074913591157,-0.00749293251388055,0.003));
#6730=CARTESIAN_POINT('',(0.0063074913591157,-0.00749293251388055,-4.77048955893622E-18));
#6731=CARTESIAN_POINT('',(0.00650221040747837,-0.00761159771586997,0.003));
#6732=CARTESIAN_POINT('',(0.00650221040747837,-0.00761159771586997,-5.20417042793042E-18));
#6733=CARTESIAN_POINT('',(0.00672429382148093,-0.00772655701214973,0.003));
#6734=CARTESIAN_POINT('',(0.00672429382148093,-0.00772655701214973,-4.77048955893622E-18));
#6735=CARTESIAN_POINT('',(0.00705278852586515,-0.00787078953530537,0.003));
#6736=CARTESIAN_POINT('',(0.00705278852586515,-0.00787078953530537,-5.20417042793042E-18));
#6737=CARTESIAN_POINT('',(0.00733110129114755,-0.00796541944964436,0.003));
#6738=CARTESIAN_POINT('',(0.00733110129114755,-0.00796541944964436,-4.77048955893622E-18));
#6739=CARTESIAN_POINT('',(0.00752873889223201,-0.00801985602692425,0.003));
#6740=CARTESIAN_POINT('',(0.00752873889223201,-0.00801985602692425,-4.77048955893622E-18));
#6741=CARTESIAN_POINT('',(0.00582996532045866,-0.00703606508144355,0.));
#6742=CARTESIAN_POINT('',(-5.78784889276121E-17,8.44587485072538E-17,0.003));
#6743=CARTESIAN_POINT('',(0.00528574358785486,-0.00697304916972849,0.003));
#6744=CARTESIAN_POINT('',(0.00499837925476123,-0.00718183157875292,0.003));
#6745=CARTESIAN_POINT('',(0.0052245918072657,-0.00750686102735656,0.0015));
#6746=CARTESIAN_POINT('',(0.00552496143987235,-0.00728862971514646,0.0015));
#6747=CARTESIAN_POINT('',(0.0070360650674615,-0.00582996530888055,0.003));
#6748=CARTESIAN_POINT('',(0.0070360650674615,-0.00582996530888055,-5.20417042793042E-18));
#6749=CARTESIAN_POINT('',(0.00709096026969175,-0.00587542239164046,0.003));
#6750=CARTESIAN_POINT('',(0.00709096026969175,-0.00587542239164046,-5.20417042793042E-18));
#6751=CARTESIAN_POINT('',(0.00718790006979163,-0.00595578085881121,0.003));
#6752=CARTESIAN_POINT('',(0.00718790006979163,-0.00595578085881121,-4.77048955893622E-18));
#6753=CARTESIAN_POINT('',(0.00724731910127351,-0.00600519687584494,0.003));
#6754=CARTESIAN_POINT('',(0.00724731910127351,-0.00600519687584494,-5.20417042793042E-18));
#6755=CARTESIAN_POINT('',(0.00724970504012181,-0.0060084015544332,0.003));
#6756=CARTESIAN_POINT('',(0.00724970504012181,-0.0060084015544332,-4.77048955893622E-18));
#6757=CARTESIAN_POINT('',(0.00728251313323897,-0.00604023476496163,0.003));
#6758=CARTESIAN_POINT('',(0.00728251313323897,-0.00604023476496163,-6.50521303491303E-18));
#6759=CARTESIAN_POINT('',(0.00732176079847557,-0.00608345006437143,0.003));
#6760=CARTESIAN_POINT('',(0.00732176079847557,-0.00608345006437143,-5.20417042793042E-18));
#6761=CARTESIAN_POINT('',(0.00739559158922023,-0.0061724019618082,0.003));
#6762=CARTESIAN_POINT('',(0.00739559158922023,-0.0061724019618082,-5.63785129692462E-18));
#6763=CARTESIAN_POINT('',(0.00749293251388054,-0.00630749135911572,0.003));
#6764=CARTESIAN_POINT('',(0.00749293251388054,-0.00630749135911572,-5.20417042793042E-18));
#6765=CARTESIAN_POINT('',(0.00761159771586997,-0.00650221040747838,0.003));
#6766=CARTESIAN_POINT('',(0.00761159771586997,-0.00650221040747838,-5.20417042793042E-18));
#6767=CARTESIAN_POINT('',(0.00772655701214973,-0.00672429382148093,0.003));
#6768=CARTESIAN_POINT('',(0.00772655701214973,-0.00672429382148093,-4.77048955893622E-18));
#6769=CARTESIAN_POINT('',(0.00787078953530536,-0.00705278852586515,0.003));
#6770=CARTESIAN_POINT('',(0.00787078953530536,-0.00705278852586515,-6.07153216591882E-18));
#6771=CARTESIAN_POINT('',(0.00796541944964445,-0.00733110129114756,0.003));
#6772=CARTESIAN_POINT('',(0.00796541944964445,-0.00733110129114756,-5.63785129692462E-18));
#6773=CARTESIAN_POINT('',(0.00801985602692424,-0.00752873889223201,0.003));
#6774=CARTESIAN_POINT('',(0.00801985602692424,-0.00752873889223201,-5.20417042793042E-18));
#6775=CARTESIAN_POINT('',(0.00703606508144357,-0.00582996532045868,0.003));
#6776=CARTESIAN_POINT('',(0.00771889017615902,-0.00489013717442547,0.003));
#6777=CARTESIAN_POINT('',(0.00771889017615902,-0.00489013717442547,-8.67361737988404E-19));
#6778=CARTESIAN_POINT('',(0.00777908598132841,-0.00492829860313237,0.003));
#6779=CARTESIAN_POINT('',(0.00777908598132841,-0.00492829860313237,-8.67361737988404E-19));
#6780=CARTESIAN_POINT('',(0.00788546747083282,-0.00499566169970803,0.003));
#6781=CARTESIAN_POINT('',(0.00788546747083282,-0.00499566169970803,-8.67361737988404E-19));
#6782=CARTESIAN_POINT('',(0.00795082638635931,-0.00503690216773308,0.003));
#6783=CARTESIAN_POINT('',(0.00795082638635931,-0.00503690216773308,-8.67361737988404E-19));
#6784=CARTESIAN_POINT('',(0.00795461151246497,-0.00503818103027697,0.003));
#6785=CARTESIAN_POINT('',(0.00795461151246497,-0.00503818103027697,0.));
#6786=CARTESIAN_POINT('',(0.00799502495309887,-0.00505954637798445,0.003));
#6787=CARTESIAN_POINT('',(0.00799502495309887,-0.00505954637798445,-1.73472347597681E-18));
#6788=CARTESIAN_POINT('',(0.00804825334075384,-0.00508351886382245,0.003));
#6789=CARTESIAN_POINT('',(0.00804825334075384,-0.00508351886382245,-4.33680868994202E-19));
#6790=CARTESIAN_POINT('',(0.00815566659149616,-0.00512624847047354,0.003));
#6791=CARTESIAN_POINT('',(0.00815566659149616,-0.00512624847047354,-1.30104260698261E-18));
#6792=CARTESIAN_POINT('',(0.00831422424305604,-0.00517708027164603,0.003));
#6793=CARTESIAN_POINT('',(0.00831422424305604,-0.00517708027164603,-8.67361737988404E-19));
#6794=CARTESIAN_POINT('',(0.00853608262690383,-0.00522976609018298,0.003));
#6795=CARTESIAN_POINT('',(0.00853608262690383,-0.00522976609018298,-4.33680868994202E-19));
#6796=CARTESIAN_POINT('',(0.00878282088116386,-0.00527047132892294,0.003));
#6797=CARTESIAN_POINT('',(0.00878282088116386,-0.00527047132892294,-8.67361737988404E-19));
#6798=CARTESIAN_POINT('',(0.00913980821113362,-0.00530613416371494,0.003));
#6799=CARTESIAN_POINT('',(0.00913980821113362,-0.00530613416371494,-8.67361737988404E-19));
#6800=CARTESIAN_POINT('',(0.00943374163183045,-0.00531012918615966,0.003));
#6801=CARTESIAN_POINT('',(0.00943374163183045,-0.00531012918615966,-8.67361737988404E-19));
#6802=CARTESIAN_POINT('',(0.00963852798770195,-0.00530082807024396,0.003));
#6803=CARTESIAN_POINT('',(0.00963852798770195,-0.00530082807024396,-8.67361737988404E-19));
#6804=CARTESIAN_POINT('',(0.00771889019149118,-0.00489013718414537,0.));
#6805=CARTESIAN_POINT('',(-8.11449026603035E-17,6.2439606438583E-17,0.003));
#6806=CARTESIAN_POINT('',(0.00718183157875291,-0.00499837925476123,0.003));
#6807=CARTESIAN_POINT('',(0.00697304916972849,-0.00528574358785487,0.003));
#6808=CARTESIAN_POINT('',(0.00728862971514647,-0.00552496143987237,0.0015));
#6809=CARTESIAN_POINT('',(0.00750686102735654,-0.0052245918072657,0.0015));
#6810=CARTESIAN_POINT('',(0.00337036281741201,0.00849325388854644,0.003));
#6811=CARTESIAN_POINT('',(0.00337036281741201,0.00849325388854644,4.33680868994202E-18));
#6812=CARTESIAN_POINT('',(0.00339663152178381,0.00855950933942837,0.003));
#6813=CARTESIAN_POINT('',(0.00339663152178381,0.00855950933942837,3.90312782094782E-18));
#6814=CARTESIAN_POINT('',(0.00344310091996387,0.0086765366999994,0.003));
#6815=CARTESIAN_POINT('',(0.00344310091996387,0.0086765366999994,5.20417042793042E-18));
#6816=CARTESIAN_POINT('',(0.00347173685445594,0.00874831794613993,0.003));
#6817=CARTESIAN_POINT('',(0.00347173685445594,0.00874831794613993,4.33680868994202E-18));
#6818=CARTESIAN_POINT('',(0.00347404738925827,0.00875157740897438,0.003));
#6819=CARTESIAN_POINT('',(0.00347404738925827,0.00875157740897438,3.90312782094782E-18));
#6820=CARTESIAN_POINT('',(0.0034941843132397,0.00879261676275946,0.003));
#6821=CARTESIAN_POINT('',(0.0034941843132397,0.00879261676275946,5.20417042793042E-18));
#6822=CARTESIAN_POINT('',(0.00352315630979938,0.00884329777246674,0.003));
#6823=CARTESIAN_POINT('',(0.00352315630979938,0.00884329777246674,4.33680868994202E-18));
#6824=CARTESIAN_POINT('',(0.00358493962244521,0.00894100267509753,0.003));
#6825=CARTESIAN_POINT('',(0.00358493962244521,0.00894100267509753,4.33680868994202E-18));
#6826=CARTESIAN_POINT('',(0.00368333727406868,0.0090753243153258,0.003));
#6827=CARTESIAN_POINT('',(0.00368333727406868,0.0090753243153258,4.33680868994202E-18));
#6828=CARTESIAN_POINT('',(0.00383185652980512,0.00924835312400791,0.003));
#6829=CARTESIAN_POINT('',(0.00383185652980512,0.00924835312400791,4.33680868994202E-18));
#6830=CARTESIAN_POINT('',(0.0040075460316415,0.00942631346093908,0.003));
#6831=CARTESIAN_POINT('',(0.0040075460316415,0.00942631346093908,4.33680868994202E-18));
#6832=CARTESIAN_POINT('',(0.00427539276001788,0.00966499718816485,0.003));
#6833=CARTESIAN_POINT('',(0.00427539276001788,0.00966499718816485,4.77048955893622E-18));
#6834=CARTESIAN_POINT('',(0.00451084167730091,0.00984099895905709,0.003));
#6835=CARTESIAN_POINT('',(0.00451084167730091,0.00984099895905709,3.90312782094782E-18));
#6836=CARTESIAN_POINT('',(0.00468198437818207,0.00995384459806657,0.003));
#6837=CARTESIAN_POINT('',(0.00468198437818207,0.00995384459806657,4.33680868994202E-18));
#6838=CARTESIAN_POINT('',(0.00337036282410278,0.00849325390542201,0.003));
#6839=CARTESIAN_POINT('',(0.00226552858316755,0.00885223629232485,0.003));
#6840=CARTESIAN_POINT('',(0.00226552858316755,0.00885223629232485,5.20417042793042E-18));
#6841=CARTESIAN_POINT('',(0.00228322073182294,0.00892127843508488,0.003));
#6842=CARTESIAN_POINT('',(0.00228322073182294,0.00892127843508488,4.77048955893622E-18));
#6843=CARTESIAN_POINT('',(0.00231441315563527,0.00904326958552683,0.003));
#6844=CARTESIAN_POINT('',(0.00231441315563527,0.00904326958552683,5.20417042793042E-18));
#6845=CARTESIAN_POINT('',(0.00233343815585395,0.00911817361351201,0.003));
#6846=CARTESIAN_POINT('',(0.00233343815585395,0.00911817361351201,5.63785129692462E-18));
#6847=CARTESIAN_POINT('',(0.00233348475811726,0.00912216867261932,0.003));
#6848=CARTESIAN_POINT('',(0.00233348475811726,0.00912216867261932,5.63785129692462E-18));
#6849=CARTESIAN_POINT('',(0.00234131597132033,0.00916720639421244,0.003));
#6850=CARTESIAN_POINT('',(0.00234131597132033,0.00916720639421244,5.20417042793042E-18));
#6851=CARTESIAN_POINT('',(0.0023476666838198,0.00922523750466495,0.003));
#6852=CARTESIAN_POINT('',(0.0023476666838198,0.00922523750466495,5.20417042793042E-18));
#6853=CARTESIAN_POINT('',(0.0023551124347636,0.00934059775133801,0.003));
#6854=CARTESIAN_POINT('',(0.0023551124347636,0.00934059775133801,5.63785129692462E-18));
#6855=CARTESIAN_POINT('',(0.00235445934158354,0.00950710292947948,0.003));
#6856=CARTESIAN_POINT('',(0.00235445934158354,0.00950710292947948,5.20417042793042E-18));
#6857=CARTESIAN_POINT('',(0.00233600852166592,0.00973438360442311,0.003));
#6858=CARTESIAN_POINT('',(0.00233600852166592,0.00973438360442311,5.63785129692462E-18));
#6859=CARTESIAN_POINT('',(0.00229847519048816,0.00998162423948712,0.003));
#6860=CARTESIAN_POINT('',(0.00229847519048816,0.00998162423948712,4.77048955893622E-18));
#6861=CARTESIAN_POINT('',(0.00222207741016944,0.010332159787908,0.003));
#6862=CARTESIAN_POINT('',(0.00222207741016944,0.010332159787908,5.63785129692462E-18));
#6863=CARTESIAN_POINT('',(0.00213504648008818,0.010612941612847,0.003));
#6864=CARTESIAN_POINT('',(0.00213504648008818,0.010612941612847,4.77048955893622E-18));
#6865=CARTESIAN_POINT('',(0.00206291812900731,0.0108048308081623,0.003));
#6866=CARTESIAN_POINT('',(0.00206291812900731,0.0108048308081623,5.20417042793042E-18));
#6867=CARTESIAN_POINT('',(0.00226552858767382,0.00885223630991021,0.));
#6868=CARTESIAN_POINT('',(-3.43084406493844E-17,-9.64682879508231E-17,0.003));
#6869=CARTESIAN_POINT('',(0.00253443315258187,0.00837491185595968,0.003));
#6870=CARTESIAN_POINT('',(0.00287225018663647,0.00826514844787235,0.003));
#6871=CARTESIAN_POINT('',(0.00300224013198358,0.00863920576363938,0.0015));
#6872=CARTESIAN_POINT('',(0.00264913445141816,0.00875393675410679,0.0015));
#6873=CARTESIAN_POINT('',(0.00582996530888054,0.00703606506746151,0.003));
#6874=CARTESIAN_POINT('',(0.00582996530888054,0.00703606506746151,4.33680868994202E-19));
#6875=CARTESIAN_POINT('',(0.00587542239164046,0.00709096026969175,0.003));
#6876=CARTESIAN_POINT('',(0.00587542239164046,0.00709096026969175,4.33680868994202E-19));
#6877=CARTESIAN_POINT('',(0.00595578085881121,0.00718790006979164,0.003));
#6878=CARTESIAN_POINT('',(0.00595578085881121,0.00718790006979164,4.33680868994202E-19));
#6879=CARTESIAN_POINT('',(0.00600519687584494,0.0072473191012735,0.003));
#6880=CARTESIAN_POINT('',(0.00600519687584494,0.0072473191012735,-4.33680868994202E-19));
#6881=CARTESIAN_POINT('',(0.0060084015544332,0.00724970504012182,0.003));
#6882=CARTESIAN_POINT('',(0.0060084015544332,0.00724970504012182,4.33680868994202E-19));
#6883=CARTESIAN_POINT('',(0.00604023476496163,0.00728251313323897,0.003));
#6884=CARTESIAN_POINT('',(0.00604023476496163,0.00728251313323897,0.));
#6885=CARTESIAN_POINT('',(0.00608345006437143,0.00732176079847558,0.003));
#6886=CARTESIAN_POINT('',(0.00608345006437143,0.00732176079847558,8.67361737988404E-19));
#6887=CARTESIAN_POINT('',(0.00617240196180821,0.00739559158922023,0.003));
#6888=CARTESIAN_POINT('',(0.00617240196180821,0.00739559158922023,8.67361737988404E-19));
#6889=CARTESIAN_POINT('',(0.0063074913591157,0.00749293251388054,0.003));
#6890=CARTESIAN_POINT('',(0.0063074913591157,0.00749293251388054,0.));
#6891=CARTESIAN_POINT('',(0.00650221040747838,0.00761159771586997,0.003));
#6892=CARTESIAN_POINT('',(0.00650221040747838,0.00761159771586997,4.33680868994202E-19));
#6893=CARTESIAN_POINT('',(0.00672429382148093,0.00772655701214973,0.003));
#6894=CARTESIAN_POINT('',(0.00672429382148093,0.00772655701214973,0.));
#6895=CARTESIAN_POINT('',(0.00705278852586515,0.00787078953530536,0.003));
#6896=CARTESIAN_POINT('',(0.00705278852586515,0.00787078953530536,0.));
#6897=CARTESIAN_POINT('',(0.00733110129114756,0.00796541944964445,0.003));
#6898=CARTESIAN_POINT('',(0.00733110129114756,0.00796541944964445,-4.33680868994202E-19));
#6899=CARTESIAN_POINT('',(0.00752873889223201,0.00801985602692424,0.003));
#6900=CARTESIAN_POINT('',(0.00752873889223201,0.00801985602692424,0.));
#6901=CARTESIAN_POINT('',(0.00582996532045868,0.00703606508144357,0.003));
#6902=CARTESIAN_POINT('',(0.00489013717442547,0.00771889017615902,0.003));
#6903=CARTESIAN_POINT('',(0.00489013717442547,0.00771889017615902,-8.67361737988404E-19));
#6904=CARTESIAN_POINT('',(0.00492829860313237,0.00777908598132841,0.003));
#6905=CARTESIAN_POINT('',(0.00492829860313237,0.00777908598132841,-8.67361737988404E-19));
#6906=CARTESIAN_POINT('',(0.00499566169970803,0.00788546747083282,0.003));
#6907=CARTESIAN_POINT('',(0.00499566169970803,0.00788546747083282,-8.67361737988404E-19));
#6908=CARTESIAN_POINT('',(0.00503690216773308,0.00795082638635931,0.003));
#6909=CARTESIAN_POINT('',(0.00503690216773308,0.00795082638635931,-8.67361737988404E-19));
#6910=CARTESIAN_POINT('',(0.00503818103027697,0.00795461151246497,0.003));
#6911=CARTESIAN_POINT('',(0.00503818103027697,0.00795461151246497,0.));
#6912=CARTESIAN_POINT('',(0.00505954637798445,0.00799502495309887,0.003));
#6913=CARTESIAN_POINT('',(0.00505954637798445,0.00799502495309887,-1.73472347597681E-18));
#6914=CARTESIAN_POINT('',(0.00508351886382245,0.00804825334075385,0.003));
#6915=CARTESIAN_POINT('',(0.00508351886382245,0.00804825334075385,-4.33680868994202E-19));
#6916=CARTESIAN_POINT('',(0.00512624847047353,0.00815566659149617,0.003));
#6917=CARTESIAN_POINT('',(0.00512624847047353,0.00815566659149617,-1.30104260698261E-18));
#6918=CARTESIAN_POINT('',(0.00517708027164603,0.00831422424305604,0.003));
#6919=CARTESIAN_POINT('',(0.00517708027164603,0.00831422424305604,-8.67361737988404E-19));
#6920=CARTESIAN_POINT('',(0.00522976609018297,0.00853608262690383,0.003));
#6921=CARTESIAN_POINT('',(0.00522976609018297,0.00853608262690383,-4.33680868994202E-19));
#6922=CARTESIAN_POINT('',(0.00527047132892294,0.00878282088116386,0.003));
#6923=CARTESIAN_POINT('',(0.00527047132892294,0.00878282088116386,-8.67361737988404E-19));
#6924=CARTESIAN_POINT('',(0.00530613416371492,0.00913980821113362,0.003));
#6925=CARTESIAN_POINT('',(0.00530613416371492,0.00913980821113362,-8.67361737988404E-19));
#6926=CARTESIAN_POINT('',(0.00531012918615966,0.00943374163183045,0.003));
#6927=CARTESIAN_POINT('',(0.00531012918615966,0.00943374163183045,-8.67361737988404E-19));
#6928=CARTESIAN_POINT('',(0.00530082807024396,0.00963852798770195,0.003));
#6929=CARTESIAN_POINT('',(0.00530082807024396,0.00963852798770195,-8.67361737988404E-19));
#6930=CARTESIAN_POINT('',(0.00489013718414537,0.00771889019149118,0.));
#6931=CARTESIAN_POINT('',(-6.24396064385829E-17,-8.11449026603035E-17,0.003));
#6932=CARTESIAN_POINT('',(0.00499837925476123,0.00718183157875292,0.003));
#6933=CARTESIAN_POINT('',(0.00528574358785487,0.00697304916972849,0.003));
#6934=CARTESIAN_POINT('',(0.00552496143987236,0.00728862971514648,0.0015));
#6935=CARTESIAN_POINT('',(0.00522459180726569,0.00750686102735654,0.0015));
#6936=CARTESIAN_POINT('',(0.00771889017615904,0.00489013717442549,0.003));
#6937=CARTESIAN_POINT('',(0.00771889017615904,0.00489013717442549,-8.67361737988404E-19));
#6938=CARTESIAN_POINT('',(0.00777908598132843,0.00492829860313238,0.003));
#6939=CARTESIAN_POINT('',(0.00777908598132843,0.00492829860313238,-1.30104260698261E-18));
#6940=CARTESIAN_POINT('',(0.00788546747083283,0.00499566169970804,0.003));
#6941=CARTESIAN_POINT('',(0.00788546747083283,0.00499566169970804,-4.33680868994202E-19));
#6942=CARTESIAN_POINT('',(0.00795082638635931,0.00503690216773308,0.003));
#6943=CARTESIAN_POINT('',(0.00795082638635931,0.00503690216773308,-8.67361737988404E-19));
#6944=CARTESIAN_POINT('',(0.00795461151246498,0.00503818103027697,0.003));
#6945=CARTESIAN_POINT('',(0.00795461151246498,0.00503818103027697,-4.33680868994202E-19));
#6946=CARTESIAN_POINT('',(0.00799502495309887,0.00505954637798445,0.003));
#6947=CARTESIAN_POINT('',(0.00799502495309887,0.00505954637798445,-8.67361737988404E-19));
#6948=CARTESIAN_POINT('',(0.00804825334075385,0.00508351886382246,0.003));
#6949=CARTESIAN_POINT('',(0.00804825334075385,0.00508351886382246,-1.30104260698261E-18));
#6950=CARTESIAN_POINT('',(0.00815566659149617,0.00512624847047353,0.003));
#6951=CARTESIAN_POINT('',(0.00815566659149617,0.00512624847047353,-8.67361737988404E-19));
#6952=CARTESIAN_POINT('',(0.00831422424305605,0.00517708027164603,0.003));
#6953=CARTESIAN_POINT('',(0.00831422424305605,0.00517708027164603,-1.30104260698261E-18));
#6954=CARTESIAN_POINT('',(0.00853608262690383,0.00522976609018297,0.003));
#6955=CARTESIAN_POINT('',(0.00853608262690383,0.00522976609018297,-8.67361737988404E-19));
#6956=CARTESIAN_POINT('',(0.00878282088116386,0.00527047132892295,0.003));
#6957=CARTESIAN_POINT('',(0.00878282088116386,0.00527047132892295,-4.33680868994202E-19));
#6958=CARTESIAN_POINT('',(0.00913980821113362,0.00530613416371491,0.003));
#6959=CARTESIAN_POINT('',(0.00913980821113362,0.00530613416371491,-1.73472347597681E-18));
#6960=CARTESIAN_POINT('',(0.00943374163183045,0.00531012918615967,0.003));
#6961=CARTESIAN_POINT('',(0.00943374163183045,0.00531012918615967,-1.30104260698261E-18));
#6962=CARTESIAN_POINT('',(0.00963852798770195,0.00530082807024396,0.003));
#6963=CARTESIAN_POINT('',(0.00963852798770195,0.00530082807024396,-8.67361737988404E-19));
#6964=CARTESIAN_POINT('',(0.0077188901914912,0.00489013718414538,0.003));
#6965=CARTESIAN_POINT('',(0.00703606506746149,0.00582996530888053,0.003));
#6966=CARTESIAN_POINT('',(0.00703606506746149,0.00582996530888053,0.));
#6967=CARTESIAN_POINT('',(0.00709096026969174,0.00587542239164045,0.003));
#6968=CARTESIAN_POINT('',(0.00709096026969174,0.00587542239164045,0.));
#6969=CARTESIAN_POINT('',(0.00718790006979162,0.0059557808588112,0.003));
#6970=CARTESIAN_POINT('',(0.00718790006979162,0.0059557808588112,0.));
#6971=CARTESIAN_POINT('',(0.0072473191012735,0.00600519687584494,0.003));
#6972=CARTESIAN_POINT('',(0.0072473191012735,0.00600519687584494,4.33680868994202E-19));
#6973=CARTESIAN_POINT('',(0.00724970504012182,0.0060084015544332,0.003));
#6974=CARTESIAN_POINT('',(0.00724970504012182,0.0060084015544332,-8.67361737988404E-19));
#6975=CARTESIAN_POINT('',(0.00728251313323898,0.00604023476496163,0.003));
#6976=CARTESIAN_POINT('',(0.00728251313323898,0.00604023476496163,1.30104260698261E-18));
#6977=CARTESIAN_POINT('',(0.00732176079847557,0.00608345006437142,0.003));
#6978=CARTESIAN_POINT('',(0.00732176079847557,0.00608345006437142,-4.33680868994202E-19));
#6979=CARTESIAN_POINT('',(0.00739559158922023,0.00617240196180821,0.003));
#6980=CARTESIAN_POINT('',(0.00739559158922023,0.00617240196180821,4.33680868994202E-19));
#6981=CARTESIAN_POINT('',(0.00749293251388054,0.0063074913591157,0.003));
#6982=CARTESIAN_POINT('',(0.00749293251388054,0.0063074913591157,0.));
#6983=CARTESIAN_POINT('',(0.00761159771586997,0.00650221040747837,0.003));
#6984=CARTESIAN_POINT('',(0.00761159771586997,0.00650221040747837,4.33680868994202E-19));
#6985=CARTESIAN_POINT('',(0.00772655701214973,0.00672429382148093,0.003));
#6986=CARTESIAN_POINT('',(0.00772655701214973,0.00672429382148093,0.));
#6987=CARTESIAN_POINT('',(0.00787078953530536,0.00705278852586515,0.003));
#6988=CARTESIAN_POINT('',(0.00787078953530536,0.00705278852586515,4.33680868994202E-19));
#6989=CARTESIAN_POINT('',(0.00796541944964445,0.00733110129114755,0.003));
#6990=CARTESIAN_POINT('',(0.00796541944964445,0.00733110129114755,0.));
#6991=CARTESIAN_POINT('',(0.00801985602692424,0.00752873889223201,0.003));
#6992=CARTESIAN_POINT('',(0.00801985602692424,0.00752873889223201,0.));
#6993=CARTESIAN_POINT('',(0.00703606508144355,0.00582996532045867,0.));
#6994=CARTESIAN_POINT('',(-8.44587485072538E-17,-5.78784889276121E-17,0.003));
#6995=CARTESIAN_POINT('',(0.00697304916972849,0.00528574358785487,0.003));
#6996=CARTESIAN_POINT('',(0.00718183157875292,0.00499837925476123,0.003));
#6997=CARTESIAN_POINT('',(0.00750686102735656,0.00522459180726571,0.0015));
#6998=CARTESIAN_POINT('',(0.00728862971514646,0.00552496143987235,0.0015));
#6999=CARTESIAN_POINT('',(0.00885223629232487,0.00226552858316755,0.003));
#7000=CARTESIAN_POINT('',(0.00885223629232487,0.00226552858316755,0.));
#7001=CARTESIAN_POINT('',(0.0089212784350849,0.00228322073182295,0.003));
#7002=CARTESIAN_POINT('',(0.0089212784350849,0.00228322073182295,-4.33680868994202E-19));
#7003=CARTESIAN_POINT('',(0.00904326958552685,0.00231441315563527,0.003));
#7004=CARTESIAN_POINT('',(0.00904326958552685,0.00231441315563527,4.33680868994202E-19));
#7005=CARTESIAN_POINT('',(0.00911817361351201,0.00233343815585395,0.003));
#7006=CARTESIAN_POINT('',(0.00911817361351201,0.00233343815585395,0.));
#7007=CARTESIAN_POINT('',(0.00912216867261932,0.00233348475811726,0.003));
#7008=CARTESIAN_POINT('',(0.00912216867261932,0.00233348475811726,4.33680868994202E-19));
#7009=CARTESIAN_POINT('',(0.00916720639421244,0.00234131597132033,0.003));
#7010=CARTESIAN_POINT('',(0.00916720639421244,0.00234131597132033,0.));
#7011=CARTESIAN_POINT('',(0.00922523750466495,0.0023476666838198,0.003));
#7012=CARTESIAN_POINT('',(0.00922523750466495,0.0023476666838198,8.67361737988404E-19));
#7013=CARTESIAN_POINT('',(0.00934059775133802,0.0023551124347636,0.003));
#7014=CARTESIAN_POINT('',(0.00934059775133802,0.0023551124347636,-4.33680868994202E-19));
#7015=CARTESIAN_POINT('',(0.00950710292947948,0.00235445934158353,0.003));
#7016=CARTESIAN_POINT('',(0.00950710292947948,0.00235445934158353,0.));
#7017=CARTESIAN_POINT('',(0.00973438360442311,0.00233600852166592,0.003));
#7018=CARTESIAN_POINT('',(0.00973438360442311,0.00233600852166592,8.67361737988404E-19));
#7019=CARTESIAN_POINT('',(0.00998162423948712,0.00229847519048816,0.003));
#7020=CARTESIAN_POINT('',(0.00998162423948712,0.00229847519048816,-4.33680868994202E-19));
#7021=CARTESIAN_POINT('',(0.010332159787908,0.00222207741016943,0.003));
#7022=CARTESIAN_POINT('',(0.010332159787908,0.00222207741016943,4.33680868994202E-19));
#7023=CARTESIAN_POINT('',(0.010612941612847,0.00213504648008818,0.003));
#7024=CARTESIAN_POINT('',(0.010612941612847,0.00213504648008818,4.33680868994202E-19));
#7025=CARTESIAN_POINT('',(0.0108048308081623,0.00206291812900731,0.003));
#7026=CARTESIAN_POINT('',(0.0108048308081623,0.00206291812900731,0.));
#7027=CARTESIAN_POINT('',(0.00885223630991023,0.00226552858767383,0.003));
#7028=CARTESIAN_POINT('',(0.00849325388854642,0.00337036281741201,0.003));
#7029=CARTESIAN_POINT('',(0.00849325388854642,0.00337036281741201,-5.20417042793042E-18));
#7030=CARTESIAN_POINT('',(0.00855950933942836,0.0033966315217838,0.003));
#7031=CARTESIAN_POINT('',(0.00855950933942836,0.0033966315217838,-5.63785129692462E-18));
#7032=CARTESIAN_POINT('',(0.0086765366999994,0.00344310091996386,0.003));
#7033=CARTESIAN_POINT('',(0.0086765366999994,0.00344310091996386,-5.63785129692462E-18));
#7034=CARTESIAN_POINT('',(0.00874831794613993,0.00347173685445594,0.003));
#7035=CARTESIAN_POINT('',(0.00874831794613993,0.00347173685445594,-4.77048955893622E-18));
#7036=CARTESIAN_POINT('',(0.00875157740897438,0.00347404738925827,0.003));
#7037=CARTESIAN_POINT('',(0.00875157740897438,0.00347404738925827,-4.77048955893622E-18));
#7038=CARTESIAN_POINT('',(0.00879261676275946,0.0034941843132397,0.003));
#7039=CARTESIAN_POINT('',(0.00879261676275946,0.0034941843132397,-4.77048955893622E-18));
#7040=CARTESIAN_POINT('',(0.00884329777246673,0.00352315630979938,0.003));
#7041=CARTESIAN_POINT('',(0.00884329777246673,0.00352315630979938,-4.77048955893622E-18));
#7042=CARTESIAN_POINT('',(0.00894100267509754,0.00358493962244521,0.003));
#7043=CARTESIAN_POINT('',(0.00894100267509754,0.00358493962244521,-5.63785129692462E-18));
#7044=CARTESIAN_POINT('',(0.0090753243153258,0.00368333727406868,0.003));
#7045=CARTESIAN_POINT('',(0.0090753243153258,0.00368333727406868,-5.20417042793042E-18));
#7046=CARTESIAN_POINT('',(0.00924835312400791,0.00383185652980512,0.003));
#7047=CARTESIAN_POINT('',(0.00924835312400791,0.00383185652980512,-4.77048955893622E-18));
#7048=CARTESIAN_POINT('',(0.00942631346093907,0.00400754603164149,0.003));
#7049=CARTESIAN_POINT('',(0.00942631346093907,0.00400754603164149,-6.93889390390723E-18));
#7050=CARTESIAN_POINT('',(0.00966499718816485,0.0042753927600179,0.003));
#7051=CARTESIAN_POINT('',(0.00966499718816485,0.0042753927600179,-5.20417042793042E-18));
#7052=CARTESIAN_POINT('',(0.00984099895905709,0.00451084167730078,0.003));
#7053=CARTESIAN_POINT('',(0.00984099895905709,0.00451084167730078,-5.63785129692462E-18));
#7054=CARTESIAN_POINT('',(0.00995384459806657,0.00468198437818207,0.003));
#7055=CARTESIAN_POINT('',(0.00995384459806657,0.00468198437818207,-5.20417042793042E-18));
#7056=CARTESIAN_POINT('',(0.008493253905422,0.00337036282410277,0.));
#7057=CARTESIAN_POINT('',(-9.82104798133316E-17,-2.89465254355412E-17,0.003));
#7058=CARTESIAN_POINT('',(0.00826514844787235,0.00287225018663647,0.003));
#7059=CARTESIAN_POINT('',(0.00837491185595968,0.00253443315258187,0.003));
#7060=CARTESIAN_POINT('',(0.00875393675410681,0.00264913445141817,0.0015));
#7061=CARTESIAN_POINT('',(0.00863920576363937,0.00300224013198356,0.0015));
#7062=CARTESIAN_POINT('',(0.000580845730676635,0.00911906384304098,0.003));
#7063=CARTESIAN_POINT('',(0.000580845730676635,0.00911906384304098,8.67361737988404E-19));
#7064=CARTESIAN_POINT('',(0.000585354692851566,0.00919019399741342,0.003));
#7065=CARTESIAN_POINT('',(0.000585354692851566,0.00919019399741342,4.33680868994202E-19));
#7066=CARTESIAN_POINT('',(0.000593386273575732,0.00931585346502533,0.003));
#7067=CARTESIAN_POINT('',(0.000593386273575732,0.00931585346502533,1.73472347597681E-18));
#7068=CARTESIAN_POINT('',(0.000598439040739789,0.00939297047732292,0.003));
#7069=CARTESIAN_POINT('',(0.000598439040739789,0.00939297047732292,8.67361737988404E-19));
#7070=CARTESIAN_POINT('',(0.000599629260511292,0.00939678440521127,0.003));
#7071=CARTESIAN_POINT('',(0.000599629260511292,0.00939678440521127,8.67361737988404E-19));
#7072=CARTESIAN_POINT('',(0.000606098755524208,0.00944203780177782,0.003));
#7073=CARTESIAN_POINT('',(0.000606098755524208,0.00944203780177782,1.73472347597681E-18));
#7074=CARTESIAN_POINT('',(0.000617991468350751,0.00949919114561023,0.003));
#7075=CARTESIAN_POINT('',(0.000617991468350751,0.00949919114561023,0.));
#7076=CARTESIAN_POINT('',(0.000646558415094199,0.00961120612350759,0.003));
#7077=CARTESIAN_POINT('',(0.000646558415094199,0.00961120612350759,2.16840434497101E-18));
#7078=CARTESIAN_POINT('',(0.000698632473315993,0.00976936014128438,0.003));
#7079=CARTESIAN_POINT('',(0.000698632473315993,0.00976936014128438,8.67361737988404E-19));
#7080=CARTESIAN_POINT('',(0.000786413836880215,0.00997981529130276,0.003));
#7081=CARTESIAN_POINT('',(0.000786413836880215,0.00997981529130276,1.30104260698261E-18));
#7082=CARTESIAN_POINT('',(0.000898511714009926,0.0102033566711839,0.003));
#7083=CARTESIAN_POINT('',(0.000898511714009926,0.0102033566711839,4.33680868994202E-19));
#7084=CARTESIAN_POINT('',(0.00107949176240712,0.0105131275762516,0.003));
#7085=CARTESIAN_POINT('',(0.00107949176240712,0.0105131275762516,1.73472347597681E-18));
#7086=CARTESIAN_POINT('',(0.00124902945119788,0.0107532729240861,0.003));
#7087=CARTESIAN_POINT('',(0.00124902945119788,0.0107532729240861,4.33680868994202E-19));
#7088=CARTESIAN_POINT('',(0.00137692461189233,0.0109134815074368,0.003));
#7089=CARTESIAN_POINT('',(0.00137692461189233,0.0109134815074368,8.67361737988404E-19));
#7090=CARTESIAN_POINT('',(0.000580845731825089,0.00911906386115817,0.003));
#7091=CARTESIAN_POINT('',(-0.000580845730676633,0.00911906384304097,0.003));
#7092=CARTESIAN_POINT('',(-0.000580845730676633,0.00911906384304097,4.33680868994202E-19));
#7093=CARTESIAN_POINT('',(-0.000585354692851564,0.0091901939974134,0.003));
#7094=CARTESIAN_POINT('',(-0.000585354692851564,0.0091901939974134,4.33680868994202E-19));
#7095=CARTESIAN_POINT('',(-0.000593386273575729,0.00931585346502532,0.003));
#7096=CARTESIAN_POINT('',(-0.000593386273575729,0.00931585346502532,8.67361737988404E-19));
#7097=CARTESIAN_POINT('',(-0.000598439040739788,0.00939297047732291,0.003));
#7098=CARTESIAN_POINT('',(-0.000598439040739788,0.00939297047732291,0.));
#7099=CARTESIAN_POINT('',(-0.000599629260511291,0.00939678440521127,0.003));
#7100=CARTESIAN_POINT('',(-0.000599629260511291,0.00939678440521127,-4.33680868994202E-19));
#7101=CARTESIAN_POINT('',(-0.000606098755524206,0.00944203780177781,0.003));
#7102=CARTESIAN_POINT('',(-0.000606098755524206,0.00944203780177781,8.67361737988404E-19));
#7103=CARTESIAN_POINT('',(-0.000617991468350749,0.00949919114561023,0.003));
#7104=CARTESIAN_POINT('',(-0.000617991468350749,0.00949919114561023,-4.33680868994202E-19));
#7105=CARTESIAN_POINT('',(-0.000646558415094196,0.00961120612350758,0.003));
#7106=CARTESIAN_POINT('',(-0.000646558415094196,0.00961120612350758,-4.33680868994202E-19));
#7107=CARTESIAN_POINT('',(-0.000698632473315991,0.00976936014128437,0.003));
#7108=CARTESIAN_POINT('',(-0.000698632473315991,0.00976936014128437,0.));
#7109=CARTESIAN_POINT('',(-0.000786413836880213,0.00997981529130276,0.003));
#7110=CARTESIAN_POINT('',(-0.000786413836880213,0.00997981529130276,-8.67361737988404E-19));
#7111=CARTESIAN_POINT('',(-0.000898511714009925,0.0102033566711839,0.003));
#7112=CARTESIAN_POINT('',(-0.000898511714009925,0.0102033566711839,8.67361737988404E-19));
#7113=CARTESIAN_POINT('',(-0.00107949176240712,0.0105131275762516,0.003));
#7114=CARTESIAN_POINT('',(-0.00107949176240712,0.0105131275762516,0.));
#7115=CARTESIAN_POINT('',(-0.00124902945119791,0.0107532729240861,0.003));
#7116=CARTESIAN_POINT('',(-0.00124902945119791,0.0107532729240861,0.));
#7117=CARTESIAN_POINT('',(-0.00137692461189233,0.0109134815074368,0.003));
#7118=CARTESIAN_POINT('',(-0.00137692461189233,0.0109134815074368,0.));
#7119=CARTESIAN_POINT('',(-0.000580845731825087,0.00911906386115815,0.));
#7120=CARTESIAN_POINT('',(-2.81892564846232E-18,-1.02348685082632E-16,0.003));
#7121=CARTESIAN_POINT('',(-0.000177600925006313,0.00874819740926306,0.003));
#7122=CARTESIAN_POINT('',(0.000177600925006313,0.00874819740926306,0.003));
#7123=CARTESIAN_POINT('',(0.000185638642139235,0.00914411615910129,0.0015));
#7124=CARTESIAN_POINT('',(-0.000185638642139234,0.00914411615910127,0.0015));
#7125=CARTESIAN_POINT('',(-0.00226552858316755,0.00885223629232487,0.003));
#7126=CARTESIAN_POINT('',(-0.00226552858316755,0.00885223629232487,-8.67361737988404E-19));
#7127=CARTESIAN_POINT('',(-0.00228322073182295,0.0089212784350849,0.003));
#7128=CARTESIAN_POINT('',(-0.00228322073182295,0.0089212784350849,-4.33680868994202E-19));
#7129=CARTESIAN_POINT('',(-0.00231441315563527,0.00904326958552685,0.003));
#7130=CARTESIAN_POINT('',(-0.00231441315563527,0.00904326958552685,-1.73472347597681E-18));
#7131=CARTESIAN_POINT('',(-0.00233343815585395,0.00911817361351201,0.003));
#7132=CARTESIAN_POINT('',(-0.00233343815585395,0.00911817361351201,8.67361737988404E-19));
#7133=CARTESIAN_POINT('',(-0.00233348475811725,0.00912216867261932,0.003));
#7134=CARTESIAN_POINT('',(-0.00233348475811725,0.00912216867261932,-2.16840434497101E-18));
#7135=CARTESIAN_POINT('',(-0.00234131597132033,0.00916720639421244,0.003));
#7136=CARTESIAN_POINT('',(-0.00234131597132033,0.00916720639421244,0.));
#7137=CARTESIAN_POINT('',(-0.0023476666838198,0.00922523750466495,0.003));
#7138=CARTESIAN_POINT('',(-0.0023476666838198,0.00922523750466495,-1.73472347597681E-18));
#7139=CARTESIAN_POINT('',(-0.0023551124347636,0.00934059775133801,0.003));
#7140=CARTESIAN_POINT('',(-0.0023551124347636,0.00934059775133801,-4.33680868994202E-19));
#7141=CARTESIAN_POINT('',(-0.00235445934158353,0.00950710292947948,0.003));
#7142=CARTESIAN_POINT('',(-0.00235445934158353,0.00950710292947948,-1.73472347597681E-18));
#7143=CARTESIAN_POINT('',(-0.00233600852166592,0.00973438360442311,0.003));
#7144=CARTESIAN_POINT('',(-0.00233600852166592,0.00973438360442311,0.));
#7145=CARTESIAN_POINT('',(-0.00229847519048816,0.00998162423948712,0.003));
#7146=CARTESIAN_POINT('',(-0.00229847519048816,0.00998162423948712,-1.30104260698261E-18));
#7147=CARTESIAN_POINT('',(-0.00222207741016942,0.010332159787908,0.003));
#7148=CARTESIAN_POINT('',(-0.00222207741016942,0.010332159787908,-8.67361737988404E-19));
#7149=CARTESIAN_POINT('',(-0.00213504648008823,0.010612941612847,0.003));
#7150=CARTESIAN_POINT('',(-0.00213504648008823,0.010612941612847,-4.33680868994202E-19));
#7151=CARTESIAN_POINT('',(-0.00206291812900731,0.0108048308081623,0.003));
#7152=CARTESIAN_POINT('',(-0.00206291812900731,0.0108048308081623,-8.67361737988404E-19));
#7153=CARTESIAN_POINT('',(-0.00226552858767382,0.00885223630991023,0.003));
#7154=CARTESIAN_POINT('',(-0.00337036281741201,0.00849325388854642,0.003));
#7155=CARTESIAN_POINT('',(-0.00337036281741201,0.00849325388854642,-5.20417042793042E-18));
#7156=CARTESIAN_POINT('',(-0.0033966315217838,0.00855950933942836,0.003));
#7157=CARTESIAN_POINT('',(-0.0033966315217838,0.00855950933942836,-5.63785129692462E-18));
#7158=CARTESIAN_POINT('',(-0.00344310091996386,0.0086765366999994,0.003));
#7159=CARTESIAN_POINT('',(-0.00344310091996386,0.0086765366999994,-5.63785129692462E-18));
#7160=CARTESIAN_POINT('',(-0.00347173685445594,0.00874831794613993,0.003));
#7161=CARTESIAN_POINT('',(-0.00347173685445594,0.00874831794613993,-4.77048955893622E-18));
#7162=CARTESIAN_POINT('',(-0.00347404738925827,0.00875157740897438,0.003));
#7163=CARTESIAN_POINT('',(-0.00347404738925827,0.00875157740897438,-4.77048955893622E-18));
#7164=CARTESIAN_POINT('',(-0.0034941843132397,0.00879261676275947,0.003));
#7165=CARTESIAN_POINT('',(-0.0034941843132397,0.00879261676275947,-4.77048955893622E-18));
#7166=CARTESIAN_POINT('',(-0.00352315630979938,0.00884329777246673,0.003));
#7167=CARTESIAN_POINT('',(-0.00352315630979938,0.00884329777246673,-4.77048955893622E-18));
#7168=CARTESIAN_POINT('',(-0.00358493962244521,0.00894100267509754,0.003));
#7169=CARTESIAN_POINT('',(-0.00358493962244521,0.00894100267509754,-5.63785129692462E-18));
#7170=CARTESIAN_POINT('',(-0.00368333727406868,0.0090753243153258,0.003));
#7171=CARTESIAN_POINT('',(-0.00368333727406868,0.0090753243153258,-5.20417042793042E-18));
#7172=CARTESIAN_POINT('',(-0.00383185652980512,0.00924835312400791,0.003));
#7173=CARTESIAN_POINT('',(-0.00383185652980512,0.00924835312400791,-4.77048955893622E-18));
#7174=CARTESIAN_POINT('',(-0.00400754603164149,0.00942631346093908,0.003));
#7175=CARTESIAN_POINT('',(-0.00400754603164149,0.00942631346093908,-6.93889390390723E-18));
#7176=CARTESIAN_POINT('',(-0.0042753927600179,0.00966499718816483,0.003));
#7177=CARTESIAN_POINT('',(-0.0042753927600179,0.00966499718816483,-5.20417042793042E-18));
#7178=CARTESIAN_POINT('',(-0.00451084167730078,0.00984099895905722,0.003));
#7179=CARTESIAN_POINT('',(-0.00451084167730078,0.00984099895905722,-5.63785129692462E-18));
#7180=CARTESIAN_POINT('',(-0.00468198437818207,0.00995384459806657,0.003));
#7181=CARTESIAN_POINT('',(-0.00468198437818207,0.00995384459806657,-5.20417042793042E-18));
#7182=CARTESIAN_POINT('',(-0.00337036282410277,0.008493253905422,0.));
#7183=CARTESIAN_POINT('',(2.89465254355412E-17,-9.82104798133317E-17,0.003));
#7184=CARTESIAN_POINT('',(-0.00287225018663647,0.00826514844787235,0.003));
#7185=CARTESIAN_POINT('',(-0.00253443315258187,0.00837491185595968,0.003));
#7186=CARTESIAN_POINT('',(-0.00264913445141817,0.00875393675410681,0.0015));
#7187=CARTESIAN_POINT('',(-0.00300224013198356,0.00863920576363937,0.0015));
#7188=CARTESIAN_POINT('',(-0.0070360650674615,0.00582996530888055,0.003));
#7189=CARTESIAN_POINT('',(-0.0070360650674615,0.00582996530888055,0.));
#7190=CARTESIAN_POINT('',(-0.00709096026969175,0.00587542239164046,0.003));
#7191=CARTESIAN_POINT('',(-0.00709096026969175,0.00587542239164046,0.));
#7192=CARTESIAN_POINT('',(-0.00718790006979163,0.00595578085881121,0.003));
#7193=CARTESIAN_POINT('',(-0.00718790006979163,0.00595578085881121,1.30104260698261E-18));
#7194=CARTESIAN_POINT('',(-0.0072473191012735,0.00600519687584494,0.003));
#7195=CARTESIAN_POINT('',(-0.0072473191012735,0.00600519687584494,0.));
#7196=CARTESIAN_POINT('',(-0.00724970504012181,0.0060084015544332,0.003));
#7197=CARTESIAN_POINT('',(-0.00724970504012181,0.0060084015544332,-4.33680868994202E-19));
#7198=CARTESIAN_POINT('',(-0.00728251313323898,0.00604023476496163,0.003));
#7199=CARTESIAN_POINT('',(-0.00728251313323898,0.00604023476496163,8.67361737988404E-19));
#7200=CARTESIAN_POINT('',(-0.00732176079847557,0.00608345006437143,0.003));
#7201=CARTESIAN_POINT('',(-0.00732176079847557,0.00608345006437143,0.));
#7202=CARTESIAN_POINT('',(-0.00739559158922023,0.0061724019618082,0.003));
#7203=CARTESIAN_POINT('',(-0.00739559158922023,0.0061724019618082,0.));
#7204=CARTESIAN_POINT('',(-0.00749293251388054,0.00630749135911571,0.003));
#7205=CARTESIAN_POINT('',(-0.00749293251388054,0.00630749135911571,0.));
#7206=CARTESIAN_POINT('',(-0.00761159771586997,0.00650221040747838,0.003));
#7207=CARTESIAN_POINT('',(-0.00761159771586997,0.00650221040747838,0.));
#7208=CARTESIAN_POINT('',(-0.00772655701214973,0.00672429382148093,0.003));
#7209=CARTESIAN_POINT('',(-0.00772655701214973,0.00672429382148093,4.33680868994202E-19));
#7210=CARTESIAN_POINT('',(-0.00787078953530536,0.00705278852586515,0.003));
#7211=CARTESIAN_POINT('',(-0.00787078953530536,0.00705278852586515,-8.67361737988404E-19));
#7212=CARTESIAN_POINT('',(-0.00796541944964445,0.00733110129114755,0.003));
#7213=CARTESIAN_POINT('',(-0.00796541944964445,0.00733110129114755,-4.33680868994202E-19));
#7214=CARTESIAN_POINT('',(-0.00801985602692424,0.00752873889223201,0.003));
#7215=CARTESIAN_POINT('',(-0.00801985602692424,0.00752873889223201,0.));
#7216=CARTESIAN_POINT('',(-0.00703606508144357,0.00582996532045868,0.003));
#7217=CARTESIAN_POINT('',(-0.00771889017615902,0.00489013717442547,0.003));
#7218=CARTESIAN_POINT('',(-0.00771889017615902,0.00489013717442547,-8.67361737988404E-19));
#7219=CARTESIAN_POINT('',(-0.00777908598132841,0.00492829860313237,0.003));
#7220=CARTESIAN_POINT('',(-0.00777908598132841,0.00492829860313237,-8.67361737988404E-19));
#7221=CARTESIAN_POINT('',(-0.00788546747083282,0.00499566169970803,0.003));
#7222=CARTESIAN_POINT('',(-0.00788546747083282,0.00499566169970803,-8.67361737988404E-19));
#7223=CARTESIAN_POINT('',(-0.00795082638635931,0.00503690216773308,0.003));
#7224=CARTESIAN_POINT('',(-0.00795082638635931,0.00503690216773308,-8.67361737988404E-19));
#7225=CARTESIAN_POINT('',(-0.00795461151246497,0.00503818103027697,0.003));
#7226=CARTESIAN_POINT('',(-0.00795461151246497,0.00503818103027697,0.));
#7227=CARTESIAN_POINT('',(-0.00799502495309887,0.00505954637798445,0.003));
#7228=CARTESIAN_POINT('',(-0.00799502495309887,0.00505954637798445,-1.73472347597681E-18));
#7229=CARTESIAN_POINT('',(-0.00804825334075384,0.00508351886382245,0.003));
#7230=CARTESIAN_POINT('',(-0.00804825334075384,0.00508351886382245,-4.33680868994202E-19));
#7231=CARTESIAN_POINT('',(-0.00815566659149616,0.00512624847047354,0.003));
#7232=CARTESIAN_POINT('',(-0.00815566659149616,0.00512624847047354,-1.30104260698261E-18));
#7233=CARTESIAN_POINT('',(-0.00831422424305604,0.00517708027164603,0.003));
#7234=CARTESIAN_POINT('',(-0.00831422424305604,0.00517708027164603,-8.67361737988404E-19));
#7235=CARTESIAN_POINT('',(-0.00853608262690383,0.00522976609018297,0.003));
#7236=CARTESIAN_POINT('',(-0.00853608262690383,0.00522976609018297,-4.33680868994202E-19));
#7237=CARTESIAN_POINT('',(-0.00878282088116386,0.00527047132892294,0.003));
#7238=CARTESIAN_POINT('',(-0.00878282088116386,0.00527047132892294,-8.67361737988404E-19));
#7239=CARTESIAN_POINT('',(-0.00913980821113362,0.00530613416371492,0.003));
#7240=CARTESIAN_POINT('',(-0.00913980821113362,0.00530613416371492,-8.67361737988404E-19));
#7241=CARTESIAN_POINT('',(-0.00943374163183045,0.00531012918615966,0.003));
#7242=CARTESIAN_POINT('',(-0.00943374163183045,0.00531012918615966,-8.67361737988404E-19));
#7243=CARTESIAN_POINT('',(-0.00963852798770195,0.00530082807024396,0.003));
#7244=CARTESIAN_POINT('',(-0.00963852798770195,0.00530082807024396,-8.67361737988404E-19));
#7245=CARTESIAN_POINT('',(-0.00771889019149118,0.00489013718414537,0.));
#7246=CARTESIAN_POINT('',(8.11449026603035E-17,-6.2439606438583E-17,0.003));
#7247=CARTESIAN_POINT('',(-0.00718183157875291,0.00499837925476123,0.003));
#7248=CARTESIAN_POINT('',(-0.00697304916972849,0.00528574358785487,0.003));
#7249=CARTESIAN_POINT('',(-0.00728862971514647,0.00552496143987237,0.0015));
#7250=CARTESIAN_POINT('',(-0.00750686102735654,0.00522459180726569,0.0015));
#7251=CARTESIAN_POINT('',(-0.00489013717442549,0.00771889017615904,0.003));
#7252=CARTESIAN_POINT('',(-0.00489013717442549,0.00771889017615904,-8.67361737988404E-19));
#7253=CARTESIAN_POINT('',(-0.00492829860313238,0.00777908598132843,0.003));
#7254=CARTESIAN_POINT('',(-0.00492829860313238,0.00777908598132843,-1.30104260698261E-18));
#7255=CARTESIAN_POINT('',(-0.00499566169970804,0.00788546747083283,0.003));
#7256=CARTESIAN_POINT('',(-0.00499566169970804,0.00788546747083283,-4.33680868994202E-19));
#7257=CARTESIAN_POINT('',(-0.00503690216773308,0.00795082638635931,0.003));
#7258=CARTESIAN_POINT('',(-0.00503690216773308,0.00795082638635931,-8.67361737988404E-19));
#7259=CARTESIAN_POINT('',(-0.00503818103027697,0.00795461151246498,0.003));
#7260=CARTESIAN_POINT('',(-0.00503818103027697,0.00795461151246498,-4.33680868994202E-19));
#7261=CARTESIAN_POINT('',(-0.00505954637798445,0.00799502495309887,0.003));
#7262=CARTESIAN_POINT('',(-0.00505954637798445,0.00799502495309887,-8.67361737988404E-19));
#7263=CARTESIAN_POINT('',(-0.00508351886382246,0.00804825334075385,0.003));
#7264=CARTESIAN_POINT('',(-0.00508351886382246,0.00804825334075385,-1.30104260698261E-18));
#7265=CARTESIAN_POINT('',(-0.00512624847047353,0.00815566659149617,0.003));
#7266=CARTESIAN_POINT('',(-0.00512624847047353,0.00815566659149617,-8.67361737988404E-19));
#7267=CARTESIAN_POINT('',(-0.00517708027164603,0.00831422424305605,0.003));
#7268=CARTESIAN_POINT('',(-0.00517708027164603,0.00831422424305605,-1.30104260698261E-18));
#7269=CARTESIAN_POINT('',(-0.00522976609018297,0.00853608262690383,0.003));
#7270=CARTESIAN_POINT('',(-0.00522976609018297,0.00853608262690383,-8.67361737988404E-19));
#7271=CARTESIAN_POINT('',(-0.00527047132892295,0.00878282088116386,0.003));
#7272=CARTESIAN_POINT('',(-0.00527047132892295,0.00878282088116386,-4.33680868994202E-19));
#7273=CARTESIAN_POINT('',(-0.00530613416371491,0.00913980821113362,0.003));
#7274=CARTESIAN_POINT('',(-0.00530613416371491,0.00913980821113362,-1.73472347597681E-18));
#7275=CARTESIAN_POINT('',(-0.00531012918615967,0.00943374163183045,0.003));
#7276=CARTESIAN_POINT('',(-0.00531012918615967,0.00943374163183045,-1.30104260698261E-18));
#7277=CARTESIAN_POINT('',(-0.00530082807024396,0.00963852798770195,0.003));
#7278=CARTESIAN_POINT('',(-0.00530082807024396,0.00963852798770195,-8.67361737988404E-19));
#7279=CARTESIAN_POINT('',(-0.00489013718414538,0.0077188901914912,0.003));
#7280=CARTESIAN_POINT('',(-0.00582996530888053,0.00703606506746149,0.003));
#7281=CARTESIAN_POINT('',(-0.00582996530888053,0.00703606506746149,0.));
#7282=CARTESIAN_POINT('',(-0.00587542239164045,0.00709096026969173,0.003));
#7283=CARTESIAN_POINT('',(-0.00587542239164045,0.00709096026969173,0.));
#7284=CARTESIAN_POINT('',(-0.0059557808588112,0.00718790006979162,0.003));
#7285=CARTESIAN_POINT('',(-0.0059557808588112,0.00718790006979162,-4.33680868994202E-19));
#7286=CARTESIAN_POINT('',(-0.00600519687584494,0.00724731910127351,0.003));
#7287=CARTESIAN_POINT('',(-0.00600519687584494,0.00724731910127351,4.33680868994202E-19));
#7288=CARTESIAN_POINT('',(-0.0060084015544332,0.00724970504012182,0.003));
#7289=CARTESIAN_POINT('',(-0.0060084015544332,0.00724970504012182,8.67361737988404E-19));
#7290=CARTESIAN_POINT('',(-0.00604023476496163,0.00728251313323897,0.003));
#7291=CARTESIAN_POINT('',(-0.00604023476496163,0.00728251313323897,-1.30104260698261E-18));
#7292=CARTESIAN_POINT('',(-0.00608345006437142,0.00732176079847557,0.003));
#7293=CARTESIAN_POINT('',(-0.00608345006437142,0.00732176079847557,4.33680868994202E-19));
#7294=CARTESIAN_POINT('',(-0.00617240196180821,0.00739559158922023,0.003));
#7295=CARTESIAN_POINT('',(-0.00617240196180821,0.00739559158922023,0.));
#7296=CARTESIAN_POINT('',(-0.0063074913591157,0.00749293251388054,0.003));
#7297=CARTESIAN_POINT('',(-0.0063074913591157,0.00749293251388054,0.));
#7298=CARTESIAN_POINT('',(-0.00650221040747837,0.00761159771586997,0.003));
#7299=CARTESIAN_POINT('',(-0.00650221040747837,0.00761159771586997,4.33680868994202E-19));
#7300=CARTESIAN_POINT('',(-0.00672429382148093,0.00772655701214973,0.003));
#7301=CARTESIAN_POINT('',(-0.00672429382148093,0.00772655701214973,0.));
#7302=CARTESIAN_POINT('',(-0.00705278852586515,0.00787078953530538,0.003));
#7303=CARTESIAN_POINT('',(-0.00705278852586515,0.00787078953530538,4.33680868994202E-19));
#7304=CARTESIAN_POINT('',(-0.00733110129114755,0.00796541944964435,0.003));
#7305=CARTESIAN_POINT('',(-0.00733110129114755,0.00796541944964435,0.));
#7306=CARTESIAN_POINT('',(-0.00752873889223201,0.00801985602692425,0.003));
#7307=CARTESIAN_POINT('',(-0.00752873889223201,0.00801985602692425,0.));
#7308=CARTESIAN_POINT('',(-0.00582996532045867,0.00703606508144355,0.));
#7309=CARTESIAN_POINT('',(5.78784889276121E-17,-8.44587485072538E-17,0.003));
#7310=CARTESIAN_POINT('',(-0.00528574358785487,0.00697304916972849,0.003));
#7311=CARTESIAN_POINT('',(-0.00499837925476123,0.00718183157875292,0.003));
#7312=CARTESIAN_POINT('',(-0.00522459180726571,0.00750686102735656,0.0015));
#7313=CARTESIAN_POINT('',(-0.00552496143987235,0.00728862971514646,0.0015));
#7314=CARTESIAN_POINT('',(0.00226552858316755,-0.00885223629232487,0.003));
#7315=CARTESIAN_POINT('',(0.00226552858316755,-0.00885223629232487,0.));
#7316=CARTESIAN_POINT('',(0.00228322073182295,-0.0089212784350849,0.003));
#7317=CARTESIAN_POINT('',(0.00228322073182295,-0.0089212784350849,4.33680868994202E-19));
#7318=CARTESIAN_POINT('',(0.00231441315563527,-0.00904326958552685,0.003));
#7319=CARTESIAN_POINT('',(0.00231441315563527,-0.00904326958552685,4.33680868994202E-19));
#7320=CARTESIAN_POINT('',(0.00233343815585395,-0.00911817361351201,0.003));
#7321=CARTESIAN_POINT('',(0.00233343815585395,-0.00911817361351201,4.33680868994202E-19));
#7322=CARTESIAN_POINT('',(0.00233348475811725,-0.00912216867261932,0.003));
#7323=CARTESIAN_POINT('',(0.00233348475811725,-0.00912216867261932,-1.30104260698261E-18));
#7324=CARTESIAN_POINT('',(0.00234131597132033,-0.00916720639421244,0.003));
#7325=CARTESIAN_POINT('',(0.00234131597132033,-0.00916720639421244,8.67361737988404E-19));
#7326=CARTESIAN_POINT('',(0.0023476666838198,-0.00922523750466495,0.003));
#7327=CARTESIAN_POINT('',(0.0023476666838198,-0.00922523750466495,-8.67361737988404E-19));
#7328=CARTESIAN_POINT('',(0.0023551124347636,-0.00934059775133802,0.003));
#7329=CARTESIAN_POINT('',(0.0023551124347636,-0.00934059775133802,1.30104260698261E-18));
#7330=CARTESIAN_POINT('',(0.00235445934158354,-0.00950710292947948,0.003));
#7331=CARTESIAN_POINT('',(0.00235445934158354,-0.00950710292947948,-8.67361737988404E-19));
#7332=CARTESIAN_POINT('',(0.00233600852166592,-0.00973438360442311,0.003));
#7333=CARTESIAN_POINT('',(0.00233600852166592,-0.00973438360442311,8.67361737988404E-19));
#7334=CARTESIAN_POINT('',(0.00229847519048816,-0.00998162423948712,0.003));
#7335=CARTESIAN_POINT('',(0.00229847519048816,-0.00998162423948712,-1.73472347597681E-18));
#7336=CARTESIAN_POINT('',(0.00222207741016942,-0.010332159787908,0.003));
#7337=CARTESIAN_POINT('',(0.00222207741016942,-0.010332159787908,1.30104260698261E-18));
#7338=CARTESIAN_POINT('',(0.00213504648008823,-0.010612941612847,0.003));
#7339=CARTESIAN_POINT('',(0.00213504648008823,-0.010612941612847,4.33680868994202E-19));
#7340=CARTESIAN_POINT('',(0.00206291812900731,-0.0108048308081623,0.003));
#7341=CARTESIAN_POINT('',(0.00206291812900731,-0.0108048308081623,0.));
#7342=CARTESIAN_POINT('',(0.00226552858767382,-0.00885223630991023,0.003));
#7343=CARTESIAN_POINT('',(0.00337036281741201,-0.00849325388854643,0.003));
#7344=CARTESIAN_POINT('',(0.00337036281741201,-0.00849325388854643,-2.60208521396521E-18));
#7345=CARTESIAN_POINT('',(0.0033966315217838,-0.00855950933942836,0.003));
#7346=CARTESIAN_POINT('',(0.0033966315217838,-0.00855950933942836,-3.03576608295941E-18));
#7347=CARTESIAN_POINT('',(0.00344310091996386,-0.00867653669999939,0.003));
#7348=CARTESIAN_POINT('',(0.00344310091996386,-0.00867653669999939,-3.03576608295941E-18));
#7349=CARTESIAN_POINT('',(0.00347173685445594,-0.00874831794613993,0.003));
#7350=CARTESIAN_POINT('',(0.00347173685445594,-0.00874831794613993,-2.60208521396521E-18));
#7351=CARTESIAN_POINT('',(0.00347404738925827,-0.00875157740897438,0.003));
#7352=CARTESIAN_POINT('',(0.00347404738925827,-0.00875157740897438,-2.60208521396521E-18));
#7353=CARTESIAN_POINT('',(0.00349418431323969,-0.00879261676275947,0.003));
#7354=CARTESIAN_POINT('',(0.00349418431323969,-0.00879261676275947,-3.03576608295941E-18));
#7355=CARTESIAN_POINT('',(0.00352315630979938,-0.00884329777246674,0.003));
#7356=CARTESIAN_POINT('',(0.00352315630979938,-0.00884329777246674,-2.60208521396521E-18));
#7357=CARTESIAN_POINT('',(0.0035849396224452,-0.00894100267509753,0.003));
#7358=CARTESIAN_POINT('',(0.0035849396224452,-0.00894100267509753,-3.46944695195361E-18));
#7359=CARTESIAN_POINT('',(0.00368333727406868,-0.00907532431532581,0.003));
#7360=CARTESIAN_POINT('',(0.00368333727406868,-0.00907532431532581,-2.16840434497101E-18));
#7361=CARTESIAN_POINT('',(0.00383185652980512,-0.00924835312400791,0.003));
#7362=CARTESIAN_POINT('',(0.00383185652980512,-0.00924835312400791,-3.46944695195361E-18));
#7363=CARTESIAN_POINT('',(0.0040075460316415,-0.00942631346093908,0.003));
#7364=CARTESIAN_POINT('',(0.0040075460316415,-0.00942631346093908,-3.46944695195361E-18));
#7365=CARTESIAN_POINT('',(0.00427539276001789,-0.00966499718816483,0.003));
#7366=CARTESIAN_POINT('',(0.00427539276001789,-0.00966499718816483,-3.03576608295941E-18));
#7367=CARTESIAN_POINT('',(0.00451084167730079,-0.00984099895905722,0.003));
#7368=CARTESIAN_POINT('',(0.00451084167730079,-0.00984099895905722,-3.03576608295941E-18));
#7369=CARTESIAN_POINT('',(0.00468198437818207,-0.00995384459806657,0.003));
#7370=CARTESIAN_POINT('',(0.00468198437818207,-0.00995384459806657,-2.60208521396521E-18));
#7371=CARTESIAN_POINT('',(0.00337036282410277,-0.008493253905422,0.));
#7372=CARTESIAN_POINT('',(-2.89465254355412E-17,9.82104798133317E-17,0.003));
#7373=CARTESIAN_POINT('',(0.00287225018663647,-0.00826514844787235,0.003));
#7374=CARTESIAN_POINT('',(0.00253443315258187,-0.00837491185595968,0.003));
#7375=CARTESIAN_POINT('',(0.00264913445141817,-0.00875393675410681,0.0015));
#7376=CARTESIAN_POINT('',(0.00300224013198356,-0.00863920576363937,0.0015));
#7377=CARTESIAN_POINT('',(-0.000580845730676636,-0.00911906384304099,0.003));
#7378=CARTESIAN_POINT('',(-0.000580845730676636,-0.00911906384304099,8.67361737988404E-19));
#7379=CARTESIAN_POINT('',(-0.000585354692851567,-0.00919019399741342,0.003));
#7380=CARTESIAN_POINT('',(-0.000585354692851567,-0.00919019399741342,4.33680868994202E-19));
#7381=CARTESIAN_POINT('',(-0.000593386273575733,-0.00931585346502533,0.003));
#7382=CARTESIAN_POINT('',(-0.000593386273575733,-0.00931585346502533,1.30104260698261E-18));
#7383=CARTESIAN_POINT('',(-0.00059843904073979,-0.00939297047732292,0.003));
#7384=CARTESIAN_POINT('',(-0.00059843904073979,-0.00939297047732292,8.67361737988404E-19));
#7385=CARTESIAN_POINT('',(-0.000599629260511294,-0.00939678440521127,0.003));
#7386=CARTESIAN_POINT('',(-0.000599629260511294,-0.00939678440521127,8.67361737988404E-19));
#7387=CARTESIAN_POINT('',(-0.00060609875552421,-0.00944203780177781,0.003));
#7388=CARTESIAN_POINT('',(-0.00060609875552421,-0.00944203780177781,2.16840434497101E-18));
#7389=CARTESIAN_POINT('',(-0.000617991468350751,-0.00949919114561023,0.003));
#7390=CARTESIAN_POINT('',(-0.000617991468350751,-0.00949919114561023,0.));
#7391=CARTESIAN_POINT('',(-0.000646558415094201,-0.00961120612350759,0.003));
#7392=CARTESIAN_POINT('',(-0.000646558415094201,-0.00961120612350759,2.16840434497101E-18));
#7393=CARTESIAN_POINT('',(-0.000698632473315994,-0.00976936014128438,0.003));
#7394=CARTESIAN_POINT('',(-0.000698632473315994,-0.00976936014128438,8.67361737988404E-19));
#7395=CARTESIAN_POINT('',(-0.000786413836880216,-0.00997981529130276,0.003));
#7396=CARTESIAN_POINT('',(-0.000786413836880216,-0.00997981529130276,1.30104260698261E-18));
#7397=CARTESIAN_POINT('',(-0.000898511714009929,-0.0102033566711839,0.003));
#7398=CARTESIAN_POINT('',(-0.000898511714009929,-0.0102033566711839,4.33680868994202E-19));
#7399=CARTESIAN_POINT('',(-0.00107949176240712,-0.0105131275762516,0.003));
#7400=CARTESIAN_POINT('',(-0.00107949176240712,-0.0105131275762516,1.73472347597681E-18));
#7401=CARTESIAN_POINT('',(-0.00124902945119791,-0.0107532729240861,0.003));
#7402=CARTESIAN_POINT('',(-0.00124902945119791,-0.0107532729240861,4.33680868994202E-19));
#7403=CARTESIAN_POINT('',(-0.00137692461189233,-0.0109134815074368,0.003));
#7404=CARTESIAN_POINT('',(-0.00137692461189233,-0.0109134815074368,8.67361737988404E-19));
#7405=CARTESIAN_POINT('',(-0.00058084573182509,-0.00911906386115817,0.003));
#7406=CARTESIAN_POINT('',(0.000580845730676632,-0.00911906384304097,0.003));
#7407=CARTESIAN_POINT('',(0.000580845730676632,-0.00911906384304097,0.));
#7408=CARTESIAN_POINT('',(0.000585354692851563,-0.0091901939974134,0.003));
#7409=CARTESIAN_POINT('',(0.000585354692851563,-0.0091901939974134,0.));
#7410=CARTESIAN_POINT('',(0.000593386273575728,-0.00931585346502532,0.003));
#7411=CARTESIAN_POINT('',(0.000593386273575728,-0.00931585346502532,-4.33680868994202E-19));
#7412=CARTESIAN_POINT('',(0.000598439040739788,-0.00939297047732292,0.003));
#7413=CARTESIAN_POINT('',(0.000598439040739788,-0.00939297047732292,0.));
#7414=CARTESIAN_POINT('',(0.00059962926051129,-0.00939678440521127,0.003));
#7415=CARTESIAN_POINT('',(0.00059962926051129,-0.00939678440521127,8.67361737988404E-19));
#7416=CARTESIAN_POINT('',(0.000606098755524205,-0.00944203780177781,0.003));
#7417=CARTESIAN_POINT('',(0.000606098755524205,-0.00944203780177781,4.33680868994202E-19));
#7418=CARTESIAN_POINT('',(0.000617991468350749,-0.00949919114561023,0.003));
#7419=CARTESIAN_POINT('',(0.000617991468350749,-0.00949919114561023,-4.33680868994202E-19));
#7420=CARTESIAN_POINT('',(0.000646558415094195,-0.00961120612350759,0.003));
#7421=CARTESIAN_POINT('',(0.000646558415094195,-0.00961120612350759,4.33680868994202E-19));
#7422=CARTESIAN_POINT('',(0.00069863247331599,-0.00976936014128437,0.003));
#7423=CARTESIAN_POINT('',(0.00069863247331599,-0.00976936014128437,0.));
#7424=CARTESIAN_POINT('',(0.000786413836880211,-0.00997981529130276,0.003));
#7425=CARTESIAN_POINT('',(0.000786413836880211,-0.00997981529130276,-8.67361737988404E-19));
#7426=CARTESIAN_POINT('',(0.000898511714009925,-0.0102033566711839,0.003));
#7427=CARTESIAN_POINT('',(0.000898511714009925,-0.0102033566711839,8.67361737988404E-19));
#7428=CARTESIAN_POINT('',(0.00107949176240711,-0.0105131275762516,0.003));
#7429=CARTESIAN_POINT('',(0.00107949176240711,-0.0105131275762516,0.));
#7430=CARTESIAN_POINT('',(0.0012490294511979,-0.0107532729240861,0.003));
#7431=CARTESIAN_POINT('',(0.0012490294511979,-0.0107532729240861,0.));
#7432=CARTESIAN_POINT('',(0.00137692461189233,-0.0109134815074368,0.003));
#7433=CARTESIAN_POINT('',(0.00137692461189233,-0.0109134815074368,0.));
#7434=CARTESIAN_POINT('',(0.000580845731825086,-0.00911906386115815,0.));
#7435=CARTESIAN_POINT('',(2.81892564846233E-18,1.02348685082632E-16,0.003));
#7436=CARTESIAN_POINT('',(0.000177600925006311,-0.00874819740926306,0.003));
#7437=CARTESIAN_POINT('',(-0.000177600925006314,-0.00874819740926306,0.003));
#7438=CARTESIAN_POINT('',(-0.000185638642139236,-0.00914411615910129,0.0015));
#7439=CARTESIAN_POINT('',(0.000185638642139233,-0.00914411615910127,0.0015));
#7440=CARTESIAN_POINT('',(-0.00337036281741201,-0.00849325388854644,0.003));
#7441=CARTESIAN_POINT('',(-0.00337036281741201,-0.00849325388854644,-8.67361737988404E-19));
#7442=CARTESIAN_POINT('',(-0.00339663152178381,-0.00855950933942837,0.003));
#7443=CARTESIAN_POINT('',(-0.00339663152178381,-0.00855950933942837,-1.30104260698261E-18));
#7444=CARTESIAN_POINT('',(-0.00344310091996387,-0.00867653669999941,0.003));
#7445=CARTESIAN_POINT('',(-0.00344310091996387,-0.00867653669999941,0.));
#7446=CARTESIAN_POINT('',(-0.00347173685445594,-0.00874831794613993,0.003));
#7447=CARTESIAN_POINT('',(-0.00347173685445594,-0.00874831794613993,-1.73472347597681E-18));
#7448=CARTESIAN_POINT('',(-0.00347404738925827,-0.00875157740897438,0.003));
#7449=CARTESIAN_POINT('',(-0.00347404738925827,-0.00875157740897438,-4.33680868994202E-19));
#7450=CARTESIAN_POINT('',(-0.00349418431323969,-0.00879261676275946,0.003));
#7451=CARTESIAN_POINT('',(-0.00349418431323969,-0.00879261676275946,-1.73472347597681E-18));
#7452=CARTESIAN_POINT('',(-0.00352315630979938,-0.00884329777246673,0.003));
#7453=CARTESIAN_POINT('',(-0.00352315630979938,-0.00884329777246673,-4.33680868994202E-19));
#7454=CARTESIAN_POINT('',(-0.00358493962244521,-0.00894100267509754,0.003));
#7455=CARTESIAN_POINT('',(-0.00358493962244521,-0.00894100267509754,-1.30104260698261E-18));
#7456=CARTESIAN_POINT('',(-0.00368333727406868,-0.0090753243153258,0.003));
#7457=CARTESIAN_POINT('',(-0.00368333727406868,-0.0090753243153258,-8.67361737988404E-19));
#7458=CARTESIAN_POINT('',(-0.00383185652980512,-0.00924835312400792,0.003));
#7459=CARTESIAN_POINT('',(-0.00383185652980512,-0.00924835312400792,-8.67361737988404E-19));
#7460=CARTESIAN_POINT('',(-0.0040075460316415,-0.00942631346093908,0.003));
#7461=CARTESIAN_POINT('',(-0.0040075460316415,-0.00942631346093908,-8.67361737988404E-19));
#7462=CARTESIAN_POINT('',(-0.00427539276001788,-0.00966499718816485,0.003));
#7463=CARTESIAN_POINT('',(-0.00427539276001788,-0.00966499718816485,-4.33680868994202E-19));
#7464=CARTESIAN_POINT('',(-0.00451084167730091,-0.00984099895905709,0.003));
#7465=CARTESIAN_POINT('',(-0.00451084167730091,-0.00984099895905709,-1.30104260698261E-18));
#7466=CARTESIAN_POINT('',(-0.00468198437818207,-0.00995384459806657,0.003));
#7467=CARTESIAN_POINT('',(-0.00468198437818207,-0.00995384459806657,-8.67361737988404E-19));
#7468=CARTESIAN_POINT('',(-0.00337036282410278,-0.00849325390542201,0.003));
#7469=CARTESIAN_POINT('',(-0.00226552858316755,-0.00885223629232485,0.003));
#7470=CARTESIAN_POINT('',(-0.00226552858316755,-0.00885223629232485,-4.33680868994202E-19));
#7471=CARTESIAN_POINT('',(-0.00228322073182295,-0.00892127843508489,0.003));
#7472=CARTESIAN_POINT('',(-0.00228322073182295,-0.00892127843508489,-4.33680868994202E-19));
#7473=CARTESIAN_POINT('',(-0.00231441315563527,-0.00904326958552683,0.003));
#7474=CARTESIAN_POINT('',(-0.00231441315563527,-0.00904326958552683,-1.30104260698261E-18));
#7475=CARTESIAN_POINT('',(-0.00233343815585395,-0.00911817361351201,0.003));
#7476=CARTESIAN_POINT('',(-0.00233343815585395,-0.00911817361351201,-4.33680868994202E-19));
#7477=CARTESIAN_POINT('',(-0.00233348475811725,-0.00912216867261932,0.003));
#7478=CARTESIAN_POINT('',(-0.00233348475811725,-0.00912216867261932,-4.33680868994202E-19));
#7479=CARTESIAN_POINT('',(-0.00234131597132034,-0.00916720639421244,0.003));
#7480=CARTESIAN_POINT('',(-0.00234131597132034,-0.00916720639421244,-8.67361737988404E-19));
#7481=CARTESIAN_POINT('',(-0.0023476666838198,-0.00922523750466495,0.003));
#7482=CARTESIAN_POINT('',(-0.0023476666838198,-0.00922523750466495,-1.30104260698261E-18));
#7483=CARTESIAN_POINT('',(-0.0023551124347636,-0.00934059775133802,0.003));
#7484=CARTESIAN_POINT('',(-0.0023551124347636,-0.00934059775133802,-8.67361737988404E-19));
#7485=CARTESIAN_POINT('',(-0.00235445934158354,-0.00950710292947948,0.003));
#7486=CARTESIAN_POINT('',(-0.00235445934158354,-0.00950710292947948,-8.67361737988404E-19));
#7487=CARTESIAN_POINT('',(-0.00233600852166592,-0.00973438360442311,0.003));
#7488=CARTESIAN_POINT('',(-0.00233600852166592,-0.00973438360442311,-4.33680868994202E-19));
#7489=CARTESIAN_POINT('',(-0.00229847519048816,-0.00998162423948712,0.003));
#7490=CARTESIAN_POINT('',(-0.00229847519048816,-0.00998162423948712,-1.30104260698261E-18));
#7491=CARTESIAN_POINT('',(-0.00222207741016943,-0.010332159787908,0.003));
#7492=CARTESIAN_POINT('',(-0.00222207741016943,-0.010332159787908,-4.33680868994202E-19));
#7493=CARTESIAN_POINT('',(-0.00213504648008824,-0.010612941612847,0.003));
#7494=CARTESIAN_POINT('',(-0.00213504648008824,-0.010612941612847,-1.30104260698261E-18));
#7495=CARTESIAN_POINT('',(-0.00206291812900731,-0.0108048308081623,0.003));
#7496=CARTESIAN_POINT('',(-0.00206291812900731,-0.0108048308081623,-8.67361737988404E-19));
#7497=CARTESIAN_POINT('',(-0.00226552858767382,-0.00885223630991021,0.));
#7498=CARTESIAN_POINT('',(3.43084406493845E-17,9.64682879508231E-17,0.003));
#7499=CARTESIAN_POINT('',(-0.00253443315258187,-0.00837491185595968,0.003));
#7500=CARTESIAN_POINT('',(-0.00287225018663647,-0.00826514844787235,0.003));
#7501=CARTESIAN_POINT('',(-0.00300224013198358,-0.00863920576363938,0.0015));
#7502=CARTESIAN_POINT('',(-0.00264913445141817,-0.00875393675410679,0.0015));
#7503=CARTESIAN_POINT('',(-0.00582996530888055,-0.0070360650674615,0.003));
#7504=CARTESIAN_POINT('',(-0.00582996530888055,-0.0070360650674615,0.));
#7505=CARTESIAN_POINT('',(-0.00587542239164046,-0.00709096026969175,0.003));
#7506=CARTESIAN_POINT('',(-0.00587542239164046,-0.00709096026969175,0.));
#7507=CARTESIAN_POINT('',(-0.00595578085881121,-0.00718790006979163,0.003));
#7508=CARTESIAN_POINT('',(-0.00595578085881121,-0.00718790006979163,1.30104260698261E-18));
#7509=CARTESIAN_POINT('',(-0.00600519687584494,-0.0072473191012735,0.003));
#7510=CARTESIAN_POINT('',(-0.00600519687584494,-0.0072473191012735,0.));
#7511=CARTESIAN_POINT('',(-0.0060084015544332,-0.00724970504012181,0.003));
#7512=CARTESIAN_POINT('',(-0.0060084015544332,-0.00724970504012181,-4.33680868994202E-19));
#7513=CARTESIAN_POINT('',(-0.00604023476496163,-0.00728251313323898,0.003));
#7514=CARTESIAN_POINT('',(-0.00604023476496163,-0.00728251313323898,8.67361737988404E-19));
#7515=CARTESIAN_POINT('',(-0.00608345006437143,-0.00732176079847557,0.003));
#7516=CARTESIAN_POINT('',(-0.00608345006437143,-0.00732176079847557,0.));
#7517=CARTESIAN_POINT('',(-0.0061724019618082,-0.00739559158922023,0.003));
#7518=CARTESIAN_POINT('',(-0.0061724019618082,-0.00739559158922023,0.));
#7519=CARTESIAN_POINT('',(-0.00630749135911571,-0.00749293251388054,0.003));
#7520=CARTESIAN_POINT('',(-0.00630749135911571,-0.00749293251388054,0.));
#7521=CARTESIAN_POINT('',(-0.00650221040747838,-0.00761159771586997,0.003));
#7522=CARTESIAN_POINT('',(-0.00650221040747838,-0.00761159771586997,0.));
#7523=CARTESIAN_POINT('',(-0.00672429382148093,-0.00772655701214973,0.003));
#7524=CARTESIAN_POINT('',(-0.00672429382148093,-0.00772655701214973,4.33680868994202E-19));
#7525=CARTESIAN_POINT('',(-0.00705278852586515,-0.00787078953530536,0.003));
#7526=CARTESIAN_POINT('',(-0.00705278852586515,-0.00787078953530536,-8.67361737988404E-19));
#7527=CARTESIAN_POINT('',(-0.00733110129114755,-0.00796541944964445,0.003));
#7528=CARTESIAN_POINT('',(-0.00733110129114755,-0.00796541944964445,-4.33680868994202E-19));
#7529=CARTESIAN_POINT('',(-0.00752873889223201,-0.00801985602692424,0.003));
#7530=CARTESIAN_POINT('',(-0.00752873889223201,-0.00801985602692424,0.));
#7531=CARTESIAN_POINT('',(-0.00582996532045868,-0.00703606508144357,0.003));
#7532=CARTESIAN_POINT('',(-0.00489013717442547,-0.00771889017615902,0.003));
#7533=CARTESIAN_POINT('',(-0.00489013717442547,-0.00771889017615902,-8.67361737988404E-19));
#7534=CARTESIAN_POINT('',(-0.00492829860313237,-0.00777908598132841,0.003));
#7535=CARTESIAN_POINT('',(-0.00492829860313237,-0.00777908598132841,-8.67361737988404E-19));
#7536=CARTESIAN_POINT('',(-0.00499566169970803,-0.00788546747083282,0.003));
#7537=CARTESIAN_POINT('',(-0.00499566169970803,-0.00788546747083282,-8.67361737988404E-19));
#7538=CARTESIAN_POINT('',(-0.00503690216773308,-0.00795082638635931,0.003));
#7539=CARTESIAN_POINT('',(-0.00503690216773308,-0.00795082638635931,-8.67361737988404E-19));
#7540=CARTESIAN_POINT('',(-0.00503818103027697,-0.00795461151246497,0.003));
#7541=CARTESIAN_POINT('',(-0.00503818103027697,-0.00795461151246497,0.));
#7542=CARTESIAN_POINT('',(-0.00505954637798445,-0.00799502495309887,0.003));
#7543=CARTESIAN_POINT('',(-0.00505954637798445,-0.00799502495309887,-1.73472347597681E-18));
#7544=CARTESIAN_POINT('',(-0.00508351886382245,-0.00804825334075384,0.003));
#7545=CARTESIAN_POINT('',(-0.00508351886382245,-0.00804825334075384,-4.33680868994202E-19));
#7546=CARTESIAN_POINT('',(-0.00512624847047354,-0.00815566659149616,0.003));
#7547=CARTESIAN_POINT('',(-0.00512624847047354,-0.00815566659149616,-1.30104260698261E-18));
#7548=CARTESIAN_POINT('',(-0.00517708027164603,-0.00831422424305604,0.003));
#7549=CARTESIAN_POINT('',(-0.00517708027164603,-0.00831422424305604,-8.67361737988404E-19));
#7550=CARTESIAN_POINT('',(-0.00522976609018297,-0.00853608262690383,0.003));
#7551=CARTESIAN_POINT('',(-0.00522976609018297,-0.00853608262690383,-4.33680868994202E-19));
#7552=CARTESIAN_POINT('',(-0.00527047132892294,-0.00878282088116386,0.003));
#7553=CARTESIAN_POINT('',(-0.00527047132892294,-0.00878282088116386,-8.67361737988404E-19));
#7554=CARTESIAN_POINT('',(-0.00530613416371492,-0.00913980821113362,0.003));
#7555=CARTESIAN_POINT('',(-0.00530613416371492,-0.00913980821113362,-8.67361737988404E-19));
#7556=CARTESIAN_POINT('',(-0.00531012918615966,-0.00943374163183045,0.003));
#7557=CARTESIAN_POINT('',(-0.00531012918615966,-0.00943374163183045,-8.67361737988404E-19));
#7558=CARTESIAN_POINT('',(-0.00530082807024396,-0.00963852798770195,0.003));
#7559=CARTESIAN_POINT('',(-0.00530082807024396,-0.00963852798770195,-8.67361737988404E-19));
#7560=CARTESIAN_POINT('',(-0.00489013718414537,-0.00771889019149118,0.));
#7561=CARTESIAN_POINT('',(6.2439606438583E-17,8.11449026603035E-17,0.003));
#7562=CARTESIAN_POINT('',(-0.00499837925476123,-0.00718183157875291,0.003));
#7563=CARTESIAN_POINT('',(-0.00528574358785487,-0.00697304916972849,0.003));
#7564=CARTESIAN_POINT('',(-0.00552496143987237,-0.00728862971514647,0.0015));
#7565=CARTESIAN_POINT('',(-0.00522459180726569,-0.00750686102735654,0.0015));
#7566=CARTESIAN_POINT('',(-0.00771889017615904,-0.00489013717442548,0.003));
#7567=CARTESIAN_POINT('',(-0.00771889017615904,-0.00489013717442548,-8.67361737988404E-19));
#7568=CARTESIAN_POINT('',(-0.00777908598132843,-0.00492829860313238,0.003));
#7569=CARTESIAN_POINT('',(-0.00777908598132843,-0.00492829860313238,-8.67361737988404E-19));
#7570=CARTESIAN_POINT('',(-0.00788546747083284,-0.00499566169970804,0.003));
#7571=CARTESIAN_POINT('',(-0.00788546747083284,-0.00499566169970804,8.67361737988404E-19));
#7572=CARTESIAN_POINT('',(-0.00795082638635931,-0.00503690216773308,0.003));
#7573=CARTESIAN_POINT('',(-0.00795082638635931,-0.00503690216773308,-8.67361737988404E-19));
#7574=CARTESIAN_POINT('',(-0.00795461151246498,-0.00503818103027697,0.003));
#7575=CARTESIAN_POINT('',(-0.00795461151246498,-0.00503818103027697,-4.33680868994202E-19));
#7576=CARTESIAN_POINT('',(-0.00799502495309887,-0.00505954637798445,0.003));
#7577=CARTESIAN_POINT('',(-0.00799502495309887,-0.00505954637798445,-2.60208521396521E-18));
#7578=CARTESIAN_POINT('',(-0.00804825334075385,-0.00508351886382246,0.003));
#7579=CARTESIAN_POINT('',(-0.00804825334075385,-0.00508351886382246,-4.33680868994202E-19));
#7580=CARTESIAN_POINT('',(-0.00815566659149617,-0.00512624847047353,0.003));
#7581=CARTESIAN_POINT('',(-0.00815566659149617,-0.00512624847047353,-1.30104260698261E-18));
#7582=CARTESIAN_POINT('',(-0.00831422424305605,-0.00517708027164603,0.003));
#7583=CARTESIAN_POINT('',(-0.00831422424305605,-0.00517708027164603,-8.67361737988404E-19));
#7584=CARTESIAN_POINT('',(-0.00853608262690383,-0.00522976609018297,0.003));
#7585=CARTESIAN_POINT('',(-0.00853608262690383,-0.00522976609018297,-8.67361737988404E-19));
#7586=CARTESIAN_POINT('',(-0.00878282088116386,-0.00527047132892295,0.003));
#7587=CARTESIAN_POINT('',(-0.00878282088116386,-0.00527047132892295,-4.33680868994202E-19));
#7588=CARTESIAN_POINT('',(-0.00913980821113362,-0.00530613416371489,0.003));
#7589=CARTESIAN_POINT('',(-0.00913980821113362,-0.00530613416371489,-1.73472347597681E-18));
#7590=CARTESIAN_POINT('',(-0.00943374163183045,-0.00531012918615979,0.003));
#7591=CARTESIAN_POINT('',(-0.00943374163183045,-0.00531012918615979,-1.30104260698261E-18));
#7592=CARTESIAN_POINT('',(-0.00963852798770195,-0.00530082807024395,0.003));
#7593=CARTESIAN_POINT('',(-0.00963852798770195,-0.00530082807024395,-8.67361737988404E-19));
#7594=CARTESIAN_POINT('',(-0.0077188901914912,-0.00489013718414538,0.003));
#7595=CARTESIAN_POINT('',(-0.00703606506746148,-0.00582996530888053,0.003));
#7596=CARTESIAN_POINT('',(-0.00703606506746148,-0.00582996530888053,-5.20417042793042E-18));
#7597=CARTESIAN_POINT('',(-0.00709096026969173,-0.00587542239164044,0.003));
#7598=CARTESIAN_POINT('',(-0.00709096026969173,-0.00587542239164044,-5.20417042793042E-18));
#7599=CARTESIAN_POINT('',(-0.00718790006979162,-0.0059557808588112,0.003));
#7600=CARTESIAN_POINT('',(-0.00718790006979162,-0.0059557808588112,-6.50521303491303E-18));
#7601=CARTESIAN_POINT('',(-0.0072473191012735,-0.00600519687584494,0.003));
#7602=CARTESIAN_POINT('',(-0.0072473191012735,-0.00600519687584494,-4.33680868994202E-18));
#7603=CARTESIAN_POINT('',(-0.00724970504012182,-0.0060084015544332,0.003));
#7604=CARTESIAN_POINT('',(-0.00724970504012182,-0.0060084015544332,-5.20417042793042E-18));
#7605=CARTESIAN_POINT('',(-0.00728251313323897,-0.00604023476496163,0.003));
#7606=CARTESIAN_POINT('',(-0.00728251313323897,-0.00604023476496163,-4.77048955893622E-18));
#7607=CARTESIAN_POINT('',(-0.00732176079847557,-0.00608345006437142,0.003));
#7608=CARTESIAN_POINT('',(-0.00732176079847557,-0.00608345006437142,-5.63785129692462E-18));
#7609=CARTESIAN_POINT('',(-0.00739559158922022,-0.0061724019618082,0.003));
#7610=CARTESIAN_POINT('',(-0.00739559158922022,-0.0061724019618082,-4.77048955893622E-18));
#7611=CARTESIAN_POINT('',(-0.00749293251388055,-0.0063074913591157,0.003));
#7612=CARTESIAN_POINT('',(-0.00749293251388055,-0.0063074913591157,-4.77048955893622E-18));
#7613=CARTESIAN_POINT('',(-0.00761159771586997,-0.00650221040747837,0.003));
#7614=CARTESIAN_POINT('',(-0.00761159771586997,-0.00650221040747837,-5.20417042793042E-18));
#7615=CARTESIAN_POINT('',(-0.00772655701214973,-0.00672429382148093,0.003));
#7616=CARTESIAN_POINT('',(-0.00772655701214973,-0.00672429382148093,-4.77048955893622E-18));
#7617=CARTESIAN_POINT('',(-0.00787078953530537,-0.00705278852586515,0.003));
#7618=CARTESIAN_POINT('',(-0.00787078953530537,-0.00705278852586515,-5.20417042793042E-18));
#7619=CARTESIAN_POINT('',(-0.00796541944964436,-0.00733110129114755,0.003));
#7620=CARTESIAN_POINT('',(-0.00796541944964436,-0.00733110129114755,-4.77048955893622E-18));
#7621=CARTESIAN_POINT('',(-0.00801985602692425,-0.00752873889223201,0.003));
#7622=CARTESIAN_POINT('',(-0.00801985602692425,-0.00752873889223201,-4.77048955893622E-18));
#7623=CARTESIAN_POINT('',(-0.00703606508144355,-0.00582996532045866,0.));
#7624=CARTESIAN_POINT('',(8.44587485072538E-17,5.78784889276121E-17,0.003));
#7625=CARTESIAN_POINT('',(-0.00697304916972849,-0.00528574358785486,0.003));
#7626=CARTESIAN_POINT('',(-0.00718183157875292,-0.00499837925476123,0.003));
#7627=CARTESIAN_POINT('',(-0.00750686102735656,-0.0052245918072657,0.0015));
#7628=CARTESIAN_POINT('',(-0.00728862971514646,-0.00552496143987235,0.0015));
#7629=CARTESIAN_POINT('',(-0.00885223629232487,-0.00226552858316755,0.003));
#7630=CARTESIAN_POINT('',(-0.00885223629232487,-0.00226552858316755,-8.67361737988404E-19));
#7631=CARTESIAN_POINT('',(-0.0089212784350849,-0.00228322073182295,0.003));
#7632=CARTESIAN_POINT('',(-0.0089212784350849,-0.00228322073182295,-4.33680868994202E-19));
#7633=CARTESIAN_POINT('',(-0.00904326958552685,-0.00231441315563527,0.003));
#7634=CARTESIAN_POINT('',(-0.00904326958552685,-0.00231441315563527,-1.73472347597681E-18));
#7635=CARTESIAN_POINT('',(-0.00911817361351201,-0.00233343815585395,0.003));
#7636=CARTESIAN_POINT('',(-0.00911817361351201,-0.00233343815585395,8.67361737988404E-19));
#7637=CARTESIAN_POINT('',(-0.00912216867261932,-0.00233348475811725,0.003));
#7638=CARTESIAN_POINT('',(-0.00912216867261932,-0.00233348475811725,-2.16840434497101E-18));
#7639=CARTESIAN_POINT('',(-0.00916720639421244,-0.00234131597132033,0.003));
#7640=CARTESIAN_POINT('',(-0.00916720639421244,-0.00234131597132033,0.));
#7641=CARTESIAN_POINT('',(-0.00922523750466495,-0.0023476666838198,0.003));
#7642=CARTESIAN_POINT('',(-0.00922523750466495,-0.0023476666838198,-1.73472347597681E-18));
#7643=CARTESIAN_POINT('',(-0.00934059775133801,-0.0023551124347636,0.003));
#7644=CARTESIAN_POINT('',(-0.00934059775133801,-0.0023551124347636,-4.33680868994202E-19));
#7645=CARTESIAN_POINT('',(-0.00950710292947948,-0.00235445934158353,0.003));
#7646=CARTESIAN_POINT('',(-0.00950710292947948,-0.00235445934158353,-1.73472347597681E-18));
#7647=CARTESIAN_POINT('',(-0.00973438360442311,-0.00233600852166592,0.003));
#7648=CARTESIAN_POINT('',(-0.00973438360442311,-0.00233600852166592,0.));
#7649=CARTESIAN_POINT('',(-0.00998162423948712,-0.00229847519048816,0.003));
#7650=CARTESIAN_POINT('',(-0.00998162423948712,-0.00229847519048816,-1.30104260698261E-18));
#7651=CARTESIAN_POINT('',(-0.010332159787908,-0.00222207741016942,0.003));
#7652=CARTESIAN_POINT('',(-0.010332159787908,-0.00222207741016942,-8.67361737988404E-19));
#7653=CARTESIAN_POINT('',(-0.010612941612847,-0.00213504648008823,0.003));
#7654=CARTESIAN_POINT('',(-0.010612941612847,-0.00213504648008823,-4.33680868994202E-19));
#7655=CARTESIAN_POINT('',(-0.0108048308081623,-0.00206291812900731,0.003));
#7656=CARTESIAN_POINT('',(-0.0108048308081623,-0.00206291812900731,-8.67361737988404E-19));
#7657=CARTESIAN_POINT('',(-0.00885223630991023,-0.00226552858767382,0.003));
#7658=CARTESIAN_POINT('',(-0.00849325388854642,-0.00337036281741201,0.003));
#7659=CARTESIAN_POINT('',(-0.00849325388854642,-0.00337036281741201,-5.20417042793042E-18));
#7660=CARTESIAN_POINT('',(-0.00855950933942836,-0.0033966315217838,0.003));
#7661=CARTESIAN_POINT('',(-0.00855950933942836,-0.0033966315217838,-5.63785129692462E-18));
#7662=CARTESIAN_POINT('',(-0.0086765366999994,-0.00344310091996386,0.003));
#7663=CARTESIAN_POINT('',(-0.0086765366999994,-0.00344310091996386,-5.63785129692462E-18));
#7664=CARTESIAN_POINT('',(-0.00874831794613993,-0.00347173685445594,0.003));
#7665=CARTESIAN_POINT('',(-0.00874831794613993,-0.00347173685445594,-4.77048955893622E-18));
#7666=CARTESIAN_POINT('',(-0.00875157740897438,-0.00347404738925827,0.003));
#7667=CARTESIAN_POINT('',(-0.00875157740897438,-0.00347404738925827,-4.77048955893622E-18));
#7668=CARTESIAN_POINT('',(-0.00879261676275947,-0.0034941843132397,0.003));
#7669=CARTESIAN_POINT('',(-0.00879261676275947,-0.0034941843132397,-4.77048955893622E-18));
#7670=CARTESIAN_POINT('',(-0.00884329777246673,-0.00352315630979938,0.003));
#7671=CARTESIAN_POINT('',(-0.00884329777246673,-0.00352315630979938,-4.77048955893622E-18));
#7672=CARTESIAN_POINT('',(-0.00894100267509754,-0.0035849396224452,0.003));
#7673=CARTESIAN_POINT('',(-0.00894100267509754,-0.0035849396224452,-5.63785129692462E-18));
#7674=CARTESIAN_POINT('',(-0.0090753243153258,-0.00368333727406868,0.003));
#7675=CARTESIAN_POINT('',(-0.0090753243153258,-0.00368333727406868,-5.20417042793042E-18));
#7676=CARTESIAN_POINT('',(-0.00924835312400791,-0.00383185652980512,0.003));
#7677=CARTESIAN_POINT('',(-0.00924835312400791,-0.00383185652980512,-4.77048955893622E-18));
#7678=CARTESIAN_POINT('',(-0.00942631346093908,-0.00400754603164149,0.003));
#7679=CARTESIAN_POINT('',(-0.00942631346093908,-0.00400754603164149,-6.93889390390723E-18));
#7680=CARTESIAN_POINT('',(-0.00966499718816483,-0.0042753927600179,0.003));
#7681=CARTESIAN_POINT('',(-0.00966499718816483,-0.0042753927600179,-5.20417042793042E-18));
#7682=CARTESIAN_POINT('',(-0.00984099895905722,-0.00451084167730078,0.003));
#7683=CARTESIAN_POINT('',(-0.00984099895905722,-0.00451084167730078,-5.63785129692462E-18));
#7684=CARTESIAN_POINT('',(-0.00995384459806657,-0.00468198437818207,0.003));
#7685=CARTESIAN_POINT('',(-0.00995384459806657,-0.00468198437818207,-5.20417042793042E-18));
#7686=CARTESIAN_POINT('',(-0.008493253905422,-0.00337036282410277,0.));
#7687=CARTESIAN_POINT('',(9.82104798133317E-17,2.89465254355412E-17,0.003));
#7688=CARTESIAN_POINT('',(-0.00826514844787235,-0.00287225018663647,0.003));
#7689=CARTESIAN_POINT('',(-0.00837491185595968,-0.00253443315258187,0.003));
#7690=CARTESIAN_POINT('',(-0.00875393675410681,-0.00264913445141817,0.0015));
#7691=CARTESIAN_POINT('',(-0.00863920576363937,-0.00300224013198356,0.0015));
#7692=CARTESIAN_POINT('',(-0.00911906384304099,0.000580845730676636,0.003));
#7693=CARTESIAN_POINT('',(-0.00911906384304099,0.000580845730676636,8.67361737988404E-19));
#7694=CARTESIAN_POINT('',(-0.00919019399741342,0.000585354692851567,0.003));
#7695=CARTESIAN_POINT('',(-0.00919019399741342,0.000585354692851567,4.33680868994202E-19));
#7696=CARTESIAN_POINT('',(-0.00931585346502533,0.000593386273575732,0.003));
#7697=CARTESIAN_POINT('',(-0.00931585346502533,0.000593386273575732,1.30104260698261E-18));
#7698=CARTESIAN_POINT('',(-0.00939297047732292,0.000598439040739789,0.003));
#7699=CARTESIAN_POINT('',(-0.00939297047732292,0.000598439040739789,8.67361737988404E-19));
#7700=CARTESIAN_POINT('',(-0.00939678440521127,0.000599629260511293,0.003));
#7701=CARTESIAN_POINT('',(-0.00939678440521127,0.000599629260511293,1.30104260698261E-18));
#7702=CARTESIAN_POINT('',(-0.00944203780177781,0.000606098755524209,0.003));
#7703=CARTESIAN_POINT('',(-0.00944203780177781,0.000606098755524209,1.30104260698261E-18));
#7704=CARTESIAN_POINT('',(-0.00949919114561023,0.000617991468350752,0.003));
#7705=CARTESIAN_POINT('',(-0.00949919114561023,0.000617991468350752,0.));
#7706=CARTESIAN_POINT('',(-0.00961120612350759,0.000646558415094199,0.003));
#7707=CARTESIAN_POINT('',(-0.00961120612350759,0.000646558415094199,1.73472347597681E-18));
#7708=CARTESIAN_POINT('',(-0.00976936014128438,0.000698632473315994,0.003));
#7709=CARTESIAN_POINT('',(-0.00976936014128438,0.000698632473315994,8.67361737988404E-19));
#7710=CARTESIAN_POINT('',(-0.00997981529130276,0.000786413836880217,0.003));
#7711=CARTESIAN_POINT('',(-0.00997981529130276,0.000786413836880217,1.30104260698261E-18));
#7712=CARTESIAN_POINT('',(-0.0102033566711839,0.000898511714009927,0.003));
#7713=CARTESIAN_POINT('',(-0.0102033566711839,0.000898511714009927,4.33680868994202E-19));
#7714=CARTESIAN_POINT('',(-0.0105131275762516,0.00107949176240712,0.003));
#7715=CARTESIAN_POINT('',(-0.0105131275762516,0.00107949176240712,1.73472347597681E-18));
#7716=CARTESIAN_POINT('',(-0.0107532729240861,0.00124902945119791,0.003));
#7717=CARTESIAN_POINT('',(-0.0107532729240861,0.00124902945119791,4.33680868994202E-19));
#7718=CARTESIAN_POINT('',(-0.0109134815074368,0.00137692461189233,0.003));
#7719=CARTESIAN_POINT('',(-0.0109134815074368,0.00137692461189233,8.67361737988404E-19));
#7720=CARTESIAN_POINT('',(-0.00911906386115817,0.000580845731825089,0.003));
#7721=CARTESIAN_POINT('',(-0.00911906384304097,-0.000580845730676632,0.003));
#7722=CARTESIAN_POINT('',(-0.00911906384304097,-0.000580845730676632,-4.33680868994202E-19));
#7723=CARTESIAN_POINT('',(-0.0091901939974134,-0.000585354692851564,0.003));
#7724=CARTESIAN_POINT('',(-0.0091901939974134,-0.000585354692851564,-4.33680868994202E-19));
#7725=CARTESIAN_POINT('',(-0.00931585346502532,-0.000593386273575729,0.003));
#7726=CARTESIAN_POINT('',(-0.00931585346502532,-0.000593386273575729,0.));
#7727=CARTESIAN_POINT('',(-0.00939297047732291,-0.000598439040739787,0.003));
#7728=CARTESIAN_POINT('',(-0.00939297047732291,-0.000598439040739787,-8.67361737988404E-19));
#7729=CARTESIAN_POINT('',(-0.00939678440521127,-0.00059962926051129,0.003));
#7730=CARTESIAN_POINT('',(-0.00939678440521127,-0.00059962926051129,-1.30104260698261E-18));
#7731=CARTESIAN_POINT('',(-0.00944203780177781,-0.000606098755524206,0.003));
#7732=CARTESIAN_POINT('',(-0.00944203780177781,-0.000606098755524206,0.));
#7733=CARTESIAN_POINT('',(-0.00949919114561023,-0.000617991468350748,0.003));
#7734=CARTESIAN_POINT('',(-0.00949919114561023,-0.000617991468350748,-1.30104260698261E-18));
#7735=CARTESIAN_POINT('',(-0.00961120612350758,-0.000646558415094196,0.003));
#7736=CARTESIAN_POINT('',(-0.00961120612350758,-0.000646558415094196,-1.30104260698261E-18));
#7737=CARTESIAN_POINT('',(-0.00976936014128437,-0.00069863247331599,0.003));
#7738=CARTESIAN_POINT('',(-0.00976936014128437,-0.00069863247331599,-8.67361737988404E-19));
#7739=CARTESIAN_POINT('',(-0.00997981529130276,-0.000786413836880212,0.003));
#7740=CARTESIAN_POINT('',(-0.00997981529130276,-0.000786413836880212,-1.73472347597681E-18));
#7741=CARTESIAN_POINT('',(-0.0102033566711839,-0.000898511714009924,0.003));
#7742=CARTESIAN_POINT('',(-0.0102033566711839,-0.000898511714009924,0.));
#7743=CARTESIAN_POINT('',(-0.0105131275762516,-0.00107949176240712,0.003));
#7744=CARTESIAN_POINT('',(-0.0105131275762516,-0.00107949176240712,-8.67361737988404E-19));
#7745=CARTESIAN_POINT('',(-0.0107532729240861,-0.00124902945119788,0.003));
#7746=CARTESIAN_POINT('',(-0.0107532729240861,-0.00124902945119788,-8.67361737988404E-19));
#7747=CARTESIAN_POINT('',(-0.0109134815074368,-0.00137692461189233,0.003));
#7748=CARTESIAN_POINT('',(-0.0109134815074368,-0.00137692461189233,-8.67361737988404E-19));
#7749=CARTESIAN_POINT('',(-0.00911906386115815,-0.000580845731825086,0.));
#7750=CARTESIAN_POINT('',(1.02348685082632E-16,-2.81892564846233E-18,0.003));
#7751=CARTESIAN_POINT('',(-0.00874819740926306,-0.000177600925006312,0.003));
#7752=CARTESIAN_POINT('',(-0.00874819740926306,0.000177600925006314,0.003));
#7753=CARTESIAN_POINT('',(-0.00914411615910129,0.000185638642139236,0.0015));
#7754=CARTESIAN_POINT('',(-0.00914411615910127,-0.000185638642139233,0.0015));
#7755=CARTESIAN_POINT('',(-0.00849325388854644,0.00337036281741201,0.003));
#7756=CARTESIAN_POINT('',(-0.00849325388854644,0.00337036281741201,4.33680868994202E-18));
#7757=CARTESIAN_POINT('',(-0.00855950933942837,0.00339663152178381,0.003));
#7758=CARTESIAN_POINT('',(-0.00855950933942837,0.00339663152178381,3.90312782094782E-18));
#7759=CARTESIAN_POINT('',(-0.0086765366999994,0.00344310091996387,0.003));
#7760=CARTESIAN_POINT('',(-0.0086765366999994,0.00344310091996387,5.20417042793042E-18));
#7761=CARTESIAN_POINT('',(-0.00874831794613993,0.00347173685445594,0.003));
#7762=CARTESIAN_POINT('',(-0.00874831794613993,0.00347173685445594,4.33680868994202E-18));
#7763=CARTESIAN_POINT('',(-0.00875157740897438,0.00347404738925827,0.003));
#7764=CARTESIAN_POINT('',(-0.00875157740897438,0.00347404738925827,3.90312782094782E-18));
#7765=CARTESIAN_POINT('',(-0.00879261676275946,0.0034941843132397,0.003));
#7766=CARTESIAN_POINT('',(-0.00879261676275946,0.0034941843132397,5.20417042793042E-18));
#7767=CARTESIAN_POINT('',(-0.00884329777246674,0.00352315630979938,0.003));
#7768=CARTESIAN_POINT('',(-0.00884329777246674,0.00352315630979938,4.33680868994202E-18));
#7769=CARTESIAN_POINT('',(-0.00894100267509753,0.00358493962244521,0.003));
#7770=CARTESIAN_POINT('',(-0.00894100267509753,0.00358493962244521,4.33680868994202E-18));
#7771=CARTESIAN_POINT('',(-0.0090753243153258,0.00368333727406868,0.003));
#7772=CARTESIAN_POINT('',(-0.0090753243153258,0.00368333727406868,4.33680868994202E-18));
#7773=CARTESIAN_POINT('',(-0.00924835312400791,0.00383185652980512,0.003));
#7774=CARTESIAN_POINT('',(-0.00924835312400791,0.00383185652980512,4.33680868994202E-18));
#7775=CARTESIAN_POINT('',(-0.00942631346093908,0.0040075460316415,0.003));
#7776=CARTESIAN_POINT('',(-0.00942631346093908,0.0040075460316415,4.33680868994202E-18));
#7777=CARTESIAN_POINT('',(-0.00966499718816485,0.00427539276001788,0.003));
#7778=CARTESIAN_POINT('',(-0.00966499718816485,0.00427539276001788,4.77048955893622E-18));
#7779=CARTESIAN_POINT('',(-0.00984099895905709,0.00451084167730091,0.003));
#7780=CARTESIAN_POINT('',(-0.00984099895905709,0.00451084167730091,3.90312782094782E-18));
#7781=CARTESIAN_POINT('',(-0.00995384459806657,0.00468198437818207,0.003));
#7782=CARTESIAN_POINT('',(-0.00995384459806657,0.00468198437818207,4.33680868994202E-18));
#7783=CARTESIAN_POINT('',(-0.00849325390542201,0.00337036282410278,0.003));
#7784=CARTESIAN_POINT('',(-0.00885223629232485,0.00226552858316755,0.003));
#7785=CARTESIAN_POINT('',(-0.00885223629232485,0.00226552858316755,4.33680868994202E-19));
#7786=CARTESIAN_POINT('',(-0.00892127843508489,0.00228322073182295,0.003));
#7787=CARTESIAN_POINT('',(-0.00892127843508489,0.00228322073182295,4.33680868994202E-19));
#7788=CARTESIAN_POINT('',(-0.00904326958552684,0.00231441315563527,0.003));
#7789=CARTESIAN_POINT('',(-0.00904326958552684,0.00231441315563527,4.33680868994202E-19));
#7790=CARTESIAN_POINT('',(-0.00911817361351201,0.00233343815585395,0.003));
#7791=CARTESIAN_POINT('',(-0.00911817361351201,0.00233343815585395,0.));
#7792=CARTESIAN_POINT('',(-0.00912216867261932,0.00233348475811725,0.003));
#7793=CARTESIAN_POINT('',(-0.00912216867261932,0.00233348475811725,4.33680868994202E-19));
#7794=CARTESIAN_POINT('',(-0.00916720639421244,0.00234131597132034,0.003));
#7795=CARTESIAN_POINT('',(-0.00916720639421244,0.00234131597132034,4.33680868994202E-19));
#7796=CARTESIAN_POINT('',(-0.00922523750466495,0.0023476666838198,0.003));
#7797=CARTESIAN_POINT('',(-0.00922523750466495,0.0023476666838198,0.));
#7798=CARTESIAN_POINT('',(-0.00934059775133801,0.00235511243476361,0.003));
#7799=CARTESIAN_POINT('',(-0.00934059775133801,0.00235511243476361,4.33680868994202E-19));
#7800=CARTESIAN_POINT('',(-0.00950710292947948,0.00235445934158353,0.003));
#7801=CARTESIAN_POINT('',(-0.00950710292947948,0.00235445934158353,0.));
#7802=CARTESIAN_POINT('',(-0.00973438360442311,0.00233600852166592,0.003));
#7803=CARTESIAN_POINT('',(-0.00973438360442311,0.00233600852166592,4.33680868994202E-19));
#7804=CARTESIAN_POINT('',(-0.00998162423948712,0.00229847519048816,0.003));
#7805=CARTESIAN_POINT('',(-0.00998162423948712,0.00229847519048816,-4.33680868994202E-19));
#7806=CARTESIAN_POINT('',(-0.010332159787908,0.00222207741016944,0.003));
#7807=CARTESIAN_POINT('',(-0.010332159787908,0.00222207741016944,4.33680868994202E-19));
#7808=CARTESIAN_POINT('',(-0.010612941612847,0.00213504648008818,0.003));
#7809=CARTESIAN_POINT('',(-0.010612941612847,0.00213504648008818,-4.33680868994202E-19));
#7810=CARTESIAN_POINT('',(-0.0108048308081623,0.00206291812900731,0.003));
#7811=CARTESIAN_POINT('',(-0.0108048308081623,0.00206291812900731,0.));
#7812=CARTESIAN_POINT('',(-0.00885223630991021,0.00226552858767382,0.));
#7813=CARTESIAN_POINT('',(9.64682879508231E-17,-3.43084406493845E-17,0.003));
#7814=CARTESIAN_POINT('',(-0.00837491185595968,0.00253443315258187,0.003));
#7815=CARTESIAN_POINT('',(-0.00826514844787235,0.00287225018663647,0.003));
#7816=CARTESIAN_POINT('',(-0.00863920576363938,0.00300224013198358,0.0015));
#7817=CARTESIAN_POINT('',(-0.00875393675410679,0.00264913445141817,0.0015));
#7818=CARTESIAN_POINT('',(0.,6.2456986756515E-19,0.0128));
#7819=CARTESIAN_POINT('',(0.,6.2456986756515E-19,0.0178));
#7820=CARTESIAN_POINT('',(0.0056,6.2456986756515E-19,0.0178));
#7821=CARTESIAN_POINT('',(0.,6.2456986756515E-19,0.0208));
#7822=CARTESIAN_POINT('',(0.0056,6.2456986756515E-19,0.0208));
#7823=CARTESIAN_POINT('',(0.,0.,0.0208));
#7824=CARTESIAN_POINT('',(0.,9.79717439317882E-19,0.0118));
#7825=CARTESIAN_POINT('',(0.,9.79717439317882E-19,0.0118));
#7826=CARTESIAN_POINT('',(0.0058,9.79717439317882E-19,0.0118));
#7827=CARTESIAN_POINT('',(0.,9.79717439317882E-19,0.0128));
#7828=CARTESIAN_POINT('',(0.0058,9.79717439317882E-19,0.0128));
#7829=CARTESIAN_POINT('',(0.,0.,0.0118));
#7830=CARTESIAN_POINT('',(0.,0.,0.0128));
#7831=CARTESIAN_POINT('',(0.,4.3474961369731E-19,0.0172));
#7832=CARTESIAN_POINT('',(0.,4.3474961369731E-19,0.0172));
#7833=CARTESIAN_POINT('',(0.0071,4.3474961369731E-19,0.0172));
#7834=CARTESIAN_POINT('',(0.,4.3474961369731E-19,0.0178));
#7835=CARTESIAN_POINT('',(0.0071,4.3474961369731E-19,0.0178));
#7836=CARTESIAN_POINT('',(0.,0.,0.0172));
#7837=CARTESIAN_POINT('',(0.,0.,0.0178));
#7838=MECHANICAL_DESIGN_GEOMETRIC_PRESENTATION_REPRESENTATION('',(#2431),#7839);
#7839=(
GEOMETRIC_REPRESENTATION_CONTEXT(3)
GLOBAL_UNCERTAINTY_ASSIGNED_CONTEXT((#7840))
GLOBAL_UNIT_ASSIGNED_CONTEXT((#7843,#7842,#7841))
REPRESENTATION_CONTEXT('Shaft','TOP_LEVEL_ASSEMBLY_PART')
);
#7840=UNCERTAINTY_MEASURE_WITH_UNIT(LENGTH_MEASURE(2.E-05),#7843,'DISTANCE_ACCURACY_VALUE','Maximum Tolerance applied to model');
#7841=(
NAMED_UNIT(*)
SI_UNIT($,.STERADIAN.)
SOLID_ANGLE_UNIT()
);
#7842=(
NAMED_UNIT(*)
PLANE_ANGLE_UNIT()
SI_UNIT($,.RADIAN.)
);
#7843=(
LENGTH_UNIT()
NAMED_UNIT(*)
SI_UNIT($,.METRE.)
);
#7844=PRODUCT_DEFINITION_SHAPE('','',#7845);
#7845=PRODUCT_DEFINITION('','',#7847,#7846);
#7846=PRODUCT_DEFINITION_CONTEXT('',#7853,'design');
#7847=PRODUCT_DEFINITION_FORMATION_WITH_SPECIFIED_SOURCE('','',#7849,.NOT_KNOWN.);
#7848=PRODUCT_RELATED_PRODUCT_CATEGORY('','',(#7849));
#7849=PRODUCT('Shaft','Shaft','Shaft',(#7851));
#7850=PRODUCT_CATEGORY('','');
#7851=PRODUCT_CONTEXT('',#7853,'mechanical');
#7852=APPLICATION_PROTOCOL_DEFINITION('international standard','ap242_managed_model_based_3d_engineering',2020,#7853);
#7853=APPLICATION_CONTEXT('managed model based 3d engineering');
ENDSEC;
END-ISO-10303-21;
