ISO-10303-21;
HEADER;
/*Generated by software containing ST-Developer
 * from STEP Tools, Inc. (www.steptools.com) 
 */
/*OPTION: using custom renumber hook */
/*description */
/*implementation_level */
FILE_DESCRIPTION(('STEP AP242 Edition 2','STEP AP242 Edition 2''CAx-IF Rec.Pracs.---Representation and Presentation of Product Manufa
cturing Information (PMI)---4.0---2014-10-13','STEP AP242 Edition 2''CAx-IF Rec.Pracs.---Representation and Presentation of Product Manufa
cturing Information (PMI)---4.0---2014-10-13''CAx-IF Rec.Pracs.---3D Tessellated Geometry---0.4---2014-09-14','STEP AP242 Edition 2''CAx-IF Rec.Pracs.---Representation and Presentation of Product Manufa
cturing Information (PMI)---4.0---2014-10-13''CAx-IF Rec.Pracs.---3D Tessellated Geometry---0.4---2014-09-14''2;1','STEP AP242 Edition 2''CAx-IF Rec.Pracs.---Representation and Presentation of Product Manufa
cturing Information (PMI)---4.0---2014-10-13''CAx-IF Rec.Pracs.---3D Tessellated Geometry---0.4---2014-09-14''2;1''CAx-IF Rec.Pracs.---User Defined Attributes---1.5---2016-08-15'),'2;1');
/*name */
/*time_stamp */
/*author */
/*organization */
/*preprocessor_version */
/*originating_system */
/*authorisation */
FILE_NAME('/vol/tmp/translate-2428742123567731669/Standoff - Standoff.step','2026-03-24T04:36:54',(''),(''),'ST-DEVELOPER v20','ONSHAPE BY PTC INC, 1.212','  ');
FILE_SCHEMA(('AP242_MANAGED_MODEL_BASED_3D_ENGINEERING_MIM_LF { 1 0 10303 442 3 1 4 }'));
ENDSEC;
DATA;
#10=SHAPE_REPRESENTATION_RELATIONSHIP('','',#245,#11);
#11=ADVANCED_BREP_SHAPE_REPRESENTATION('',(#243),#403);
#12=CONICAL_SURFACE('',#263,0.0025,0.785398163397448);
#13=CONICAL_SURFACE('',#270,0.0025,0.785398163397448);
#14=CYLINDRICAL_SURFACE('',#257,0.0025);
#15=CYLINDRICAL_SURFACE('',#261,0.002);
#16=CYLINDRICAL_SURFACE('',#264,0.0025);
#17=CYLINDRICAL_SURFACE('',#268,0.002);
#18=CIRCLE('',#254,0.0025);
#19=CIRCLE('',#256,0.0025);
#20=CIRCLE('',#258,0.0025);
#21=CIRCLE('',#260,0.002);
#22=CIRCLE('',#262,0.002);
#23=CIRCLE('',#265,0.0025);
#24=CIRCLE('',#267,0.002);
#25=CIRCLE('',#269,0.002);
#26=ORIENTED_EDGE('',*,*,#78,.T.);
#27=ORIENTED_EDGE('',*,*,#79,.F.);
#28=ORIENTED_EDGE('',*,*,#80,.F.);
#29=ORIENTED_EDGE('',*,*,#81,.T.);
#30=ORIENTED_EDGE('',*,*,#82,.T.);
#31=ORIENTED_EDGE('',*,*,#83,.F.);
#32=ORIENTED_EDGE('',*,*,#84,.F.);
#33=ORIENTED_EDGE('',*,*,#79,.T.);
#34=ORIENTED_EDGE('',*,*,#85,.T.);
#35=ORIENTED_EDGE('',*,*,#86,.F.);
#36=ORIENTED_EDGE('',*,*,#87,.F.);
#37=ORIENTED_EDGE('',*,*,#83,.T.);
#38=ORIENTED_EDGE('',*,*,#88,.T.);
#39=ORIENTED_EDGE('',*,*,#89,.F.);
#40=ORIENTED_EDGE('',*,*,#90,.F.);
#41=ORIENTED_EDGE('',*,*,#86,.T.);
#42=ORIENTED_EDGE('',*,*,#91,.T.);
#43=ORIENTED_EDGE('',*,*,#92,.F.);
#44=ORIENTED_EDGE('',*,*,#93,.F.);
#45=ORIENTED_EDGE('',*,*,#89,.T.);
#46=ORIENTED_EDGE('',*,*,#94,.T.);
#47=ORIENTED_EDGE('',*,*,#81,.F.);
#48=ORIENTED_EDGE('',*,*,#95,.F.);
#49=ORIENTED_EDGE('',*,*,#92,.T.);
#50=ORIENTED_EDGE('',*,*,#96,.F.);
#51=ORIENTED_EDGE('',*,*,#80,.T.);
#52=ORIENTED_EDGE('',*,*,#84,.T.);
#53=ORIENTED_EDGE('',*,*,#87,.T.);
#54=ORIENTED_EDGE('',*,*,#90,.T.);
#55=ORIENTED_EDGE('',*,*,#93,.T.);
#56=ORIENTED_EDGE('',*,*,#95,.T.);
#57=ORIENTED_EDGE('',*,*,#97,.T.);
#58=ORIENTED_EDGE('',*,*,#78,.F.);
#59=ORIENTED_EDGE('',*,*,#94,.F.);
#60=ORIENTED_EDGE('',*,*,#91,.F.);
#61=ORIENTED_EDGE('',*,*,#88,.F.);
#62=ORIENTED_EDGE('',*,*,#85,.F.);
#63=ORIENTED_EDGE('',*,*,#82,.F.);
#64=ORIENTED_EDGE('',*,*,#98,.T.);
#65=ORIENTED_EDGE('',*,*,#96,.T.);
#66=ORIENTED_EDGE('',*,*,#99,.F.);
#67=ORIENTED_EDGE('',*,*,#99,.T.);
#68=ORIENTED_EDGE('',*,*,#100,.F.);
#69=ORIENTED_EDGE('',*,*,#100,.T.);
#70=ORIENTED_EDGE('',*,*,#98,.F.);
#71=ORIENTED_EDGE('',*,*,#101,.T.);
#72=ORIENTED_EDGE('',*,*,#97,.F.);
#73=ORIENTED_EDGE('',*,*,#102,.F.);
#74=ORIENTED_EDGE('',*,*,#102,.T.);
#75=ORIENTED_EDGE('',*,*,#103,.F.);
#76=ORIENTED_EDGE('',*,*,#103,.T.);
#77=ORIENTED_EDGE('',*,*,#101,.F.);
#78=EDGE_CURVE('',#104,#105,#124,.T.);
#79=EDGE_CURVE('',#106,#105,#125,.T.);
#80=EDGE_CURVE('',#107,#106,#126,.T.);
#81=EDGE_CURVE('',#107,#104,#127,.T.);
#82=EDGE_CURVE('',#105,#108,#128,.T.);
#83=EDGE_CURVE('',#109,#108,#129,.T.);
#84=EDGE_CURVE('',#106,#109,#130,.T.);
#85=EDGE_CURVE('',#108,#110,#131,.T.);
#86=EDGE_CURVE('',#111,#110,#132,.T.);
#87=EDGE_CURVE('',#109,#111,#133,.T.);
#88=EDGE_CURVE('',#110,#112,#134,.T.);
#89=EDGE_CURVE('',#113,#112,#135,.T.);
#90=EDGE_CURVE('',#111,#113,#136,.T.);
#91=EDGE_CURVE('',#112,#114,#137,.T.);
#92=EDGE_CURVE('',#115,#114,#138,.T.);
#93=EDGE_CURVE('',#113,#115,#139,.T.);
#94=EDGE_CURVE('',#114,#104,#140,.T.);
#95=EDGE_CURVE('',#115,#107,#141,.T.);
#96=EDGE_CURVE('',#116,#116,#18,.T.);
#97=EDGE_CURVE('',#117,#117,#19,.T.);
#98=EDGE_CURVE('',#118,#118,#20,.T.);
#99=EDGE_CURVE('',#119,#119,#21,.T.);
#100=EDGE_CURVE('',#120,#120,#22,.T.);
#101=EDGE_CURVE('',#121,#121,#23,.T.);
#102=EDGE_CURVE('',#122,#122,#24,.T.);
#103=EDGE_CURVE('',#123,#123,#25,.T.);
#104=VERTEX_POINT('',#342);
#105=VERTEX_POINT('',#343);
#106=VERTEX_POINT('',#345);
#107=VERTEX_POINT('',#347);
#108=VERTEX_POINT('',#351);
#109=VERTEX_POINT('',#353);
#110=VERTEX_POINT('',#357);
#111=VERTEX_POINT('',#359);
#112=VERTEX_POINT('',#363);
#113=VERTEX_POINT('',#365);
#114=VERTEX_POINT('',#369);
#115=VERTEX_POINT('',#371);
#116=VERTEX_POINT('',#378);
#117=VERTEX_POINT('',#381);
#118=VERTEX_POINT('',#384);
#119=VERTEX_POINT('',#387);
#120=VERTEX_POINT('',#390);
#121=VERTEX_POINT('',#394);
#122=VERTEX_POINT('',#397);
#123=VERTEX_POINT('',#400);
#124=LINE('',#341,#142);
#125=LINE('',#344,#143);
#126=LINE('',#346,#144);
#127=LINE('',#348,#145);
#128=LINE('',#350,#146);
#129=LINE('',#352,#147);
#130=LINE('',#354,#148);
#131=LINE('',#356,#149);
#132=LINE('',#358,#150);
#133=LINE('',#360,#151);
#134=LINE('',#362,#152);
#135=LINE('',#364,#153);
#136=LINE('',#366,#154);
#137=LINE('',#368,#155);
#138=LINE('',#370,#156);
#139=LINE('',#372,#157);
#140=LINE('',#374,#158);
#141=LINE('',#375,#159);
#142=VECTOR('',#275,1.);
#143=VECTOR('',#276,1.);
#144=VECTOR('',#277,1.);
#145=VECTOR('',#278,1.);
#146=VECTOR('',#281,1.);
#147=VECTOR('',#282,1.);
#148=VECTOR('',#283,1.);
#149=VECTOR('',#286,1.);
#150=VECTOR('',#287,1.);
#151=VECTOR('',#288,1.);
#152=VECTOR('',#291,1.);
#153=VECTOR('',#292,1.);
#154=VECTOR('',#293,1.);
#155=VECTOR('',#296,1.);
#156=VECTOR('',#297,1.);
#157=VECTOR('',#298,1.);
#158=VECTOR('',#301,1.);
#159=VECTOR('',#302,1.);
#160=EDGE_LOOP('',(#26,#27,#28,#29));
#161=EDGE_LOOP('',(#30,#31,#32,#33));
#162=EDGE_LOOP('',(#34,#35,#36,#37));
#163=EDGE_LOOP('',(#38,#39,#40,#41));
#164=EDGE_LOOP('',(#42,#43,#44,#45));
#165=EDGE_LOOP('',(#46,#47,#48,#49));
#166=EDGE_LOOP('',(#50));
#167=EDGE_LOOP('',(#51,#52,#53,#54,#55,#56));
#168=EDGE_LOOP('',(#57));
#169=EDGE_LOOP('',(#58,#59,#60,#61,#62,#63));
#170=EDGE_LOOP('',(#64));
#171=EDGE_LOOP('',(#65));
#172=EDGE_LOOP('',(#66));
#173=EDGE_LOOP('',(#67));
#174=EDGE_LOOP('',(#68));
#175=EDGE_LOOP('',(#69));
#176=EDGE_LOOP('',(#70));
#177=EDGE_LOOP('',(#71));
#178=EDGE_LOOP('',(#72));
#179=EDGE_LOOP('',(#73));
#180=EDGE_LOOP('',(#74));
#181=EDGE_LOOP('',(#75));
#182=EDGE_LOOP('',(#76));
#183=EDGE_LOOP('',(#77));
#184=FACE_BOUND('',#160,.T.);
#185=FACE_BOUND('',#161,.T.);
#186=FACE_BOUND('',#162,.T.);
#187=FACE_BOUND('',#163,.T.);
#188=FACE_BOUND('',#164,.T.);
#189=FACE_BOUND('',#165,.T.);
#190=FACE_BOUND('',#166,.T.);
#191=FACE_BOUND('',#167,.T.);
#192=FACE_BOUND('',#168,.T.);
#193=FACE_BOUND('',#169,.T.);
#194=FACE_BOUND('',#170,.T.);
#195=FACE_BOUND('',#171,.T.);
#196=FACE_BOUND('',#172,.T.);
#197=FACE_BOUND('',#173,.T.);
#198=FACE_BOUND('',#174,.T.);
#199=FACE_BOUND('',#175,.T.);
#200=FACE_BOUND('',#176,.T.);
#201=FACE_BOUND('',#177,.T.);
#202=FACE_BOUND('',#178,.T.);
#203=FACE_BOUND('',#179,.T.);
#204=FACE_BOUND('',#180,.T.);
#205=FACE_BOUND('',#181,.T.);
#206=FACE_BOUND('',#182,.T.);
#207=FACE_BOUND('',#183,.T.);
#208=PLANE('',#247);
#209=PLANE('',#248);
#210=PLANE('',#249);
#211=PLANE('',#250);
#212=PLANE('',#251);
#213=PLANE('',#252);
#214=PLANE('',#253);
#215=PLANE('',#255);
#216=PLANE('',#259);
#217=PLANE('',#266);
#218=ADVANCED_FACE('',(#184),#208,.F.);
#219=ADVANCED_FACE('',(#185),#209,.F.);
#220=ADVANCED_FACE('',(#186),#210,.F.);
#221=ADVANCED_FACE('',(#187),#211,.F.);
#222=ADVANCED_FACE('',(#188),#212,.F.);
#223=ADVANCED_FACE('',(#189),#213,.F.);
#224=ADVANCED_FACE('',(#190,#191),#214,.T.);
#225=ADVANCED_FACE('',(#192,#193),#215,.F.);
#226=ADVANCED_FACE('',(#194,#195),#14,.F.);
#227=ADVANCED_FACE('',(#196),#216,.T.);
#228=ADVANCED_FACE('',(#197,#198),#15,.F.);
#229=ADVANCED_FACE('',(#199,#200),#12,.F.);
#230=ADVANCED_FACE('',(#201,#202),#16,.F.);
#231=ADVANCED_FACE('',(#203),#217,.T.);
#232=ADVANCED_FACE('',(#204,#205),#17,.F.);
#233=ADVANCED_FACE('',(#206,#207),#13,.F.);
#234=CLOSED_SHELL('',(#218,#219,#220,#221,#222,#223,#224,#225,#226,#227,#228,#229,#230,#231,#232,#233));
#235=STYLED_ITEM('',(#236),#243);
#236=PRESENTATION_STYLE_ASSIGNMENT((#237));
#237=SURFACE_STYLE_USAGE(.BOTH.,#238);
#238=SURFACE_SIDE_STYLE('',(#239));
#239=SURFACE_STYLE_FILL_AREA(#240);
#240=FILL_AREA_STYLE('',(#241));
#241=FILL_AREA_STYLE_COLOUR('',#242);
#242=COLOUR_RGB('',0.909803921568627,0.572549019607843,0.164705882352941);
#243=MANIFOLD_SOLID_BREP('Standoff',#234);
#244=SHAPE_DEFINITION_REPRESENTATION(#408,#245);
#245=SHAPE_REPRESENTATION('Standoff',(#246),#403);
#246=AXIS2_PLACEMENT_3D('',#339,#271,#272);
#247=AXIS2_PLACEMENT_3D('',#340,#273,#274);
#248=AXIS2_PLACEMENT_3D('',#349,#279,#280);
#249=AXIS2_PLACEMENT_3D('',#355,#284,#285);
#250=AXIS2_PLACEMENT_3D('',#361,#289,#290);
#251=AXIS2_PLACEMENT_3D('',#367,#294,#295);
#252=AXIS2_PLACEMENT_3D('',#373,#299,#300);
#253=AXIS2_PLACEMENT_3D('',#376,#303,#304);
#254=AXIS2_PLACEMENT_3D('',#377,#305,#306);
#255=AXIS2_PLACEMENT_3D('',#379,#307,#308);
#256=AXIS2_PLACEMENT_3D('',#380,#309,#310);
#257=AXIS2_PLACEMENT_3D('',#382,#311,#312);
#258=AXIS2_PLACEMENT_3D('',#383,#313,#314);
#259=AXIS2_PLACEMENT_3D('',#385,#315,#316);
#260=AXIS2_PLACEMENT_3D('',#386,#317,#318);
#261=AXIS2_PLACEMENT_3D('',#388,#319,#320);
#262=AXIS2_PLACEMENT_3D('',#389,#321,#322);
#263=AXIS2_PLACEMENT_3D('',#391,#323,#324);
#264=AXIS2_PLACEMENT_3D('',#392,#325,#326);
#265=AXIS2_PLACEMENT_3D('',#393,#327,#328);
#266=AXIS2_PLACEMENT_3D('',#395,#329,#330);
#267=AXIS2_PLACEMENT_3D('',#396,#331,#332);
#268=AXIS2_PLACEMENT_3D('',#398,#333,#334);
#269=AXIS2_PLACEMENT_3D('',#399,#335,#336);
#270=AXIS2_PLACEMENT_3D('',#401,#337,#338);
#271=DIRECTION('',(0.,0.,1.));
#272=DIRECTION('',(1.,0.,0.));
#273=DIRECTION('',(-1.0842021724855E-16,1.,0.));
#274=DIRECTION('',(-1.,-1.0842021724855E-16,0.));
#275=DIRECTION('',(1.,1.0842021724855E-16,0.));
#276=DIRECTION('',(0.,0.,-1.));
#277=DIRECTION('',(1.,1.0842021724855E-16,0.));
#278=DIRECTION('',(0.,0.,-1.));
#279=DIRECTION('',(-0.866025403784439,0.5,0.));
#280=DIRECTION('',(-0.5,-0.866025403784439,0.));
#281=DIRECTION('',(0.5,0.866025403784439,0.));
#282=DIRECTION('',(0.,0.,-1.));
#283=DIRECTION('',(0.5,0.866025403784439,0.));
#284=DIRECTION('',(-0.866025403784439,-0.5,0.));
#285=DIRECTION('',(0.5,-0.866025403784439,0.));
#286=DIRECTION('',(-0.5,0.866025403784439,0.));
#287=DIRECTION('',(0.,0.,-1.));
#288=DIRECTION('',(-0.5,0.866025403784439,0.));
#289=DIRECTION('',(-2.16840434497101E-16,-1.,0.));
#290=DIRECTION('',(1.,-2.16840434497101E-16,0.));
#291=DIRECTION('',(-1.,2.16840434497101E-16,0.));
#292=DIRECTION('',(0.,0.,-1.));
#293=DIRECTION('',(-1.,2.16840434497101E-16,0.));
#294=DIRECTION('',(0.866025403784439,-0.5,0.));
#295=DIRECTION('',(0.5,0.866025403784439,0.));
#296=DIRECTION('',(-0.5,-0.866025403784439,0.));
#297=DIRECTION('',(0.,0.,-1.));
#298=DIRECTION('',(-0.5,-0.866025403784439,0.));
#299=DIRECTION('',(0.866025403784439,0.5,0.));
#300=DIRECTION('',(-0.5,0.866025403784439,0.));
#301=DIRECTION('',(0.5,-0.866025403784439,0.));
#302=DIRECTION('',(0.5,-0.866025403784439,0.));
#303=DIRECTION('',(0.,0.,1.));
#304=DIRECTION('',(1.,0.,0.));
#305=DIRECTION('',(0.,0.,1.));
#306=DIRECTION('',(1.,0.,0.));
#307=DIRECTION('',(0.,0.,1.));
#308=DIRECTION('',(1.,0.,0.));
#309=DIRECTION('',(0.,0.,1.));
#310=DIRECTION('',(1.,0.,0.));
#311=DIRECTION('',(0.,0.,1.));
#312=DIRECTION('',(1.,0.,0.));
#313=DIRECTION('',(0.,0.,-1.));
#314=DIRECTION('',(-1.,0.,0.));
#315=DIRECTION('',(0.,0.,1.));
#316=DIRECTION('',(1.,0.,0.));
#317=DIRECTION('',(0.,0.,-1.));
#318=DIRECTION('',(-1.,0.,0.));
#319=DIRECTION('',(0.,0.,-1.));
#320=DIRECTION('',(-1.,0.,0.));
#321=DIRECTION('',(0.,0.,-1.));
#322=DIRECTION('',(-1.,0.,0.));
#323=DIRECTION('',(0.,0.,1.));
#324=DIRECTION('',(1.,0.,0.));
#325=DIRECTION('',(0.,0.,-1.));
#326=DIRECTION('',(-1.,0.,0.));
#327=DIRECTION('',(0.,0.,1.));
#328=DIRECTION('',(1.,0.,0.));
#329=DIRECTION('',(0.,0.,-1.));
#330=DIRECTION('',(-1.,0.,0.));
#331=DIRECTION('',(0.,0.,1.));
#332=DIRECTION('',(1.,0.,0.));
#333=DIRECTION('',(0.,0.,1.));
#334=DIRECTION('',(1.,0.,0.));
#335=DIRECTION('',(0.,0.,1.));
#336=DIRECTION('',(1.,0.,0.));
#337=DIRECTION('',(0.,0.,-1.));
#338=DIRECTION('',(-1.,0.,0.));
#339=CARTESIAN_POINT('',(0.,0.,0.));
#340=CARTESIAN_POINT('',(8.67361737988404E-19,-0.00346410161513775,0.0465));
#341=CARTESIAN_POINT('',(8.67361737988404E-19,-0.00346410161513775,0.));
#342=CARTESIAN_POINT('',(-0.002,-0.00346410161513775,0.));
#343=CARTESIAN_POINT('',(0.002,-0.00346410161513775,0.));
#344=CARTESIAN_POINT('',(0.002,-0.00346410161513775,0.0465));
#345=CARTESIAN_POINT('',(0.002,-0.00346410161513775,0.0465));
#346=CARTESIAN_POINT('',(8.67361737988404E-19,-0.00346410161513775,0.0465));
#347=CARTESIAN_POINT('',(-0.002,-0.00346410161513775,0.0465));
#348=CARTESIAN_POINT('',(-0.002,-0.00346410161513775,0.0465));
#349=CARTESIAN_POINT('',(0.003,-0.00173205080756888,0.0465));
#350=CARTESIAN_POINT('',(0.003,-0.00173205080756888,0.));
#351=CARTESIAN_POINT('',(0.004,-1.3010426069826E-18,0.));
#352=CARTESIAN_POINT('',(0.004,-1.3010426069826E-18,0.0465));
#353=CARTESIAN_POINT('',(0.004,-1.3010426069826E-18,0.0465));
#354=CARTESIAN_POINT('',(0.003,-0.00173205080756888,0.0465));
#355=CARTESIAN_POINT('',(0.003,0.00173205080756888,0.0465));
#356=CARTESIAN_POINT('',(0.003,0.00173205080756888,0.));
#357=CARTESIAN_POINT('',(0.002,0.00346410161513775,0.));
#358=CARTESIAN_POINT('',(0.002,0.00346410161513775,0.0465));
#359=CARTESIAN_POINT('',(0.002,0.00346410161513775,0.0465));
#360=CARTESIAN_POINT('',(0.003,0.00173205080756888,0.0465));
#361=CARTESIAN_POINT('',(4.33680868994202E-19,0.00346410161513775,0.0465));
#362=CARTESIAN_POINT('',(4.33680868994202E-19,0.00346410161513775,0.));
#363=CARTESIAN_POINT('',(-0.002,0.00346410161513775,0.));
#364=CARTESIAN_POINT('',(-0.002,0.00346410161513775,0.0465));
#365=CARTESIAN_POINT('',(-0.002,0.00346410161513775,0.0465));
#366=CARTESIAN_POINT('',(4.33680868994202E-19,0.00346410161513775,0.0465));
#367=CARTESIAN_POINT('',(-0.003,0.00173205080756888,0.0465));
#368=CARTESIAN_POINT('',(-0.003,0.00173205080756888,0.));
#369=CARTESIAN_POINT('',(-0.004,2.60208521396521E-18,0.));
#370=CARTESIAN_POINT('',(-0.004,2.60208521396521E-18,0.0465));
#371=CARTESIAN_POINT('',(-0.004,2.60208521396521E-18,0.0465));
#372=CARTESIAN_POINT('',(-0.003,0.00173205080756888,0.0465));
#373=CARTESIAN_POINT('',(-0.003,-0.00173205080756888,0.0465));
#374=CARTESIAN_POINT('',(-0.003,-0.00173205080756888,0.));
#375=CARTESIAN_POINT('',(-0.003,-0.00173205080756888,0.0465));
#376=CARTESIAN_POINT('',(0.,0.,0.0465));
#377=CARTESIAN_POINT('',(0.,1.53080849893419E-19,0.0465));
#378=CARTESIAN_POINT('',(0.0025,1.53080849893419E-19,0.0465));
#379=CARTESIAN_POINT('',(0.,0.,0.));
#380=CARTESIAN_POINT('',(0.,1.53080849893419E-19,0.));
#381=CARTESIAN_POINT('',(0.0025,1.53080849893419E-19,0.));
#382=CARTESIAN_POINT('',(0.,1.53080849893419E-19,0.0455));
#383=CARTESIAN_POINT('',(0.,1.53080849893419E-19,0.0455));
#384=CARTESIAN_POINT('',(-0.0025,1.53080849893419E-19,0.0455));
#385=CARTESIAN_POINT('',(0.002,1.53080849893419E-19,0.0415));
#386=CARTESIAN_POINT('',(0.,1.53080849893419E-19,0.0415));
#387=CARTESIAN_POINT('',(-0.002,1.53080849893419E-19,0.0415));
#388=CARTESIAN_POINT('',(0.,1.53080849893419E-19,0.0455));
#389=CARTESIAN_POINT('',(0.,1.53080849893419E-19,0.045));
#390=CARTESIAN_POINT('',(-0.002,1.53080849893419E-19,0.045));
#391=CARTESIAN_POINT('',(0.,1.53080849893419E-19,0.0455));
#392=CARTESIAN_POINT('',(0.,1.53080849893419E-19,0.001));
#393=CARTESIAN_POINT('',(0.,1.53080849893419E-19,0.001));
#394=CARTESIAN_POINT('',(0.0025,1.53080849893419E-19,0.001));
#395=CARTESIAN_POINT('',(0.002,1.53080849893419E-19,0.005));
#396=CARTESIAN_POINT('',(0.,1.53080849893419E-19,0.005));
#397=CARTESIAN_POINT('',(0.002,1.53080849893419E-19,0.005));
#398=CARTESIAN_POINT('',(0.,1.53080849893419E-19,0.001));
#399=CARTESIAN_POINT('',(0.,1.53080849893419E-19,0.0015));
#400=CARTESIAN_POINT('',(0.002,1.53080849893419E-19,0.0015));
#401=CARTESIAN_POINT('',(0.,1.53080849893419E-19,0.001));
#402=MECHANICAL_DESIGN_GEOMETRIC_PRESENTATION_REPRESENTATION('',(#235),#403);
#403=(
GEOMETRIC_REPRESENTATION_CONTEXT(3)
GLOBAL_UNCERTAINTY_ASSIGNED_CONTEXT((#404))
GLOBAL_UNIT_ASSIGNED_CONTEXT((#407,#406,#405))
REPRESENTATION_CONTEXT('Standoff','TOP_LEVEL_ASSEMBLY_PART')
);
#404=UNCERTAINTY_MEASURE_WITH_UNIT(LENGTH_MEASURE(1.E-08),#407,'DISTANCE_ACCURACY_VALUE','Maximum Tolerance applied to model');
#405=(
NAMED_UNIT(*)
SI_UNIT($,.STERADIAN.)
SOLID_ANGLE_UNIT()
);
#406=(
NAMED_UNIT(*)
PLANE_ANGLE_UNIT()
SI_UNIT($,.RADIAN.)
);
#407=(
LENGTH_UNIT()
NAMED_UNIT(*)
SI_UNIT($,.METRE.)
);
#408=PRODUCT_DEFINITION_SHAPE('','',#409);
#409=PRODUCT_DEFINITION('','',#411,#410);
#410=PRODUCT_DEFINITION_CONTEXT('',#417,'design');
#411=PRODUCT_DEFINITION_FORMATION_WITH_SPECIFIED_SOURCE('','',#413,.NOT_KNOWN.);
#412=PRODUCT_RELATED_PRODUCT_CATEGORY('','',(#413));
#413=PRODUCT('Standoff','Standoff','Standoff',(#415));
#414=PRODUCT_CATEGORY('','');
#415=PRODUCT_CONTEXT('',#417,'mechanical');
#416=APPLICATION_PROTOCOL_DEFINITION('international standard','ap242_managed_model_based_3d_engineering',2020,#417);
#417=APPLICATION_CONTEXT('managed model based 3d engineering');
#418=COMPOSITE_SHAPE_ASPECT('hole_callout.FXxR8GTghiMIM2R_1.JHD.0',$,#408,$);
#419=SHAPE_ASPECT('hole_callout.FXxR8GTghiMIM2R_1.JHD.0',$,#408,.T.);
#420=GEOMETRIC_ITEM_SPECIFIC_USAGE('','',#419,#11,#233);
#421=SHAPE_ASPECT_RELATIONSHIP('','',#418,#419);
#422=SHAPE_ASPECT('hole_callout.FXxR8GTghiMIM2R_1.JHD.0',$,#408,.T.);
#423=GEOMETRIC_ITEM_SPECIFIC_USAGE('','',#422,#11,#231);
#424=SHAPE_ASPECT_RELATIONSHIP('','',#418,#422);
#425=SHAPE_ASPECT('hole_callout.FXxR8GTghiMIM2R_1.JHD.0',$,#408,.T.);
#426=GEOMETRIC_ITEM_SPECIFIC_USAGE('','',#425,#11,#232);
#427=SHAPE_ASPECT_RELATIONSHIP('','',#418,#425);
#428=SHAPE_ASPECT('hole_callout.FXxR8GTghiMIM2R_1.JHD.0',$,#408,.T.);
#429=GEOMETRIC_ITEM_SPECIFIC_USAGE('','',#428,#11,#229);
#430=SHAPE_ASPECT_RELATIONSHIP('','',#418,#428);
#431=SHAPE_ASPECT('hole_callout.FXxR8GTghiMIM2R_1.JHD.0',$,#408,.T.);
#432=GEOMETRIC_ITEM_SPECIFIC_USAGE('','',#431,#11,#227);
#433=SHAPE_ASPECT_RELATIONSHIP('','',#418,#431);
#434=SHAPE_ASPECT('hole_callout.FXxR8GTghiMIM2R_1.JHD.0',$,#408,.T.);
#435=GEOMETRIC_ITEM_SPECIFIC_USAGE('','',#434,#11,#228);
#436=SHAPE_ASPECT_RELATIONSHIP('','',#418,#434);
#437=DIMENSIONAL_SIZE(#418,'depth');
#438=(
LENGTH_UNIT()
NAMED_UNIT(*)
SI_UNIT(.MILLI.,.METRE.)
);
#440=PRECISION_QUALIFIER(3);
#439=(
LENGTH_MEASURE_WITH_UNIT()
MEASURE_REPRESENTATION_ITEM()
MEASURE_WITH_UNIT(POSITIVE_LENGTH_MEASURE(4.),#438)
QUALIFIED_REPRESENTATION_ITEM((#440))
REPRESENTATION_ITEM('nominal value')
);
#441=COMPOUND_REPRESENTATION_ITEM('modifiers',SET_REPRESENTATION_ITEM((#442)));
#442=DESCRIPTIVE_REPRESENTATION_ITEM('dimensional note','depth');
#443=SHAPE_DIMENSION_REPRESENTATION('',(#439,#441),#403);
#444=DIMENSIONAL_CHARACTERISTIC_REPRESENTATION(#437,#443);
#445=DIMENSIONAL_SIZE(#418,'diameter');
#446=(
LENGTH_UNIT()
NAMED_UNIT(*)
SI_UNIT(.MILLI.,.METRE.)
);
#448=PRECISION_QUALIFIER(3);
#447=(
LENGTH_MEASURE_WITH_UNIT()
MEASURE_REPRESENTATION_ITEM()
MEASURE_WITH_UNIT(POSITIVE_LENGTH_MEASURE(4.),#446)
QUALIFIED_REPRESENTATION_ITEM((#448))
REPRESENTATION_ITEM('nominal value')
);
#449=COMPOUND_REPRESENTATION_ITEM('modifiers',SET_REPRESENTATION_ITEM((#450)));
#450=DESCRIPTIVE_REPRESENTATION_ITEM('dimensional note','diameter');
#451=SHAPE_DIMENSION_REPRESENTATION('',(#447,#449),#403);
#452=DIMENSIONAL_CHARACTERISTIC_REPRESENTATION(#445,#451);
#453=ANGULAR_SIZE(#418,'angle',.EQUAL.);
#455=(
NAMED_UNIT(*)
PLANE_ANGLE_UNIT()
SI_UNIT($,.RADIAN.)
);
#456=LENGTH_MEASURE_WITH_UNIT(LENGTH_MEASURE(57.2957795130823),#455);
#454=(
CONVERSION_BASED_UNIT('degree',#456)
NAMED_UNIT($)
PLANE_ANGLE_UNIT()
);
#458=PRECISION_QUALIFIER(3);
#457=(
MEASURE_REPRESENTATION_ITEM()
MEASURE_WITH_UNIT(PLANE_ANGLE_MEASURE(90.),#454)
PLANE_ANGLE_MEASURE_WITH_UNIT()
QUALIFIED_REPRESENTATION_ITEM((#458))
REPRESENTATION_ITEM('nominal value')
);
#459=SHAPE_DIMENSION_REPRESENTATION('',(#457),#403);
#460=DIMENSIONAL_CHARACTERISTIC_REPRESENTATION(#453,#459);
#461=DIMENSIONAL_SIZE(#418,'diameter');
#462=(
LENGTH_UNIT()
NAMED_UNIT(*)
SI_UNIT(.MILLI.,.METRE.)
);
#464=PRECISION_QUALIFIER(3);
#463=(
LENGTH_MEASURE_WITH_UNIT()
MEASURE_REPRESENTATION_ITEM()
MEASURE_WITH_UNIT(POSITIVE_LENGTH_MEASURE(5.),#462)
QUALIFIED_REPRESENTATION_ITEM((#464))
REPRESENTATION_ITEM('nominal value')
);
#465=COMPOUND_REPRESENTATION_ITEM('modifiers',SET_REPRESENTATION_ITEM((#466,#467)));
#466=DESCRIPTIVE_REPRESENTATION_ITEM('dimensional note','countersink');
#467=DESCRIPTIVE_REPRESENTATION_ITEM('dimensional note','diameter');
#468=SHAPE_DIMENSION_REPRESENTATION('',(#463,#465),#403);
#469=DIMENSIONAL_CHARACTERISTIC_REPRESENTATION(#461,#468);
#470=PRESENTATION_STYLE_ASSIGNMENT((NULL_STYLE(.NULL.)));
#471=CARTESIAN_POINT('',(0.,1.53080849893419E-19,0.001));
#472=DIRECTION('',(0.,0.,-1.));
#473=DIRECTION('',(1.,0.,0.));
#474=AXIS2_PLACEMENT_3D('',#471,#472,#473);
#475=PLANE('',#474);
#476=ANNOTATION_PLANE('',(#470),#475,(#503));
#477=CARTESIAN_POINT('',(0.,0.,0.));
#478=DIRECTION('',(0.,0.,1.));
#479=DIRECTION('',(1.,0.,0.));
#480=AXIS2_PLACEMENT_3D('',#477,#478,#479);
#481=CARTESIAN_POINT('',(0.,0.,0.));
#482=DIRECTION('',(0.,0.,1.));
#483=DIRECTION('',(1.,0.,0.));
#484=AXIS2_PLACEMENT_3D('',#481,#482,#483);
#485=SHAPE_REPRESENTATION('',(#484,#243),#403);
#486=REPRESENTATION_MAP(#480,#485);
#487=MAPPED_ITEM('',#486,#480);
#488=PRESENTATION_STYLE_ASSIGNMENT((NULL_STYLE(.NULL.)));
#489=STYLED_ITEM('',(#488),#487);
#490=DRAUGHTING_MODEL('',(#476,#480,#487,#489),#403);
#491=DRAUGHTING_PRE_DEFINED_CURVE_FONT('continuous');
#492=COLOUR_RGB('',0.,0.,0.);
#493=CURVE_STYLE('',#491,POSITIVE_LENGTH_MEASURE(0.02),#492);
#494=PRESENTATION_STYLE_ASSIGNMENT((#493));
#495=COORDINATES_LIST('coordinates',3222,((0.0017678,-0.0017678,0.0010000),(0.0031820,-0.0045962,0.0010000),(0.0045962,-0.0031820,0.0010000),(0.0181918,-0.0117901,0.0010000),(0.0182640,-0.0118409,0.0010000),(0.0218888,-0.0154678,0.0010000),(0.0181918,-0.0117901,0.0010000),(0.0218888,-0.0154678,0.0010000),(0.0219380,-0.0155377,0.0010000),(0.0181918,-0.0117901,0.0010000),(0.0219380,-0.0155377,0.0010000),(0.0219544,-0.0156202,0.0010000),(0.0181918,-0.0117901,0.0010000),(0.0219544,-0.0156202,0.0010000),(0.0219383,-0.0157028,0.0010000),(0.0181918,-0.0117901,0.0010000),(0.0219383,-0.0157028,0.0010000),(0.0218899,-0.0157726,0.0010000),(0.0181918,-0.0117901,0.0010000),(0.0218899,-0.0157726,0.0010000),(0.0218200,-0.0158202,0.0010000),(0.0181918,-0.0117901,0.0010000),(0.0218200,-0.0158202,0.0010000),(0.0217375,-0.0158361,0.0010000),(0.0181918,-0.0117901,0.0010000),(0.0217375,-0.0158361,0.0010000),(0.0216552,-0.0158205,0.0010000),(0.0181918,-0.0117901,0.0010000),(0.0216552,-0.0158205,0.0010000),(0.0215861,-0.0157737,0.0010000),(0.0181918,-0.0117901,0.0010000),(0.0215861,-0.0157737,0.0010000),(0.0181106,-0.0122992,0.0010000),(0.0181918,-0.0117901,0.0010000),(0.0181106,-0.0122992,0.0010000),(0.0146361,-0.0157737,0.0010000),(0.0181918,-0.0117901,0.0010000),(0.0146361,-0.0157737,0.0010000),(0.0145657,-0.0158205,0.0010000),(0.0181918,-0.0117901,0.0010000),(0.0145657,-0.0158205,0.0010000),(0.0144837,-0.0158361,0.0010000),(0.0181918,-0.0117901,0.0010000),(0.0144837,-0.0158361,0.0010000),(0.0144016,-0.0158202,0.0010000),(0.0181918,-0.0117901,0.0010000),(0.0144016,-0.0158202,0.0010000),(0.0143313,-0.0157726,0.0010000),(0.0181918,-0.0117901,0.0010000),(0.0143313,-0.0157726,0.0010000),(0.0142836,-0.0157028,0.0010000),(0.0181918,-0.0117901,0.0010000),(0.0142836,-0.0157028,0.0010000),(0.0142678,-0.0156202,0.0010000),(0.0181918,-0.0117901,0.0010000),(0.0142678,-0.0156202,0.0010000),(0.0142834,-0.0155377,0.0010000),(0.0181918,-0.0117901,0.0010000),(0.0142834,-0.0155377,0.0010000),(0.0143302,-0.0154678,0.0010000),(0.0181918,-0.0117901,0.0010000),(0.0143302,-0.0154678,0.0010000),(0.0179582,-0.0118409,0.0010000),(0.0181918,-0.0117901,0.0010000),(0.0179582,-0.0118409,0.0010000),(0.0180301,-0.0117901,0.0010000),(0.0181918,-0.0117901,0.0010000),(0.0180301,-0.0117901,0.0010000),(0.0181106,-0.0117732,0.0010000),(0.0238105,-0.0119515,0.0010000),(0.0239075,-0.0119108,0.0010000),(0.0240055,-0.0118756,0.0010000),(0.0238105,-0.0119515,0.0010000),(0.0240055,-0.0118756,0.0010000),(0.0241045,-0.0118457,0.0010000),(0.0238105,-0.0119515,0.0010000),(0.0241045,-0.0118457,0.0010000),(0.0242044,-0.0118213,0.0010000),(0.0238105,-0.0119515,0.0010000),(0.0242044,-0.0118213,0.0010000),(0.0243053,-0.0118023,0.0010000),(0.0238105,-0.0119515,0.0010000),(0.0243053,-0.0118023,0.0010000),(0.0244072,-0.0117888,0.0010000),(0.0238105,-0.0119515,0.0010000),(0.0244072,-0.0117888,0.0010000),(0.0245100,-0.0117806,0.0010000),(0.0238105,-0.0119515,0.0010000),(0.0245100,-0.0117806,0.0010000),(0.0246137,-0.0117779,0.0010000),(0.0238105,-0.0119515,0.0010000),(0.0246137,-0.0117779,0.0010000),(0.0247495,-0.0117822,0.0010000),(0.0238105,-0.0119515,0.0010000),(0.0247495,-0.0117822,0.0010000),(0.0248828,-0.0117952,0.0010000),(0.0238105,-0.0119515,0.0010000),(0.0248828,-0.0117952,0.0010000),(0.0250134,-0.0118168,0.0010000),(0.0238105,-0.0119515,0.0010000),(0.0250134,-0.0118168,0.0010000),(0.0251416,-0.0118470,0.0010000),(0.0238105,-0.0119515,0.0010000),(0.0251416,-0.0118470,0.0010000),(0.0252672,-0.0118858,0.0010000),(0.0238105,-0.0119515,0.0010000),(0.0252672,-0.0118858,0.0010000),(0.0253902,-0.0119333,0.0010000),(0.0238105,-0.0119515,0.0010000),(0.0253902,-0.0119333,0.0010000),(0.0255107,-0.0119894,0.0010000),(0.0238105,-0.0119515,0.0010000),(0.0255107,-0.0119894,0.0010000),(0.0256287,-0.0120542,0.0010000),(0.0238105,-0.0119515,0.0010000),(0.0256287,-0.0120542,0.0010000),(0.0257423,-0.0121266,0.0010000),(0.0238105,-0.0119515,0.0010000),(0.0257423,-0.0121266,0.0010000),(0.0258496,-0.0122051,0.0010000),(0.0238105,-0.0119515,0.0010000),(0.0258496,-0.0122051,0.0010000),(0.0259507,-0.0122898,0.0010000),(0.0238105,-0.0119515,0.0010000),(0.0259507,-0.0122898,0.0010000),(0.0260457,-0.0123807,0.0010000),(0.0238105,-0.0119515,0.0010000),(0.0260457,-0.0123807,0.0010000),(0.0261344,-0.0124777,0.0010000),(0.0261344,-0.0124777,0.0010000),(0.0262169,-0.0125808,0.0010000),(0.0262931,-0.0126901,0.0010000),(0.0261344,-0.0124777,0.0010000),(0.0262931,-0.0126901,0.0010000),(0.0263632,-0.0128056,0.0010000),(0.0261344,-0.0124777,0.0010000),(0.0263632,-0.0128056,0.0010000),(0.0264262,-0.0129253,0.0010000),(0.0261344,-0.0124777,0.0010000),(0.0264262,-0.0129253,0.0010000),(0.0264808,-0.0130476,0.0010000),(0.0261344,-0.0124777,0.0010000),(0.0264808,-0.0130476,0.0010000),(0.0265270,-0.0131723,0.0010000),(0.0261344,-0.0124777,0.0010000),(0.0265270,-0.0131723,0.0010000),(0.0265648,-0.0132996,0.0010000),(0.0261344,-0.0124777,0.0010000),(0.0265648,-0.0132996,0.0010000),(0.0265942,-0.0134292,0.0010000),(0.0261344,-0.0124777,0.0010000),(0.0265942,-0.0134292,0.0010000),(0.0266152,-0.0135614,0.0010000),(0.0261344,-0.0124777,0.0010000),(0.0266152,-0.0135614,0.0010000),(0.0266278,-0.0136961,0.0010000),(0.0261344,-0.0124777,0.0010000),(0.0266278,-0.0136961,0.0010000),(0.0266320,-0.0138332,0.0010000),(0.0261344,-0.0124777,0.0010000),(0.0266320,-0.0138332,0.0010000),(0.0266278,-0.0139648,0.0010000),(0.0261344,-0.0124777,0.0010000),(0.0266278,-0.0139648,0.0010000),(0.0266152,-0.0140957,0.0010000),(0.0261344,-0.0124777,0.0010000),(0.0266152,-0.0140957,0.0010000),(0.0265942,-0.0142257,0.0010000),(0.0261344,-0.0124777,0.0010000),(0.0265942,-0.0142257,0.0010000),(0.0265648,-0.0143550,0.0010000),(0.0261344,-0.0124777,0.0010000),(0.0265648,-0.0143550,0.0010000),(0.0265270,-0.0144834,0.0010000),(0.0261344,-0.0124777,0.0010000),(0.0265270,-0.0144834,0.0010000),(0.0264808,-0.0146111,0.0010000),(0.0264808,-0.0146111,0.0010000),(0.0260890,-0.0144696,0.0010000),(0.0261256,-0.0143717,0.0010000),(0.0264808,-0.0146111,0.0010000),(0.0261256,-0.0143717,0.0010000),(0.0261555,-0.0142706,0.0010000),(0.0264808,-0.0146111,0.0010000),(0.0261555,-0.0142706,0.0010000),(0.0261787,-0.0141661,0.0010000),(0.0264808,-0.0146111,0.0010000),(0.0261787,-0.0141661,0.0010000),(0.0261954,-0.0140584,0.0010000),(0.0264808,-0.0146111,0.0010000),(0.0261954,-0.0140584,0.0010000),(0.0262053,-0.0139475,0.0010000),(0.0264808,-0.0146111,0.0010000),(0.0262053,-0.0139475,0.0010000),(0.0262087,-0.0138332,0.0010000),(0.0264808,-0.0146111,0.0010000),(0.0262087,-0.0138332,0.0010000),(0.0262053,-0.0137232,0.0010000),(0.0261344,-0.0124777,0.0010000),(0.0264808,-0.0146111,0.0010000),(0.0262053,-0.0137232,0.0010000),(0.0261344,-0.0124777,0.0010000),(0.0262053,-0.0137232,0.0010000),(0.0261952,-0.0136153,0.0010000),(0.0261344,-0.0124777,0.0010000),(0.0261952,-0.0136153,0.0010000),(0.0261784,-0.0135097,0.0010000),(0.0261344,-0.0124777,0.0010000),(0.0261784,-0.0135097,0.0010000),(0.0261549,-0.0134062,0.0010000),(0.0261344,-0.0124777,0.0010000),(0.0261549,-0.0134062,0.0010000),(0.0261247,-0.0133049,0.0010000),(0.0261344,-0.0124777,0.0010000),(0.0261247,-0.0133049,0.0010000),(0.0260878,-0.0132058,0.0010000),(0.0261344,-0.0124777,0.0010000),(0.0260878,-0.0132058,0.0010000),(0.0260442,-0.0131088,0.0010000),(0.0261344,-0.0124777,0.0010000),(0.0260442,-0.0131088,0.0010000),(0.0259938,-0.0130141,0.0010000),(0.0261344,-0.0124777,0.0010000),(0.0259938,-0.0130141,0.0010000),(0.0259380,-0.0129229,0.0010000),(0.0261344,-0.0124777,0.0010000),(0.0259380,-0.0129229,0.0010000),(0.0258773,-0.0128365,0.0010000),(0.0261344,-0.0124777,0.0010000),(0.0258773,-0.0128365,0.0010000),(0.0258119,-0.0127551,0.0010000),(0.0261344,-0.0124777,0.0010000),(0.0258119,-0.0127551,0.0010000),(0.0257417,-0.0126786,0.0010000),(0.0261344,-0.0124777,0.0010000),(0.0257417,-0.0126786,0.0010000),(0.0256666,-0.0126069,0.0010000),(0.0261344,-0.0124777,0.0010000),(0.0256666,-0.0126069,0.0010000),(0.0255868,-0.0125402,0.0010000),(0.0261344,-0.0124777,0.0010000),(0.0255868,-0.0125402,0.0010000),(0.0255022,-0.0124784,0.0010000),(0.0261344,-0.0124777,0.0010000),(0.0255022,-0.0124784,0.0010000),(0.0254128,-0.0124214,0.0010000),(0.0261344,-0.0124777,0.0010000),(0.0254128,-0.0124214,0.0010000),(0.0253202,-0.0123703,0.0010000),(0.0261344,-0.0124777,0.0010000),(0.0253202,-0.0123703,0.0010000),(0.0252255,-0.0123260,0.0010000),(0.0261344,-0.0124777,0.0010000),(0.0252255,-0.0123260,0.0010000),(0.0251288,-0.0122885,0.0010000),(0.0261344,-0.0124777,0.0010000),(0.0251288,-0.0122885,0.0010000),(0.0250299,-0.0122579,0.0010000),(0.0238105,-0.0119515,0.0010000),(0.0261344,-0.0124777,0.0010000),(0.0250299,-0.0122579,0.0010000),(0.0238105,-0.0119515,0.0010000),(0.0250299,-0.0122579,0.0010000),(0.0249290,-0.0122340,0.0010000),(0.0238105,-0.0119515,0.0010000),(0.0249290,-0.0122340,0.0010000),(0.0248260,-0.0122170,0.0010000),(0.0238105,-0.0119515,0.0010000),(0.0248260,-0.0122170,0.0010000),(0.0247209,-0.0122068,0.0010000),(0.0238105,-0.0119515,0.0010000),(0.0247209,-0.0122068,0.0010000),(0.0246137,-0.0122034,0.0010000),(0.0238105,-0.0119515,0.0010000),(0.0246137,-0.0122034,0.0010000),(0.0244602,-0.0122105,0.0010000),(0.0238105,-0.0119515,0.0010000),(0.0244602,-0.0122105,0.0010000),(0.0243105,-0.0122317,0.0010000),(0.0238105,-0.0119515,0.0010000),(0.0243105,-0.0122317,0.0010000),(0.0241649,-0.0122671,0.0010000),(0.0238105,-0.0119515,0.0010000),(0.0241649,-0.0122671,0.0010000),(0.0240232,-0.0123166,0.0010000),(0.0238105,-0.0119515,0.0010000),(0.0240232,-0.0123166,0.0010000),(0.0256202,-0.0151000,0.0010000),(0.0232496,-0.0109768,0.0010000),(0.0238105,-0.0119515,0.0010000),(0.0256202,-0.0151000,0.0010000),(0.0260458,-0.0145642,0.0010000),(0.0260890,-0.0144696,0.0010000),(0.0264808,-0.0146111,0.0010000),(0.0259959,-0.0146555,0.0010000),(0.0260458,-0.0145642,0.0010000),(0.0264808,-0.0146111,0.0010000),(0.0259280,-0.0147595,0.0010000),(0.0259959,-0.0146555,0.0010000),(0.0264808,-0.0146111,0.0010000),(0.0258427,-0.0148683,0.0010000),(0.0259280,-0.0147595,0.0010000),(0.0264808,-0.0146111,0.0010000),(0.0257936,-0.0149244,0.0010000),(0.0258427,-0.0148683,0.0010000),(0.0264808,-0.0146111,0.0010000),(0.0257401,-0.0149818,0.0010000),(0.0257936,-0.0149244,0.0010000),(0.0264808,-0.0146111,0.0010000),(0.0256823,-0.0150403,0.0010000),(0.0257401,-0.0149818,0.0010000),(0.0264808,-0.0146111,0.0010000),(0.0256202,-0.0151000,0.0010000),(0.0256823,-0.0150403,0.0010000),(0.0264808,-0.0146111,0.0010000),(0.0256202,-0.0151000,0.0010000),(0.0264808,-0.0146111,0.0010000),(0.0264262,-0.0147380,0.0010000),(0.0256202,-0.0151000,0.0010000),(0.0264262,-0.0147380,0.0010000),(0.0263632,-0.0148640,0.0010000),(0.0256202,-0.0151000,0.0010000),(0.0263632,-0.0148640,0.0010000),(0.0263130,-0.0149508,0.0010000),(0.0256202,-0.0151000,0.0010000),(0.0263130,-0.0149508,0.0010000),(0.0262582,-0.0150342,0.0010000),(0.0256202,-0.0151000,0.0010000),(0.0262582,-0.0150342,0.0010000),(0.0261988,-0.0151143,0.0010000),(0.0256202,-0.0151000,0.0010000),(0.0261988,-0.0151143,0.0010000),(0.0261348,-0.0151911,0.0010000),(0.0256202,-0.0151000,0.0010000),(0.0261348,-0.0151911,0.0010000),(0.0260663,-0.0152645,0.0010000),(0.0256202,-0.0151000,0.0010000),(0.0260663,-0.0152645,0.0010000),(0.0259931,-0.0153347,0.0010000),(0.0256202,-0.0151000,0.0010000),(0.0259931,-0.0153347,0.0010000),(0.0259153,-0.0154016,0.0010000),(0.0256202,-0.0151000,0.0010000),(0.0259153,-0.0154016,0.0010000),(0.0258329,-0.0154652,0.0010000),(0.0256202,-0.0151000,0.0010000),(0.0258329,-0.0154652,0.0010000),(0.0263748,-0.0164177,0.0010000),(0.0232496,-0.0109768,0.0010000),(0.0256202,-0.0151000,0.0010000),(0.0263748,-0.0164177,0.0010000),(0.0232496,-0.0109768,0.0010000),(0.0263748,-0.0164177,0.0010000),(0.0264034,-0.0165214,0.0010000),(0.0232496,-0.0109768,0.0010000),(0.0264034,-0.0165214,0.0010000),(0.0263960,-0.0165817,0.0010000),(0.0232496,-0.0109768,0.0010000),(0.0263960,-0.0165817,0.0010000),(0.0263573,-0.0166569,0.0010000),(0.0232496,-0.0109768,0.0010000),(0.0263573,-0.0166569,0.0010000),(0.0262923,-0.0167108,0.0010000),(0.0232496,-0.0109768,0.0010000),(0.0262923,-0.0167108,0.0010000),(0.0261896,-0.0167415,0.0010000),(0.0232496,-0.0109768,0.0010000),(0.0261896,-0.0167415,0.0010000),(0.0261293,-0.0167341,0.0010000),(0.0232496,-0.0109768,0.0010000),(0.0261293,-0.0167341,0.0010000),(0.0260536,-0.0166955,0.0010000),(0.0232496,-0.0109768,0.0010000),(0.0260536,-0.0166955,0.0010000),(0.0259980,-0.0166304,0.0010000),(0.0232496,-0.0109768,0.0010000),(0.0259980,-0.0166304,0.0010000),(0.0254625,-0.0157022,0.0010000),(0.0254625,-0.0157022,0.0010000),(0.0253619,-0.0157466,0.0010000),(0.0252580,-0.0157851,0.0010000),(0.0254625,-0.0157022,0.0010000),(0.0252580,-0.0157851,0.0010000),(0.0251508,-0.0158177,0.0010000),(0.0254625,-0.0157022,0.0010000),(0.0251508,-0.0158177,0.0010000),(0.0250403,-0.0158443,0.0010000),(0.0254625,-0.0157022,0.0010000),(0.0250403,-0.0158443,0.0010000),(0.0249264,-0.0158650,0.0010000),(0.0254625,-0.0157022,0.0010000),(0.0249264,-0.0158650,0.0010000),(0.0248093,-0.0158798,0.0010000),(0.0254625,-0.0157022,0.0010000),(0.0248093,-0.0158798,0.0010000),(0.0246888,-0.0158887,0.0010000),(0.0254625,-0.0157022,0.0010000),(0.0246888,-0.0158887,0.0010000),(0.0245651,-0.0158917,0.0010000),(0.0254625,-0.0157022,0.0010000),(0.0245651,-0.0158917,0.0010000),(0.0244405,-0.0158873,0.0010000),(0.0254625,-0.0157022,0.0010000),(0.0244405,-0.0158873,0.0010000),(0.0243169,-0.0158743,0.0010000),(0.0254625,-0.0157022,0.0010000),(0.0243169,-0.0158743,0.0010000),(0.0241945,-0.0158527,0.0010000),(0.0254625,-0.0157022,0.0010000),(0.0241945,-0.0158527,0.0010000),(0.0240732,-0.0158224,0.0010000),(0.0254625,-0.0157022,0.0010000),(0.0240732,-0.0158224,0.0010000),(0.0239530,-0.0157834,0.0010000),(0.0254625,-0.0157022,0.0010000),(0.0239530,-0.0157834,0.0010000),(0.0238338,-0.0157357,0.0010000),(0.0254625,-0.0157022,0.0010000),(0.0238338,-0.0157357,0.0010000),(0.0237158,-0.0156794,0.0010000),(0.0254625,-0.0157022,0.0010000),(0.0237158,-0.0156794,0.0010000),(0.0235988,-0.0156144,0.0010000),(0.0254625,-0.0157022,0.0010000),(0.0235988,-0.0156144,0.0010000),(0.0234857,-0.0155422,0.0010000),(0.0254625,-0.0157022,0.0010000),(0.0234857,-0.0155422,0.0010000),(0.0233787,-0.0154638,0.0010000),(0.0254625,-0.0157022,0.0010000),(0.0233787,-0.0154638,0.0010000),(0.0232777,-0.0153792,0.0010000),(0.0254625,-0.0157022,0.0010000),(0.0232777,-0.0153792,0.0010000),(0.0231829,-0.0152884,0.0010000),(0.0254625,-0.0157022,0.0010000),(0.0231829,-0.0152884,0.0010000),(0.0230941,-0.0151914,0.0010000),(0.0230941,-0.0151914,0.0010000),(0.0230114,-0.0150881,0.0010000),(0.0229348,-0.0149787,0.0010000),(0.0230941,-0.0151914,0.0010000),(0.0229348,-0.0149787,0.0010000),(0.0228643,-0.0148630,0.0010000),(0.0230941,-0.0151914,0.0010000),(0.0228643,-0.0148630,0.0010000),(0.0228011,-0.0147432,0.0010000),(0.0230941,-0.0151914,0.0010000),(0.0228011,-0.0147432,0.0010000),(0.0227462,-0.0146208,0.0010000),(0.0230941,-0.0151914,0.0010000),(0.0227462,-0.0146208,0.0010000),(0.0226999,-0.0144959,0.0010000),(0.0230941,-0.0151914,0.0010000),(0.0226999,-0.0144959,0.0010000),(0.0226619,-0.0143685,0.0010000),(0.0230941,-0.0151914,0.0010000),(0.0226619,-0.0143685,0.0010000),(0.0226324,-0.0142385,0.0010000),(0.0230941,-0.0151914,0.0010000),(0.0226324,-0.0142385,0.0010000),(0.0226113,-0.0141059,0.0010000),(0.0230941,-0.0151914,0.0010000),(0.0226113,-0.0141059,0.0010000),(0.0225987,-0.0139708,0.0010000),(0.0230941,-0.0151914,0.0010000),(0.0225987,-0.0139708,0.0010000),(0.0225944,-0.0138332,0.0010000),(0.0230941,-0.0151914,0.0010000),(0.0225944,-0.0138332,0.0010000),(0.0225986,-0.0136952,0.0010000),(0.0230941,-0.0151914,0.0010000),(0.0225986,-0.0136952,0.0010000),(0.0226112,-0.0135598,0.0010000),(0.0230941,-0.0151914,0.0010000),(0.0226112,-0.0135598,0.0010000),(0.0226322,-0.0134273,0.0010000),(0.0230941,-0.0151914,0.0010000),(0.0226322,-0.0134273,0.0010000),(0.0226616,-0.0132974,0.0010000),(0.0230941,-0.0151914,0.0010000),(0.0226616,-0.0132974,0.0010000),(0.0226994,-0.0131704,0.0010000),(0.0230941,-0.0151914,0.0010000),(0.0226994,-0.0131704,0.0010000),(0.0227457,-0.0130460,0.0010000),(0.0230941,-0.0151914,0.0010000),(0.0227457,-0.0130460,0.0010000),(0.0228003,-0.0129244,0.0010000),(0.0230941,-0.0151914,0.0010000),(0.0228003,-0.0129244,0.0010000),(0.0228633,-0.0128056,0.0010000),(0.0228633,-0.0128056,0.0010000),(0.0232316,-0.0130141,0.0010000),(0.0231822,-0.0131088,0.0010000),(0.0228633,-0.0128056,0.0010000),(0.0231822,-0.0131088,0.0010000),(0.0231394,-0.0132057,0.0010000),(0.0228633,-0.0128056,0.0010000),(0.0231394,-0.0132057,0.0010000),(0.0231032,-0.0133047,0.0010000),(0.0228633,-0.0128056,0.0010000),(0.0231032,-0.0133047,0.0010000),(0.0230736,-0.0134059,0.0010000),(0.0228633,-0.0128056,0.0010000),(0.0230736,-0.0134059,0.0010000),(0.0230506,-0.0135093,0.0010000),(0.0228633,-0.0128056,0.0010000),(0.0230506,-0.0135093,0.0010000),(0.0230341,-0.0136147,0.0010000),(0.0228633,-0.0128056,0.0010000),(0.0230341,-0.0136147,0.0010000),(0.0230242,-0.0137224,0.0010000),(0.0228633,-0.0128056,0.0010000),(0.0230242,-0.0137224,0.0010000),(0.0230210,-0.0138322,0.0010000),(0.0228633,-0.0128056,0.0010000),(0.0230210,-0.0138322,0.0010000),(0.0230243,-0.0139420,0.0010000),(0.0230941,-0.0151914,0.0010000),(0.0228633,-0.0128056,0.0010000),(0.0230243,-0.0139420,0.0010000),(0.0230941,-0.0151914,0.0010000),(0.0230243,-0.0139420,0.0010000),(0.0230343,-0.0140497,0.0010000),(0.0230941,-0.0151914,0.0010000),(0.0230343,-0.0140497,0.0010000),(0.0230510,-0.0141554,0.0010000),(0.0230941,-0.0151914,0.0010000),(0.0230510,-0.0141554,0.0010000),(0.0230744,-0.0142589,0.0010000),(0.0230941,-0.0151914,0.0010000),(0.0230744,-0.0142589,0.0010000),(0.0231045,-0.0143604,0.0010000),(0.0230941,-0.0151914,0.0010000),(0.0231045,-0.0143604,0.0010000),(0.0231412,-0.0144598,0.0010000),(0.0230941,-0.0151914,0.0010000),(0.0231412,-0.0144598,0.0010000),(0.0231846,-0.0145571,0.0010000),(0.0230941,-0.0151914,0.0010000),(0.0231846,-0.0145571,0.0010000),(0.0232347,-0.0146524,0.0010000),(0.0230941,-0.0151914,0.0010000),(0.0232347,-0.0146524,0.0010000),(0.0232906,-0.0147443,0.0010000),(0.0230941,-0.0151914,0.0010000),(0.0232906,-0.0147443,0.0010000),(0.0233512,-0.0148312,0.0010000),(0.0230941,-0.0151914,0.0010000),(0.0233512,-0.0148312,0.0010000),(0.0234167,-0.0149131,0.0010000),(0.0230941,-0.0151914,0.0010000),(0.0234167,-0.0149131,0.0010000),(0.0234869,-0.0149900,0.0010000),(0.0230941,-0.0151914,0.0010000),(0.0234869,-0.0149900,0.0010000),(0.0235619,-0.0150618,0.0010000),(0.0230941,-0.0151914,0.0010000),(0.0235619,-0.0150618,0.0010000),(0.0236417,-0.0151286,0.0010000),(0.0230941,-0.0151914,0.0010000),(0.0236417,-0.0151286,0.0010000),(0.0237263,-0.0151904,0.0010000),(0.0230941,-0.0151914,0.0010000),(0.0237263,-0.0151904,0.0010000),(0.0238158,-0.0152472,0.0010000),(0.0230941,-0.0151914,0.0010000),(0.0238158,-0.0152472,0.0010000),(0.0239078,-0.0152982,0.0010000),(0.0230941,-0.0151914,0.0010000),(0.0239078,-0.0152982,0.0010000),(0.0240004,-0.0153425,0.0010000),(0.0230941,-0.0151914,0.0010000),(0.0240004,-0.0153425,0.0010000),(0.0240936,-0.0153800,0.0010000),(0.0230941,-0.0151914,0.0010000),(0.0240936,-0.0153800,0.0010000),(0.0241872,-0.0154107,0.0010000),(0.0230941,-0.0151914,0.0010000),(0.0241872,-0.0154107,0.0010000),(0.0242814,-0.0154345,0.0010000),(0.0254625,-0.0157022,0.0010000),(0.0230941,-0.0151914,0.0010000),(0.0242814,-0.0154345,0.0010000),(0.0254625,-0.0157022,0.0010000),(0.0242814,-0.0154345,0.0010000),(0.0243761,-0.0154515,0.0010000),(0.0254625,-0.0157022,0.0010000),(0.0243761,-0.0154515,0.0010000),(0.0244714,-0.0154618,0.0010000),(0.0254625,-0.0157022,0.0010000),(0.0244714,-0.0154618,0.0010000),(0.0245672,-0.0154652,0.0010000),(0.0254625,-0.0157022,0.0010000),(0.0245672,-0.0154652,0.0010000),(0.0245735,-0.0154652,0.0010000),(0.0254625,-0.0157022,0.0010000),(0.0245735,-0.0154652,0.0010000),(0.0246672,-0.0154631,0.0010000),(0.0254625,-0.0157022,0.0010000),(0.0246672,-0.0154631,0.0010000),(0.0247584,-0.0154568,0.0010000),(0.0254625,-0.0157022,0.0010000),(0.0247584,-0.0154568,0.0010000),(0.0248470,-0.0154464,0.0010000),(0.0254625,-0.0157022,0.0010000),(0.0248470,-0.0154464,0.0010000),(0.0249331,-0.0154318,0.0010000),(0.0254625,-0.0157022,0.0010000),(0.0249331,-0.0154318,0.0010000),(0.0250166,-0.0154131,0.0010000),(0.0254625,-0.0157022,0.0010000),(0.0250166,-0.0154131,0.0010000),(0.0250976,-0.0153902,0.0010000),(0.0254625,-0.0157022,0.0010000),(0.0250976,-0.0153902,0.0010000),(0.0251760,-0.0153631,0.0010000),(0.0254625,-0.0157022,0.0010000),(0.0251760,-0.0153631,0.0010000),(0.0252519,-0.0153318,0.0010000),(0.0232496,-0.0109768,0.0010000),(0.0254625,-0.0157022,0.0010000),(0.0252519,-0.0153318,0.0010000),(0.0232496,-0.0109768,0.0010000),(0.0252519,-0.0153318,0.0010000),(0.0236475,-0.0125368,0.0010000),(0.0232496,-0.0109768,0.0010000),(0.0236475,-0.0125368,0.0010000),(0.0235270,-0.0126396,0.0010000),(0.0232739,-0.0129448,0.0010000),(0.0232316,-0.0130141,0.0010000),(0.0228633,-0.0128056,0.0010000),(0.0233191,-0.0128783,0.0010000),(0.0232739,-0.0129448,0.0010000),(0.0228633,-0.0128056,0.0010000),(0.0234176,-0.0127535,0.0010000),(0.0233191,-0.0128783,0.0010000),(0.0228633,-0.0128056,0.0010000),(0.0235270,-0.0126396,0.0010000),(0.0234176,-0.0127535,0.0010000),(0.0228633,-0.0128056,0.0010000),(0.0235270,-0.0126396,0.0010000),(0.0228633,-0.0128056,0.0010000),(0.0229212,-0.0127105,0.0010000),(0.0235270,-0.0126396,0.0010000),(0.0229212,-0.0127105,0.0010000),(0.0229829,-0.0126196,0.0010000),(0.0235270,-0.0126396,0.0010000),(0.0229829,-0.0126196,0.0010000),(0.0230482,-0.0125327,0.0010000),(0.0235270,-0.0126396,0.0010000),(0.0230482,-0.0125327,0.0010000),(0.0231173,-0.0124500,0.0010000),(0.0235270,-0.0126396,0.0010000),(0.0231173,-0.0124500,0.0010000),(0.0231900,-0.0123713,0.0010000),(0.0235270,-0.0126396,0.0010000),(0.0231900,-0.0123713,0.0010000),(0.0232665,-0.0122968,0.0010000),(0.0235270,-0.0126396,0.0010000),(0.0232665,-0.0122968,0.0010000),(0.0233467,-0.0122263,0.0010000),(0.0235270,-0.0126396,0.0010000),(0.0233467,-0.0122263,0.0010000),(0.0234305,-0.0121600,0.0010000),(0.0232496,-0.0109768,0.0010000),(0.0235270,-0.0126396,0.0010000),(0.0234305,-0.0121600,0.0010000),(0.0232496,-0.0109768,0.0010000),(0.0234305,-0.0121600,0.0010000),(0.0228749,-0.0111895,0.0010000),(0.0232496,-0.0109768,0.0010000),(0.0228749,-0.0111895,0.0010000),(0.0228474,-0.0110879,0.0010000),(0.0232496,-0.0109768,0.0010000),(0.0228474,-0.0110879,0.0010000),(0.0228537,-0.0110276,0.0010000),(0.0232496,-0.0109768,0.0010000),(0.0228537,-0.0110276,0.0010000),(0.0228929,-0.0109506,0.0010000),(0.0232496,-0.0109768,0.0010000),(0.0228929,-0.0109506,0.0010000),(0.0229553,-0.0108953,0.0010000),(0.0232496,-0.0109768,0.0010000),(0.0229553,-0.0108953,0.0010000),(0.0230601,-0.0108678,0.0010000),(0.0232496,-0.0109768,0.0010000),(0.0230601,-0.0108678,0.0010000),(0.0231204,-0.0108752,0.0010000),(0.0232496,-0.0109768,0.0010000),(0.0231204,-0.0108752,0.0010000),(0.0231929,-0.0109106,0.0010000),(0.0271760,-0.0127548,0.0010000),(0.0271781,-0.0127061,0.0010000),(0.0272020,-0.0126140,0.0010000),(0.0271760,-0.0127548,0.0010000),(0.0272020,-0.0126140,0.0010000),(0.0272299,-0.0125277,0.0010000),(0.0271760,-0.0127548,0.0010000),(0.0272299,-0.0125277,0.0010000),(0.0272617,-0.0124472,0.0010000),(0.0271760,-0.0127548,0.0010000),(0.0272617,-0.0124472,0.0010000),(0.0272974,-0.0123725,0.0010000),(0.0271760,-0.0127548,0.0010000),(0.0272974,-0.0123725,0.0010000),(0.0273371,-0.0123035,0.0010000),(0.0271760,-0.0127548,0.0010000),(0.0273371,-0.0123035,0.0010000),(0.0273807,-0.0122404,0.0010000),(0.0271760,-0.0127548,0.0010000),(0.0273807,-0.0122404,0.0010000),(0.0274797,-0.0121314,0.0010000),(0.0271760,-0.0127548,0.0010000),(0.0274797,-0.0121314,0.0010000),(0.0275607,-0.0120620,0.0010000),(0.0271760,-0.0127548,0.0010000),(0.0275607,-0.0120620,0.0010000),(0.0276438,-0.0120018,0.0010000),(0.0271760,-0.0127548,0.0010000),(0.0276438,-0.0120018,0.0010000),(0.0277291,-0.0119508,0.0010000),(0.0271760,-0.0127548,0.0010000),(0.0277291,-0.0119508,0.0010000),(0.0278165,-0.0119092,0.0010000),(0.0271760,-0.0127548,0.0010000),(0.0278165,-0.0119092,0.0010000),(0.0279061,-0.0118768,0.0010000),(0.0271760,-0.0127548,0.0010000),(0.0279061,-0.0118768,0.0010000),(0.0279978,-0.0118536,0.0010000),(0.0271760,-0.0127548,0.0010000),(0.0279978,-0.0118536,0.0010000),(0.0280917,-0.0118397,0.0010000),(0.0271760,-0.0127548,0.0010000),(0.0280917,-0.0118397,0.0010000),(0.0281877,-0.0118351,0.0010000),(0.0271760,-0.0127548,0.0010000),(0.0281877,-0.0118351,0.0010000),(0.0282830,-0.0118398,0.0010000),(0.0271760,-0.0127548,0.0010000),(0.0282830,-0.0118398,0.0010000),(0.0283756,-0.0118539,0.0010000),(0.0271760,-0.0127548,0.0010000),(0.0283756,-0.0118539,0.0010000),(0.0284655,-0.0118775,0.0010000),(0.0271760,-0.0127548,0.0010000),(0.0284655,-0.0118775,0.0010000),(0.0285529,-0.0119105,0.0010000),(0.0285529,-0.0119105,0.0010000),(0.0286375,-0.0119529,0.0010000),(0.0287195,-0.0120047,0.0010000),(0.0285529,-0.0119105,0.0010000),(0.0287195,-0.0120047,0.0010000),(0.0287989,-0.0120660,0.0010000),(0.0285529,-0.0119105,0.0010000),(0.0287989,-0.0120660,0.0010000),(0.0288757,-0.0121367,0.0010000),(0.0285529,-0.0119105,0.0010000),(0.0288757,-0.0121367,0.0010000),(0.0289558,-0.0122249,0.0010000),(0.0285529,-0.0119105,0.0010000),(0.0289558,-0.0122249,0.0010000),(0.0290252,-0.0123198,0.0010000),(0.0285529,-0.0119105,0.0010000),(0.0290252,-0.0123198,0.0010000),(0.0290840,-0.0124213,0.0010000),(0.0285529,-0.0119105,0.0010000),(0.0290840,-0.0124213,0.0010000),(0.0291320,-0.0125294,0.0010000),(0.0285529,-0.0119105,0.0010000),(0.0291320,-0.0125294,0.0010000),(0.0291694,-0.0126440,0.0010000),(0.0285529,-0.0119105,0.0010000),(0.0291694,-0.0126440,0.0010000),(0.0291961,-0.0127654,0.0010000),(0.0285529,-0.0119105,0.0010000),(0.0291961,-0.0127654,0.0010000),(0.0292122,-0.0128933,0.0010000),(0.0285529,-0.0119105,0.0010000),(0.0292122,-0.0128933,0.0010000),(0.0292175,-0.0130278,0.0010000),(0.0285529,-0.0119105,0.0010000),(0.0292175,-0.0130278,0.0010000),(0.0292162,-0.0131311,0.0010000),(0.0285529,-0.0119105,0.0010000),(0.0292162,-0.0131311,0.0010000),(0.0292123,-0.0132303,0.0010000),(0.0285529,-0.0119105,0.0010000),(0.0292123,-0.0132303,0.0010000),(0.0292059,-0.0133255,0.0010000),(0.0285529,-0.0119105,0.0010000),(0.0292059,-0.0133255,0.0010000),(0.0291969,-0.0134167,0.0010000),(0.0285529,-0.0119105,0.0010000),(0.0291969,-0.0134167,0.0010000),(0.0291852,-0.0135038,0.0010000),(0.0285529,-0.0119105,0.0010000),(0.0291852,-0.0135038,0.0010000),(0.0291711,-0.0135869,0.0010000),(0.0285529,-0.0119105,0.0010000),(0.0291711,-0.0135869,0.0010000),(0.0291543,-0.0136659,0.0010000),(0.0285529,-0.0119105,0.0010000),(0.0291543,-0.0136659,0.0010000),(0.0291349,-0.0137409,0.0010000),(0.0285529,-0.0119105,0.0010000),(0.0291349,-0.0137409,0.0010000),(0.0290885,-0.0138787,0.0010000),(0.0290885,-0.0138787,0.0010000),(0.0290318,-0.0140004,0.0010000),(0.0289647,-0.0141059,0.0010000),(0.0290885,-0.0138787,0.0010000),(0.0289647,-0.0141059,0.0010000),(0.0288873,-0.0141952,0.0010000),(0.0290885,-0.0138787,0.0010000),(0.0288873,-0.0141952,0.0010000),(0.0288078,-0.0142646,0.0010000),(0.0290885,-0.0138787,0.0010000),(0.0288078,-0.0142646,0.0010000),(0.0287260,-0.0143248,0.0010000),(0.0290885,-0.0138787,0.0010000),(0.0287260,-0.0143248,0.0010000),(0.0286418,-0.0143757,0.0010000),(0.0290885,-0.0138787,0.0010000),(0.0286418,-0.0143757,0.0010000),(0.0285552,-0.0144174,0.0010000),(0.0290885,-0.0138787,0.0010000),(0.0285552,-0.0144174,0.0010000),(0.0284664,-0.0144498,0.0010000),(0.0290885,-0.0138787,0.0010000),(0.0284664,-0.0144498,0.0010000),(0.0283751,-0.0144730,0.0010000),(0.0290885,-0.0138787,0.0010000),(0.0283751,-0.0144730,0.0010000),(0.0282815,-0.0144869,0.0010000),(0.0290885,-0.0138787,0.0010000),(0.0282815,-0.0144869,0.0010000),(0.0281856,-0.0144915,0.0010000),(0.0290885,-0.0138787,0.0010000),(0.0281856,-0.0144915,0.0010000),(0.0281003,-0.0144882,0.0010000),(0.0290885,-0.0138787,0.0010000),(0.0281003,-0.0144882,0.0010000),(0.0280179,-0.0144785,0.0010000),(0.0290885,-0.0138787,0.0010000),(0.0280179,-0.0144785,0.0010000),(0.0279385,-0.0144622,0.0010000),(0.0290885,-0.0138787,0.0010000),(0.0279385,-0.0144622,0.0010000),(0.0278620,-0.0144394,0.0010000),(0.0290885,-0.0138787,0.0010000),(0.0278620,-0.0144394,0.0010000),(0.0277179,-0.0143742,0.0010000),(0.0290885,-0.0138787,0.0010000),(0.0277179,-0.0143742,0.0010000),(0.0275855,-0.0142830,0.0010000),(0.0276279,-0.0154609,0.0010000),(0.0289032,-0.0154609,0.0010000),(0.0289847,-0.0154768,0.0010000),(0.0276279,-0.0154609,0.0010000),(0.0289847,-0.0154768,0.0010000),(0.0290535,-0.0155244,0.0010000),(0.0276279,-0.0154609,0.0010000),(0.0290535,-0.0155244,0.0010000),(0.0291003,-0.0155938,0.0010000),(0.0276279,-0.0154609,0.0010000),(0.0291003,-0.0155938,0.0010000),(0.0291159,-0.0156747,0.0010000),(0.0276279,-0.0154609,0.0010000),(0.0291159,-0.0156747,0.0010000),(0.0291003,-0.0157554,0.0010000),(0.0276279,-0.0154609,0.0010000),(0.0291003,-0.0157554,0.0010000),(0.0290535,-0.0158239,0.0010000),(0.0276279,-0.0154609,0.0010000),(0.0290535,-0.0158239,0.0010000),(0.0289847,-0.0158716,0.0010000),(0.0276279,-0.0154609,0.0010000),(0.0289847,-0.0158716,0.0010000),(0.0289032,-0.0158874,0.0010000),(0.0276279,-0.0154609,0.0010000),(0.0289032,-0.0158874,0.0010000),(0.0274310,-0.0158874,0.0010000),(0.0275855,-0.0142830,0.0010000),(0.0276279,-0.0154609,0.0010000),(0.0274310,-0.0158874,0.0010000),(0.0275855,-0.0142830,0.0010000),(0.0274310,-0.0158874,0.0010000),(0.0273506,-0.0158734,0.0010000),(0.0275855,-0.0142830,0.0010000),(0.0273506,-0.0158734,0.0010000),(0.0272807,-0.0158314,0.0010000),(0.0275855,-0.0142830,0.0010000),(0.0272807,-0.0158314,0.0010000),(0.0272331,-0.0157663,0.0010000),(0.0275855,-0.0142830,0.0010000),(0.0272331,-0.0157663,0.0010000),(0.0272172,-0.0156874,0.0010000),(0.0275855,-0.0142830,0.0010000),(0.0272172,-0.0156874,0.0010000),(0.0271368,-0.0136226,0.0010000),(0.0275855,-0.0142830,0.0010000),(0.0271368,-0.0136226,0.0010000),(0.0271500,-0.0135432,0.0010000),(0.0275855,-0.0142830,0.0010000),(0.0271500,-0.0135432,0.0010000),(0.0271897,-0.0134723,0.0010000),(0.0275855,-0.0142830,0.0010000),(0.0271897,-0.0134723,0.0010000),(0.0272548,-0.0134184,0.0010000),(0.0275855,-0.0142830,0.0010000),(0.0272548,-0.0134184,0.0010000),(0.0273379,-0.0134004,0.0010000),(0.0275855,-0.0142830,0.0010000),(0.0273379,-0.0134004,0.0010000),(0.0274191,-0.0134139,0.0010000),(0.0275855,-0.0142830,0.0010000),(0.0274191,-0.0134139,0.0010000),(0.0274914,-0.0134543,0.0010000),(0.0275855,-0.0142830,0.0010000),(0.0274914,-0.0134543,0.0010000),(0.0275538,-0.0135559,0.0010000),(0.0275855,-0.0142830,0.0010000),(0.0275538,-0.0135559,0.0010000),(0.0275878,-0.0136411,0.0010000),(0.0275855,-0.0142830,0.0010000),(0.0275878,-0.0136411,0.0010000),(0.0276369,-0.0137250,0.0010000),(0.0275855,-0.0142830,0.0010000),(0.0276369,-0.0137250,0.0010000),(0.0277010,-0.0138078,0.0010000),(0.0275855,-0.0142830,0.0010000),(0.0277010,-0.0138078,0.0010000),(0.0277803,-0.0138893,0.0010000),(0.0275855,-0.0142830,0.0010000),(0.0277803,-0.0138893,0.0010000),(0.0278759,-0.0139671,0.0010000),(0.0275855,-0.0142830,0.0010000),(0.0278759,-0.0139671,0.0010000),(0.0279753,-0.0140227,0.0010000),(0.0275855,-0.0142830,0.0010000),(0.0279753,-0.0140227,0.0010000),(0.0280785,-0.0140560,0.0010000),(0.0275855,-0.0142830,0.0010000),(0.0280785,-0.0140560,0.0010000),(0.0281856,-0.0140671,0.0010000),(0.0275855,-0.0142830,0.0010000),(0.0281856,-0.0140671,0.0010000),(0.0282921,-0.0140560,0.0010000),(0.0290885,-0.0138787,0.0010000),(0.0275855,-0.0142830,0.0010000),(0.0282921,-0.0140560,0.0010000),(0.0290885,-0.0138787,0.0010000),(0.0282921,-0.0140560,0.0010000),(0.0283946,-0.0140227,0.0010000),(0.0290885,-0.0138787,0.0010000),(0.0283946,-0.0140227,0.0010000),(0.0284932,-0.0139671,0.0010000),(0.0290885,-0.0138787,0.0010000),(0.0284932,-0.0139671,0.0010000),(0.0285878,-0.0138893,0.0010000),(0.0290885,-0.0138787,0.0010000),(0.0285878,-0.0138893,0.0010000),(0.0286781,-0.0137607,0.0010000),(0.0290885,-0.0138787,0.0010000),(0.0286781,-0.0137607,0.0010000),(0.0287135,-0.0136746,0.0010000),(0.0290885,-0.0138787,0.0010000),(0.0287135,-0.0136746,0.0010000),(0.0287426,-0.0135739,0.0010000),(0.0290885,-0.0138787,0.0010000),(0.0287426,-0.0135739,0.0010000),(0.0287651,-0.0134587,0.0010000),(0.0290885,-0.0138787,0.0010000),(0.0287651,-0.0134587,0.0010000),(0.0287813,-0.0133289,0.0010000),(0.0290885,-0.0138787,0.0010000),(0.0287813,-0.0133289,0.0010000),(0.0287909,-0.0131846,0.0010000),(0.0290885,-0.0138787,0.0010000),(0.0287909,-0.0131846,0.0010000),(0.0287942,-0.0130257,0.0010000),(0.0290885,-0.0138787,0.0010000),(0.0287942,-0.0130257,0.0010000),(0.0287907,-0.0129343,0.0010000),(0.0290885,-0.0138787,0.0010000),(0.0287907,-0.0129343,0.0010000),(0.0287804,-0.0128478,0.0010000),(0.0290885,-0.0138787,0.0010000),(0.0287804,-0.0128478,0.0010000),(0.0287632,-0.0127663,0.0010000),(0.0285529,-0.0119105,0.0010000),(0.0290885,-0.0138787,0.0010000),(0.0287632,-0.0127663,0.0010000),(0.0285529,-0.0119105,0.0010000),(0.0287632,-0.0127663,0.0010000),(0.0287391,-0.0126897,0.0010000),(0.0285529,-0.0119105,0.0010000),(0.0287391,-0.0126897,0.0010000),(0.0286703,-0.0125514,0.0010000),(0.0285529,-0.0119105,0.0010000),(0.0286703,-0.0125514,0.0010000),(0.0285740,-0.0124330,0.0010000),(0.0285529,-0.0119105,0.0010000),(0.0285740,-0.0124330,0.0010000),(0.0284827,-0.0123571,0.0010000),(0.0285529,-0.0119105,0.0010000),(0.0284827,-0.0123571,0.0010000),(0.0283867,-0.0123029,0.0010000),(0.0285529,-0.0119105,0.0010000),(0.0283867,-0.0123029,0.0010000),(0.0282859,-0.0122703,0.0010000),(0.0285529,-0.0119105,0.0010000),(0.0282859,-0.0122703,0.0010000),(0.0281803,-0.0122595,0.0010000),(0.0285529,-0.0119105,0.0010000),(0.0281803,-0.0122595,0.0010000),(0.0280777,-0.0122707,0.0010000),(0.0285529,-0.0119105,0.0010000),(0.0280777,-0.0122707,0.0010000),(0.0279753,-0.0123045,0.0010000),(0.0285529,-0.0119105,0.0010000),(0.0279753,-0.0123045,0.0010000),(0.0278729,-0.0123607,0.0010000),(0.0271760,-0.0127548,0.0010000),(0.0285529,-0.0119105,0.0010000),(0.0278729,-0.0123607,0.0010000),(0.0271760,-0.0127548,0.0010000),(0.0278729,-0.0123607,0.0010000),(0.0277708,-0.0124394,0.0010000),(0.0271760,-0.0127548,0.0010000),(0.0277708,-0.0124394,0.0010000),(0.0276686,-0.0125823,0.0010000),(0.0271760,-0.0127548,0.0010000),(0.0276686,-0.0125823,0.0010000),(0.0276291,-0.0126823,0.0010000),(0.0271760,-0.0127548,0.0010000),(0.0276291,-0.0126823,0.0010000),(0.0275972,-0.0128013,0.0010000),(0.0271760,-0.0127548,0.0010000),(0.0275972,-0.0128013,0.0010000),(0.0275531,-0.0128740,0.0010000),(0.0271760,-0.0127548,0.0010000),(0.0275531,-0.0128740,0.0010000),(0.0275046,-0.0129260,0.0010000),(0.0271760,-0.0127548,0.0010000),(0.0275046,-0.0129260,0.0010000),(0.0273940,-0.0129675,0.0010000),(0.0271760,-0.0127548,0.0010000),(0.0273940,-0.0129675,0.0010000),(0.0273866,-0.0129675,0.0010000),(0.0271760,-0.0127548,0.0010000),(0.0273866,-0.0129675,0.0010000),(0.0273127,-0.0129518,0.0010000),(0.0271760,-0.0127548,0.0010000),(0.0273127,-0.0129518,0.0010000),(0.0272530,-0.0129111,0.0010000),(0.0395448,-0.0125017,0.0010000),(0.0395502,-0.0126341,0.0010000),(0.0395502,-0.0143243,0.0010000),(0.0395448,-0.0125017,0.0010000),(0.0395502,-0.0143243,0.0010000),(0.0395449,-0.0144549,0.0010000),(0.0395448,-0.0125017,0.0010000),(0.0395449,-0.0144549,0.0010000),(0.0395290,-0.0145795,0.0010000),(0.0395448,-0.0125017,0.0010000),(0.0395290,-0.0145795,0.0010000),(0.0395024,-0.0146982,0.0010000),(0.0395448,-0.0125017,0.0010000),(0.0395024,-0.0146982,0.0010000),(0.0394653,-0.0148109,0.0010000),(0.0395448,-0.0125017,0.0010000),(0.0394653,-0.0148109,0.0010000),(0.0394175,-0.0149175,0.0010000),(0.0395448,-0.0125017,0.0010000),(0.0394175,-0.0149175,0.0010000),(0.0393591,-0.0150182,0.0010000),(0.0395448,-0.0125017,0.0010000),(0.0393591,-0.0150182,0.0010000),(0.0392901,-0.0151129,0.0010000),(0.0395448,-0.0125017,0.0010000),(0.0392901,-0.0151129,0.0010000),(0.0392105,-0.0152016,0.0010000),(0.0395448,-0.0125017,0.0010000),(0.0392105,-0.0152016,0.0010000),(0.0391338,-0.0152733,0.0010000),(0.0395448,-0.0125017,0.0010000),(0.0391338,-0.0152733,0.0010000),(0.0390540,-0.0153355,0.0010000),(0.0395448,-0.0125017,0.0010000),(0.0390540,-0.0153355,0.0010000),(0.0389712,-0.0153880,0.0010000),(0.0389712,-0.0153880,0.0010000),(0.0388853,-0.0154310,0.0010000),(0.0387963,-0.0154645,0.0010000),(0.0389712,-0.0153880,0.0010000),(0.0387963,-0.0154645,0.0010000),(0.0387042,-0.0154884,0.0010000),(0.0389712,-0.0153880,0.0010000),(0.0387042,-0.0154884,0.0010000),(0.0386091,-0.0155027,0.0010000),(0.0389712,-0.0153880,0.0010000),(0.0386091,-0.0155027,0.0010000),(0.0385109,-0.0155075,0.0010000),(0.0389712,-0.0153880,0.0010000),(0.0385109,-0.0155075,0.0010000),(0.0384138,-0.0155027,0.0010000),(0.0389712,-0.0153880,0.0010000),(0.0384138,-0.0155027,0.0010000),(0.0383194,-0.0154884,0.0010000),(0.0389712,-0.0153880,0.0010000),(0.0383194,-0.0154884,0.0010000),(0.0382277,-0.0154645,0.0010000),(0.0389712,-0.0153880,0.0010000),(0.0382277,-0.0154645,0.0010000),(0.0381386,-0.0154310,0.0010000),(0.0389712,-0.0153880,0.0010000),(0.0381386,-0.0154310,0.0010000),(0.0380523,-0.0153880,0.0010000),(0.0389712,-0.0153880,0.0010000),(0.0380523,-0.0153880,0.0010000),(0.0379686,-0.0153355,0.0010000),(0.0389712,-0.0153880,0.0010000),(0.0379686,-0.0153355,0.0010000),(0.0378876,-0.0152733,0.0010000),(0.0389712,-0.0153880,0.0010000),(0.0378876,-0.0152733,0.0010000),(0.0378092,-0.0152016,0.0010000),(0.0389712,-0.0153880,0.0010000),(0.0378092,-0.0152016,0.0010000),(0.0377296,-0.0151147,0.0010000),(0.0389712,-0.0153880,0.0010000),(0.0377296,-0.0151147,0.0010000),(0.0376606,-0.0150215,0.0010000),(0.0389712,-0.0153880,0.0010000),(0.0376606,-0.0150215,0.0010000),(0.0376022,-0.0149220,0.0010000),(0.0389712,-0.0153880,0.0010000),(0.0376022,-0.0149220,0.0010000),(0.0375544,-0.0148164,0.0010000),(0.0389712,-0.0153880,0.0010000),(0.0375544,-0.0148164,0.0010000),(0.0375173,-0.0147046,0.0010000),(0.0375173,-0.0147046,0.0010000),(0.0374907,-0.0145865,0.0010000),(0.0374748,-0.0144622,0.0010000),(0.0375173,-0.0147046,0.0010000),(0.0374748,-0.0144622,0.0010000),(0.0374695,-0.0143317,0.0010000),(0.0375173,-0.0147046,0.0010000),(0.0374695,-0.0143317,0.0010000),(0.0374695,-0.0143243,0.0010000),(0.0375173,-0.0147046,0.0010000),(0.0374695,-0.0143243,0.0010000),(0.0374695,-0.0126299,0.0010000),(0.0375173,-0.0147046,0.0010000),(0.0374695,-0.0126299,0.0010000),(0.0374748,-0.0124986,0.0010000),(0.0375173,-0.0147046,0.0010000),(0.0374748,-0.0124986,0.0010000),(0.0374907,-0.0123734,0.0010000),(0.0375173,-0.0147046,0.0010000),(0.0374907,-0.0123734,0.0010000),(0.0375173,-0.0122545,0.0010000),(0.0375173,-0.0147046,0.0010000),(0.0375173,-0.0122545,0.0010000),(0.0375544,-0.0121417,0.0010000),(0.0375173,-0.0147046,0.0010000),(0.0375544,-0.0121417,0.0010000),(0.0376022,-0.0120352,0.0010000),(0.0375173,-0.0147046,0.0010000),(0.0376022,-0.0120352,0.0010000),(0.0376606,-0.0119348,0.0010000),(0.0375173,-0.0147046,0.0010000),(0.0376606,-0.0119348,0.0010000),(0.0377296,-0.0118406,0.0010000),(0.0375173,-0.0147046,0.0010000),(0.0377296,-0.0118406,0.0010000),(0.0378092,-0.0117525,0.0010000),(0.0378092,-0.0117525,0.0010000),(0.0381130,-0.0120489,0.0010000),(0.0380190,-0.0121652,0.0010000),(0.0378092,-0.0117525,0.0010000),(0.0380190,-0.0121652,0.0010000),(0.0379518,-0.0123015,0.0010000),(0.0378092,-0.0117525,0.0010000),(0.0379518,-0.0123015,0.0010000),(0.0379116,-0.0124578,0.0010000),(0.0375173,-0.0147046,0.0010000),(0.0378092,-0.0117525,0.0010000),(0.0379116,-0.0124578,0.0010000),(0.0375173,-0.0147046,0.0010000),(0.0379116,-0.0124578,0.0010000),(0.0379015,-0.0125435,0.0010000),(0.0375173,-0.0147046,0.0010000),(0.0379015,-0.0125435,0.0010000),(0.0378981,-0.0126341,0.0010000),(0.0375173,-0.0147046,0.0010000),(0.0378981,-0.0126341,0.0010000),(0.0378981,-0.0143317,0.0010000),(0.0375173,-0.0147046,0.0010000),(0.0378981,-0.0143317,0.0010000),(0.0379014,-0.0144200,0.0010000),(0.0375173,-0.0147046,0.0010000),(0.0379014,-0.0144200,0.0010000),(0.0379114,-0.0145034,0.0010000),(0.0375173,-0.0147046,0.0010000),(0.0379114,-0.0145034,0.0010000),(0.0379280,-0.0145819,0.0010000),(0.0375173,-0.0147046,0.0010000),(0.0379280,-0.0145819,0.0010000),(0.0379513,-0.0146555,0.0010000),(0.0375173,-0.0147046,0.0010000),(0.0379513,-0.0146555,0.0010000),(0.0380178,-0.0147881,0.0010000),(0.0375173,-0.0147046,0.0010000),(0.0380178,-0.0147881,0.0010000),(0.0381109,-0.0149011,0.0010000),(0.0375173,-0.0147046,0.0010000),(0.0381109,-0.0149011,0.0010000),(0.0382061,-0.0149798,0.0010000),(0.0375173,-0.0147046,0.0010000),(0.0382061,-0.0149798,0.0010000),(0.0383045,-0.0150360,0.0010000),(0.0389712,-0.0153880,0.0010000),(0.0375173,-0.0147046,0.0010000),(0.0383045,-0.0150360,0.0010000),(0.0389712,-0.0153880,0.0010000),(0.0383045,-0.0150360,0.0010000),(0.0384061,-0.0150697,0.0010000),(0.0389712,-0.0153880,0.0010000),(0.0384061,-0.0150697,0.0010000),(0.0385109,-0.0150810,0.0010000),(0.0389712,-0.0153880,0.0010000),(0.0385109,-0.0150810,0.0010000),(0.0386200,-0.0150697,0.0010000),(0.0389712,-0.0153880,0.0010000),(0.0386200,-0.0150697,0.0010000),(0.0387228,-0.0150360,0.0010000),(0.0389712,-0.0153880,0.0010000),(0.0387228,-0.0150360,0.0010000),(0.0388195,-0.0149798,0.0010000),(0.0389712,-0.0153880,0.0010000),(0.0388195,-0.0149798,0.0010000),(0.0389099,-0.0149011,0.0010000),(0.0389712,-0.0153880,0.0010000),(0.0389099,-0.0149011,0.0010000),(0.0390030,-0.0147825,0.0010000),(0.0389712,-0.0153880,0.0010000),(0.0390030,-0.0147825,0.0010000),(0.0390694,-0.0146468,0.0010000),(0.0389712,-0.0153880,0.0010000),(0.0390694,-0.0146468,0.0010000),(0.0391093,-0.0144941,0.0010000),(0.0395448,-0.0125017,0.0010000),(0.0389712,-0.0153880,0.0010000),(0.0391093,-0.0144941,0.0010000),(0.0395448,-0.0125017,0.0010000),(0.0391093,-0.0144941,0.0010000),(0.0391193,-0.0144113,0.0010000),(0.0395448,-0.0125017,0.0010000),(0.0391193,-0.0144113,0.0010000),(0.0391226,-0.0143243,0.0010000),(0.0395448,-0.0125017,0.0010000),(0.0391226,-0.0143243,0.0010000),(0.0391226,-0.0126341,0.0010000),(0.0395448,-0.0125017,0.0010000),(0.0391226,-0.0126341,0.0010000),(0.0391193,-0.0125445,0.0010000),(0.0395448,-0.0125017,0.0010000),(0.0391193,-0.0125445,0.0010000),(0.0391093,-0.0124597,0.0010000),(0.0395448,-0.0125017,0.0010000),(0.0391093,-0.0124597,0.0010000),(0.0390927,-0.0123798,0.0010000),(0.0395448,-0.0125017,0.0010000),(0.0390927,-0.0123798,0.0010000),(0.0390694,-0.0123047,0.0010000),(0.0395448,-0.0125017,0.0010000),(0.0390694,-0.0123047,0.0010000),(0.0390030,-0.0121692,0.0010000),(0.0395448,-0.0125017,0.0010000),(0.0390030,-0.0121692,0.0010000),(0.0389099,-0.0120531,0.0010000),(0.0395448,-0.0125017,0.0010000),(0.0389099,-0.0120531,0.0010000),(0.0388187,-0.0119753,0.0010000),(0.0382045,-0.0119729,0.0010000),(0.0381130,-0.0120489,0.0010000),(0.0378092,-0.0117525,0.0010000),(0.0383014,-0.0119187,0.0010000),(0.0382045,-0.0119729,0.0010000),(0.0378092,-0.0117525,0.0010000),(0.0384035,-0.0118861,0.0010000),(0.0383014,-0.0119187,0.0010000),(0.0378092,-0.0117525,0.0010000),(0.0385109,-0.0118753,0.0010000),(0.0384035,-0.0118861,0.0010000),(0.0378092,-0.0117525,0.0010000),(0.0386192,-0.0118864,0.0010000),(0.0385109,-0.0118753,0.0010000),(0.0378092,-0.0117525,0.0010000),(0.0386192,-0.0118864,0.0010000),(0.0378092,-0.0117525,0.0010000),(0.0378861,-0.0116818,0.0010000),(0.0386192,-0.0118864,0.0010000),(0.0378861,-0.0116818,0.0010000),(0.0379659,-0.0116206,0.0010000),(0.0387218,-0.0119198,0.0010000),(0.0386192,-0.0118864,0.0010000),(0.0379659,-0.0116206,0.0010000),(0.0387218,-0.0119198,0.0010000),(0.0379659,-0.0116206,0.0010000),(0.0380487,-0.0115687,0.0010000),(0.0387218,-0.0119198,0.0010000),(0.0380487,-0.0115687,0.0010000),(0.0381344,-0.0115263,0.0010000),(0.0388187,-0.0119753,0.0010000),(0.0387218,-0.0119198,0.0010000),(0.0381344,-0.0115263,0.0010000),(0.0388187,-0.0119753,0.0010000),(0.0381344,-0.0115263,0.0010000),(0.0382231,-0.0114933,0.0010000),(0.0395448,-0.0125017,0.0010000),(0.0388187,-0.0119753,0.0010000),(0.0382231,-0.0114933,0.0010000),(0.0395448,-0.0125017,0.0010000),(0.0382231,-0.0114933,0.0010000),(0.0383146,-0.0114698,0.0010000),(0.0395448,-0.0125017,0.0010000),(0.0383146,-0.0114698,0.0010000),(0.0384092,-0.0114556,0.0010000),(0.0395448,-0.0125017,0.0010000),(0.0384092,-0.0114556,0.0010000),(0.0385067,-0.0114509,0.0010000),(0.0395448,-0.0125017,0.0010000),(0.0385067,-0.0114509,0.0010000),(0.0386058,-0.0114555,0.0010000),(0.0395448,-0.0125017,0.0010000),(0.0386058,-0.0114555,0.0010000),(0.0387017,-0.0114694,0.0010000),(0.0395448,-0.0125017,0.0010000),(0.0387017,-0.0114694,0.0010000),(0.0387944,-0.0114926,0.0010000),(0.0395448,-0.0125017,0.0010000),(0.0387944,-0.0114926,0.0010000),(0.0388837,-0.0115250,0.0010000),(0.0395448,-0.0125017,0.0010000),(0.0388837,-0.0115250,0.0010000),(0.0389698,-0.0115667,0.0010000),(0.0395448,-0.0125017,0.0010000),(0.0389698,-0.0115667,0.0010000),(0.0390526,-0.0116176,0.0010000),(0.0395448,-0.0125017,0.0010000),(0.0390526,-0.0116176,0.0010000),(0.0391321,-0.0116778,0.0010000),(0.0395448,-0.0125017,0.0010000),(0.0391321,-0.0116778,0.0010000),(0.0392083,-0.0117472,0.0010000),(0.0395448,-0.0125017,0.0010000),(0.0392083,-0.0117472,0.0010000),(0.0392885,-0.0118366,0.0010000),(0.0395448,-0.0125017,0.0010000),(0.0392885,-0.0118366,0.0010000),(0.0393579,-0.0119321,0.0010000),(0.0395448,-0.0125017,0.0010000),(0.0393579,-0.0119321,0.0010000),(0.0394167,-0.0120337,0.0010000),(0.0395448,-0.0125017,0.0010000),(0.0394167,-0.0120337,0.0010000),(0.0394647,-0.0121415,0.0010000),(0.0395448,-0.0125017,0.0010000),(0.0394647,-0.0121415,0.0010000),(0.0395021,-0.0122554,0.0010000),(0.0395448,-0.0125017,0.0010000),(0.0395021,-0.0122554,0.0010000),(0.0395288,-0.0123755,0.0010000),(0.0347655,-0.0144476,0.0010000),(0.0347602,-0.0143126,0.0010000),(0.0347615,-0.0142094,0.0010000),(0.0347655,-0.0144476,0.0010000),(0.0347615,-0.0142094,0.0010000),(0.0347654,-0.0141102,0.0010000),(0.0347655,-0.0144476,0.0010000),(0.0347654,-0.0141102,0.0010000),(0.0347720,-0.0140150,0.0010000),(0.0347655,-0.0144476,0.0010000),(0.0347720,-0.0140150,0.0010000),(0.0347811,-0.0139240,0.0010000),(0.0347655,-0.0144476,0.0010000),(0.0347811,-0.0139240,0.0010000),(0.0347929,-0.0138370,0.0010000),(0.0347655,-0.0144476,0.0010000),(0.0347929,-0.0138370,0.0010000),(0.0348073,-0.0137540,0.0010000),(0.0347655,-0.0144476,0.0010000),(0.0348073,-0.0137540,0.0010000),(0.0348244,-0.0136752,0.0010000),(0.0347655,-0.0144476,0.0010000),(0.0348244,-0.0136752,0.0010000),(0.0348440,-0.0136004,0.0010000),(0.0347655,-0.0144476,0.0010000),(0.0348440,-0.0136004,0.0010000),(0.0348912,-0.0134630,0.0010000),(0.0347655,-0.0144476,0.0010000),(0.0348912,-0.0134630,0.0010000),(0.0349489,-0.0133419,0.0010000),(0.0347655,-0.0144476,0.0010000),(0.0349489,-0.0133419,0.0010000),(0.0350170,-0.0132370,0.0010000),(0.0347655,-0.0144476,0.0010000),(0.0350170,-0.0132370,0.0010000),(0.0350957,-0.0131485,0.0010000),(0.0347655,-0.0144476,0.0010000),(0.0350957,-0.0131485,0.0010000),(0.0351739,-0.0130780,0.0010000),(0.0347655,-0.0144476,0.0010000),(0.0351739,-0.0130780,0.0010000),(0.0352547,-0.0130170,0.0010000),(0.0347655,-0.0144476,0.0010000),(0.0352547,-0.0130170,0.0010000),(0.0353381,-0.0129653,0.0010000),(0.0347655,-0.0144476,0.0010000),(0.0353381,-0.0129653,0.0010000),(0.0354240,-0.0129231,0.0010000),(0.0347655,-0.0144476,0.0010000),(0.0354240,-0.0129231,0.0010000),(0.0355125,-0.0128902,0.0010000),(0.0347655,-0.0144476,0.0010000),(0.0355125,-0.0128902,0.0010000),(0.0356035,-0.0128667,0.0010000),(0.0347655,-0.0144476,0.0010000),(0.0356035,-0.0128667,0.0010000),(0.0356970,-0.0128526,0.0010000),(0.0356970,-0.0128526,0.0010000),(0.0357931,-0.0128479,0.0010000),(0.0358822,-0.0128514,0.0010000),(0.0356970,-0.0128526,0.0010000),(0.0358822,-0.0128514,0.0010000),(0.0359680,-0.0128619,0.0010000),(0.0356970,-0.0128526,0.0010000),(0.0359680,-0.0128619,0.0010000),(0.0360505,-0.0128795,0.0010000),(0.0356970,-0.0128526,0.0010000),(0.0360505,-0.0128795,0.0010000),(0.0361297,-0.0129040,0.0010000),(0.0356970,-0.0128526,0.0010000),(0.0361297,-0.0129040,0.0010000),(0.0362055,-0.0129356,0.0010000),(0.0356970,-0.0128526,0.0010000),(0.0362055,-0.0129356,0.0010000),(0.0362781,-0.0129741,0.0010000),(0.0356970,-0.0128526,0.0010000),(0.0362781,-0.0129741,0.0010000),(0.0363473,-0.0130197,0.0010000),(0.0356970,-0.0128526,0.0010000),(0.0363473,-0.0130197,0.0010000),(0.0364133,-0.0130723,0.0010000),(0.0353018,-0.0121730,0.0010000),(0.0352343,-0.0123145,0.0010000),(0.0351512,-0.0124082,0.0010000),(0.0353018,-0.0121730,0.0010000),(0.0351512,-0.0124082,0.0010000),(0.0350353,-0.0124606,0.0010000),(0.0353962,-0.0120531,0.0010000),(0.0353018,-0.0121730,0.0010000),(0.0350353,-0.0124606,0.0010000),(0.0353962,-0.0120531,0.0010000),(0.0350353,-0.0124606,0.0010000),(0.0349597,-0.0124298,0.0010000),(0.0353962,-0.0120531,0.0010000),(0.0349597,-0.0124298,0.0010000),(0.0348991,-0.0123841,0.0010000),(0.0354894,-0.0119753,0.0010000),(0.0353962,-0.0120531,0.0010000),(0.0348991,-0.0123841,0.0010000),(0.0354894,-0.0119753,0.0010000),(0.0348991,-0.0123841,0.0010000),(0.0348226,-0.0122478,0.0010000),(0.0355880,-0.0119198,0.0010000),(0.0354894,-0.0119753,0.0010000),(0.0348226,-0.0122478,0.0010000),(0.0355880,-0.0119198,0.0010000),(0.0348226,-0.0122478,0.0010000),(0.0348300,-0.0121759,0.0010000),(0.0355880,-0.0119198,0.0010000),(0.0348300,-0.0121759,0.0010000),(0.0348786,-0.0120581,0.0010000),(0.0356921,-0.0118864,0.0010000),(0.0355880,-0.0119198,0.0010000),(0.0348786,-0.0120581,0.0010000),(0.0356921,-0.0118864,0.0010000),(0.0348786,-0.0120581,0.0010000),(0.0349398,-0.0119483,0.0010000),(0.0358016,-0.0118753,0.0010000),(0.0356921,-0.0118864,0.0010000),(0.0349398,-0.0119483,0.0010000),(0.0358016,-0.0118753,0.0010000),(0.0349398,-0.0119483,0.0010000),(0.0350136,-0.0118465,0.0010000),(0.0358016,-0.0118753,0.0010000),(0.0350136,-0.0118465,0.0010000),(0.0350999,-0.0117525,0.0010000),(0.0358962,-0.0118870,0.0010000),(0.0358016,-0.0118753,0.0010000),(0.0350999,-0.0117525,0.0010000),(0.0358962,-0.0118870,0.0010000),(0.0350999,-0.0117525,0.0010000),(0.0351768,-0.0116818,0.0010000),(0.0358962,-0.0118870,0.0010000),(0.0351768,-0.0116818,0.0010000),(0.0352569,-0.0116206,0.0010000),(0.0359968,-0.0119221,0.0010000),(0.0358962,-0.0118870,0.0010000),(0.0352569,-0.0116206,0.0010000),(0.0359968,-0.0119221,0.0010000),(0.0352569,-0.0116206,0.0010000),(0.0353400,-0.0115687,0.0010000),(0.0359968,-0.0119221,0.0010000),(0.0353400,-0.0115687,0.0010000),(0.0354261,-0.0115263,0.0010000),(0.0361036,-0.0119807,0.0010000),(0.0359968,-0.0119221,0.0010000),(0.0354261,-0.0115263,0.0010000),(0.0361036,-0.0119807,0.0010000),(0.0354261,-0.0115263,0.0010000),(0.0355154,-0.0114933,0.0010000),(0.0362164,-0.0120626,0.0010000),(0.0361036,-0.0119807,0.0010000),(0.0355154,-0.0114933,0.0010000),(0.0362164,-0.0120626,0.0010000),(0.0355154,-0.0114933,0.0010000),(0.0356077,-0.0114698,0.0010000),(0.0362164,-0.0120626,0.0010000),(0.0356077,-0.0114698,0.0010000),(0.0357031,-0.0114556,0.0010000),(0.0363026,-0.0121607,0.0010000),(0.0362164,-0.0120626,0.0010000),(0.0357031,-0.0114556,0.0010000),(0.0363026,-0.0121607,0.0010000),(0.0357031,-0.0114556,0.0010000),(0.0358016,-0.0114509,0.0010000),(0.0363026,-0.0121607,0.0010000),(0.0358016,-0.0114509,0.0010000),(0.0358864,-0.0114554,0.0010000),(0.0363026,-0.0121607,0.0010000),(0.0358864,-0.0114554,0.0010000),(0.0359717,-0.0114690,0.0010000),(0.0363641,-0.0122886,0.0010000),(0.0363026,-0.0121607,0.0010000),(0.0359717,-0.0114690,0.0010000),(0.0363641,-0.0122886,0.0010000),(0.0359717,-0.0114690,0.0010000),(0.0360574,-0.0114917,0.0010000),(0.0363641,-0.0122886,0.0010000),(0.0360574,-0.0114917,0.0010000),(0.0361434,-0.0115234,0.0010000),(0.0363641,-0.0122886,0.0010000),(0.0361434,-0.0115234,0.0010000),(0.0362299,-0.0115642,0.0010000),(0.0363856,-0.0123638,0.0010000),(0.0363641,-0.0122886,0.0010000),(0.0362299,-0.0115642,0.0010000),(0.0363856,-0.0123638,0.0010000),(0.0362299,-0.0115642,0.0010000),(0.0363167,-0.0116140,0.0010000),(0.0364010,-0.0124464,0.0010000),(0.0363856,-0.0123638,0.0010000),(0.0363167,-0.0116140,0.0010000),(0.0364102,-0.0125365,0.0010000),(0.0364010,-0.0124464,0.0010000),(0.0363167,-0.0116140,0.0010000),(0.0364102,-0.0125365,0.0010000),(0.0363167,-0.0116140,0.0010000),(0.0364040,-0.0116729,0.0010000),(0.0364133,-0.0126341,0.0010000),(0.0364102,-0.0125365,0.0010000),(0.0364040,-0.0116729,0.0010000),(0.0364133,-0.0126341,0.0010000),(0.0364040,-0.0116729,0.0010000),(0.0364916,-0.0117409,0.0010000),(0.0364133,-0.0130723,0.0010000),(0.0364133,-0.0126341,0.0010000),(0.0364916,-0.0117409,0.0010000),(0.0364133,-0.0130723,0.0010000),(0.0364916,-0.0117409,0.0010000),(0.0365735,-0.0118186,0.0010000),(0.0364133,-0.0130723,0.0010000),(0.0365735,-0.0118186,0.0010000),(0.0366444,-0.0119059,0.0010000),(0.0364133,-0.0130723,0.0010000),(0.0366444,-0.0119059,0.0010000),(0.0367044,-0.0120025,0.0010000),(0.0364133,-0.0130723,0.0010000),(0.0367044,-0.0120025,0.0010000),(0.0367535,-0.0121087,0.0010000),(0.0364133,-0.0130723,0.0010000),(0.0367535,-0.0121087,0.0010000),(0.0367917,-0.0122243,0.0010000),(0.0364133,-0.0130723,0.0010000),(0.0367917,-0.0122243,0.0010000),(0.0368190,-0.0123493,0.0010000),(0.0364133,-0.0130723,0.0010000),(0.0368190,-0.0123493,0.0010000),(0.0368354,-0.0124838,0.0010000),(0.0364133,-0.0130723,0.0010000),(0.0368354,-0.0124838,0.0010000),(0.0368409,-0.0126278,0.0010000),(0.0364133,-0.0130723,0.0010000),(0.0368409,-0.0126278,0.0010000),(0.0368409,-0.0139443,0.0010000),(0.0356970,-0.0128526,0.0010000),(0.0364133,-0.0130723,0.0010000),(0.0368409,-0.0139443,0.0010000),(0.0368409,-0.0139443,0.0010000),(0.0364450,-0.0139327,0.0010000),(0.0364296,-0.0138097,0.0010000),(0.0368409,-0.0139443,0.0010000),(0.0364296,-0.0138097,0.0010000),(0.0363831,-0.0136885,0.0010000),(0.0368409,-0.0139443,0.0010000),(0.0363831,-0.0136885,0.0010000),(0.0363057,-0.0135690,0.0010000),(0.0356970,-0.0128526,0.0010000),(0.0368409,-0.0139443,0.0010000),(0.0363057,-0.0135690,0.0010000),(0.0356970,-0.0128526,0.0010000),(0.0363057,-0.0135690,0.0010000),(0.0361974,-0.0134512,0.0010000),(0.0356970,-0.0128526,0.0010000),(0.0361974,-0.0134512,0.0010000),(0.0361019,-0.0133724,0.0010000),(0.0356970,-0.0128526,0.0010000),(0.0361019,-0.0133724,0.0010000),(0.0360027,-0.0133162,0.0010000),(0.0356970,-0.0128526,0.0010000),(0.0360027,-0.0133162,0.0010000),(0.0358997,-0.0132825,0.0010000),(0.0356970,-0.0128526,0.0010000),(0.0358997,-0.0132825,0.0010000),(0.0357931,-0.0132712,0.0010000),(0.0356970,-0.0128526,0.0010000),(0.0357931,-0.0132712,0.0010000),(0.0356869,-0.0132825,0.0010000),(0.0356970,-0.0128526,0.0010000),(0.0356869,-0.0132825,0.0010000),(0.0355843,-0.0133162,0.0010000),(0.0356970,-0.0128526,0.0010000),(0.0355843,-0.0133162,0.0010000),(0.0354853,-0.0133724,0.0010000),(0.0356970,-0.0128526,0.0010000),(0.0354853,-0.0133724,0.0010000),(0.0353899,-0.0134512,0.0010000),(0.0356970,-0.0128526,0.0010000),(0.0353899,-0.0134512,0.0010000),(0.0353019,-0.0135800,0.0010000),(0.0347655,-0.0144476,0.0010000),(0.0356970,-0.0128526,0.0010000),(0.0353019,-0.0135800,0.0010000),(0.0347655,-0.0144476,0.0010000),(0.0353019,-0.0135800,0.0010000),(0.0352673,-0.0136661,0.0010000),(0.0347655,-0.0144476,0.0010000),(0.0352673,-0.0136661,0.0010000),(0.0352391,-0.0137665,0.0010000),(0.0347655,-0.0144476,0.0010000),(0.0352391,-0.0137665,0.0010000),(0.0352171,-0.0138814,0.0010000),(0.0347655,-0.0144476,0.0010000),(0.0352171,-0.0138814,0.0010000),(0.0352014,-0.0140108,0.0010000),(0.0347655,-0.0144476,0.0010000),(0.0352014,-0.0140108,0.0010000),(0.0351919,-0.0141545,0.0010000),(0.0347655,-0.0144476,0.0010000),(0.0351919,-0.0141545,0.0010000),(0.0351888,-0.0143126,0.0010000),(0.0347655,-0.0144476,0.0010000),(0.0351888,-0.0143126,0.0010000),(0.0351921,-0.0144041,0.0010000),(0.0347655,-0.0144476,0.0010000),(0.0351921,-0.0144041,0.0010000),(0.0352022,-0.0144904,0.0010000),(0.0347655,-0.0144476,0.0010000),(0.0352022,-0.0144904,0.0010000),(0.0352190,-0.0145718,0.0010000),(0.0347655,-0.0144476,0.0010000),(0.0352190,-0.0145718,0.0010000),(0.0352425,-0.0146481,0.0010000),(0.0347655,-0.0144476,0.0010000),(0.0352425,-0.0146481,0.0010000),(0.0353096,-0.0147857,0.0010000),(0.0347655,-0.0144476,0.0010000),(0.0353096,-0.0147857,0.0010000),(0.0354036,-0.0149032,0.0010000),(0.0347655,-0.0144476,0.0010000),(0.0354036,-0.0149032,0.0010000),(0.0354949,-0.0149810,0.0010000),(0.0364441,-0.0140239,0.0010000),(0.0364450,-0.0139327,0.0010000),(0.0368409,-0.0139443,0.0010000),(0.0364413,-0.0141110,0.0010000),(0.0364441,-0.0140239,0.0010000),(0.0368409,-0.0139443,0.0010000),(0.0364302,-0.0142730,0.0010000),(0.0364413,-0.0141110,0.0010000),(0.0368409,-0.0139443,0.0010000),(0.0364115,-0.0144186,0.0010000),(0.0364302,-0.0142730,0.0010000),(0.0368409,-0.0139443,0.0010000),(0.0363855,-0.0145479,0.0010000),(0.0364115,-0.0144186,0.0010000),(0.0368409,-0.0139443,0.0010000),(0.0363520,-0.0146607,0.0010000),(0.0363855,-0.0145479,0.0010000),(0.0368409,-0.0139443,0.0010000),(0.0363111,-0.0147572,0.0010000),(0.0363520,-0.0146607,0.0010000),(0.0368409,-0.0139443,0.0010000),(0.0362627,-0.0148373,0.0010000),(0.0363111,-0.0147572,0.0010000),(0.0368409,-0.0139443,0.0010000),(0.0362627,-0.0148373,0.0010000),(0.0368409,-0.0139443,0.0010000),(0.0368395,-0.0140598,0.0010000),(0.0362627,-0.0148373,0.0010000),(0.0368395,-0.0140598,0.0010000),(0.0368355,-0.0141704,0.0010000),(0.0362627,-0.0148373,0.0010000),(0.0368355,-0.0141704,0.0010000),(0.0368288,-0.0142761,0.0010000),(0.0362069,-0.0149011,0.0010000),(0.0362627,-0.0148373,0.0010000),(0.0368288,-0.0142761,0.0010000),(0.0362069,-0.0149011,0.0010000),(0.0368288,-0.0142761,0.0010000),(0.0368195,-0.0143770,0.0010000),(0.0362069,-0.0149011,0.0010000),(0.0368195,-0.0143770,0.0010000),(0.0368075,-0.0144730,0.0010000),(0.0361103,-0.0149798,0.0010000),(0.0362069,-0.0149011,0.0010000),(0.0368075,-0.0144730,0.0010000),(0.0361103,-0.0149798,0.0010000),(0.0368075,-0.0144730,0.0010000),(0.0367928,-0.0145642,0.0010000),(0.0361103,-0.0149798,0.0010000),(0.0367928,-0.0145642,0.0010000),(0.0367754,-0.0146505,0.0010000),(0.0360098,-0.0150360,0.0010000),(0.0361103,-0.0149798,0.0010000),(0.0367754,-0.0146505,0.0010000),(0.0360098,-0.0150360,0.0010000),(0.0367754,-0.0146505,0.0010000),(0.0367554,-0.0147320,0.0010000),(0.0360098,-0.0150360,0.0010000),(0.0367554,-0.0147320,0.0010000),(0.0367327,-0.0148086,0.0010000),(0.0359055,-0.0150697,0.0010000),(0.0360098,-0.0150360,0.0010000),(0.0367327,-0.0148086,0.0010000),(0.0359055,-0.0150697,0.0010000),(0.0367327,-0.0148086,0.0010000),(0.0367073,-0.0148804,0.0010000),(0.0359055,-0.0150697,0.0010000),(0.0367073,-0.0148804,0.0010000),(0.0366486,-0.0150094,0.0010000),(0.0357973,-0.0150810,0.0010000),(0.0359055,-0.0150697,0.0010000),(0.0366486,-0.0150094,0.0010000),(0.0357973,-0.0150810,0.0010000),(0.0366486,-0.0150094,0.0010000),(0.0365791,-0.0151189,0.0010000),(0.0357973,-0.0150810,0.0010000),(0.0365791,-0.0151189,0.0010000),(0.0364990,-0.0152091,0.0010000),(0.0356918,-0.0150699,0.0010000),(0.0357973,-0.0150810,0.0010000),(0.0364990,-0.0152091,0.0010000),(0.0356918,-0.0150699,0.0010000),(0.0364990,-0.0152091,0.0010000),(0.0364194,-0.0152790,0.0010000),(0.0356918,-0.0150699,0.0010000),(0.0364194,-0.0152790,0.0010000),(0.0363372,-0.0153396,0.0010000),(0.0355910,-0.0150365,0.0010000),(0.0356918,-0.0150699,0.0010000),(0.0363372,-0.0153396,0.0010000),(0.0355910,-0.0150365,0.0010000),(0.0363372,-0.0153396,0.0010000),(0.0362525,-0.0153909,0.0010000),(0.0355910,-0.0150365,0.0010000),(0.0362525,-0.0153909,0.0010000),(0.0361651,-0.0154329,0.0010000),(0.0354949,-0.0149810,0.0010000),(0.0355910,-0.0150365,0.0010000),(0.0361651,-0.0154329,0.0010000),(0.0354949,-0.0149810,0.0010000),(0.0361651,-0.0154329,0.0010000),(0.0360752,-0.0154655,0.0010000),(0.0347655,-0.0144476,0.0010000),(0.0354949,-0.0149810,0.0010000),(0.0360752,-0.0154655,0.0010000),(0.0347655,-0.0144476,0.0010000),(0.0360752,-0.0154655,0.0010000),(0.0359827,-0.0154888,0.0010000),(0.0347655,-0.0144476,0.0010000),(0.0359827,-0.0154888,0.0010000),(0.0358876,-0.0155028,0.0010000),(0.0347655,-0.0144476,0.0010000),(0.0358876,-0.0155028,0.0010000),(0.0357899,-0.0155075,0.0010000),(0.0347655,-0.0144476,0.0010000),(0.0357899,-0.0155075,0.0010000),(0.0356947,-0.0155028,0.0010000),(0.0347655,-0.0144476,0.0010000),(0.0356947,-0.0155028,0.0010000),(0.0356021,-0.0154885,0.0010000),(0.0347655,-0.0144476,0.0010000),(0.0356021,-0.0154885,0.0010000),(0.0355123,-0.0154648,0.0010000),(0.0347655,-0.0144476,0.0010000),(0.0355123,-0.0154648,0.0010000),(0.0354251,-0.0154316,0.0010000),(0.0347655,-0.0144476,0.0010000),(0.0354251,-0.0154316,0.0010000),(0.0353405,-0.0153889,0.0010000),(0.0347655,-0.0144476,0.0010000),(0.0353405,-0.0153889,0.0010000),(0.0352587,-0.0153366,0.0010000),(0.0347655,-0.0144476,0.0010000),(0.0352587,-0.0153366,0.0010000),(0.0351795,-0.0152749,0.0010000),(0.0347655,-0.0144476,0.0010000),(0.0351795,-0.0152749,0.0010000),(0.0351031,-0.0152038,0.0010000),(0.0347655,-0.0144476,0.0010000),(0.0351031,-0.0152038,0.0010000),(0.0350227,-0.0151160,0.0010000),(0.0347655,-0.0144476,0.0010000),(0.0350227,-0.0151160,0.0010000),(0.0349530,-0.0150215,0.0010000),(0.0347655,-0.0144476,0.0010000),(0.0349530,-0.0150215,0.0010000),(0.0348941,-0.0149202,0.0010000),(0.0347655,-0.0144476,0.0010000),(0.0348941,-0.0149202,0.0010000),(0.0348459,-0.0148122,0.0010000),(0.0347655,-0.0144476,0.0010000),(0.0348459,-0.0148122,0.0010000),(0.0348084,-0.0146974,0.0010000),(0.0347655,-0.0144476,0.0010000),(0.0348084,-0.0146974,0.0010000),(0.0347816,-0.0145759,0.0010000),(0.0326636,-0.0138385,0.0010000),(0.0315270,-0.0154144,0.0010000),(0.0314645,-0.0154702,0.0010000),(0.0326636,-0.0138385,0.0010000),(0.0314645,-0.0154702,0.0010000),(0.0313851,-0.0154980,0.0010000),(0.0326636,-0.0138385,0.0010000),(0.0313851,-0.0154980,0.0010000),(0.0313513,-0.0155033,0.0010000),(0.0326636,-0.0138385,0.0010000),(0.0313513,-0.0155033,0.0010000),(0.0312306,-0.0154609,0.0010000),(0.0326636,-0.0138385,0.0010000),(0.0312306,-0.0154609,0.0010000),(0.0311708,-0.0153977,0.0010000),(0.0326636,-0.0138385,0.0010000),(0.0311708,-0.0153977,0.0010000),(0.0311396,-0.0153223,0.0010000),(0.0326636,-0.0138385,0.0010000),(0.0311396,-0.0153223,0.0010000),(0.0311375,-0.0152874,0.0010000),(0.0326636,-0.0138385,0.0010000),(0.0311375,-0.0152874,0.0010000),(0.0311798,-0.0151667,0.0010000),(0.0326636,-0.0138385,0.0010000),(0.0311798,-0.0151667,0.0010000),(0.0323990,-0.0134776,0.0010000),(0.0326636,-0.0138385,0.0010000),(0.0323990,-0.0134776,0.0010000),(0.0311798,-0.0117875,0.0010000),(0.0326636,-0.0138385,0.0010000),(0.0311798,-0.0117875,0.0010000),(0.0311375,-0.0116668,0.0010000),(0.0338003,-0.0154144,0.0010000),(0.0326636,-0.0138385,0.0010000),(0.0311375,-0.0116668,0.0010000),(0.0338003,-0.0154144,0.0010000),(0.0311375,-0.0116668,0.0010000),(0.0311396,-0.0116319,0.0010000),(0.0338003,-0.0154144,0.0010000),(0.0311396,-0.0116319,0.0010000),(0.0311695,-0.0115517,0.0010000),(0.0338003,-0.0154144,0.0010000),(0.0311695,-0.0115517,0.0010000),(0.0312253,-0.0114911,0.0010000),(0.0338003,-0.0154144,0.0010000),(0.0312253,-0.0114911,0.0010000),(0.0313513,-0.0114509,0.0010000),(0.0338003,-0.0154144,0.0010000),(0.0313513,-0.0114509,0.0010000),(0.0313851,-0.0114541,0.0010000),(0.0338003,-0.0154144,0.0010000),(0.0313851,-0.0114541,0.0010000),(0.0314640,-0.0114824,0.0010000),(0.0338003,-0.0154144,0.0010000),(0.0314640,-0.0114824,0.0010000),(0.0315248,-0.0115398,0.0010000),(0.0338003,-0.0154144,0.0010000),(0.0315248,-0.0115398,0.0010000),(0.0326636,-0.0131114,0.0010000),(0.0326636,-0.0131114,0.0010000),(0.0338003,-0.0115398,0.0010000),(0.0338627,-0.0114824,0.0010000),(0.0326636,-0.0131114,0.0010000),(0.0338627,-0.0114824,0.0010000),(0.0339442,-0.0114541,0.0010000),(0.0326636,-0.0131114,0.0010000),(0.0339442,-0.0114541,0.0010000),(0.0339781,-0.0114509,0.0010000),(0.0326636,-0.0131114,0.0010000),(0.0339781,-0.0114509,0.0010000),(0.0341029,-0.0114911,0.0010000),(0.0326636,-0.0131114,0.0010000),(0.0341029,-0.0114911,0.0010000),(0.0341582,-0.0115517,0.0010000),(0.0326636,-0.0131114,0.0010000),(0.0341582,-0.0115517,0.0010000),(0.0341844,-0.0116319,0.0010000),(0.0326636,-0.0131114,0.0010000),(0.0341844,-0.0116319,0.0010000),(0.0341866,-0.0116668,0.0010000),(0.0326636,-0.0131114,0.0010000),(0.0341866,-0.0116668,0.0010000),(0.0341474,-0.0117875,0.0010000),(0.0326636,-0.0131114,0.0010000),(0.0341474,-0.0117875,0.0010000),(0.0329271,-0.0134776,0.0010000),(0.0338003,-0.0154144,0.0010000),(0.0326636,-0.0131114,0.0010000),(0.0329271,-0.0134776,0.0010000),(0.0338003,-0.0154144,0.0010000),(0.0329271,-0.0134776,0.0010000),(0.0341474,-0.0151667,0.0010000),(0.0338003,-0.0154144,0.0010000),(0.0341474,-0.0151667,0.0010000),(0.0341918,-0.0152874,0.0010000),(0.0338003,-0.0154144,0.0010000),(0.0341918,-0.0152874,0.0010000),(0.0341866,-0.0153223,0.0010000),(0.0338003,-0.0154144,0.0010000),(0.0341866,-0.0153223,0.0010000),(0.0341577,-0.0153977,0.0010000),(0.0338003,-0.0154144,0.0010000),(0.0341577,-0.0153977,0.0010000),(0.0340987,-0.0154609,0.0010000),(0.0338003,-0.0154144,0.0010000),(0.0340987,-0.0154609,0.0010000),(0.0339781,-0.0155033,0.0010000),(0.0338003,-0.0154144,0.0010000),(0.0339781,-0.0155033,0.0010000),(0.0339442,-0.0154980,0.0010000),(0.0338003,-0.0154144,0.0010000),(0.0339442,-0.0154980,0.0010000),(0.0338627,-0.0154702,0.0010000),(0.0406134,-0.0159509,0.0010000),(0.0405440,-0.0158874,0.0010000),(0.0404807,-0.0158180,0.0010000),(0.0406134,-0.0159509,0.0010000),(0.0404807,-0.0158180,0.0010000),(0.0404259,-0.0157450,0.0010000),(0.0406134,-0.0159509,0.0010000),(0.0404259,-0.0157450,0.0010000),(0.0403795,-0.0156685,0.0010000),(0.0406134,-0.0159509,0.0010000),(0.0403795,-0.0156685,0.0010000),(0.0403416,-0.0155885,0.0010000),(0.0406134,-0.0159509,0.0010000),(0.0403416,-0.0155885,0.0010000),(0.0403120,-0.0155050,0.0010000),(0.0406134,-0.0159509,0.0010000),(0.0403120,-0.0155050,0.0010000),(0.0402910,-0.0154179,0.0010000),(0.0406134,-0.0159509,0.0010000),(0.0402910,-0.0154179,0.0010000),(0.0402783,-0.0153274,0.0010000),(0.0406134,-0.0159509,0.0010000),(0.0402783,-0.0153274,0.0010000),(0.0402741,-0.0152334,0.0010000),(0.0406134,-0.0159509,0.0010000),(0.0402741,-0.0152334,0.0010000),(0.0402783,-0.0151394,0.0010000),(0.0406134,-0.0159509,0.0010000),(0.0402783,-0.0151394,0.0010000),(0.0402910,-0.0150488,0.0010000),(0.0406134,-0.0159509,0.0010000),(0.0402910,-0.0150488,0.0010000),(0.0403120,-0.0149618,0.0010000),(0.0406134,-0.0159509,0.0010000),(0.0403120,-0.0149618,0.0010000),(0.0403416,-0.0148783,0.0010000),(0.0406134,-0.0159509,0.0010000),(0.0403416,-0.0148783,0.0010000),(0.0403795,-0.0147983,0.0010000),(0.0406134,-0.0159509,0.0010000),(0.0403795,-0.0147983,0.0010000),(0.0404259,-0.0147218,0.0010000),(0.0406134,-0.0159509,0.0010000),(0.0404259,-0.0147218,0.0010000),(0.0404807,-0.0146488,0.0010000),(0.0406134,-0.0159509,0.0010000),(0.0404807,-0.0146488,0.0010000),(0.0405440,-0.0145793,0.0010000),(0.0405440,-0.0145793,0.0010000),(0.0408498,-0.0148841,0.0010000),(0.0407873,-0.0149599,0.0010000),(0.0405440,-0.0145793,0.0010000),(0.0407873,-0.0149599,0.0010000),(0.0407427,-0.0150432,0.0010000),(0.0405440,-0.0145793,0.0010000),(0.0407427,-0.0150432,0.0010000),(0.0407159,-0.0151340,0.0010000),(0.0406134,-0.0159509,0.0010000),(0.0405440,-0.0145793,0.0010000),(0.0407159,-0.0151340,0.0010000),(0.0406134,-0.0159509,0.0010000),(0.0407159,-0.0151340,0.0010000),(0.0407069,-0.0152323,0.0010000),(0.0406134,-0.0159509,0.0010000),(0.0407069,-0.0152323,0.0010000),(0.0407159,-0.0153312,0.0010000),(0.0406134,-0.0159509,0.0010000),(0.0407159,-0.0153312,0.0010000),(0.0407427,-0.0154223,0.0010000),(0.0406134,-0.0159509,0.0010000),(0.0407427,-0.0154223,0.0010000),(0.0407873,-0.0155058,0.0010000),(0.0406134,-0.0159509,0.0010000),(0.0407873,-0.0155058,0.0010000),(0.0408498,-0.0155816,0.0010000),(0.0406134,-0.0159509,0.0010000),(0.0408498,-0.0155816,0.0010000),(0.0409256,-0.0156446,0.0010000),(0.0406134,-0.0159509,0.0010000),(0.0409256,-0.0156446,0.0010000),(0.0410088,-0.0156895,0.0010000),(0.0406134,-0.0159509,0.0010000),(0.0410088,-0.0156895,0.0010000),(0.0410996,-0.0157165,0.0010000),(0.0406134,-0.0159509,0.0010000),(0.0410996,-0.0157165,0.0010000),(0.0411980,-0.0157255,0.0010000),(0.0406134,-0.0159509,0.0010000),(0.0411980,-0.0157255,0.0010000),(0.0412968,-0.0157165,0.0010000),(0.0406134,-0.0159509,0.0010000),(0.0412968,-0.0157165,0.0010000),(0.0413877,-0.0156895,0.0010000),(0.0409256,-0.0148216,0.0010000),(0.0408498,-0.0148841,0.0010000),(0.0405440,-0.0145793,0.0010000),(0.0410088,-0.0147770,0.0010000),(0.0409256,-0.0148216,0.0010000),(0.0405440,-0.0145793,0.0010000),(0.0410996,-0.0147502,0.0010000),(0.0410088,-0.0147770,0.0010000),(0.0405440,-0.0145793,0.0010000),(0.0411980,-0.0147413,0.0010000),(0.0410996,-0.0147502,0.0010000),(0.0405440,-0.0145793,0.0010000),(0.0412968,-0.0147502,0.0010000),(0.0411980,-0.0147413,0.0010000),(0.0405440,-0.0145793,0.0010000),(0.0412968,-0.0147502,0.0010000),(0.0405440,-0.0145793,0.0010000),(0.0406134,-0.0145158,0.0010000),(0.0413877,-0.0147770,0.0010000),(0.0412968,-0.0147502,0.0010000),(0.0406134,-0.0145158,0.0010000),(0.0413877,-0.0147770,0.0010000),(0.0406134,-0.0145158,0.0010000),(0.0406864,-0.0144608,0.0010000),(0.0413877,-0.0147770,0.0010000),(0.0406864,-0.0144608,0.0010000),(0.0407629,-0.0144142,0.0010000),(0.0414709,-0.0148216,0.0010000),(0.0413877,-0.0147770,0.0010000),(0.0407629,-0.0144142,0.0010000),(0.0414709,-0.0148216,0.0010000),(0.0407629,-0.0144142,0.0010000),(0.0408429,-0.0143761,0.0010000),(0.0414709,-0.0148216,0.0010000),(0.0408429,-0.0143761,0.0010000),(0.0409264,-0.0143465,0.0010000),(0.0415462,-0.0148841,0.0010000),(0.0414709,-0.0148216,0.0010000),(0.0409264,-0.0143465,0.0010000),(0.0415462,-0.0148841,0.0010000),(0.0409264,-0.0143465,0.0010000),(0.0410135,-0.0143253,0.0010000),(0.0415462,-0.0148841,0.0010000),(0.0410135,-0.0143253,0.0010000),(0.0411040,-0.0143126,0.0010000),(0.0416092,-0.0149599,0.0010000),(0.0415462,-0.0148841,0.0010000),(0.0411040,-0.0143126,0.0010000),(0.0416092,-0.0149599,0.0010000),(0.0411040,-0.0143126,0.0010000),(0.0411980,-0.0143084,0.0010000),(0.0416092,-0.0149599,0.0010000),(0.0411980,-0.0143084,0.0010000),(0.0412923,-0.0143126,0.0010000),(0.0416542,-0.0150432,0.0010000),(0.0416092,-0.0149599,0.0010000),(0.0412923,-0.0143126,0.0010000),(0.0416542,-0.0150432,0.0010000),(0.0412923,-0.0143126,0.0010000),(0.0413830,-0.0143253,0.0010000),(0.0416542,-0.0150432,0.0010000),(0.0413830,-0.0143253,0.0010000),(0.0414701,-0.0143465,0.0010000),(0.0416811,-0.0151340,0.0010000),(0.0416542,-0.0150432,0.0010000),(0.0414701,-0.0143465,0.0010000),(0.0416811,-0.0151340,0.0010000),(0.0414701,-0.0143465,0.0010000),(0.0415536,-0.0143761,0.0010000),(0.0416811,-0.0151340,0.0010000),(0.0415536,-0.0143761,0.0010000),(0.0416336,-0.0144142,0.0010000),(0.0416901,-0.0152323,0.0010000),(0.0416811,-0.0151340,0.0010000),(0.0416336,-0.0144142,0.0010000),(0.0416901,-0.0152323,0.0010000),(0.0416336,-0.0144142,0.0010000),(0.0417100,-0.0144608,0.0010000),(0.0416901,-0.0152323,0.0010000),(0.0417100,-0.0144608,0.0010000),(0.0417828,-0.0145158,0.0010000),(0.0416811,-0.0153312,0.0010000),(0.0416901,-0.0152323,0.0010000),(0.0417828,-0.0145158,0.0010000),(0.0416811,-0.0153312,0.0010000),(0.0417828,-0.0145158,0.0010000),(0.0418521,-0.0145793,0.0010000),(0.0416811,-0.0153312,0.0010000),(0.0418521,-0.0145793,0.0010000),(0.0419156,-0.0146488,0.0010000),(0.0416542,-0.0154223,0.0010000),(0.0416811,-0.0153312,0.0010000),(0.0419156,-0.0146488,0.0010000),(0.0416542,-0.0154223,0.0010000),(0.0419156,-0.0146488,0.0010000),(0.0419706,-0.0147218,0.0010000),(0.0416542,-0.0154223,0.0010000),(0.0419706,-0.0147218,0.0010000),(0.0420172,-0.0147983,0.0010000),(0.0416092,-0.0155058,0.0010000),(0.0416542,-0.0154223,0.0010000),(0.0420172,-0.0147983,0.0010000),(0.0416092,-0.0155058,0.0010000),(0.0420172,-0.0147983,0.0010000),(0.0420553,-0.0148783,0.0010000),(0.0416092,-0.0155058,0.0010000),(0.0420553,-0.0148783,0.0010000),(0.0420849,-0.0149618,0.0010000),(0.0415462,-0.0155816,0.0010000),(0.0416092,-0.0155058,0.0010000),(0.0420849,-0.0149618,0.0010000),(0.0415462,-0.0155816,0.0010000),(0.0420849,-0.0149618,0.0010000),(0.0421061,-0.0150488,0.0010000),(0.0415462,-0.0155816,0.0010000),(0.0421061,-0.0150488,0.0010000),(0.0421188,-0.0151394,0.0010000),(0.0414709,-0.0156446,0.0010000),(0.0415462,-0.0155816,0.0010000),(0.0421188,-0.0151394,0.0010000),(0.0414709,-0.0156446,0.0010000),(0.0421188,-0.0151394,0.0010000),(0.0421230,-0.0152334,0.0010000),(0.0414709,-0.0156446,0.0010000),(0.0421230,-0.0152334,0.0010000),(0.0421188,-0.0153274,0.0010000),(0.0413877,-0.0156895,0.0010000),(0.0414709,-0.0156446,0.0010000),(0.0421188,-0.0153274,0.0010000),(0.0413877,-0.0156895,0.0010000),(0.0421188,-0.0153274,0.0010000),(0.0421061,-0.0154179,0.0010000),(0.0413877,-0.0156895,0.0010000),(0.0421061,-0.0154179,0.0010000),(0.0420849,-0.0155050,0.0010000),(0.0406134,-0.0159509,0.0010000),(0.0413877,-0.0156895,0.0010000),(0.0420849,-0.0155050,0.0010000),(0.0406134,-0.0159509,0.0010000),(0.0420849,-0.0155050,0.0010000),(0.0420553,-0.0155885,0.0010000),(0.0406134,-0.0159509,0.0010000),(0.0420553,-0.0155885,0.0010000),(0.0420172,-0.0156685,0.0010000),(0.0406134,-0.0159509,0.0010000),(0.0420172,-0.0156685,0.0010000),(0.0419706,-0.0157450,0.0010000),(0.0406134,-0.0159509,0.0010000),(0.0419706,-0.0157450,0.0010000),(0.0419156,-0.0158180,0.0010000),(0.0406134,-0.0159509,0.0010000),(0.0419156,-0.0158180,0.0010000),(0.0418521,-0.0158874,0.0010000),(0.0406134,-0.0159509,0.0010000),(0.0418521,-0.0158874,0.0010000),(0.0417828,-0.0159509,0.0010000),(0.0406134,-0.0159509,0.0010000),(0.0417828,-0.0159509,0.0010000),(0.0417100,-0.0160060,0.0010000),(0.0406134,-0.0159509,0.0010000),(0.0417100,-0.0160060,0.0010000),(0.0416336,-0.0160525,0.0010000),(0.0406134,-0.0159509,0.0010000),(0.0416336,-0.0160525,0.0010000),(0.0415536,-0.0160906,0.0010000),(0.0406134,-0.0159509,0.0010000),(0.0415536,-0.0160906,0.0010000),(0.0414701,-0.0161203,0.0010000),(0.0406134,-0.0159509,0.0010000),(0.0414701,-0.0161203,0.0010000),(0.0413830,-0.0161414,0.0010000),(0.0406134,-0.0159509,0.0010000),(0.0413830,-0.0161414,0.0010000),(0.0412923,-0.0161541,0.0010000),(0.0406134,-0.0159509,0.0010000),(0.0412923,-0.0161541,0.0010000),(0.0411980,-0.0161584,0.0010000),(0.0406134,-0.0159509,0.0010000),(0.0411980,-0.0161584,0.0010000),(0.0411040,-0.0161541,0.0010000),(0.0406134,-0.0159509,0.0010000),(0.0411040,-0.0161541,0.0010000),(0.0410135,-0.0161414,0.0010000),(0.0406134,-0.0159509,0.0010000),(0.0410135,-0.0161414,0.0010000),(0.0409264,-0.0161203,0.0010000),(0.0406134,-0.0159509,0.0010000),(0.0409264,-0.0161203,0.0010000),(0.0408429,-0.0160906,0.0010000),(0.0406134,-0.0159509,0.0010000),(0.0408429,-0.0160906,0.0010000),(0.0407629,-0.0160525,0.0010000),(0.0406134,-0.0159509,0.0010000),(0.0407629,-0.0160525,0.0010000),(0.0406864,-0.0160060,0.0010000),(0.0215410,-0.0186253,0.0010000),(0.0216381,-0.0185846,0.0010000),(0.0217361,-0.0185493,0.0010000),(0.0215410,-0.0186253,0.0010000),(0.0217361,-0.0185493,0.0010000),(0.0218351,-0.0185195,0.0010000),(0.0215410,-0.0186253,0.0010000),(0.0218351,-0.0185195,0.0010000),(0.0219350,-0.0184951,0.0010000),(0.0215410,-0.0186253,0.0010000),(0.0219350,-0.0184951,0.0010000),(0.0220359,-0.0184761,0.0010000),(0.0215410,-0.0186253,0.0010000),(0.0220359,-0.0184761,0.0010000),(0.0221377,-0.0184625,0.0010000),(0.0215410,-0.0186253,0.0010000),(0.0221377,-0.0184625,0.0010000),(0.0222405,-0.0184544,0.0010000),(0.0215410,-0.0186253,0.0010000),(0.0222405,-0.0184544,0.0010000),(0.0223443,-0.0184517,0.0010000),(0.0215410,-0.0186253,0.0010000),(0.0223443,-0.0184517,0.0010000),(0.0224801,-0.0184560,0.0010000),(0.0215410,-0.0186253,0.0010000),(0.0224801,-0.0184560,0.0010000),(0.0226133,-0.0184689,0.0010000),(0.0215410,-0.0186253,0.0010000),(0.0226133,-0.0184689,0.0010000),(0.0227440,-0.0184905,0.0010000),(0.0215410,-0.0186253,0.0010000),(0.0227440,-0.0184905,0.0010000),(0.0228721,-0.0185207,0.0010000),(0.0215410,-0.0186253,0.0010000),(0.0228721,-0.0185207,0.0010000),(0.0229977,-0.0185596,0.0010000),(0.0215410,-0.0186253,0.0010000),(0.0229977,-0.0185596,0.0010000),(0.0231208,-0.0186071,0.0010000),(0.0215410,-0.0186253,0.0010000),(0.0231208,-0.0186071,0.0010000),(0.0232413,-0.0186632,0.0010000),(0.0215410,-0.0186253,0.0010000),(0.0232413,-0.0186632,0.0010000),(0.0233592,-0.0187279,0.0010000),(0.0215410,-0.0186253,0.0010000),(0.0233592,-0.0187279,0.0010000),(0.0234728,-0.0188003,0.0010000),(0.0215410,-0.0186253,0.0010000),(0.0234728,-0.0188003,0.0010000),(0.0235802,-0.0188789,0.0010000),(0.0215410,-0.0186253,0.0010000),(0.0235802,-0.0188789,0.0010000),(0.0236813,-0.0189636,0.0010000),(0.0215410,-0.0186253,0.0010000),(0.0236813,-0.0189636,0.0010000),(0.0237762,-0.0190544,0.0010000),(0.0215410,-0.0186253,0.0010000),(0.0237762,-0.0190544,0.0010000),(0.0238649,-0.0191514,0.0010000),(0.0238649,-0.0191514,0.0010000),(0.0239474,-0.0192546,0.0010000),(0.0240237,-0.0193639,0.0010000),(0.0238649,-0.0191514,0.0010000),(0.0240237,-0.0193639,0.0010000),(0.0240937,-0.0194793,0.0010000),(0.0238649,-0.0191514,0.0010000),(0.0240937,-0.0194793,0.0010000),(0.0241567,-0.0195991,0.0010000),(0.0238649,-0.0191514,0.0010000),(0.0241567,-0.0195991,0.0010000),(0.0242113,-0.0197214,0.0010000),(0.0238649,-0.0191514,0.0010000),(0.0242113,-0.0197214,0.0010000),(0.0242575,-0.0198461,0.0010000),(0.0238649,-0.0191514,0.0010000),(0.0242575,-0.0198461,0.0010000),(0.0242953,-0.0199733,0.0010000),(0.0238649,-0.0191514,0.0010000),(0.0242953,-0.0199733,0.0010000),(0.0243247,-0.0201030,0.0010000),(0.0238649,-0.0191514,0.0010000),(0.0243247,-0.0201030,0.0010000),(0.0243457,-0.0202352,0.0010000),(0.0238649,-0.0191514,0.0010000),(0.0243457,-0.0202352,0.0010000),(0.0243583,-0.0203698,0.0010000),(0.0238649,-0.0191514,0.0010000),(0.0243583,-0.0203698,0.0010000),(0.0243625,-0.0205070,0.0010000),(0.0238649,-0.0191514,0.0010000),(0.0243625,-0.0205070,0.0010000),(0.0243583,-0.0206386,0.0010000),(0.0238649,-0.0191514,0.0010000),(0.0243583,-0.0206386,0.0010000),(0.0243457,-0.0207694,0.0010000),(0.0238649,-0.0191514,0.0010000),(0.0243457,-0.0207694,0.0010000),(0.0243247,-0.0208995,0.0010000),(0.0238649,-0.0191514,0.0010000),(0.0243247,-0.0208995,0.0010000),(0.0242953,-0.0210287,0.0010000),(0.0238649,-0.0191514,0.0010000),(0.0242953,-0.0210287,0.0010000),(0.0242575,-0.0211572,0.0010000),(0.0238649,-0.0191514,0.0010000),(0.0242575,-0.0211572,0.0010000),(0.0242113,-0.0212848,0.0010000),(0.0242113,-0.0212848,0.0010000),(0.0238195,-0.0211434,0.0010000),(0.0238561,-0.0210455,0.0010000),(0.0242113,-0.0212848,0.0010000),(0.0238561,-0.0210455,0.0010000),(0.0238860,-0.0209443,0.0010000),(0.0242113,-0.0212848,0.0010000),(0.0238860,-0.0209443,0.0010000),(0.0239093,-0.0208399,0.0010000),(0.0242113,-0.0212848,0.0010000),(0.0239093,-0.0208399,0.0010000),(0.0239259,-0.0207322,0.0010000),(0.0242113,-0.0212848,0.0010000),(0.0239259,-0.0207322,0.0010000),(0.0239359,-0.0206212,0.0010000),(0.0242113,-0.0212848,0.0010000),(0.0239359,-0.0206212,0.0010000),(0.0239392,-0.0205070,0.0010000),(0.0242113,-0.0212848,0.0010000),(0.0239392,-0.0205070,0.0010000),(0.0239358,-0.0203969,0.0010000),(0.0238649,-0.0191514,0.0010000),(0.0242113,-0.0212848,0.0010000),(0.0239358,-0.0203969,0.0010000),(0.0238649,-0.0191514,0.0010000),(0.0239358,-0.0203969,0.0010000),(0.0239258,-0.0202891,0.0010000),(0.0238649,-0.0191514,0.0010000),(0.0239258,-0.0202891,0.0010000),(0.0239090,-0.0201834,0.0010000),(0.0238649,-0.0191514,0.0010000),(0.0239090,-0.0201834,0.0010000),(0.0238855,-0.0200799,0.0010000),(0.0238649,-0.0191514,0.0010000),(0.0238855,-0.0200799,0.0010000),(0.0238553,-0.0199786,0.0010000),(0.0238649,-0.0191514,0.0010000),(0.0238553,-0.0199786,0.0010000),(0.0238184,-0.0198795,0.0010000),(0.0238649,-0.0191514,0.0010000),(0.0238184,-0.0198795,0.0010000),(0.0237747,-0.0197826,0.0010000),(0.0238649,-0.0191514,0.0010000),(0.0237747,-0.0197826,0.0010000),(0.0237244,-0.0196878,0.0010000),(0.0238649,-0.0191514,0.0010000),(0.0237244,-0.0196878,0.0010000),(0.0236685,-0.0195966,0.0010000),(0.0238649,-0.0191514,0.0010000),(0.0236685,-0.0195966,0.0010000),(0.0236079,-0.0195103,0.0010000),(0.0238649,-0.0191514,0.0010000),(0.0236079,-0.0195103,0.0010000),(0.0235424,-0.0194289,0.0010000),(0.0238649,-0.0191514,0.0010000),(0.0235424,-0.0194289,0.0010000),(0.0234722,-0.0193523,0.0010000),(0.0238649,-0.0191514,0.0010000),(0.0234722,-0.0193523,0.0010000),(0.0233972,-0.0192807,0.0010000),(0.0238649,-0.0191514,0.0010000),(0.0233972,-0.0192807,0.0010000),(0.0233174,-0.0192139,0.0010000),(0.0238649,-0.0191514,0.0010000),(0.0233174,-0.0192139,0.0010000),(0.0232327,-0.0191521,0.0010000),(0.0238649,-0.0191514,0.0010000),(0.0232327,-0.0191521,0.0010000),(0.0231433,-0.0190952,0.0010000),(0.0238649,-0.0191514,0.0010000),(0.0231433,-0.0190952,0.0010000),(0.0230507,-0.0190441,0.0010000),(0.0238649,-0.0191514,0.0010000),(0.0230507,-0.0190441,0.0010000),(0.0229561,-0.0189998,0.0010000),(0.0238649,-0.0191514,0.0010000),(0.0229561,-0.0189998,0.0010000),(0.0228593,-0.0189623,0.0010000),(0.0238649,-0.0191514,0.0010000),(0.0228593,-0.0189623,0.0010000),(0.0227605,-0.0189316,0.0010000),(0.0215410,-0.0186253,0.0010000),(0.0238649,-0.0191514,0.0010000),(0.0227605,-0.0189316,0.0010000),(0.0215410,-0.0186253,0.0010000),(0.0227605,-0.0189316,0.0010000),(0.0226596,-0.0189078,0.0010000),(0.0215410,-0.0186253,0.0010000),(0.0226596,-0.0189078,0.0010000),(0.0225566,-0.0188908,0.0010000),(0.0215410,-0.0186253,0.0010000),(0.0225566,-0.0188908,0.0010000),(0.0224515,-0.0188805,0.0010000),(0.0215410,-0.0186253,0.0010000),(0.0224515,-0.0188805,0.0010000),(0.0223443,-0.0188771,0.0010000),(0.0215410,-0.0186253,0.0010000),(0.0223443,-0.0188771,0.0010000),(0.0221907,-0.0188842,0.0010000),(0.0215410,-0.0186253,0.0010000),(0.0221907,-0.0188842,0.0010000),(0.0220411,-0.0189054,0.0010000),(0.0215410,-0.0186253,0.0010000),(0.0220411,-0.0189054,0.0010000),(0.0218954,-0.0189408,0.0010000),(0.0215410,-0.0186253,0.0010000),(0.0218954,-0.0189408,0.0010000),(0.0217537,-0.0189904,0.0010000),(0.0215410,-0.0186253,0.0010000),(0.0217537,-0.0189904,0.0010000),(0.0233508,-0.0217738,0.0010000),(0.0209801,-0.0176505,0.0010000),(0.0215410,-0.0186253,0.0010000),(0.0233508,-0.0217738,0.0010000),(0.0237763,-0.0212380,0.0010000),(0.0238195,-0.0211434,0.0010000),(0.0242113,-0.0212848,0.0010000),(0.0237265,-0.0213293,0.0010000),(0.0237763,-0.0212380,0.0010000),(0.0242113,-0.0212848,0.0010000),(0.0236585,-0.0214333,0.0010000),(0.0237265,-0.0213293,0.0010000),(0.0242113,-0.0212848,0.0010000),(0.0235733,-0.0215420,0.0010000),(0.0236585,-0.0214333,0.0010000),(0.0242113,-0.0212848,0.0010000),(0.0235242,-0.0215982,0.0010000),(0.0235733,-0.0215420,0.0010000),(0.0242113,-0.0212848,0.0010000),(0.0234707,-0.0216555,0.0010000),(0.0235242,-0.0215982,0.0010000),(0.0242113,-0.0212848,0.0010000),(0.0234129,-0.0217141,0.0010000),(0.0234707,-0.0216555,0.0010000),(0.0242113,-0.0212848,0.0010000),(0.0233508,-0.0217738,0.0010000),(0.0234129,-0.0217141,0.0010000),(0.0242113,-0.0212848,0.0010000),(0.0233508,-0.0217738,0.0010000),(0.0242113,-0.0212848,0.0010000),(0.0241567,-0.0214117,0.0010000),(0.0233508,-0.0217738,0.0010000),(0.0241567,-0.0214117,0.0010000),(0.0240937,-0.0215378,0.0010000),(0.0233508,-0.0217738,0.0010000),(0.0240937,-0.0215378,0.0010000),(0.0240435,-0.0216245,0.0010000),(0.0233508,-0.0217738,0.0010000),(0.0240435,-0.0216245,0.0010000),(0.0239887,-0.0217079,0.0010000),(0.0233508,-0.0217738,0.0010000),(0.0239887,-0.0217079,0.0010000),(0.0239294,-0.0217880,0.0010000),(0.0233508,-0.0217738,0.0010000),(0.0239294,-0.0217880,0.0010000),(0.0238654,-0.0218648,0.0010000),(0.0233508,-0.0217738,0.0010000),(0.0238654,-0.0218648,0.0010000),(0.0237968,-0.0219383,0.0010000),(0.0233508,-0.0217738,0.0010000),(0.0237968,-0.0219383,0.0010000),(0.0237236,-0.0220085,0.0010000),(0.0233508,-0.0217738,0.0010000),(0.0237236,-0.0220085,0.0010000),(0.0236459,-0.0220754,0.0010000),(0.0233508,-0.0217738,0.0010000),(0.0236459,-0.0220754,0.0010000),(0.0235635,-0.0221389,0.0010000),(0.0233508,-0.0217738,0.0010000),(0.0235635,-0.0221389,0.0010000),(0.0241054,-0.0230914,0.0010000),(0.0209801,-0.0176505,0.0010000),(0.0233508,-0.0217738,0.0010000),(0.0241054,-0.0230914,0.0010000),(0.0209801,-0.0176505,0.0010000),(0.0241054,-0.0230914,0.0010000),(0.0241339,-0.0231951,0.0010000),(0.0209801,-0.0176505,0.0010000),(0.0241339,-0.0231951,0.0010000),(0.0241265,-0.0232555,0.0010000),(0.0209801,-0.0176505,0.0010000),(0.0241265,-0.0232555,0.0010000),(0.0240879,-0.0233306,0.0010000),(0.0209801,-0.0176505,0.0010000),(0.0240879,-0.0233306,0.0010000),(0.0240228,-0.0233846,0.0010000),(0.0209801,-0.0176505,0.0010000),(0.0240228,-0.0233846,0.0010000),(0.0239202,-0.0234153,0.0010000),(0.0209801,-0.0176505,0.0010000),(0.0239202,-0.0234153,0.0010000),(0.0238598,-0.0234079,0.0010000),(0.0209801,-0.0176505,0.0010000),(0.0238598,-0.0234079,0.0010000),(0.0237842,-0.0233692,0.0010000),(0.0209801,-0.0176505,0.0010000),(0.0237842,-0.0233692,0.0010000),(0.0237286,-0.0233041,0.0010000),(0.0209801,-0.0176505,0.0010000),(0.0237286,-0.0233041,0.0010000),(0.0231931,-0.0223760,0.0010000),(0.0231931,-0.0223760,0.0010000),(0.0230925,-0.0224204,0.0010000),(0.0229886,-0.0224589,0.0010000),(0.0231931,-0.0223760,0.0010000),(0.0229886,-0.0224589,0.0010000),(0.0228813,-0.0224914,0.0010000),(0.0231931,-0.0223760,0.0010000),(0.0228813,-0.0224914,0.0010000),(0.0227708,-0.0225181,0.0010000),(0.0231931,-0.0223760,0.0010000),(0.0227708,-0.0225181,0.0010000),(0.0226570,-0.0225388,0.0010000),(0.0231931,-0.0223760,0.0010000),(0.0226570,-0.0225388,0.0010000),(0.0225398,-0.0225536,0.0010000),(0.0231931,-0.0223760,0.0010000),(0.0225398,-0.0225536,0.0010000),(0.0224194,-0.0225625,0.0010000),(0.0231931,-0.0223760,0.0010000),(0.0224194,-0.0225625,0.0010000),(0.0222956,-0.0225654,0.0010000),(0.0231931,-0.0223760,0.0010000),(0.0222956,-0.0225654,0.0010000),(0.0221710,-0.0225611,0.0010000),(0.0231931,-0.0223760,0.0010000),(0.0221710,-0.0225611,0.0010000),(0.0220475,-0.0225481,0.0010000),(0.0231931,-0.0223760,0.0010000),(0.0220475,-0.0225481,0.0010000),(0.0219251,-0.0225264,0.0010000),(0.0231931,-0.0223760,0.0010000),(0.0219251,-0.0225264,0.0010000),(0.0218037,-0.0224961,0.0010000),(0.0231931,-0.0223760,0.0010000),(0.0218037,-0.0224961,0.0010000),(0.0216835,-0.0224571,0.0010000),(0.0231931,-0.0223760,0.0010000),(0.0216835,-0.0224571,0.0010000),(0.0215644,-0.0224095,0.0010000),(0.0231931,-0.0223760,0.0010000),(0.0215644,-0.0224095,0.0010000),(0.0214463,-0.0223531,0.0010000),(0.0231931,-0.0223760,0.0010000),(0.0214463,-0.0223531,0.0010000),(0.0213294,-0.0222881,0.0010000),(0.0231931,-0.0223760,0.0010000),(0.0213294,-0.0222881,0.0010000),(0.0212162,-0.0222160,0.0010000),(0.0231931,-0.0223760,0.0010000),(0.0212162,-0.0222160,0.0010000),(0.0211092,-0.0221376,0.0010000),(0.0231931,-0.0223760,0.0010000),(0.0211092,-0.0221376,0.0010000),(0.0210083,-0.0220530,0.0010000),(0.0231931,-0.0223760,0.0010000),(0.0210083,-0.0220530,0.0010000),(0.0209134,-0.0219622,0.0010000),(0.0231931,-0.0223760,0.0010000),(0.0209134,-0.0219622,0.0010000),(0.0208247,-0.0218651,0.0010000),(0.0208247,-0.0218651,0.0010000),(0.0207420,-0.0217619,0.0010000),(0.0206654,-0.0216524,0.0010000),(0.0208247,-0.0218651,0.0010000),(0.0206654,-0.0216524,0.0010000),(0.0205949,-0.0215367,0.0010000),(0.0208247,-0.0218651,0.0010000),(0.0205949,-0.0215367,0.0010000),(0.0205316,-0.0214169,0.0010000),(0.0208247,-0.0218651,0.0010000),(0.0205316,-0.0214169,0.0010000),(0.0204768,-0.0212946,0.0010000),(0.0208247,-0.0218651,0.0010000),(0.0204768,-0.0212946,0.0010000),(0.0204304,-0.0211697,0.0010000),(0.0208247,-0.0218651,0.0010000),(0.0204304,-0.0211697,0.0010000),(0.0203925,-0.0210422,0.0010000),(0.0208247,-0.0218651,0.0010000),(0.0203925,-0.0210422,0.0010000),(0.0203629,-0.0209122,0.0010000),(0.0208247,-0.0218651,0.0010000),(0.0203629,-0.0209122,0.0010000),(0.0203419,-0.0207797,0.0010000),(0.0208247,-0.0218651,0.0010000),(0.0203419,-0.0207797,0.0010000),(0.0203292,-0.0206446,0.0010000),(0.0208247,-0.0218651,0.0010000),(0.0203292,-0.0206446,0.0010000),(0.0203250,-0.0205070,0.0010000),(0.0208247,-0.0218651,0.0010000),(0.0203250,-0.0205070,0.0010000),(0.0203292,-0.0203689,0.0010000),(0.0208247,-0.0218651,0.0010000),(0.0203292,-0.0203689,0.0010000),(0.0203418,-0.0202336,0.0010000),(0.0208247,-0.0218651,0.0010000),(0.0203418,-0.0202336,0.0010000),(0.0203628,-0.0201010,0.0010000),(0.0208247,-0.0218651,0.0010000),(0.0203628,-0.0201010,0.0010000),(0.0203922,-0.0199712,0.0010000),(0.0208247,-0.0218651,0.0010000),(0.0203922,-0.0199712,0.0010000),(0.0204300,-0.0198441,0.0010000),(0.0208247,-0.0218651,0.0010000),(0.0204300,-0.0198441,0.0010000),(0.0204762,-0.0197198,0.0010000),(0.0208247,-0.0218651,0.0010000),(0.0204762,-0.0197198,0.0010000),(0.0205308,-0.0195982,0.0010000),(0.0208247,-0.0218651,0.0010000),(0.0205308,-0.0195982,0.0010000),(0.0205938,-0.0194793,0.0010000),(0.0205938,-0.0194793,0.0010000),(0.0209621,-0.0196878,0.0010000),(0.0209127,-0.0197826,0.0010000),(0.0205938,-0.0194793,0.0010000),(0.0209127,-0.0197826,0.0010000),(0.0208700,-0.0198794,0.0010000),(0.0205938,-0.0194793,0.0010000),(0.0208700,-0.0198794,0.0010000),(0.0208338,-0.0199785,0.0010000),(0.0205938,-0.0194793,0.0010000),(0.0208338,-0.0199785,0.0010000),(0.0208042,-0.0200797,0.0010000),(0.0205938,-0.0194793,0.0010000),(0.0208042,-0.0200797,0.0010000),(0.0207811,-0.0201830,0.0010000),(0.0205938,-0.0194793,0.0010000),(0.0207811,-0.0201830,0.0010000),(0.0207647,-0.0202885,0.0010000),(0.0205938,-0.0194793,0.0010000),(0.0207647,-0.0202885,0.0010000),(0.0207548,-0.0203961,0.0010000),(0.0205938,-0.0194793,0.0010000),(0.0207548,-0.0203961,0.0010000),(0.0207515,-0.0205059,0.0010000),(0.0205938,-0.0194793,0.0010000),(0.0207515,-0.0205059,0.0010000),(0.0207548,-0.0206157,0.0010000),(0.0208247,-0.0218651,0.0010000),(0.0205938,-0.0194793,0.0010000),(0.0207548,-0.0206157,0.0010000),(0.0208247,-0.0218651,0.0010000),(0.0207548,-0.0206157,0.0010000),(0.0207649,-0.0207235,0.0010000),(0.0208247,-0.0218651,0.0010000),(0.0207649,-0.0207235,0.0010000),(0.0207816,-0.0208291,0.0010000),(0.0208247,-0.0218651,0.0010000),(0.0207816,-0.0208291,0.0010000),(0.0208049,-0.0209327,0.0010000),(0.0208247,-0.0218651,0.0010000),(0.0208049,-0.0209327,0.0010000),(0.0208350,-0.0210342,0.0010000),(0.0208247,-0.0218651,0.0010000),(0.0208350,-0.0210342,0.0010000),(0.0208718,-0.0211336,0.0010000),(0.0208247,-0.0218651,0.0010000),(0.0208718,-0.0211336,0.0010000),(0.0209152,-0.0212309,0.0010000),(0.0208247,-0.0218651,0.0010000),(0.0209152,-0.0212309,0.0010000),(0.0209653,-0.0213261,0.0010000),(0.0208247,-0.0218651,0.0010000),(0.0209653,-0.0213261,0.0010000),(0.0210211,-0.0214181,0.0010000),(0.0208247,-0.0218651,0.0010000),(0.0210211,-0.0214181,0.0010000),(0.0210818,-0.0215050,0.0010000),(0.0208247,-0.0218651,0.0010000),(0.0210818,-0.0215050,0.0010000),(0.0211472,-0.0215869,0.0010000),(0.0208247,-0.0218651,0.0010000),(0.0211472,-0.0215869,0.0010000),(0.0212174,-0.0216637,0.0010000),(0.0208247,-0.0218651,0.0010000),(0.0212174,-0.0216637,0.0010000),(0.0212925,-0.0217356,0.0010000),(0.0208247,-0.0218651,0.0010000),(0.0212925,-0.0217356,0.0010000),(0.0213723,-0.0218024,0.0010000),(0.0208247,-0.0218651,0.0010000),(0.0213723,-0.0218024,0.0010000),(0.0214569,-0.0218641,0.0010000),(0.0208247,-0.0218651,0.0010000),(0.0214569,-0.0218641,0.0010000),(0.0215463,-0.0219209,0.0010000),(0.0208247,-0.0218651,0.0010000),(0.0215463,-0.0219209,0.0010000),(0.0216384,-0.0219720,0.0010000),(0.0208247,-0.0218651,0.0010000),(0.0216384,-0.0219720,0.0010000),(0.0217310,-0.0220163,0.0010000),(0.0208247,-0.0218651,0.0010000),(0.0217310,-0.0220163,0.0010000),(0.0218241,-0.0220538,0.0010000),(0.0208247,-0.0218651,0.0010000),(0.0218241,-0.0220538,0.0010000),(0.0219178,-0.0220844,0.0010000),(0.0208247,-0.0218651,0.0010000),(0.0219178,-0.0220844,0.0010000),(0.0220120,-0.0221083,0.0010000),(0.0231931,-0.0223760,0.0010000),(0.0208247,-0.0218651,0.0010000),(0.0220120,-0.0221083,0.0010000),(0.0231931,-0.0223760,0.0010000),(0.0220120,-0.0221083,0.0010000),(0.0221067,-0.0221253,0.0010000),(0.0231931,-0.0223760,0.0010000),(0.0221067,-0.0221253,0.0010000),(0.0222019,-0.0221355,0.0010000),(0.0231931,-0.0223760,0.0010000),(0.0222019,-0.0221355,0.0010000),(0.0222977,-0.0221389,0.0010000),(0.0231931,-0.0223760,0.0010000),(0.0222977,-0.0221389,0.0010000),(0.0223041,-0.0221389,0.0010000),(0.0231931,-0.0223760,0.0010000),(0.0223041,-0.0221389,0.0010000),(0.0223978,-0.0221368,0.0010000),(0.0231931,-0.0223760,0.0010000),(0.0223978,-0.0221368,0.0010000),(0.0224890,-0.0221306,0.0010000),(0.0231931,-0.0223760,0.0010000),(0.0224890,-0.0221306,0.0010000),(0.0225776,-0.0221202,0.0010000),(0.0231931,-0.0223760,0.0010000),(0.0225776,-0.0221202,0.0010000),(0.0226636,-0.0221056,0.0010000),(0.0231931,-0.0223760,0.0010000),(0.0226636,-0.0221056,0.0010000),(0.0227472,-0.0220868,0.0010000),(0.0231931,-0.0223760,0.0010000),(0.0227472,-0.0220868,0.0010000),(0.0228281,-0.0220639,0.0010000),(0.0231931,-0.0223760,0.0010000),(0.0228281,-0.0220639,0.0010000),(0.0229066,-0.0220368,0.0010000),(0.0231931,-0.0223760,0.0010000),(0.0229066,-0.0220368,0.0010000),(0.0229825,-0.0220056,0.0010000),(0.0209801,-0.0176505,0.0010000),(0.0231931,-0.0223760,0.0010000),(0.0229825,-0.0220056,0.0010000),(0.0209801,-0.0176505,0.0010000),(0.0229825,-0.0220056,0.0010000),(0.0213780,-0.0192105,0.0010000),(0.0209801,-0.0176505,0.0010000),(0.0213780,-0.0192105,0.0010000),(0.0212576,-0.0193134,0.0010000),(0.0210045,-0.0196185,0.0010000),(0.0209621,-0.0196878,0.0010000),(0.0205938,-0.0194793,0.0010000),(0.0210496,-0.0195520,0.0010000),(0.0210045,-0.0196185,0.0010000),(0.0205938,-0.0194793,0.0010000),(0.0211481,-0.0194272,0.0010000),(0.0210496,-0.0195520,0.0010000),(0.0205938,-0.0194793,0.0010000),(0.0212576,-0.0193134,0.0010000),(0.0211481,-0.0194272,0.0010000),(0.0205938,-0.0194793,0.0010000),(0.0212576,-0.0193134,0.0010000),(0.0205938,-0.0194793,0.0010000),(0.0206518,-0.0193843,0.0010000),(0.0212576,-0.0193134,0.0010000),(0.0206518,-0.0193843,0.0010000),(0.0207134,-0.0192933,0.0010000),(0.0212576,-0.0193134,0.0010000),(0.0207134,-0.0192933,0.0010000),(0.0207788,-0.0192065,0.0010000),(0.0212576,-0.0193134,0.0010000),(0.0207788,-0.0192065,0.0010000),(0.0208478,-0.0191237,0.0010000),(0.0212576,-0.0193134,0.0010000),(0.0208478,-0.0191237,0.0010000),(0.0209206,-0.0190451,0.0010000),(0.0212576,-0.0193134,0.0010000),(0.0209206,-0.0190451,0.0010000),(0.0209970,-0.0189705,0.0010000),(0.0212576,-0.0193134,0.0010000),(0.0209970,-0.0189705,0.0010000),(0.0210772,-0.0189001,0.0010000),(0.0212576,-0.0193134,0.0010000),(0.0210772,-0.0189001,0.0010000),(0.0211611,-0.0188337,0.0010000),(0.0209801,-0.0176505,0.0010000),(0.0212576,-0.0193134,0.0010000),(0.0211611,-0.0188337,0.0010000),(0.0209801,-0.0176505,0.0010000),(0.0211611,-0.0188337,0.0010000),(0.0206055,-0.0178633,0.0010000),(0.0209801,-0.0176505,0.0010000),(0.0206055,-0.0178633,0.0010000),(0.0205779,-0.0177617,0.0010000),(0.0209801,-0.0176505,0.0010000),(0.0205779,-0.0177617,0.0010000),(0.0205843,-0.0177013,0.0010000),(0.0209801,-0.0176505,0.0010000),(0.0205843,-0.0177013,0.0010000),(0.0206234,-0.0176243,0.0010000),(0.0209801,-0.0176505,0.0010000),(0.0206234,-0.0176243,0.0010000),(0.0206859,-0.0175690,0.0010000),(0.0209801,-0.0176505,0.0010000),(0.0206859,-0.0175690,0.0010000),(0.0207907,-0.0175415,0.0010000),(0.0209801,-0.0176505,0.0010000),(0.0207907,-0.0175415,0.0010000),(0.0208510,-0.0175489,0.0010000),(0.0209801,-0.0176505,0.0010000),(0.0208510,-0.0175489,0.0010000),(0.0209235,-0.0175844,0.0010000),(0.0265321,-0.0201736,0.0010000),(0.0261268,-0.0201736,0.0010000),(0.0254367,-0.0201598,0.0010000),(0.0267745,-0.0201736,0.0010000),(0.0265321,-0.0201736,0.0010000),(0.0254367,-0.0201598,0.0010000),(0.0261268,-0.0215092,0.0010000),(0.0261268,-0.0201736,0.0010000),(0.0265321,-0.0201736,0.0010000),(0.0261268,-0.0215092,0.0010000),(0.0265321,-0.0201736,0.0010000),(0.0265321,-0.0223612,0.0010000),(0.0254367,-0.0201598,0.0010000),(0.0261268,-0.0215092,0.0010000),(0.0265321,-0.0223612,0.0010000),(0.0254367,-0.0201598,0.0010000),(0.0265321,-0.0223612,0.0010000),(0.0265223,-0.0224360,0.0010000),(0.0254367,-0.0201598,0.0010000),(0.0265223,-0.0224360,0.0010000),(0.0264930,-0.0224935,0.0010000),(0.0254367,-0.0201598,0.0010000),(0.0264930,-0.0224935,0.0010000),(0.0263840,-0.0225675,0.0010000),(0.0254367,-0.0201598,0.0010000),(0.0263840,-0.0225675,0.0010000),(0.0263236,-0.0225750,0.0010000),(0.0254367,-0.0201598,0.0010000),(0.0263236,-0.0225750,0.0010000),(0.0262474,-0.0225654,0.0010000),(0.0254367,-0.0201598,0.0010000),(0.0262474,-0.0225654,0.0010000),(0.0261405,-0.0224818,0.0010000),(0.0254367,-0.0201598,0.0010000),(0.0261405,-0.0224818,0.0010000),(0.0248631,-0.0200625,0.0010000),(0.0267745,-0.0201736,0.0010000),(0.0254367,-0.0201598,0.0010000),(0.0248631,-0.0200625,0.0010000),(0.0267745,-0.0201736,0.0010000),(0.0248631,-0.0200625,0.0010000),(0.0248282,-0.0199355,0.0010000),(0.0267745,-0.0201736,0.0010000),(0.0248282,-0.0199355,0.0010000),(0.0248536,-0.0198476,0.0010000),(0.0267745,-0.0201736,0.0010000),(0.0248536,-0.0198476,0.0010000),(0.0249306,-0.0197730,0.0010000),(0.0267745,-0.0201736,0.0010000),(0.0249306,-0.0197730,0.0010000),(0.0250409,-0.0197481,0.0010000),(0.0267745,-0.0201736,0.0010000),(0.0250409,-0.0197481,0.0010000),(0.0261056,-0.0197481,0.0010000),(0.0261056,-0.0197481,0.0010000),(0.0261056,-0.0187364,0.0010000),(0.0261212,-0.0186530,0.0010000),(0.0261056,-0.0197481,0.0010000),(0.0261212,-0.0186530,0.0010000),(0.0261681,-0.0185850,0.0010000),(0.0261056,-0.0197481,0.0010000),(0.0261681,-0.0185850,0.0010000),(0.0262368,-0.0185390,0.0010000),(0.0261056,-0.0197481,0.0010000),(0.0262368,-0.0185390,0.0010000),(0.0263183,-0.0185237,0.0010000),(0.0261056,-0.0197481,0.0010000),(0.0263183,-0.0185237,0.0010000),(0.0264006,-0.0185390,0.0010000),(0.0261056,-0.0197481,0.0010000),(0.0264006,-0.0185390,0.0010000),(0.0264697,-0.0185850,0.0010000),(0.0261056,-0.0197481,0.0010000),(0.0264697,-0.0185850,0.0010000),(0.0265165,-0.0186530,0.0010000),(0.0261056,-0.0197481,0.0010000),(0.0265165,-0.0186530,0.0010000),(0.0265321,-0.0187364,0.0010000),(0.0261056,-0.0197481,0.0010000),(0.0265321,-0.0187364,0.0010000),(0.0265321,-0.0197481,0.0010000),(0.0267745,-0.0201736,0.0010000),(0.0261056,-0.0197481,0.0010000),(0.0265321,-0.0197481,0.0010000),(0.0267745,-0.0201736,0.0010000),(0.0265321,-0.0197481,0.0010000),(0.0267745,-0.0197481,0.0010000),(0.0267745,-0.0201736,0.0010000),(0.0267745,-0.0197481,0.0010000),(0.0268581,-0.0197638,0.0010000),(0.0267745,-0.0201736,0.0010000),(0.0268581,-0.0197638,0.0010000),(0.0269269,-0.0198106,0.0010000),(0.0267745,-0.0201736,0.0010000),(0.0269269,-0.0198106,0.0010000),(0.0269729,-0.0198794,0.0010000),(0.0267745,-0.0201736,0.0010000),(0.0269729,-0.0198794,0.0010000),(0.0269883,-0.0199609,0.0010000),(0.0267745,-0.0201736,0.0010000),(0.0269883,-0.0199609,0.0010000),(0.0269729,-0.0200424,0.0010000),(0.0267745,-0.0201736,0.0010000),(0.0269729,-0.0200424,0.0010000),(0.0269269,-0.0201112,0.0010000),(0.0267745,-0.0201736,0.0010000),(0.0269269,-0.0201112,0.0010000),(0.0268581,-0.0201580,0.0010000),(0.0307212,-0.0185522,0.0010000),(0.0308207,-0.0184432,0.0010000),(0.0309339,-0.0184157,0.0010000),(0.0307212,-0.0185522,0.0010000),(0.0309339,-0.0184157,0.0010000),(0.0310350,-0.0184411,0.0010000),(0.0307212,-0.0185522,0.0010000),(0.0310350,-0.0184411,0.0010000),(0.0311117,-0.0185173,0.0010000),(0.0307212,-0.0185522,0.0010000),(0.0311117,-0.0185173,0.0010000),(0.0311191,-0.0185237,0.0010000),(0.0307212,-0.0185522,0.0010000),(0.0311191,-0.0185237,0.0010000),(0.0323648,-0.0206911,0.0010000),(0.0307212,-0.0185522,0.0010000),(0.0323648,-0.0206911,0.0010000),(0.0323923,-0.0207980,0.0010000),(0.0307212,-0.0185522,0.0010000),(0.0323923,-0.0207980,0.0010000),(0.0323645,-0.0209073,0.0010000),(0.0307212,-0.0185522,0.0010000),(0.0323645,-0.0209073,0.0010000),(0.0322812,-0.0209853,0.0010000),(0.0307212,-0.0185522,0.0010000),(0.0322812,-0.0209853,0.0010000),(0.0321743,-0.0210150,0.0010000),(0.0307212,-0.0185522,0.0010000),(0.0321743,-0.0210150,0.0010000),(0.0320655,-0.0209872,0.0010000),(0.0307212,-0.0185522,0.0010000),(0.0320655,-0.0209872,0.0010000),(0.0319891,-0.0209038,0.0010000),(0.0307212,-0.0185522,0.0010000),(0.0319891,-0.0209038,0.0010000),(0.0311466,-0.0194381,0.0010000),(0.0307212,-0.0185522,0.0010000),(0.0311466,-0.0194381,0.0010000),(0.0311466,-0.0220458,0.0010000),(0.0311466,-0.0220458,0.0010000),(0.0327331,-0.0220458,0.0010000),(0.0328180,-0.0220617,0.0010000),(0.0311466,-0.0220458,0.0010000),(0.0328180,-0.0220617,0.0010000),(0.0328887,-0.0221093,0.0010000),(0.0311466,-0.0220458,0.0010000),(0.0328887,-0.0221093,0.0010000),(0.0329363,-0.0221789,0.0010000),(0.0311466,-0.0220458,0.0010000),(0.0329363,-0.0221789,0.0010000),(0.0329522,-0.0222606,0.0010000),(0.0311466,-0.0220458,0.0010000),(0.0329522,-0.0222606,0.0010000),(0.0329363,-0.0223426,0.0010000),(0.0311466,-0.0220458,0.0010000),(0.0329363,-0.0223426,0.0010000),(0.0328887,-0.0224130,0.0010000),(0.0311466,-0.0220458,0.0010000),(0.0328887,-0.0224130,0.0010000),(0.0328180,-0.0224622,0.0010000),(0.0311466,-0.0220458,0.0010000),(0.0328180,-0.0224622,0.0010000),(0.0327331,-0.0224786,0.0010000),(0.0311466,-0.0220458,0.0010000),(0.0327331,-0.0224786,0.0010000),(0.0309265,-0.0224786,0.0010000),(0.0307212,-0.0185522,0.0010000),(0.0311466,-0.0220458,0.0010000),(0.0309265,-0.0224786,0.0010000),(0.0309265,-0.0224786,0.0010000),(0.0291210,-0.0224786,0.0010000),(0.0290382,-0.0224622,0.0010000),(0.0309265,-0.0224786,0.0010000),(0.0290382,-0.0224622,0.0010000),(0.0289696,-0.0224130,0.0010000),(0.0309265,-0.0224786,0.0010000),(0.0289696,-0.0224130,0.0010000),(0.0289236,-0.0223426,0.0010000),(0.0309265,-0.0224786,0.0010000),(0.0289236,-0.0223426,0.0010000),(0.0289083,-0.0222606,0.0010000),(0.0309265,-0.0224786,0.0010000),(0.0289083,-0.0222606,0.0010000),(0.0289236,-0.0221789,0.0010000),(0.0309265,-0.0224786,0.0010000),(0.0289236,-0.0221789,0.0010000),(0.0289696,-0.0221093,0.0010000),(0.0309265,-0.0224786,0.0010000),(0.0289696,-0.0221093,0.0010000),(0.0290382,-0.0220617,0.0010000),(0.0309265,-0.0224786,0.0010000),(0.0290382,-0.0220617,0.0010000),(0.0291210,-0.0220458,0.0010000),(0.0309265,-0.0224786,0.0010000),(0.0291210,-0.0220458,0.0010000),(0.0307138,-0.0220458,0.0010000),(0.0307212,-0.0185522,0.0010000),(0.0309265,-0.0224786,0.0010000),(0.0307138,-0.0220458,0.0010000),(0.0307212,-0.0185522,0.0010000),(0.0307138,-0.0220458,0.0010000),(0.0307138,-0.0194338,0.0010000),(0.0307212,-0.0185522,0.0010000),(0.0307138,-0.0194338,0.0010000),(0.0298576,-0.0209229,0.0010000),(0.0307212,-0.0185522,0.0010000),(0.0298576,-0.0209229,0.0010000),(0.0297779,-0.0210023,0.0010000),(0.0307212,-0.0185522,0.0010000),(0.0297779,-0.0210023,0.0010000),(0.0296703,-0.0210287,0.0010000),(0.0307212,-0.0185522,0.0010000),(0.0296703,-0.0210287,0.0010000),(0.0295591,-0.0210012,0.0010000),(0.0307212,-0.0185522,0.0010000),(0.0295591,-0.0210012,0.0010000),(0.0294774,-0.0209216,0.0010000),(0.0307212,-0.0185522,0.0010000),(0.0294774,-0.0209216,0.0010000),(0.0294501,-0.0208118,0.0010000),(0.0307212,-0.0185522,0.0010000),(0.0294501,-0.0208118,0.0010000),(0.0294819,-0.0207028,0.0010000),(0.0356096,-0.0201397,0.0010000),(0.0352043,-0.0201397,0.0010000),(0.0345143,-0.0201260,0.0010000),(0.0358520,-0.0201397,0.0010000),(0.0356096,-0.0201397,0.0010000),(0.0345143,-0.0201260,0.0010000),(0.0352043,-0.0214753,0.0010000),(0.0352043,-0.0201397,0.0010000),(0.0356096,-0.0201397,0.0010000),(0.0352043,-0.0214753,0.0010000),(0.0356096,-0.0201397,0.0010000),(0.0356096,-0.0223273,0.0010000),(0.0345143,-0.0201260,0.0010000),(0.0352043,-0.0214753,0.0010000),(0.0356096,-0.0223273,0.0010000),(0.0345143,-0.0201260,0.0010000),(0.0356096,-0.0223273,0.0010000),(0.0355998,-0.0224022,0.0010000),(0.0345143,-0.0201260,0.0010000),(0.0355998,-0.0224022,0.0010000),(0.0355705,-0.0224596,0.0010000),(0.0345143,-0.0201260,0.0010000),(0.0355705,-0.0224596,0.0010000),(0.0354615,-0.0225337,0.0010000),(0.0345143,-0.0201260,0.0010000),(0.0354615,-0.0225337,0.0010000),(0.0354011,-0.0225411,0.0010000),(0.0345143,-0.0201260,0.0010000),(0.0354011,-0.0225411,0.0010000),(0.0353249,-0.0225316,0.0010000),(0.0345143,-0.0201260,0.0010000),(0.0353249,-0.0225316,0.0010000),(0.0352180,-0.0224480,0.0010000),(0.0345143,-0.0201260,0.0010000),(0.0352180,-0.0224480,0.0010000),(0.0339406,-0.0200286,0.0010000),(0.0358520,-0.0201397,0.0010000),(0.0345143,-0.0201260,0.0010000),(0.0339406,-0.0200286,0.0010000),(0.0358520,-0.0201397,0.0010000),(0.0339406,-0.0200286,0.0010000),(0.0339057,-0.0199016,0.0010000),(0.0358520,-0.0201397,0.0010000),(0.0339057,-0.0199016,0.0010000),(0.0339311,-0.0198138,0.0010000),(0.0358520,-0.0201397,0.0010000),(0.0339311,-0.0198138,0.0010000),(0.0340081,-0.0197391,0.0010000),(0.0358520,-0.0201397,0.0010000),(0.0340081,-0.0197391,0.0010000),(0.0341184,-0.0197143,0.0010000),(0.0358520,-0.0201397,0.0010000),(0.0341184,-0.0197143,0.0010000),(0.0351831,-0.0197143,0.0010000),(0.0351831,-0.0197143,0.0010000),(0.0351831,-0.0187025,0.0010000),(0.0351987,-0.0186192,0.0010000),(0.0351831,-0.0197143,0.0010000),(0.0351987,-0.0186192,0.0010000),(0.0352456,-0.0185512,0.0010000),(0.0351831,-0.0197143,0.0010000),(0.0352456,-0.0185512,0.0010000),(0.0353144,-0.0185051,0.0010000),(0.0351831,-0.0197143,0.0010000),(0.0353144,-0.0185051,0.0010000),(0.0353958,-0.0184898,0.0010000),(0.0351831,-0.0197143,0.0010000),(0.0353958,-0.0184898,0.0010000),(0.0354781,-0.0185051,0.0010000),(0.0351831,-0.0197143,0.0010000),(0.0354781,-0.0185051,0.0010000),(0.0355472,-0.0185512,0.0010000),(0.0351831,-0.0197143,0.0010000),(0.0355472,-0.0185512,0.0010000),(0.0355940,-0.0186192,0.0010000),(0.0351831,-0.0197143,0.0010000),(0.0355940,-0.0186192,0.0010000),(0.0356096,-0.0187025,0.0010000),(0.0351831,-0.0197143,0.0010000),(0.0356096,-0.0187025,0.0010000),(0.0356096,-0.0197143,0.0010000),(0.0358520,-0.0201397,0.0010000),(0.0351831,-0.0197143,0.0010000),(0.0356096,-0.0197143,0.0010000),(0.0358520,-0.0201397,0.0010000),(0.0356096,-0.0197143,0.0010000),(0.0358520,-0.0197143,0.0010000),(0.0358520,-0.0201397,0.0010000),(0.0358520,-0.0197143,0.0010000),(0.0359356,-0.0197299,0.0010000),(0.0358520,-0.0201397,0.0010000),(0.0359356,-0.0197299,0.0010000),(0.0360044,-0.0197767,0.0010000),(0.0358520,-0.0201397,0.0010000),(0.0360044,-0.0197767,0.0010000),(0.0360504,-0.0198455,0.0010000),(0.0358520,-0.0201397,0.0010000),(0.0360504,-0.0198455,0.0010000),(0.0360658,-0.0199270,0.0010000),(0.0358520,-0.0201397,0.0010000),(0.0360658,-0.0199270,0.0010000),(0.0360504,-0.0200085,0.0010000),(0.0358520,-0.0201397,0.0010000),(0.0360504,-0.0200085,0.0010000),(0.0360044,-0.0200773,0.0010000),(0.0358520,-0.0201397,0.0010000),(0.0360044,-0.0200773,0.0010000),(0.0359356,-0.0201241,0.0010000)));
#496=COMPLEX_TRIANGULATED_SURFACE_SET('surface set',#495,3222,(),(),(),((1,2,3),(4,5,6),(7,8,9),(10,11,12),(13,14,15),(16,17,18),(19,20,21),(22,23,24),(25,26,27),(28,29,30),(31,32,33),(34,35,36),(37,38,39),(40,41,42),(43,44,45),(46,47,48),(49,50,51),(52,53,54),(55,56,57),(58,59,60),(61,62,63),(64,65,66),(67,68,69),(70,71,72),(73,74,75),(76,77,78),(79,80,81),(82,83,84),(85,86,87),(88,89,90),(91,92,93),(94,95,96),(97,98,99),(100,101,102),(103,104,105),(106,107,108),(109,110,111),(112,113,114),(115,116,117),(118,119,120),(121,122,123),(124,125,126),(127,128,129),(130,131,132),(133,134,135),(136,137,138),(139,140,141),(142,143,144),(145,146,147),(148,149,150),(151,152,153),(154,155,156),(157,158,159),(160,161,162),(163,164,165),(166,167,168),(169,170,171),(172,173,174),(175,176,177),(178,179,180),(181,182,183),(184,185,186),(187,188,189),(190,191,192),(193,194,195),(196,197,198),(199,200,201),(202,203,204),(205,206,207),(208,209,210),(211,212,213),(214,215,216),(217,218,219),(220,221,222),(223,224,225),(226,227,228),(229,230,231),(232,233,234),(235,236,237),(238,239,240),(241,242,243),(244,245,246),(247,248,249),(250,251,252),(253,254,255),(256,257,258),(259,260,261),(262,263,264),(265,266,267),(268,269,270),(271,272,273),(274,275,276),(277,278,279),(280,281,282),(283,284,285),(286,287,288),(289,290,291),(292,293,294),(295,296,297),(298,299,300),(301,302,303),(304,305,306),(307,308,309),(310,311,312),(313,314,315),(316,317,318),(319,320,321),(322,323,324),(325,326,327),(328,329,330),(331,332,333),(334,335,336),(337,338,339),(340,341,342),(343,344,345),(346,347,348),(349,350,351),(352,353,354),(355,356,357),(358,359,360),(361,362,363),(364,365,366),(367,368,369),(370,371,372),(373,374,375),(376,377,378),(379,380,381),(382,383,384),(385,386,387),(388,389,390),(391,392,393),(394,395,396),(397,398,399),(400,401,402),(403,404,405),(406,407,408),(409,410,411),(412,413,414),(415,416,417),(418,419,420),(421,422,423),(424,425,426),(427,428,429),(430,431,432),(433,434,435),(436,437,438),(439,440,441),(442,443,444),(445,446,447),(448,449,450),(451,452,453),(454,455,456),(457,458,459),(460,461,462),(463,464,465),(466,467,468),(469,470,471),(472,473,474),(475,476,477),(478,479,480),(481,482,483),(484,485,486),(487,488,489),(490,491,492),(493,494,495),(496,497,498),(499,500,501),(502,503,504),(505,506,507),(508,509,510),(511,512,513),(514,515,516),(517,518,519),(520,521,522),(523,524,525),(526,527,528),(529,530,531),(532,533,534),(535,536,537),(538,539,540),(541,542,543),(544,545,546),(547,548,549),(550,551,552),(553,554,555),(556,557,558),(559,560,561),(562,563,564),(565,566,567),(568,569,570),(571,572,573),(574,575,576),(577,578,579),(580,581,582),(583,584,585),(586,587,588),(589,590,591),(592,593,594),(595,596,597),(598,599,600),(601,602,603),(604,605,606),(607,608,609),(610,611,612),(613,614,615),(616,617,618),(619,620,621),(622,623,624),(625,626,627),(628,629,630),(631,632,633),(634,635,636),(637,638,639),(640,641,642),(643,644,645),(646,647,648),(649,650,651),(652,653,654),(655,656,657),(658,659,660),(661,662,663),(664,665,666),(667,668,669),(670,671,672),(673,674,675),(676,677,678),(679,680,681),(682,683,684),(685,686,687),(688,689,690),(691,692,693),(694,695,696),(697,698,699),(700,701,702),(703,704,705),(706,707,708),(709,710,711),(712,713,714),(715,716,717),(718,719,720),(721,722,723),(724,725,726),(727,728,729),(730,731,732),(733,734,735),(736,737,738),(739,740,741),(742,743,744),(745,746,747),(748,749,750),(751,752,753),(754,755,756),(757,758,759),(760,761,762),(763,764,765),(766,767,768),(769,770,771),(772,773,774),(775,776,777),(778,779,780),(781,782,783),(784,785,786),(787,788,789),(790,791,792),(793,794,795),(796,797,798),(799,800,801),(802,803,804),(805,806,807),(808,809,810),(811,812,813),(814,815,816),(817,818,819),(820,821,822),(823,824,825),(826,827,828),(829,830,831),(832,833,834),(835,836,837),(838,839,840),(841,842,843),(844,845,846),(847,848,849),(850,851,852),(853,854,855),(856,857,858),(859,860,861),(862,863,864),(865,866,867),(868,869,870),(871,872,873),(874,875,876),(877,878,879),(880,881,882),(883,884,885),(886,887,888),(889,890,891),(892,893,894),(895,896,897),(898,899,900),(901,902,903),(904,905,906),(907,908,909),(910,911,912),(913,914,915),(916,917,918),(919,920,921),(922,923,924),(925,926,927),(928,929,930),(931,932,933),(934,935,936),(937,938,939),(940,941,942),(943,944,945),(946,947,948),(949,950,951),(952,953,954),(955,956,957),(958,959,960),(961,962,963),(964,965,966),(967,968,969),(970,971,972),(973,974,975),(976,977,978),(979,980,981),(982,983,984),(985,986,987),(988,989,990),(991,992,993),(994,995,996),(997,998,999),(1000,1001,1002),(1003,1004,1005),(1006,1007,1008),(1009,1010,1011),(1012,1013,1014),(1015,1016,1017),(1018,1019,1020),(1021,1022,1023),(1024,1025,1026),(1027,1028,1029),(1030,1031,1032),(1033,1034,1035),(1036,1037,1038),(1039,1040,1041),(1042,1043,1044),(1045,1046,1047),(1048,1049,1050),(1051,1052,1053),(1054,1055,1056),(1057,1058,1059),(1060,1061,1062),(1063,1064,1065),(1066,1067,1068),(1069,1070,1071),(1072,1073,1074),(1075,1076,1077),(1078,1079,1080),(1081,1082,1083),(1084,1085,1086),(1087,1088,1089),(1090,1091,1092),(1093,1094,1095),(1096,1097,1098),(1099,1100,1101),(1102,1103,1104),(1105,1106,1107),(1108,1109,1110),(1111,1112,1113),(1114,1115,1116),(1117,1118,1119),(1120,1121,1122),(1123,1124,1125),(1126,1127,1128),(1129,1130,1131),(1132,1133,1134),(1135,1136,1137),(1138,1139,1140),(1141,1142,1143),(1144,1145,1146),(1147,1148,1149),(1150,1151,1152),(1153,1154,1155),(1156,1157,1158),(1159,1160,1161),(1162,1163,1164),(1165,1166,1167),(1168,1169,1170),(1171,1172,1173),(1174,1175,1176),(1177,1178,1179),(1180,1181,1182),(1183,1184,1185),(1186,1187,1188),(1189,1190,1191),(1192,1193,1194),(1195,1196,1197),(1198,1199,1200),(1201,1202,1203),(1204,1205,1206),(1207,1208,1209),(1210,1211,1212),(1213,1214,1215),(1216,1217,1218),(1219,1220,1221),(1222,1223,1224),(1225,1226,1227),(1228,1229,1230),(1231,1232,1233),(1234,1235,1236),(1237,1238,1239),(1240,1241,1242),(1243,1244,1245),(1246,1247,1248),(1249,1250,1251),(1252,1253,1254),(1255,1256,1257),(1258,1259,1260),(1261,1262,1263),(1264,1265,1266),(1267,1268,1269),(1270,1271,1272),(1273,1274,1275),(1276,1277,1278),(1279,1280,1281),(1282,1283,1284),(1285,1286,1287),(1288,1289,1290),(1291,1292,1293),(1294,1295,1296),(1297,1298,1299),(1300,1301,1302),(1303,1304,1305),(1306,1307,1308),(1309,1310,1311),(1312,1313,1314),(1315,1316,1317),(1318,1319,1320),(1321,1322,1323),(1324,1325,1326),(1327,1328,1329),(1330,1331,1332),(1333,1334,1335),(1336,1337,1338),(1339,1340,1341),(1342,1343,1344),(1345,1346,1347),(1348,1349,1350),(1351,1352,1353),(1354,1355,1356),(1357,1358,1359),(1360,1361,1362),(1363,1364,1365),(1366,1367,1368),(1369,1370,1371),(1372,1373,1374),(1375,1376,1377),(1378,1379,1380),(1381,1382,1383),(1384,1385,1386),(1387,1388,1389),(1390,1391,1392),(1393,1394,1395),(1396,1397,1398),(1399,1400,1401),(1402,1403,1404),(1405,1406,1407),(1408,1409,1410),(1411,1412,1413),(1414,1415,1416),(1417,1418,1419),(1420,1421,1422),(1423,1424,1425),(1426,1427,1428),(1429,1430,1431),(1432,1433,1434),(1435,1436,1437),(1438,1439,1440),(1441,1442,1443),(1444,1445,1446),(1447,1448,1449),(1450,1451,1452),(1453,1454,1455),(1456,1457,1458),(1459,1460,1461),(1462,1463,1464),(1465,1466,1467),(1468,1469,1470),(1471,1472,1473),(1474,1475,1476),(1477,1478,1479),(1480,1481,1482),(1483,1484,1485),(1486,1487,1488),(1489,1490,1491),(1492,1493,1494),(1495,1496,1497),(1498,1499,1500),(1501,1502,1503),(1504,1505,1506),(1507,1508,1509),(1510,1511,1512),(1513,1514,1515),(1516,1517,1518),(1519,1520,1521),(1522,1523,1524),(1525,1526,1527),(1528,1529,1530),(1531,1532,1533),(1534,1535,1536),(1537,1538,1539),(1540,1541,1542),(1543,1544,1545),(1546,1547,1548),(1549,1550,1551),(1552,1553,1554),(1555,1556,1557),(1558,1559,1560),(1561,1562,1563),(1564,1565,1566),(1567,1568,1569),(1570,1571,1572),(1573,1574,1575),(1576,1577,1578),(1579,1580,1581),(1582,1583,1584),(1585,1586,1587),(1588,1589,1590),(1591,1592,1593),(1594,1595,1596),(1597,1598,1599),(1600,1601,1602),(1603,1604,1605),(1606,1607,1608),(1609,1610,1611),(1612,1613,1614),(1615,1616,1617),(1618,1619,1620),(1621,1622,1623),(1624,1625,1626),(1627,1628,1629),(1630,1631,1632),(1633,1634,1635),(1636,1637,1638),(1639,1640,1641),(1642,1643,1644),(1645,1646,1647),(1648,1649,1650),(1651,1652,1653),(1654,1655,1656),(1657,1658,1659),(1660,1661,1662),(1663,1664,1665),(1666,1667,1668),(1669,1670,1671),(1672,1673,1674),(1675,1676,1677),(1678,1679,1680),(1681,1682,1683),(1684,1685,1686),(1687,1688,1689),(1690,1691,1692),(1693,1694,1695),(1696,1697,1698),(1699,1700,1701),(1702,1703,1704),(1705,1706,1707),(1708,1709,1710),(1711,1712,1713),(1714,1715,1716),(1717,1718,1719),(1720,1721,1722),(1723,1724,1725),(1726,1727,1728),(1729,1730,1731),(1732,1733,1734),(1735,1736,1737),(1738,1739,1740),(1741,1742,1743),(1744,1745,1746),(1747,1748,1749),(1750,1751,1752),(1753,1754,1755),(1756,1757,1758),(1759,1760,1761),(1762,1763,1764),(1765,1766,1767),(1768,1769,1770),(1771,1772,1773),(1774,1775,1776),(1777,1778,1779),(1780,1781,1782),(1783,1784,1785),(1786,1787,1788),(1789,1790,1791),(1792,1793,1794),(1795,1796,1797),(1798,1799,1800),(1801,1802,1803),(1804,1805,1806),(1807,1808,1809),(1810,1811,1812),(1813,1814,1815),(1816,1817,1818),(1819,1820,1821),(1822,1823,1824),(1825,1826,1827),(1828,1829,1830),(1831,1832,1833),(1834,1835,1836),(1837,1838,1839),(1840,1841,1842),(1843,1844,1845),(1846,1847,1848),(1849,1850,1851),(1852,1853,1854),(1855,1856,1857),(1858,1859,1860),(1861,1862,1863),(1864,1865,1866),(1867,1868,1869),(1870,1871,1872),(1873,1874,1875),(1876,1877,1878),(1879,1880,1881),(1882,1883,1884),(1885,1886,1887),(1888,1889,1890),(1891,1892,1893),(1894,1895,1896),(1897,1898,1899),(1900,1901,1902),(1903,1904,1905),(1906,1907,1908),(1909,1910,1911),(1912,1913,1914),(1915,1916,1917),(1918,1919,1920),(1921,1922,1923),(1924,1925,1926),(1927,1928,1929),(1930,1931,1932),(1933,1934,1935),(1936,1937,1938),(1939,1940,1941),(1942,1943,1944),(1945,1946,1947),(1948,1949,1950),(1951,1952,1953),(1954,1955,1956),(1957,1958,1959),(1960,1961,1962),(1963,1964,1965),(1966,1967,1968),(1969,1970,1971),(1972,1973,1974),(1975,1976,1977),(1978,1979,1980),(1981,1982,1983),(1984,1985,1986),(1987,1988,1989),(1990,1991,1992),(1993,1994,1995),(1996,1997,1998),(1999,2000,2001),(2002,2003,2004),(2005,2006,2007),(2008,2009,2010),(2011,2012,2013),(2014,2015,2016),(2017,2018,2019),(2020,2021,2022),(2023,2024,2025),(2026,2027,2028),(2029,2030,2031),(2032,2033,2034),(2035,2036,2037),(2038,2039,2040),(2041,2042,2043),(2044,2045,2046),(2047,2048,2049),(2050,2051,2052),(2053,2054,2055),(2056,2057,2058),(2059,2060,2061),(2062,2063,2064),(2065,2066,2067),(2068,2069,2070),(2071,2072,2073),(2074,2075,2076),(2077,2078,2079),(2080,2081,2082),(2083,2084,2085),(2086,2087,2088),(2089,2090,2091),(2092,2093,2094),(2095,2096,2097),(2098,2099,2100),(2101,2102,2103),(2104,2105,2106),(2107,2108,2109),(2110,2111,2112),(2113,2114,2115),(2116,2117,2118),(2119,2120,2121),(2122,2123,2124),(2125,2126,2127),(2128,2129,2130),(2131,2132,2133),(2134,2135,2136),(2137,2138,2139),(2140,2141,2142),(2143,2144,2145),(2146,2147,2148),(2149,2150,2151),(2152,2153,2154),(2155,2156,2157),(2158,2159,2160),(2161,2162,2163),(2164,2165,2166),(2167,2168,2169),(2170,2171,2172),(2173,2174,2175),(2176,2177,2178),(2179,2180,2181),(2182,2183,2184),(2185,2186,2187),(2188,2189,2190),(2191,2192,2193),(2194,2195,2196),(2197,2198,2199),(2200,2201,2202),(2203,2204,2205),(2206,2207,2208),(2209,2210,2211),(2212,2213,2214),(2215,2216,2217),(2218,2219,2220),(2221,2222,2223),(2224,2225,2226),(2227,2228,2229),(2230,2231,2232),(2233,2234,2235),(2236,2237,2238),(2239,2240,2241),(2242,2243,2244),(2245,2246,2247),(2248,2249,2250),(2251,2252,2253),(2254,2255,2256),(2257,2258,2259),(2260,2261,2262),(2263,2264,2265),(2266,2267,2268),(2269,2270,2271),(2272,2273,2274),(2275,2276,2277),(2278,2279,2280),(2281,2282,2283),(2284,2285,2286),(2287,2288,2289),(2290,2291,2292),(2293,2294,2295),(2296,2297,2298),(2299,2300,2301),(2302,2303,2304),(2305,2306,2307),(2308,2309,2310),(2311,2312,2313),(2314,2315,2316),(2317,2318,2319),(2320,2321,2322),(2323,2324,2325),(2326,2327,2328),(2329,2330,2331),(2332,2333,2334),(2335,2336,2337),(2338,2339,2340),(2341,2342,2343),(2344,2345,2346),(2347,2348,2349),(2350,2351,2352),(2353,2354,2355),(2356,2357,2358),(2359,2360,2361),(2362,2363,2364),(2365,2366,2367),(2368,2369,2370),(2371,2372,2373),(2374,2375,2376),(2377,2378,2379),(2380,2381,2382),(2383,2384,2385),(2386,2387,2388),(2389,2390,2391),(2392,2393,2394),(2395,2396,2397),(2398,2399,2400),(2401,2402,2403),(2404,2405,2406),(2407,2408,2409),(2410,2411,2412),(2413,2414,2415),(2416,2417,2418),(2419,2420,2421),(2422,2423,2424),(2425,2426,2427),(2428,2429,2430),(2431,2432,2433),(2434,2435,2436),(2437,2438,2439),(2440,2441,2442),(2443,2444,2445),(2446,2447,2448),(2449,2450,2451),(2452,2453,2454),(2455,2456,2457),(2458,2459,2460),(2461,2462,2463),(2464,2465,2466),(2467,2468,2469),(2470,2471,2472),(2473,2474,2475),(2476,2477,2478),(2479,2480,2481),(2482,2483,2484),(2485,2486,2487),(2488,2489,2490),(2491,2492,2493),(2494,2495,2496),(2497,2498,2499),(2500,2501,2502),(2503,2504,2505),(2506,2507,2508),(2509,2510,2511),(2512,2513,2514),(2515,2516,2517),(2518,2519,2520),(2521,2522,2523),(2524,2525,2526),(2527,2528,2529),(2530,2531,2532),(2533,2534,2535),(2536,2537,2538),(2539,2540,2541),(2542,2543,2544),(2545,2546,2547),(2548,2549,2550),(2551,2552,2553),(2554,2555,2556),(2557,2558,2559),(2560,2561,2562),(2563,2564,2565),(2566,2567,2568),(2569,2570,2571),(2572,2573,2574),(2575,2576,2577),(2578,2579,2580),(2581,2582,2583),(2584,2585,2586),(2587,2588,2589),(2590,2591,2592),(2593,2594,2595),(2596,2597,2598),(2599,2600,2601),(2602,2603,2604),(2605,2606,2607),(2608,2609,2610),(2611,2612,2613),(2614,2615,2616),(2617,2618,2619),(2620,2621,2622),(2623,2624,2625),(2626,2627,2628),(2629,2630,2631),(2632,2633,2634),(2635,2636,2637),(2638,2639,2640),(2641,2642,2643),(2644,2645,2646),(2647,2648,2649),(2650,2651,2652),(2653,2654,2655),(2656,2657,2658),(2659,2660,2661),(2662,2663,2664),(2665,2666,2667),(2668,2669,2670),(2671,2672,2673),(2674,2675,2676),(2677,2678,2679),(2680,2681,2682),(2683,2684,2685),(2686,2687,2688),(2689,2690,2691),(2692,2693,2694),(2695,2696,2697),(2698,2699,2700),(2701,2702,2703),(2704,2705,2706),(2707,2708,2709),(2710,2711,2712),(2713,2714,2715),(2716,2717,2718),(2719,2720,2721),(2722,2723,2724),(2725,2726,2727),(2728,2729,2730),(2731,2732,2733),(2734,2735,2736),(2737,2738,2739),(2740,2741,2742),(2743,2744,2745),(2746,2747,2748),(2749,2750,2751),(2752,2753,2754),(2755,2756,2757),(2758,2759,2760),(2761,2762,2763),(2764,2765,2766),(2767,2768,2769),(2770,2771,2772),(2773,2774,2775),(2776,2777,2778),(2779,2780,2781),(2782,2783,2784),(2785,2786,2787),(2788,2789,2790),(2791,2792,2793),(2794,2795,2796),(2797,2798,2799),(2800,2801,2802),(2803,2804,2805),(2806,2807,2808),(2809,2810,2811),(2812,2813,2814),(2815,2816,2817),(2818,2819,2820),(2821,2822,2823),(2824,2825,2826),(2827,2828,2829),(2830,2831,2832),(2833,2834,2835),(2836,2837,2838),(2839,2840,2841),(2842,2843,2844),(2845,2846,2847),(2848,2849,2850),(2851,2852,2853),(2854,2855,2856),(2857,2858,2859),(2860,2861,2862),(2863,2864,2865),(2866,2867,2868),(2869,2870,2871),(2872,2873,2874),(2875,2876,2877),(2878,2879,2880),(2881,2882,2883),(2884,2885,2886),(2887,2888,2889),(2890,2891,2892),(2893,2894,2895),(2896,2897,2898),(2899,2900,2901),(2902,2903,2904),(2905,2906,2907),(2908,2909,2910),(2911,2912,2913),(2914,2915,2916),(2917,2918,2919),(2920,2921,2922),(2923,2924,2925),(2926,2927,2928),(2929,2930,2931),(2932,2933,2934),(2935,2936,2937),(2938,2939,2940),(2941,2942,2943),(2944,2945,2946),(2947,2948,2949),(2950,2951,2952),(2953,2954,2955),(2956,2957,2958),(2959,2960,2961),(2962,2963,2964),(2965,2966,2967),(2968,2969,2970),(2971,2972,2973),(2974,2975,2976),(2977,2978,2979),(2980,2981,2982),(2983,2984,2985),(2986,2987,2988),(2989,2990,2991),(2992,2993,2994),(2995,2996,2997),(2998,2999,3000),(3001,3002,3003),(3004,3005,3006),(3007,3008,3009),(3010,3011,3012),(3013,3014,3015),(3016,3017,3018),(3019,3020,3021),(3022,3023,3024),(3025,3026,3027),(3028,3029,3030),(3031,3032,3033),(3034,3035,3036),(3037,3038,3039),(3040,3041,3042),(3043,3044,3045),(3046,3047,3048),(3049,3050,3051),(3052,3053,3054),(3055,3056,3057),(3058,3059,3060),(3061,3062,3063),(3064,3065,3066),(3067,3068,3069),(3070,3071,3072),(3073,3074,3075),(3076,3077,3078),(3079,3080,3081),(3082,3083,3084),(3085,3086,3087),(3088,3089,3090),(3091,3092,3093),(3094,3095,3096),(3097,3098,3099),(3100,3101,3102),(3103,3104,3105),(3106,3107,3108),(3109,3110,3111),(3112,3113,3114),(3115,3116,3117),(3118,3119,3120),(3121,3122,3123),(3124,3125,3126),(3127,3128,3129),(3130,3131,3132),(3133,3134,3135),(3136,3137,3138),(3139,3140,3141),(3142,3143,3144),(3145,3146,3147),(3148,3149,3150),(3151,3152,3153),(3154,3155,3156),(3157,3158,3159),(3160,3161,3162),(3163,3164,3165),(3166,3167,3168),(3169,3170,3171),(3172,3173,3174),(3175,3176,3177),(3178,3179,3180),(3181,3182,3183),(3184,3185,3186),(3187,3188,3189),(3190,3191,3192),(3193,3194,3195),(3196,3197,3198),(3199,3200,3201),(3202,3203,3204),(3205,3206,3207),(3208,3209,3210),(3211,3212,3213),(3214,3215,3216),(3217,3218,3219),(3220,3221,3222)));
#497=TESSELLATED_GEOMETRIC_SET('hole callout',(#496));
#498=COORDINATES_LIST('coordinates',5,((0.0142678,-0.0092678,0.0010000),(0.0427630,-0.0092678,0.0010000),(0.0017678,-0.0017678,0.0010000),(0.0092678,-0.0092678,0.0010000),(0.0142678,-0.0092678,0.0010000)));
#499=TESSELLATED_CURVE_SET('curve set',#498,((1,2),(3,4,5)));
#500=TESSELLATED_GEOMETRIC_SET('hole callout',(#499));
#501=TESSELLATED_ANNOTATION_OCCURRENCE('hole callout',(#494),#497);
#502=TESSELLATED_ANNOTATION_OCCURRENCE('hole callout',(#494),#500);
#503=DRAUGHTING_CALLOUT('hole callout',(#501,#502));
#504=DRAUGHTING_MODEL_ITEM_ASSOCIATION('','',#437,#490,#503);
#505=DRAUGHTING_MODEL_ITEM_ASSOCIATION('','',#445,#490,#503);
#506=DRAUGHTING_MODEL_ITEM_ASSOCIATION('','',#453,#490,#503);
#507=DRAUGHTING_MODEL_ITEM_ASSOCIATION('','',#461,#490,#503);
#508=DRAUGHTING_MODEL_ITEM_ASSOCIATION('','',#418,#490,#503);
ENDSEC;
END-ISO-10303-21;
